NAME	TITLE	SCORE	
XIST		5.910301	
TSIX		5.524017	
STMN2		3.4269598	
UNC13C		3.2428312	
GREB1		2.8693419	
PTPRZ1		2.7233007	
AADACL3		2.4888577	
TNFRSF11B		2.4582617	
TRDN		2.3100495	
GRIA1		2.139615	
CNTN6		2.1275556	
HEPHL1		2.0957155	
COL4A3		2.0583103	
CHIT1		2.0111535	
LINC00184		1.9793899	
GRM7		1.978628	
COL11A1		1.9205039	
COL4A4		1.8583995	
CCL18		1.8505746	
DRD1		1.8138307	
GABRB2		1.7931784	
ABCC3		1.7817812	
LIPG		1.7475985	
TNFRSF12A		1.7327863	
MMP7		1.7115009	
HLA-DQA2		1.6876333	
RSPO1		1.665434	
KCNIP4-IT1		1.646319	
WNT2B		1.634596	
POPDC3		1.6301361	
LBP		1.6020789	
MYEOV		1.6005185	
BTC		1.5794452	
SFRP4		1.5553145	
MARCO		1.5505618	
SULT1A2		1.5283412	
ANKRD30A		1.5081466	
INMT		1.5079739	
FCGBP		1.4726337	
SCARF2		1.4544921	
SYCP1		1.4379079	
TNMD		1.4321263	
FAM225A		1.4232012	
TNC		1.4211589	
SLC7A4		1.4118241	
CYP19A1		1.4083828	
CSN1S1		1.4040053	
FAT2		1.4039953	
PTGDS		1.3834351	
SHCBP1		1.3794625	
FOSB		1.3730046	
EGFL6		1.3681593	
NGFR		1.350321	
NMRAL2P		1.3395367	
NALCN		1.3345767	
TGM1		1.3323239	
P2RX6		1.3216903	
TFCP2L1		1.2890751	
ALDH1A3		1.2823427	
H3C2		1.2821801	
MSC		1.2768615	
SNCG		1.2705321	
ESRRG		1.2517774	
NPR3		1.2483687	
E2F1		1.2427326	
GFRA2		1.2419944	
SCNN1A		1.2405063	
MALL		1.2391543	
AKR1B15		1.2247537	
CCDC162P		1.2186434	
APLN		1.2003337	
STC1		1.1986715	
FOS		1.1917908	
SERPINE1		1.1915141	
TNK1		1.1878022	
SPATA18		1.1739353	
CLECL1P		1.1720222	
L1TD1		1.1700788	
FGF1		1.1644869	
CCN5		1.1597428	
CES1P1		1.1578826	
FRZB		1.1556153	
CLEC4GP1		1.1542231	
PLAC9		1.149198	
KCND2		1.1480085	
ANKDD1A		1.1388958	
IGSF21		1.1351689	
SFRP2		1.1342795	
IL20RB		1.1338693	
GRIN2B		1.1326464	
NPY1R		1.132611	
FSTL3		1.1266966	
B3GNT7		1.119468	
DBNDD1		1.1174338	
PLS1		1.1170493	
SCARA3		1.1090873	
LGI1		1.105924	
EPHA7		1.1052682	
IGLL5		1.1038781	
PALLD		1.0942584	
CLDN1		1.0924568	
SLC35G1		1.0915937	
TGM5		1.089622	
SLCO2B1		1.0803928	
FLNC		1.0760435	
C3AR1		1.0749753	
FPR3		1.0676869	
VGLL3		1.0666623	
HS3ST2		1.0662316	
ADGRG4		1.066114	
JPH2		1.0651925	
BHMT		1.0624545	
IGFN1		1.0603292	
GASK1B		1.0578543	
C1QB		1.0577388	
MYH2		1.0563558	
SOWAHA		1.0535024	
YPEL4		1.0528069	
LTBP2		1.0518302	
TRPM3		1.0494416	
JCHAIN		1.0431756	
HPD		1.0411468	
TAGLN		1.0396389	
TSHR		1.0393074	
CDCP1		1.0331167	
CEP55		1.0318514	
LGI2		1.0313464	
FKBPL		1.0294013	
SORCS2		1.0257386	
GRB14		1.0242882	
FANK1		1.0209528	
DCC		1.020289	
KCNB1		1.0185763	
SYT15		1.0083148	
PMFBP1		1.0073037	
HTR7		1.0070897	
C1QTNF2		1.0046508	
FCGR2B		1.0012704	
INHBA		1.0005577	
CCBE1		0.9999815	
FOXC1		0.99997973	
SCN2A		0.99001753	
CXCL11		0.9896372	
QPRT		0.98915887	
TMEM139		0.98758954	
OSGIN1		0.98758054	
CSMD2		0.98528314	
SIGLEC16		0.9824079	
PAQR5		0.9819683	
KCNJ12		0.98133063	
STC2		0.9803926	
CCL3		0.97632545	
PRSS36		0.9745504	
MELK		0.97190225	
PLBD2		0.96946937	
CCL22		0.9694506	
P3H3		0.96764153	
SPINK5		0.9670878	
CDKL4		0.9660066	
PENK		0.9634454	
UCHL1		0.9604754	
CCL8		0.95966214	
CCL13		0.957693	
CRISPLD1		0.9566824	
NOTCH3		0.95381755	
MSR1		0.95080036	
RANBP3L		0.95031184	
ASPM		0.95001984	
CXCL10		0.9498829	
DNASE2B		0.94716	
VASN		0.94501275	
PDLIM4		0.94426924	
SCN8A		0.9434427	
CLEC3B		0.9426808	
FOLR2		0.93724483	
SLC28A3		0.9336735	
HLA-DQA1		0.9322348	
ITIH5		0.9318522	
EPHB3		0.9308417	
PLEKHG5		0.92938215	
TAF13		0.92799145	
CCN2		0.9277574	
NPY5R		0.92759305	
CDC42EP1		0.92590266	
NTNG1		0.9236349	
CADM3		0.91856164	
CCDC80		0.91782814	
MGP		0.917307	
PARD6B		0.91573447	
ADAMTS15		0.91549057	
TENM4		0.91222	
PRRX2		0.9088207	
NR2F1		0.9071212	
CP		0.9050323	
ADCYAP1		0.90413463	
GPRC5C		0.90251344	
C1orf198		0.89350885	
CD209		0.89060575	
ELN		0.89011025	
SLC4A8		0.8894433	
DLEC1		0.8875231	
C2		0.88613576	
AFG1L		0.88607883	
VSIG4		0.881355	
CRTAM		0.88000655	
GRIA4		0.8765247	
VWCE		0.8754282	
SH3RF2		0.8735589	
CCN1		0.8661248	
GSTM1		0.8660615	
CCND1		0.86576796	
HJURP		0.8655335	
RNASE1		0.86204106	
CD248		0.861187	
GNA15		0.85917443	
ICOSLG		0.8577435	
CFH		0.8573603	
ARR3		0.856239	
S100A4		0.85504794	
TMEM178A		0.8549947	
FGF9		0.854751	
NEXN		0.8537081	
TNNT3		0.8531782	
LINC03122		0.8514233	
ADAMTS10		0.84951055	
WWC1		0.84918064	
FCGR2C		0.84815353	
SLC67A1-AS		0.84783703	
SPTA1		0.84741604	
HTRA1		0.8464264	
RAB36		0.84624183	
PEG10		0.84617555	
MRAP2		0.84562284	
C1QA		0.8432804	
RAD51AP1		0.84308183	
GDF10		0.84121835	
LGMN		0.83916914	
HLA-DQB1		0.8388096	
CPZ		0.8386439	
MXRA5		0.83854556	
DCSTAMP		0.8364847	
TOP2A		0.83637744	
C1QC		0.83517253	
PDE1C		0.8336116	
ANLN		0.8332515	
ADAMTS3		0.8331143	
CFHR3		0.8320416	
CXCL9		0.83190715	
MS4A7		0.8316206	
NXF3		0.83154446	
NRP2		0.82612705	
ADGRE4P		0.8257467	
SEMA3B		0.82556367	
LILRB4		0.8251893	
FEZ1		0.8235436	
JAKMIP3		0.82315695	
SEMA3G		0.8204831	
LYVE1		0.8196367	
CES1		0.8184675	
HSD11B1		0.8179947	
KIF14		0.81726265	
ADAMTS4		0.8167925	
KCNIP3		0.81671244	
RHPN2		0.8164886	
CD163		0.81614643	
PLA2G7		0.8153622	
BGN		0.81481916	
STX1B		0.8140761	
CHI3L1		0.8139333	
MAD1L1		0.8135078	
ST18		0.8123632	
FGF11		0.8121593	
ADD2		0.8116748	
FILIP1L		0.8091591	
SLC2A9		0.80898523	
RGS11		0.80658305	
PAMR1		0.80601454	
MAMDC2		0.80569863	
BCAT1		0.80514884	
CNTNAP4		0.80486846	
DLGAP5		0.8048617	
TTK		0.80342764	
COL4A6		0.8033772	
LHCGR		0.8030425	
AFF3		0.8026259	
HPGDS		0.7994451	
CCDC3		0.79916966	
MKI67		0.7969188	
SYNPO2		0.7967518	
TNFRSF10D		0.7952681	
HRH1		0.79361725	
CERCAM		0.7931948	
LYPLA2		0.79207814	
CD163L1		0.78738016	
TREM2		0.78510004	
DCHS2		0.7847277	
KCNJ5		0.7846761	
OPRK1		0.78375024	
HLA-DRB6		0.78321475	
DDO		0.7822115	
BLNK		0.78161824	
GGTA1		0.78020614	
RELN		0.77922976	
TIMP1		0.7766984	
CNTN1		0.7727159	
AKR1C4		0.7722539	
BUB1B		0.76960564	
SLC2A5		0.76562333	
EDA2R		0.7649706	
IQGAP3		0.76465636	
GPC1		0.7637478	
TBX1		0.761062	
LEP		0.75954986	
VLDLR		0.75945675	
C10orf90		0.7592474	
CLU		0.75905406	
GAS2L3		0.7581282	
TM4SF19		0.75801265	
SLC14A2		0.75769615	
STX19		0.7576599	
EGR1		0.7572409	
CH25H		0.75588155	
GSTM3		0.7543157	
MFAP5		0.75346154	
ZNF497		0.75062966	
DACT3		0.75042516	
FAM124A		0.7487011	
TPM2		0.7483442	
PEMT		0.74805576	
SLIT2		0.7475033	
PERP		0.74652994	
CCDC136		0.74475294	
SEL1L2		0.7445515	
F13A1		0.74265414	
DIO3		0.74254835	
EVA1B		0.742478	
TUBB2B		0.73958343	
SCIN		0.73711854	
COLEC11		0.73646224	
ESPL1		0.73308855	
DIO2		0.73200345	
VNN1		0.7318886	
MTTP		0.731108	
ALCAM		0.73087496	
UBD		0.73038673	
ALPL		0.7289559	
SH2D4A		0.7275462	
CTHRC1		0.7275156	
ITGB5		0.7275062	
CCL2		0.7266379	
TRPM2		0.7261733	
CFB		0.7232615	
DKK3		0.72299284	
SEMA5B		0.7228965	
SEMA3C		0.7209924	
MAP3K19		0.7208551	
CYP2S1		0.72045696	
WRAP53		0.71909416	
MT1A		0.7170907	
ACKR1		0.7153193	
RIMS4		0.7149632	
GTF2H2B		0.7132411	
ADAM12		0.7130552	
MN1		0.71279186	
HSPB8		0.71190035	
CYBA		0.7102864	
FAM151B		0.7087364	
ABHD17C		0.707964	
STK32A		0.70668733	
EPS8L2		0.70604503	
TXLNB		0.7042328	
LRRC8E		0.7032379	
CACNB4		0.70249563	
TPBG		0.70126903	
LAMP3		0.7006592	
HOXD4		0.7003757	
MCF2		0.70026326	
PDLIM3		0.6998218	
PIERCE2		0.6988868	
CSF1R		0.698347	
FTL		0.6981961	
DCUN1D3		0.6980735	
MSTO2P		0.6969224	
TBC1D2		0.6957767	
LINC01530		0.6944102	
DNAH5		0.69402367	
CNTN4		0.69402117	
SLC15A5		0.6933751	
MEGF6		0.6931846	
CCDC71L		0.692725	
SPATA12		0.69245625	
E2F8		0.69234693	
COL6A2		0.6901331	
CPA4		0.6899537	
TRIM47		0.68956274	
MAP3K21		0.6890759	
BTBD19		0.687602	
GPR176		0.68715405	
MICALL2		0.6869934	
SLC38A4		0.6862278	
FTH1P3		0.68525106	
GNG2		0.68423647	
PI16		0.68346953	
RRM2		0.6818962	
CNTN3		0.681826	
XPNPEP2		0.68141055	
GLIPR2		0.68126446	
GALNT6		0.6806681	
RIMKLA		0.680002	
FREM1		0.6793094	
IL17RE		0.67758554	
MYO1H		0.6753435	
C20orf203		0.6734229	
TNFAIP6		0.6726872	
TMEM119		0.6724608	
PCBP3		0.6720056	
CPE		0.6715803	
PGBD1		0.6710442	
GPLD1		0.67090476	
SLCO4A1		0.67048013	
BTN2A3P		0.6701991	
INHBB		0.6699586	
BEND6		0.6695099	
TLR7		0.66912425	
ZNF883		0.66876173	
DBX2		0.6686348	
MUC6		0.66692674	
TNFRSF10A		0.6668792	
LOXL2		0.6655199	
INMT-MINDY4		0.6651885	
RAB30		0.6648331	
CENPF		0.6643115	
PLEKHA4		0.6634569	
PDXP		0.66263497	
EPDR1		0.6618947	
TRPA1		0.6615513	
GPR137		0.6614071	
CHST3		0.6612652	
SHTN1		0.6605421	
IRF2BP1		0.6595354	
EN1		0.65935194	
A4GNT		0.6586526	
AKR1C3		0.65828496	
CD74		0.656857	
CLEC10A		0.65654445	
LRATD1		0.65645564	
LINC00115		0.65568835	
GABRA2		0.65342325	
DOK2		0.6518697	
RASD2		0.6518193	
SVEP1		0.65174544	
KCNQ3		0.65144616	
RHOXF1		0.65116715	
HLA-DRA		0.650445	
MSX1		0.65041643	
XG		0.6490318	
C1QTNF5		0.64867836	
MFRP		0.64867836	
SLC41A2		0.6485728	
KLF10		0.64847493	
GPR137B		0.64757174	
C6orf132		0.6469652	
KLHL30		0.6462751	
TMEM67		0.6451887	
ARRDC4		0.64470536	
AKR7L		0.6439324	
ANO3		0.64363265	
LILRB5		0.6436209	
ANKMY1		0.64350325	
OGN		0.64345485	
OASL		0.64334464	
HMGB3		0.6426405	
SLC5A3		0.6426195	
CSGALNACT1		0.6419159	
PRX		0.64176506	
CFAP221		0.6417387	
GDPD1		0.6407561	
COLEC12		0.640562	
GLB1		0.6405267	
PART1		0.63966954	
CAMKK1		0.6394292	
CD68		0.63896173	
GCNT1		0.638397	
SLC35C1		0.6373248	
TMSB4Y		0.6368266	
PRR5-ARHGAP8		0.6361453	
P2RX7		0.63505	
CTSH		0.63477826	
ARHGAP8		0.6341784	
OSR1		0.63386595	
PAK4		0.63296455	
LOX		0.63264304	
CKS2		0.63244337	
SCN1B		0.63081473	
POLQ		0.63058263	
P2RY14		0.63022333	
DAB2IP		0.62935495	
PTPRU		0.628964	
STAB1		0.62878114	
TMEM182		0.62703896	
SLC5A12		0.6269589	
RERG		0.62640846	
MS4A14		0.6259031	
MINDY4		0.6245748	
ZNF541		0.62427026	
GLI1		0.6240057	
ARMC9		0.6228211	
BBOX1		0.6218908	
HSD17B14		0.6218088	
ATP1B1		0.62114286	
PDPN		0.62078166	
SIGLEC1		0.6205113	
CD200R1		0.6197092	
CD14		0.61968344	
SLAMF8		0.61926705	
PPM1N		0.6187398	
ACOT11		0.61856574	
LRRC32		0.6184632	
TMEFF1		0.61841863	
PLCD1		0.61798847	
PLA2G4C		0.617405	
UBE2QL1		0.617186	
FAP		0.6167464	
BATF2		0.6165702	
COL4A5		0.61648434	
S100A2		0.61325294	
CHMP6		0.61258906	
DECR2		0.6121941	
H1-1		0.61202776	
DHRS9		0.6117765	
TACR1		0.6116818	
PLA2G15		0.61149335	
PLD3		0.6114236	
AGRN		0.6113876	
MIR1228		0.6112603	
CRIP1		0.610466	
ADAMDEC1		0.609825	
SERTAD1		0.6095158	
KBTBD12		0.60950285	
IL12RB2		0.60888064	
CCZ1		0.60855883	
ALDH1L2		0.60787445	
PIGK		0.60786223	
CLIP3		0.60705566	
BMP8A		0.6054647	
CSF1		0.6046959	
ATP23		0.60381526	
DTL		0.6037443	
BAG3		0.6035209	
SYT1		0.6033425	
ADAP2		0.6031923	
MYO7A		0.6029962	
OMD		0.6025125	
ARHGEF37		0.6020615	
ST14		0.6015485	
OLFM1		0.6012218	
CACNA2D1		0.6000092	
ZDHHC24		0.5991273	
TRIM9		0.5991175	
HTR2B		0.59899455	
SULT1A1		0.59899247	
SLC16A9		0.59892935	
DACT1		0.5989217	
DUSP8		0.5987664	
SERINC2		0.59868616	
DAB2		0.5978375	
CPXM2		0.597529	
MSX2		0.5969758	
RADIL		0.5965863	
AJUBA		0.59658253	
GPBAR1		0.5959159	
C8orf48		0.5951316	
IL17D		0.5949183	
AS3MT		0.59468794	
CLCA2		0.59353995	
HLA-DMB		0.59336907	
MAP1B		0.59325004	
KIF23		0.593136	
IL18		0.59308374	
CKAP2		0.5927634	
RPL31P11		0.59186226	
ARF4		0.5917056	
C19orf47		0.59144914	
TLCD2		0.59141713	
SPARC		0.5903691	
LMOD1		0.58910316	
COL6A1		0.58886135	
KIF5B		0.588663	
GLI2		0.5878897	
TNFAIP8L3		0.58741	
FRMD4B		0.5869013	
C10orf55		0.5866463	
PLCXD3		0.5864165	
HLA-DPB1		0.5861424	
GSTM5		0.5857592	
KCNS2		0.58452505	
DOCK3		0.58309203	
KCNQ1		0.5827357	
ACOT7		0.5826047	
ST7L		0.58155566	
PCDHB11		0.5814649	
SSC5D		0.58101493	
SRPX2		0.580722	
UBXN10		0.57993364	
MS4A4A		0.5792718	
SLC4A3		0.57914734	
LUM		0.57834077	
HLA-DRB1		0.5782455	
SEMA6B		0.5778501	
RCAN2		0.5775287	
KLHL26		0.57745963	
TAX1BP3		0.577041	
PAQR4		0.57643574	
HLA-DPA1		0.5763172	
ZNF865		0.5762435	
TMC2		0.57587796	
KANK4		0.57516444	
JUNB		0.5748322	
CCDC150		0.57453954	
IER5L		0.5744686	
KCNA2		0.57356733	
PRTFDC1		0.5731388	
TUFT1		0.5729326	
BICC1		0.5729177	
KNL1		0.57276016	
FZD5		0.5726043	
MYOZ3		0.57257444	
DLGAP4		0.5721769	
TSPO		0.5709314	
HSF2BP		0.57055956	
TUBB2A		0.56887335	
PLK2		0.5685629	
TMEM176B		0.5676451	
MATK		0.56763947	
CALHM5		0.5669258	
GPSM1		0.56628156	
SLC17A9		0.56570655	
CRTAP		0.5655286	
HAVCR2		0.56485593	
NQO1		0.5643366	
ZNF668		0.5631596	
CCL19		0.563039	
TMEM106A		0.5628396	
PRLR		0.56267256	
PRRX1		0.5626593	
TMEM176A		0.5618152	
CTSZ		0.56155705	
C1orf53		0.561433	
SYNC		0.5614017	
ITGB4		0.56106645	
AMOTL2		0.5609629	
KCNA6		0.5603641	
PDLIM1		0.55927944	
F2R		0.5586063	
CD28		0.55833113	
TPX2		0.5582535	
FAM83H		0.5576838	
TREX1		0.55755854	
GZMA		0.5571368	
C16orf86		0.55679005	
SYTL4		0.55630964	
CDC42EP2		0.5555911	
ERBB2		0.55542743	
TLE2		0.55538625	
SMO		0.55475116	
ACP5		0.5547327	
GPAA1		0.5540733	
LIMK1		0.5536878	
CTSB		0.55328673	
AGAP2-AS1		0.55272776	
CCDC124		0.55211836	
FADS3		0.5520432	
MFSD2A		0.55204123	
ASAH1		0.55149055	
ST3GAL4		0.5513814	
S100A11		0.5510622	
CD84		0.5497886	
CCR1		0.5495815	
NHSL3		0.5492833	
LIMCH1		0.549042	
POC1A		0.548801	
THBS1		0.5480863	
MXRA7		0.54792535	
SCAMP5		0.54777974	
PLEKHO2		0.54754585	
RAB6B		0.5473717	
PLAAT1		0.54721266	
BEAN1		0.5467907	
CIT		0.5454237	
CDCA5		0.5451891	
BUB1		0.54410815	
CCNB1		0.5436428	
CRABP2		0.5435843	
DNAH7		0.54341286	
RBMS1		0.5429278	
PVRIG		0.5419999	
MSTO1		0.5408181	
SNAPC2		0.540742	
UCK2		0.5406748	
RTL9		0.54064345	
GZMH		0.54057264	
RND3		0.5402803	
MID1		0.5397852	
NINJ1		0.53975326	
MYL9		0.53897727	
ADAM22		0.5388343	
PLTP		0.5382978	
PLVAP		0.5379264	
MS4A6A		0.5373537	
SLAMF7		0.53676385	
ACTN1		0.5366825	
ABRA		0.5364376	
CHAF1B		0.5363719	
P2RY6		0.5363453	
PHACTR3		0.53632164	
SNCAIP		0.53599095	
SLC25A43		0.5357495	
DLEU1		0.5344693	
ZSWIM4		0.534409	
RRM2B		0.53385943	
GLIS2		0.5334873	
NUCB2		0.53324467	
SYNPO		0.5331103	
DIO3OS		0.53269476	
MYH1		0.53111434	
STK38L		0.5310497	
CCDC144CP		0.5309064	
PLEKHA6		0.53066635	
ARHGEF35		0.53025943	
SLC10A1		0.52818775	
TMEM51		0.5281254	
CMTM3		0.5280755	
DOLK		0.52806383	
TTYH2		0.5275937	
ST6GALNAC1		0.52755404	
NUAK1		0.5269745	
BHLHE22		0.52696615	
PEDS1		0.52656096	
PARP10		0.5263646	
SCUBE2		0.5260683	
CDH12		0.52560014	
LPAR5		0.52558184	
ZNF280B		0.5242631	
OSMR		0.52352995	
RPP25		0.52336746	
PHETA1		0.5233034	
NSMF		0.5230645	
FAT1		0.5229307	
SLC24A3		0.5227579	
SGO2		0.52038026	
ID2		0.5202725	
EFEMP1		0.5196992	
PRR11		0.51947343	
LRP4		0.519299	
B4GALT7		0.5187983	
MEP1B		0.5187839	
LAMB3		0.5181286	
MAP2K1		0.51804477	
SCAND1		0.517931	
RASSF4		0.51781774	
SLC22A5		0.51765114	
KIAA0040		0.5173924	
SGO1		0.5166327	
STS		0.5162383	
SFRP1		0.51592225	
SBDSP1		0.51579785	
CCL4		0.5144939	
CCDC102B		0.51438457	
EHD4		0.513256	
CD99		0.5130005	
HSPB7		0.5122858	
DNAJB5		0.51214784	
EDN1		0.51096797	
H2AX		0.51030356	
COL8A2		0.5102122	
PRRG1		0.5099578	
NR4A1		0.5092788	
SLC38A2		0.50893426	
C11orf24		0.50854295	
SLC66A3		0.50844556	
MTHFD1L		0.5072491	
FBLIM1		0.5071057	
GPR173		0.5068543	
ZNF93		0.5057758	
TRIM14		0.50565326	
DGKI		0.5054394	
FAM86DP		0.50538075	
LAIR1		0.505272	
GINS1		0.50508744	
OLFM4		0.5048836	
PKD2L2		0.5044491	
CA12		0.50393	
NUMBL		0.50375694	
NCKAP5L		0.50353193	
SLC9A7		0.50257367	
KIF20A		0.5024334	
FICD		0.5023746	
PLXNB2		0.50133294	
GBP3		0.5011996	
TMEM86A		0.5010635	
GGT5		0.5007524	
MMP13		0.5005785	
HGF		0.50057507	
LOXL4		0.5005081	
PACC1		0.50036824	
CHRNB1		0.50030464	
LRRC1		0.50015247	
IGFBP6		0.49919584	
ANGPT1		0.49847868	
TNFRSF11A		0.49825746	
LYL1		0.49811757	
CHI3L2		0.4978085	
CCNB2		0.49779564	
TNFRSF25		0.4974253	
CARMIL1		0.49719334	
ZSCAN12P1		0.497137	
ZMAT3		0.4967672	
PRSS23		0.49623415	
KDELR3		0.4959282	
ADAMTS17		0.4955466	
ETV5		0.49524006	
MIEF2		0.49466813	
ADORA2B		0.4941023	
DLL4		0.49250364	
ART4		0.49215597	
SORBS3		0.49207875	
SLIT3		0.49195507	
METRNL		0.49100083	
CALU		0.4903468	
CLVS1		0.49026725	
CHRDL1		0.48904166	
PPP1R9A		0.48887128	
GCNT2		0.48855373	
CORO1C		0.4883157	
FBN2		0.48770246	
ANXA5		0.48640952	
SUSD5		0.48593625	
FSD1L		0.4856288	
METTL1		0.48492497	
PDZRN4		0.4846076	
SCN9A		0.48349518	
JPH4		0.48281464	
MAF		0.48236358	
NCEH1		0.4821614	
DIAPH3		0.48201036	
FMNL2		0.48195055	
AQP1		0.48188415	
MFGE8		0.48178607	
KIF18A		0.48170376	
FOXF2		0.48159578	
ALDH4A1		0.4813331	
IQGAP2		0.47941595	
ETNK2		0.47925618	
MMP19		0.4790194	
HSPB1		0.4788037	
BMP2		0.47816718	
CATSPERG		0.47794968	
FAM98C		0.47793275	
TTYH3		0.4770176	
CLSTN3		0.47656065	
TNS3		0.47606683	
SLC30A1		0.47563115	
AOC2		0.47407532	
SIX1		0.47313428	
PLPP1		0.47274858	
SLC38A7		0.47227538	
SMAD7		0.47222853	
IL7		0.47177532	
PCLO		0.46937776	
ABHD4		0.4691706	
CDCA2		0.46889132	
CD4		0.46883565	
ELOVL2		0.4683892	
AOX1		0.46780488	
SELE		0.46768674	
PLEKHA1		0.46735004	
C4BPB		0.46724144	
GATM		0.46719757	
SERPINB2		0.46683282	
DTNA		0.4663853	
ATP6V0D2		0.4663142	
GRHL1		0.46622515	
TCHH		0.4655609	
ZFHX2		0.4648104	
HCFC1R1		0.4643553	
ATF3		0.46395323	
KIAA1755		0.4638312	
ZNF667		0.4620061	
SHOX2		0.46199924	
GBA1		0.4617706	
LSR		0.4616442	
PPIL6		0.46086952	
EIF2AK2		0.46081433	
ANKRD36BP1		0.46061534	
CHPF		0.46043354	
FERMT3		0.45978788	
CEP170B		0.4594787	
PIK3R6		0.4582328	
AMPD3		0.45780566	
CENPE		0.4573633	
BHMT2		0.45727414	
NMB		0.45688322	
CYP11A1		0.4562146	
COL5A2		0.45608225	
SERPINE2		0.45591953	
SPA17		0.45572257	
ROBO2		0.45537055	
CCDC134		0.45520404	
PDCD1LG2		0.45510358	
SLC29A3		0.45499954	
HSD17B1		0.45494735	
DNAI7		0.45479178	
CYB5R3		0.45470157	
LATS2		0.45413655	
PLXDC2		0.45394263	
LGALS3BP		0.4536986	
DBIL5P2		0.45321524	
PLPP7		0.45281005	
NEK7		0.45204347	
MIR2110		0.45118633	
NOX4		0.4510844	
MAN1A1		0.45107046	
NRM		0.45095628	
RHOD		0.45060307	
C1QL3		0.45044485	
MAFB		0.4502175	
LRRIQ3		0.44992104	
CDKN1A		0.44986188	
RCVRN		0.44923952	
ZNF503		0.44916624	
CDH11		0.44914722	
ABLIM2		0.44885722	
LRGUK		0.4486633	
HMMR		0.4486512	
ANTKMT		0.44864509	
GNS		0.44827333	
BBS5		0.44827107	
UBE2Q2		0.447737	
TMEM54		0.44733167	
NRIP3		0.44683605	
RHAG		0.4466431	
ICAM1		0.44650674	
CST3		0.4464209	
PRKN		0.44632995	
BRCA2		0.44609258	
FSTL1		0.44600093	
NME5		0.44561172	
TDRD6		0.44537783	
MFAP4		0.44501597	
CALR		0.44480863	
SCRN1		0.44405395	
HLA-DOA		0.44394413	
ZNF583		0.4423811	
PIDD1		0.44224283	
MFHAS1		0.4420999	
LHFPL2		0.4420072	
KIF11		0.4417092	
ASTN2		0.4417079	
PDGFA		0.44109765	
FAM174B		0.4407722	
DIPK1A		0.44044355	
C2orf15		0.43967497	
CORIN		0.43943253	
PI4K2A		0.4391831	
SIRT6		0.4390254	
LTBP4		0.43886426	
SEC24D		0.4385693	
GSTT1		0.4384026	
PFN2		0.43809834	
PDE4A		0.4379487	
PYGL		0.43782192	
HCG4		0.43709385	
PIGQ		0.43701866	
CMKLR1		0.43695766	
ADGRF3		0.43650618	
THY1		0.43613228	
ZNF736		0.43597615	
NOC4L		0.43432763	
COL14A1		0.43427253	
ASPN		0.43382215	
PNMA8B		0.4335723	
MIR23AHG		0.4331789	
LAYN		0.43260068	
EDIL3		0.4324076	
ROCK1		0.4318582	
GALE		0.4315604	
DEPTOR		0.43121836	
TTLL1		0.4303991	
LMX1A		0.43025202	
ZNF793		0.43025044	
TGIF2		0.43007857	
SLC9A5		0.42989424	
CAPZA2		0.42938027	
SPOCD1		0.42925373	
RCN3		0.4291671	
SLC12A2-DT		0.42824063	
SAMD5		0.42739752	
ZDHHC1		0.42735934	
GATA6		0.4273052	
LRRN4CL		0.42730093	
LONRF2		0.42694974	
FKBP1B		0.42649895	
NAT1		0.4260789	
JUN		0.42603183	
PTPRO		0.42569107	
TSC22D2		0.4253374	
ITGA1		0.42420956	
APOL1		0.4240594	
FBXO6		0.42373788	
HSD3B7		0.42272165	
PAPPA		0.42258602	
PTGFRN		0.42255837	
KRBA1		0.42248395	
INPP5E		0.42152146	
TRAIP		0.4215194	
ZNF469		0.4214086	
FTH1		0.4213539	
TPST2		0.42116043	
AHNAK2		0.420734	
PDZD2		0.4207025	
PMEPA1		0.42055944	
KCNJ1		0.4202975	
TRIP6		0.41992405	
LRSAM1		0.41980323	
ACTN4		0.41940567	
CSTA		0.41923687	
TUBA1C		0.41900122	
PSTK		0.4189834	
FUCA1		0.41883057	
GPNMB		0.41859344	
SLC1A7		0.4185912	
LGALS9		0.41793388	
CXCL16		0.41768354	
EEIG2		0.41748634	
A1BG-AS1		0.4173676	
SAMD4A		0.4170256	
SLC43A3		0.41691947	
BMP2K		0.41654423	
KLHL4		0.41613162	
SLC7A1		0.4159889	
CYP7B1		0.41591665	
CTSG		0.41524363	
NNMT		0.41487902	
ZNF30		0.41486654	
GALNS		0.41459513	
RNF19A		0.41447955	
ZNF799		0.4144078	
OAS1		0.4142281	
BMP4		0.41389376	
C1orf56		0.41385716	
MERTK		0.41364872	
SAMSN1		0.41350287	
NLN		0.4132763	
RHBDD2		0.4132373	
P3H4		0.41292316	
IL33		0.4126898	
BHLHE40		0.41264552	
SEMA5A		0.41258246	
TSHZ2		0.41254005	
ANTXR1		0.41243097	
CLDN18		0.41156152	
FAM161B		0.41128558	
MR1		0.41122362	
YAP1		0.41023993	
LRRK1		0.41022542	
CXCL2		0.41016686	
RFX2		0.41000378	
COBLL1		0.40996462	
EVI5L		0.40980977	
EEA1		0.40942976	
FKBP10		0.40905032	
ADAMTS2		0.4088886	
FOXM1		0.40879697	
GLIPR1L1		0.40868336	
NAIF1		0.40866667	
COL3A1		0.40782332	
LCA5		0.40741512	
ITGB8		0.4073988	
PLOD2		0.40622175	
PTGIR		0.40609512	
SNPH		0.40609363	
ASB16		0.40595245	
ABCC1		0.40594843	
PDIK1L		0.40557155	
RNF182		0.40534797	
CCNYL1		0.4053425	
NDST1		0.40528518	
COPG2		0.40481335	
EYA2		0.40410802	
MMP16		0.40389854	
CDYL2		0.402961	
MRPL23		0.40288338	
ZNF772		0.402712	
ECE2		0.40243173	
DDX43		0.40225554	
SMYD2		0.40213016	
DCLRE1B		0.40208313	
DTX2		0.40201688	
OLFML3		0.40177083	
MFAP2		0.40166813	
ZNF329		0.40138197	
RGS7BP		0.40098262	
VCAM1		0.40083668	
C1R		0.40070596	
ECT2		0.40061834	
TEX9		0.40025604	
MECR		0.40021625	
PTCH2		0.399963	
DSEL		0.39976543	
SGSH		0.39929405	
HPRT1		0.39885938	
CASC2		0.39884418	
CCDC112		0.3985237	
MARCHF2		0.39808625	
NRXN3		0.3978565	
FKBP9		0.39764643	
EMILIN2		0.39748105	
PTTG1		0.3974442	
FAIM2		0.3972886	
BMX		0.3972184	
PLXND1		0.39718765	
PHLDA1		0.39687794	
DNAAF4		0.39650583	
FAM114A1		0.39650258	
TACC2		0.39646652	
DSP		0.3955313	
DHDDS		0.39528036	
TBC1D16		0.39520895	
GM2A		0.39482442	
TRAM2		0.3947227	
NOMO1		0.39462444	
TMEM79		0.39424685	
IRF5		0.39396593	
MYO5A		0.39385262	
RASL11B		0.3936284	
P4HA3		0.39362234	
BOP1		0.39321506	
IGSF1		0.39309144	
KCNA1		0.39305887	
TOP1P1		0.39136806	
HMGN5		0.3906408	
LRP1		0.39040387	
ITPK1		0.39016938	
ENPP5		0.38950312	
MCOLN1		0.38942936	
SPTAN1		0.3893601	
ANGPT4		0.3892236	
CAP2		0.3888244	
ZC3H12A		0.38871938	
ZNF774		0.38864502	
PCNA		0.38849783	
TRIM16		0.38839617	
MARVELD1		0.3883902	
S100A6		0.38797843	
SLC39A10		0.3878377	
NR2F1-AS1		0.3876865	
INF2		0.38755974	
RPH3AL		0.38736582	
RYR1		0.38717526	
SRGAP3		0.3871489	
RAB29		0.38704884	
IDI2		0.38702628	
MUC15		0.38675037	
TNFAIP3		0.3866441	
SGMS2		0.38569552	
USP53		0.3856946	
CALD1		0.3855614	
NDFIP1		0.3855157	
HES1		0.38508445	
KLHL29		0.3849864	
DENND10		0.3849275	
FDXR		0.38452846	
FBLN1		0.38430887	
TMSB4X		0.38370097	
C1S		0.38365597	
LY6E		0.38290098	
ZNF416		0.38289556	
C2CD6		0.38283023	
TPSAB1		0.38275596	
MROH1		0.38272828	
TSHZ3		0.38272616	
TMSB4XP8		0.38267568	
INAFM1		0.3826493	
MEGF9		0.382626	
SCARNA13		0.38246393	
SUSD1		0.38245228	
PRELID3A		0.38242784	
FOXD2		0.3822637	
FRK		0.38219014	
PDGFD		0.38187033	
SGIP1		0.38166398	
PPP1R3C		0.3814109	
HOMER3		0.3811918	
THOC7		0.3807767	
GALNT1		0.38037062	
LUZP2		0.37976253	
ZIK1		0.37976044	
ANXA1		0.37961164	
MVB12B		0.37919307	
PKD2		0.37897205	
RASSF9		0.3788225	
CORO1B		0.3783704	
ISG15		0.37806895	
MYO1D		0.37774187	
MTFR2		0.3774222	
MAPK7		0.37733677	
UBE2T		0.376951	
ADAM9		0.37665173	
FMN1		0.37658262	
PBX3		0.37657034	
ATL3		0.37651968	
PTPN22		0.3763118	
STK11		0.37567893	
HCST		0.37552893	
WNT2		0.3752361	
NLGN4Y		0.37513894	
GMFB		0.37508127	
GPR161		0.37501112	
ANGPTL3		0.37491807	
SMPDL3A		0.37483826	
GABRP		0.37470224	
PKD1L3		0.3745686	
FN1		0.37456763	
TAGLN2		0.37455407	
EHF		0.3745224	
CDR2L		0.37403944	
MCM4		0.37381563	
RGMA		0.37372118	
SPPL2A		0.37368375	
C11orf96		0.3731871	
DAAM1		0.373187	
CDK18		0.37157717	
STEAP3		0.3715177	
CCDC8		0.37148333	
HIVEP3		0.37116674	
JDP2		0.3710698	
GAS6		0.37093857	
ITGAV		0.37092197	
ADORA3		0.37088966	
CLDND2		0.37058493	
POPDC1		0.3703698	
DAPK3		0.3695066	
MX1		0.3687839	
SCPEP1		0.3687474	
ZDHHC12		0.36844575	
SIPA1L1		0.3683139	
LEKR1		0.36802286	
ATP1B2		0.36743498	
CELSR1		0.3673272	
SEL1L		0.36731705	
PLA2G4A		0.3671228	
MTX1		0.36708486	
GLS		0.36619025	
MSRB3		0.36534235	
TFEC		0.36532795	
MARCHF9		0.3649806	
TPRG1		0.36473015	
PLXNA3		0.36471367	
PPP1R15A		0.36406383	
SNAI2		0.3634894	
PWWP2B		0.36321735	
CYB561A3		0.36282846	
HAPLN3		0.36269113	
RPN2		0.36261663	
CGNL1		0.362476	
EVC		0.3623044	
PRG2		0.36225927	
ABHD12		0.3620084	
COMT		0.3615348	
PDIA5		0.36096776	
FCGRT		0.36045435	
ACOT2		0.3602197	
SPAG17		0.3600726	
CFAP53		0.35980693	
TIMP2		0.359621	
LRRC59		0.35961396	
ZFP36L2		0.35950372	
NTN4		0.3590568	
IER3		0.35895368	
ASPH		0.3589031	
MAGED1		0.35863242	
KLRG1		0.35832706	
OLFML2B		0.3579141	
NTRK2		0.35727304	
DSCC1		0.3572042	
MAN2B2		0.35715684	
SDF4		0.35704488	
CMPK1		0.3566073	
RNH1		0.35641247	
CTNS		0.35615507	
NOMO2		0.3561272	
PIGB		0.3560592	
EGLN3		0.3558669	
PLAAT4		0.3557621	
RHOC		0.35574833	
DUSP1		0.35566318	
S100A16		0.35543588	
HFE		0.3554114	
WDR4		0.35532862	
RSPH3		0.3553218	
CBX4		0.35525027	
PKLR		0.35523203	
ARHGAP21		0.35489082	
GIPC1		0.35486764	
MIR1181		0.35474807	
FKBP3		0.35430476	
SETBP1		0.3539522	
DENND2C		0.35389647	
PTGER4		0.3538946	
NTM		0.35362098	
CELF4		0.35359994	
RPGRIP1L		0.35347238	
TMEM134		0.3534562	
CYB561		0.3531972	
B4GALT6		0.35302418	
INCA1		0.35296983	
EPHA2		0.35278815	
CCNI2		0.35272953	
DNAJC28		0.35263473	
FLNA		0.35184845	
NMUR1		0.35141414	
ABHD14A		0.35124758	
GASK1A		0.35108584	
EID2		0.3508678	
OSBPL3		0.3505697	
FCER2		0.3504251	
GRN		0.35021856	
NPL		0.35015634	
B4GALT5		0.35005513	
VMAC		0.34995356	
GPR34		0.34984395	
FRG1BP		0.3495446	
SEMA3D		0.34931943	
RUNX1		0.348386	
NAV1		0.34831825	
TK2		0.34831616	
ABI3BP		0.34828165	
CCDC88A		0.3480628	
BTD		0.34776175	
TSPAN33		0.34764105	
PPM1E		0.34704107	
SLC35B4		0.3469543	
ZNF571		0.34692788	
GPAT2		0.34621093	
SDC3		0.34567246	
RAB5C		0.34529245	
SLFN12		0.3451634	
GEM		0.34504008	
FBN1		0.3447408	
PEX10		0.34469402	
PISD		0.34452903	
ANGPTL4		0.3445165	
ZFHX3		0.34423292	
SLC40A1		0.34416145	
GCC1		0.34364387	
KLF16		0.34349555	
RAP2A		0.34344637	
REM1		0.34340924	
YIF1B		0.3432758	
CUEDC1		0.34320998	
TIPARP		0.3427995	
TOR3A		0.34243453	
ARHGAP22		0.34219202	
PKD1P1		0.34215328	
KMT5C		0.34215268	
PARD3B		0.34175044	
PHETA2		0.34129885	
FZD8		0.3412236	
ACAP3		0.34109658	
ZC2HC1C		0.34038126	
TRIP13		0.34007728	
FKBP14		0.34005296	
ZNF468		0.33994716	
SEPTIN8		0.33985904	
FCHSD1		0.3398376	
ADRA2A		0.33983758	
FBLN2		0.33974236	
TOX		0.33970448	
PTPN21		0.3391381	
CHID1		0.3391119	
ABCC2		0.3388186	
MPEG1		0.3383316	
TEAD3		0.33772877	
UBTD2		0.33763042	
NAV3		0.33740923	
EPSTI1		0.3372872	
NIBAN2		0.33710873	
GBP1		0.3370743	
DCLK3		0.33706614	
CCDC107		0.33697474	
MSL3B		0.33695593	
DZIP1L		0.33692446	
DBF4B		0.33669466	
RGL1		0.3365912	
DUSP14		0.33654767	
CD80		0.3364803	
SHROOM2		0.33619025	
CDC6		0.3360611	
MAP1A		0.3352763	
TMEM107		0.33516267	
DPRXP4		0.33514178	
MYLK		0.33508864	
UBE2L3		0.33463946	
CFAP184		0.33433342	
RRAS2		0.33430323	
LPGAT1		0.33401075	
PKM		0.33346692	
SNX24		0.33337903	
PLD2		0.33329096	
CHADL		0.33327225	
KREMEN1		0.33322796	
AGAP5		0.3332264	
BHLHE41		0.3332143	
ARHGAP11A		0.3331376	
CALHM6		0.33311534	
SOCS3		0.33296183	
FABP3		0.33284256	
TEC		0.3325284	
RRAS		0.33178264	
TMSB10		0.3316461	
CLN8		0.33083096	
HMOX1		0.3308011	
ALDH1A2		0.33078793	
DNM1		0.33060464	
AMOT		0.3303353	
ABCG2		0.3303259	
PNPO		0.3298817	
HSP90AB2P		0.32973716	
KLHL36		0.32970303	
CIP2A		0.32963258	
BEND3		0.32963035	
NMT2		0.32962823	
C1orf216		0.3296191	
F2RL2		0.32960093	
DYNC2LI1		0.3295984	
OSTM1		0.32955733	
SIGLEC17P		0.329518	
SPON2		0.32936236	
CD180		0.32910132	
PI4KAP2		0.3286468	
KPNA2		0.32787025	
DTYMK		0.32772622	
IDO1		0.32759494	
FOXO3B		0.327549	
GEN1		0.32754722	
DCX		0.32725558	
HOGA1		0.32701406	
CYS1		0.32678825	
IFI30		0.3267452	
C2orf74		0.32651937	
CDC7		0.32615572	
DOP1B		0.32615203	
BTBD18		0.32597536	
SPRED1		0.32580328	
CARD6		0.32573387	
HOOK2		0.32569137	
BAG2		0.32535702	
CLN3		0.3251967	
MAP1LC3B2		0.3249813	
TMEM200A		0.32480082	
ZFP91		0.32474285	
ZNF215		0.32389545	
UVSSA		0.3235617	
HOPX		0.32314122	
CILP		0.32299224	
ATP13A2		0.32284436	
MXRA8		0.3222896	
SPP1		0.32219595	
MBD3		0.32206905	
RABAC1		0.32203576	
PIGT		0.32200658	
IFITM3		0.3218723	
P4HB		0.3218101	
FCER1G		0.32149118	
ZNF524		0.3213095	
TGFBRAP1		0.32116294	
LRRC20		0.32115412	
ZWINT		0.32084328	
LRRC3		0.32043338	
TRIM6		0.32037398	
ZNF804A		0.32034066	
CYTH4		0.32029232	
EHD2		0.3202796	
MYLK4		0.32022604	
CUX1		0.3200385	
SSC4D		0.31995258	
BCL2L15		0.3199048	
CD276		0.31961387	
ACYP2		0.31946334	
SERTAD3		0.31945202	
SH3PXD2B		0.3193112	
PTPN11		0.31929728	
SLC37A2		0.31923604	
MOB1A		0.3190871	
SIL1		0.31906354	
APOD		0.3188235	
CDKL1		0.318807	
CRIM1		0.31859705	
DCUN1D5		0.3183047	
GOLM1		0.3182718	
SLCO2A1		0.3178575	
KLHL31		0.31770974	
CTF1		0.3177079	
TRIM41		0.3177054	
TWF1		0.31756878	
TOR2A		0.31745988	
THOP1		0.317421	
MFSD10		0.31727058	
FAM177A1		0.31721532	
TPP1		0.31677046	
CCDC89		0.31672397	
RGS20		0.31644973	
PDLIM2		0.3164048	
PAM		0.316264	
HUNK		0.31625977	
DNAH10		0.31612414	
MSMP		0.315703	
HSPB6		0.3156792	
PAK3		0.3156467	
WDR91		0.315239	
FZD1		0.3151754	
SLC15A3		0.31508657	
TMEM115		0.31507903	
COBL		0.31502858	
GSTP1		0.31462187	
FAM178B		0.3144489	
WDR49		0.31443676	
HSPH1		0.3141409	
CCDC152		0.31412795	
CAPN5		0.3139904	
AEBP1		0.31377512	
PLXNA1		0.31366923	
DEAF1		0.3133575	
SLC8B1		0.31335378	
WNT5A		0.313102	
RAB11FIP5		0.31297842	
PBLD		0.312778	
ROR1		0.31273296	
RGS4		0.31260654	
GEMIN4		0.3124706	
HDGFL3		0.31230104	
HARBI1		0.31220123	
ADAM17		0.31205353	
TBC1D9		0.31202614	
HNMT		0.31178078	
FBXO5		0.31135234	
ARHGAP23		0.31113315	
SCARNA7		0.31094435	
HEXIM1		0.31079003	
RABGGTA		0.31062943	
DUS3L		0.31051028	
RAI14		0.31030536	
SOS1		0.3102359	
LLGL1		0.31010467	
DYNC1I1		0.3101034	
ITPRIPL2		0.31009436	
GPX8		0.3100511	
NCAPH2		0.30981305	
DYNC1LI1		0.30950004	
ATRN		0.30944288	
KCNMB1		0.3094267	
DPT		0.30940604	
NAALADL1		0.3092503	
CPVL		0.30923882	
ABTB2		0.3092284	
ALDH16A1		0.30911562	
EMP1		0.30896333	
ARSJ		0.3088174	
PVT1		0.30857903	
DYNLL1		0.30837324	
MRTFB		0.3083117	
TRIM7		0.308275	
KATNB1		0.30794954	
DAG1		0.30776164	
WSCD1		0.30757207	
ENPP4		0.30745935	
KLHL25		0.3072806	
HSPA7		0.30723754	
RNF141		0.30686325	
PDE11A		0.30668482	
YIF1A		0.3064192	
ITGBL1		0.30635315	
CAPN12		0.3062717	
FBXW7		0.30599496	
TPI1P2		0.30599108	
GPC6		0.30583805	
RGN		0.3057952	
CCND2		0.3057491	
CD9		0.3057151	
UXS1		0.30562052	
MGLL		0.3053046	
ZBTB42		0.30525312	
RAB2A		0.30521926	
RGS10		0.30507275	
PCDH7		0.30489337	
AFAP1		0.3048538	
LASP1		0.30470127	
RHCE		0.3046615	
PLIN3		0.3046149	
ROCK2		0.3045229	
LGALS8		0.30432788	
CLPTM1L		0.30420876	
PCIF1		0.30407485	
AKR1C1		0.30397302	
SOWAHC		0.3038914	
GPRC5A		0.303849	
SNORA61		0.30384862	
MCAM		0.3038213	
HYOU1		0.30379662	
MYO1E		0.30330575	
GALNT16		0.30321676	
COL16A1		0.30306417	
CDR2		0.3030193	
MED19		0.30298558	
IQGAP1		0.30265316	
SMC4		0.30264455	
PAX6		0.30263457	
SLC16A2		0.30258688	
IL4I1		0.3023877	
FAM171A1		0.3023771	
POPDC2		0.30226824	
DDX49		0.30192626	
LHX6		0.3019241	
BLID		0.30168775	
ASF1B		0.3016842	
MIR612		0.30161652	
FAM86C1P		0.3016061	
AGAP6		0.30143526	
FKRP		0.3012045	
BAX		0.30117103	
UBL3		0.30103666	
CYP4X1		0.30095452	
CTSD		0.30089998	
LZTS1		0.30040404	
PLA2R1		0.300269	
ARAP2		0.30020323	
SLC47A2		0.29999107	
KCTD5		0.29998705	
HAUS3		0.29978105	
CCDC86		0.2997678	
PLEKHG2		0.29976144	
EML3		0.29958612	
SESN1		0.2995369	
ZC3H12D		0.2992934	
DUSP3		0.29896548	
MANEAL		0.29866487	
KCNJ10		0.2983848	
HLA-DMA		0.29795223	
TMUB1		0.2976839	
SKP2		0.29765666	
MAP7D1		0.29742032	
PLEKHO1		0.29738298	
IFI6		0.2973518	
ANXA11		0.2970402	
GALM		0.2966544	
AHNAK		0.29657498	
KLF14		0.29642984	
MYBBP1A		0.2963578	
ARHGDIA		0.29601017	
ARSA		0.29600778	
KIAA1549		0.29576778	
S1PR5		0.29570723	
NECAB3		0.29569706	
MYOF		0.29558706	
HSPA4L		0.29558575	
RETSAT		0.2955216	
ZNF713		0.29549918	
UBE2D4		0.29538208	
HS6ST1		0.29531088	
SLC1A2		0.29512852	
WEE1		0.29494408	
NFATC2		0.29492927	
FKBP11		0.29481307	
TMEM37		0.29477546	
CTSA		0.29458204	
ZMPSTE24		0.29455364	
EXT1		0.294362	
ANXA2P3		0.2941605	
ZNF547		0.29404017	
MAFG		0.29366472	
TMEM221		0.2935957	
PCDHB7		0.2934884	
TG		0.29346713	
SMPD1		0.2934638	
DYRK2		0.29335007	
BCL3		0.29281074	
GOLGA5		0.2927737	
LAMB2		0.29232398	
HMG20B		0.29221553	
CIBAR1		0.2921334	
DSTNP2		0.2920808	
FMNL1		0.2917899	
FAM3A		0.291678	
AHR		0.29144663	
ARMC5		0.2914174	
ITGA3		0.29133993	
TXNRD1		0.29113874	
SEC16B		0.29100332	
B3GLCT		0.29088733	
TCTN3		0.29088143	
MIR198		0.29081687	
GOLGA6L5P		0.29074553	
PLEKHH3		0.29070342	
SGPP1		0.2905228	
FAM98A		0.29047012	
ZNF677		0.29032138	
MLANA		0.29012176	
DOCK7		0.28952548	
LMLN		0.28904274	
TMED5		0.28895858	
ERGIC2		0.28880158	
GPSM2		0.28879485	
CCPG1		0.28869623	
NCKAP5		0.28846383	
FASTK		0.2880571	
ASPSCR1		0.28794685	
HAS2-AS1		0.28775918	
NDC80		0.28730607	
SLITRK2		0.2870706	
CCDC85B		0.2869004	
BBS10		0.28686652	
ALOX5AP		0.28669652	
SDF2L1		0.2866875	
ATOSB		0.28655365	
KCTD10		0.28625086	
CPSF1		0.2862164	
SP5		0.28589222	
PSPH		0.28584448	
OGFRL1		0.28575635	
ZFP69B		0.28574824	
PUSL1		0.28571746	
ALX4		0.2856295	
C1GALT1C1		0.28543544	
CTIF		0.2854319	
NAB1		0.28507677	
PCDHB5		0.28480315	
GUCA1B		0.28474694	
RTL8C		0.28472552	
CENPU		0.2846783	
MTMR6		0.28464508	
CFAP57		0.28457877	
RRBP1		0.28425664	
PTDSS2		0.28424868	
FIBP		0.28368887	
KRT5		0.2832147	
HECTD2		0.28304568	
LRRC37BP1		0.28292066	
MVB12A		0.28254315	
AEN		0.28249633	
TMEM165		0.28246355	
MLLT11		0.28242823	
PLK4		0.28219458	
DRC3		0.28213662	
SEC23A		0.28212267	
CDK14		0.2821056	
FZR1		0.2820619	
CREB3L2		0.28203264	
RPL23AP53		0.2818466	
CYP27A1		0.28183395	
ANKRD54		0.28174144	
PPP2R3C		0.2817153	
DESI2		0.28171128	
SLC43A2		0.28161672	
HSPA12A		0.28148815	
PEA15		0.28117868	
EMB		0.28097433	
JAKMIP2		0.28095734	
CDCA8		0.28077123	
ACTG1		0.28065887	
SAMHD1		0.28060153	
BCL2L12		0.28055373	
EPB41L3		0.28040424	
TMEM98		0.2803713	
RNASE2		0.28014293	
DISP1		0.28009486	
RAB9A		0.2800558	
MRPL54		0.28003877	
OTUB2		0.27987903	
MIF		0.27982187	
ANXA4		0.27966458	
OPN1SW		0.27965674	
HMGCS1		0.2796467	
ZBTB47		0.27962175	
CETN4P		0.2795907	
NBPF3		0.27955994	
DNER		0.27954385	
ZNF784		0.27930477	
SLC39A1		0.27921593	
TIGD7		0.27917638	
DDAH1		0.27895948	
ZRANB3		0.2789379	
MPZ		0.27890342	
CCDC146		0.27882499	
TLCD4		0.27824706	
MAP3K8		0.27814156	
HERC2P2		0.27811462	
DHX58		0.2780922	
TLL1		0.27800256	
IFT70B		0.277963	
ZNF195		0.2779262	
BPNT2		0.2777328	
G6PC3		0.27755386	
CCDC40		0.27753592	
MYO7B		0.2775232	
DNAH2		0.2774158	
MYO1C		0.27731776	
PDE7B		0.2772553	
BIRC5		0.27689797	
GTF2H5		0.27686694	
SESN2		0.27628165	
ZNF670		0.2762658	
KDM2B		0.27611825	
IFT70A		0.2759694	
AP2S1		0.27594566	
CNN3		0.2759304	
KCTD12		0.2757991	
ZNF204P		0.2756112	
PRNP		0.27521205	
PLAC4		0.27460238	
SLC35F5		0.27458498	
ATP13A3		0.27448398	
ITGA9		0.2744123	
FER		0.2743435	
SPIN2B		0.27415195	
TCEAL7		0.2741389	
SPIRE1		0.27394274	
ZNF154		0.2739162	
KCND3		0.27384517	
SPTBN1		0.27383894	
NEXMIF		0.27376792	
KIF15		0.27365527	
SRM		0.27357134	
PTPRD		0.2732873	
NTAN1		0.27315992	
PACRGL		0.27312377	
DPP3		0.27309757	
MEGF8		0.27304167	
ZNF689		0.2728679	
OTULINL		0.27281377	
ATR		0.2727459	
SSH1		0.27255583	
DCAKD		0.27239707	
PZP		0.27226454	
ZNF570		0.27222976	
SNORA63		0.27212763	
ZBED5		0.27190775	
LZTR1		0.27173492	
ANKRD6		0.27162278	
TBC1D9B		0.27122584	
SLC9A9		0.2711436	
LRFN4		0.27107397	
DPYSL3		0.27090102	
ZNF543		0.2707742	
FBLN5		0.27059972	
MICU2		0.27056506	
LTBP3		0.27055043	
ETV1		0.27048576	
TCTN1		0.270483	
CHST14		0.27040833	
PIGF		0.2703088	
ZBTB21		0.27030262	
CALM1		0.27027866	
RAB23		0.27016026	
AP3S2		0.27008817	
SELENOP		0.26994768	
PFKP		0.26975408	
RABL3		0.26966643	
ERO1B		0.26966375	
SKI		0.26959458	
SRXN1		0.2695893	
SGCB		0.26949978	
TRMT1		0.26903504	
KCNE4		0.26899898	
ARHGEF40		0.26881078	
GREM1		0.2687866	
ELOVL1		0.2687705	
ZNF521		0.2683602	
FBXL9P		0.268291	
HTR7P1		0.26826712	
ITGA8		0.2682629	
TNFRSF19		0.26809865	
CCRL2		0.26808926	
TPO		0.26806894	
MCM5		0.26790062	
DDR2		0.26789483	
ARL13A		0.2678722	
ZBTB17		0.26769966	
HEXA		0.26768968	
MCUB		0.26753148	
ZYX		0.267503	
FHL2		0.26741928	
SNX8		0.26730976	
TMEM30A		0.26728356	
SGTB		0.26704127	
HOXC5		0.2669736	
CEP162		0.26676494	
DRAM1		0.26676458	
METTL8		0.26665044	
TULP4		0.26661438	
CC2D2B		0.2664382	
ADGRG6		0.26622176	
GLDN		0.26614124	
DMTN		0.2660832	
ZBTB45		0.26599202	
GJD3		0.2656916	
RNF215		0.2656443	
AMIGO2		0.26562926	
PFN1		0.26508725	
RBP5		0.26508227	
RHOBTB1		0.26503107	
SLX4		0.2649235	
LPAR1		0.26490322	
SARS2		0.26479566	
NAGPA		0.2646302	
SFXN3		0.2646192	
LRRC69		0.26452783	
SLC25A19		0.264497	
ARVCF		0.2643732	
ZNF850		0.26436615	
RPUSD1		0.26431888	
DENND10P1		0.26414153	
NEIL2		0.26406813	
RABL2B		0.2638901	
LANCL2		0.26383963	
ICMT		0.2637512	
NECTIN2		0.26365554	
ZC3H7B		0.26363614	
SEC61A1		0.2632854	
FLG		0.26324543	
ZSWIM5		0.26316968	
FHIP2A		0.2630927	
CAPZA1		0.26297924	
METTL6		0.26290342	
ZNF574		0.26287186	
DOK1		0.26247838	
ABCA8		0.2624741	
LRATD2		0.2624393	
CAND2		0.26239955	
THOC6		0.26206112	
MFSD14B		0.26205656	
NHLRC1		0.26194173	
CKAP2L		0.26183155	
HLA-DRB5		0.26170862	
LZTFL1		0.2616095	
NAGLU		0.26141632	
RPN1		0.26138416	
LRP12		0.2612138	
IRAK1		0.26104927	
SLC27A4		0.26100543	
C1orf122		0.26075482	
LOXL1		0.26065105	
PRPH2		0.26062933	
REEP5		0.26036507	
IKBKE		0.26010185	
VAMP8		0.26008138	
PCOLCE2		0.26005384	
UBE2A		0.25995386	
GAN		0.25988558	
ARHGEF10		0.25986794	
RIN2		0.25980145	
SLC25A30		0.25961864	
POR		0.25961152	
ZNF732		0.25951722	
MRPL14		0.25945663	
GNLY		0.25936443	
PTN		0.25929174	
ESS2		0.259253	
PDE1A		0.25918108	
DOK5		0.25875923	
PSAT1		0.25862232	
AGFG1		0.2583917	
VARS1		0.25819612	
NEURL1		0.2581455	
TCTA		0.25804085	
SAA1		0.25803822	
TMEM184A		0.25787243	
ID4		0.25785422	
ZNF385D		0.25783724	
SERTAD4		0.2577866	
LONP1		0.2577741	
ANXA9		0.25773454	
KDELR2		0.25761724	
PPIP5K1		0.25750324	
SMC1B		0.2572436	
YIPF5		0.25712624	
CLDN10		0.25690833	
CNGB3		0.25687632	
NRG4		0.25664485	
CTDSPL		0.2563397	
ARFIP2		0.2562862	
NPHP4		0.25622866	
SMC2		0.25607225	
COL5A1		0.25594115	
PCSK6		0.25585395	
SUV39H2		0.25570822	
TP53I11		0.25536323	
RNF180		0.25533232	
GNPDA1		0.25516713	
NEIL1		0.25503886	
FLRT3		0.2546867	
PSENEN		0.25452378	
SSBP4		0.254175	
KIAA2013		0.25416544	
FBXO36		0.25412163	
ACTRT3		0.2540896	
HTRA2		0.2539992	
KCNE3		0.25395322	
PTPN23		0.2538715	
IL15		0.25381428	
CD82		0.25371715	
NEK6		0.25368047	
UACA		0.25358668	
SAR1A		0.25335878	
CDK5		0.25330493	
DNTTIP2		0.25320897	
TGFBI		0.25318933	
VARS2		0.25299868	
SPDYA		0.25293028	
CRYZ		0.25283945	
KCNIP4		0.25280482	
VEGFB		0.25277597	
SLC38A10		0.25272146	
QSOX1		0.2527025	
SH2B3		0.25264573	
DSN1		0.25260338	
CD83		0.25207278	
RHOQ		0.2519437	
SCARB1		0.2519173	
KCTD3		0.25188732	
ANGPTL5		0.25182265	
WFS1		0.2516573	
AP1B1		0.25158498	
H2BC12		0.2513309	
ACTR1A		0.25109068	
ADGRD1		0.25091293	
TBC1D22A		0.25083253	
ZNF514		0.25066587	
SLC39A6		0.25040317	
IQSEC2		0.25026095	
CEP126		0.25019503	
ACTR3		0.2501737	
ZNF358		0.25011924	
TYROBP		0.25006217	
GTSE1		0.24999362	
HHEX		0.24996147	
ZNRF1		0.24983804	
SLC7A14		0.24976143	
IPO13		0.24974485	
SKIL		0.24972151	
CXCL12		0.24961457	
YWHAH		0.24956599	
SLC35E3		0.2494675	
SLC30A4		0.24945505	
KANK1		0.24939477	
DEGS1		0.2491261	
BSCL2		0.24905114	
ATOX1		0.24882896	
PGAP6		0.24874613	
PLEKHG7		0.24864464	
ADRM1		0.24843404	
OSBPL9		0.24827379	
IFI27L2		0.24820451	
NPC2		0.24818006	
NCSTN		0.24811938	
MBNL2		0.24803917	
TSPAN17		0.24787822	
PLCE1		0.24778545	
SNORA66		0.24778521	
ARL4A		0.24771641	
PBX1		0.24770503	
IDI2-AS1		0.24733521	
DOK6		0.24709727	
PPIB		0.24678591	
XYLT1		0.24657936	
ECM2		0.24651426	
ZNF566		0.2463496	
TMEM214		0.24631497	
DBF4		0.24627393	
MCUR1		0.24602622	
GNA12		0.24592523	
SAP30		0.24578874	
ACTB		0.24578434	
SORD		0.24569322	
POLR3G		0.24550015	
IFI44		0.24533771	
CACNA1C		0.2453361	
MMP28		0.24530622	
SLC35B1		0.24529685	
OTUD7B		0.24529462	
DFFA		0.24527991	
ACOX2		0.24481803	
PAPPA2		0.24469502	
IL18BP		0.24460813	
LYNX1		0.24451658	
GLIS3		0.24450636	
MMP9		0.24446237	
MMP24		0.24445076	
CDK15		0.24434972	
SRFBP1		0.24434961	
MPV17L2		0.24431182	
SDHAP2		0.24388084	
ADCK1		0.2438265	
MITF		0.24362049	
PLAU		0.24358203	
EMX2		0.24352163	
TPD52		0.24316373	
MAP4		0.24316308	
PTK7		0.24298923	
PLEKHM1		0.24290122	
C1D		0.24271053	
GSR		0.2425543	
GINS4		0.24245945	
SREK1IP1		0.24241395	
B3GNT9		0.2423819	
IGSF6		0.2423076	
PTGES		0.24213411	
PCGF2		0.24210276	
RNF14		0.24204399	
PRDM11		0.2420045	
LEPR		0.24197215	
MED8		0.24182104	
GOLGA3		0.24180014	
FADD		0.24179354	
ERF		0.2417662	
RGS13		0.24170196	
EPS8		0.24163665	
COL8A1		0.24137014	
PPP2R5B		0.24135284	
ARHGEF10L		0.24133138	
PCDHB4		0.24125783	
SCAMP2		0.24123047	
ESF1		0.24084948	
SCARB2		0.24065232	
TMTC3		0.24042456	
HOXD9		0.24010879	
NFE2L1		0.24007072	
SDC4		0.23993514	
IKZF2		0.23982821	
SLC9A1		0.23981981	
CIMIP2A		0.23981428	
MCOLN2		0.23970747	
FILIP1		0.23955704	
KIRREL1		0.23926203	
TRAF2		0.23921001	
DSC1		0.23908393	
COTL1		0.2390166	
PCOLCE		0.23889671	
PGR		0.23873125	
ARHGAP42		0.23870492	
CIB2		0.23867477	
ZNF654		0.23860084	
PLEKHG4		0.23852941	
SOCS5		0.2384829	
MPV17L		0.23843974	
UBP1		0.23843884	
DYNC2I2		0.23835915	
SUMO4		0.23831199	
OVGP1		0.23830779	
WBP4		0.23815449	
USP5		0.23810282	
GRIK2		0.23808104	
NCLN		0.23806459	
PHPT1		0.23805106	
CHCHD5		0.23790787	
RP9		0.2378641	
DDA1		0.23784581	
ACVR1B		0.23778497	
DDAH2		0.23767321	
LINC00339		0.23751222	
MAP1S		0.2374136	
RAB22A		0.23740129	
EDNRB		0.23736024	
ZSCAN32		0.2373542	
DCBLD2		0.23730849	
OSBPL11		0.23726562	
CEP112		0.23712663	
ANXA7		0.23700427	
ERAP1		0.23699045	
INS-IGF2		0.23694046	
C1GALT1		0.23676142	
STARD8		0.23673306	
TICAM2		0.23673253	
MTMR11		0.23654337	
CCDC149		0.23639451	
CFAP58		0.23639363	
FLRT2		0.23622738	
KIF20B		0.23616098	
CHMP2B		0.23605666	
CDC14B		0.235897	
PARP3		0.23559526	
B3GNTL1		0.23535037	
MAN2B1		0.23532385	
PEX14		0.23520859	
TOMM34		0.23510394	
GTF2H3		0.23507515	
MSN		0.23483837	
DCN		0.23455344	
TM2D2		0.23434097	
IGF2		0.2343117	
MAP2K2		0.23418573	
MAN1B1		0.23399761	
ZNHIT1		0.23388162	
TMED10		0.23373963	
PREB		0.23368956	
MANSC1		0.23361725	
SLC46A3		0.23352832	
OSBP2		0.23344307	
UBE2E2		0.23338595	
GZF1		0.23330092	
TRPM4		0.23317203	
MAGT1		0.23314242	
NAA10		0.23311315	
MAN2A1		0.2330504	
UCK1		0.23294465	
VAC14		0.23292924	
PTGIS		0.23254783	
FIGNL2		0.23254007	
CPA3		0.23235495	
SPNS2		0.23225732	
ZNF703		0.23222624	
FGF18		0.23214862	
GOLIM4		0.23204342	
FAAH		0.23185827	
SIX2		0.23176593	
ZFP69		0.23169748	
MZT2B		0.23167472	
MIR1282		0.2316646	
TSPAN15		0.2316517	
TRAF7		0.23163116	
PUS7L		0.23162739	
KCNAB2		0.2316009	
CCDC102A		0.23155843	
RMI1		0.23143722	
NUFIP2		0.23143205	
NRROS		0.23127924	
SLC2A8		0.23124334	
C2CD2L		0.23106526	
MRO		0.23086953	
RPS6KB2		0.2306763	
SIGLEC14		0.23058148	
RAD54L		0.23054233	
LLGL2		0.23049499	
KCNT2		0.23031275	
RPL23AP82		0.23004596	
SSPN		0.229928	
MAP7D2		0.22988118	
DCPS		0.22969879	
STING1		0.22958145	
CHSY1		0.22933829	
CLIC4		0.22911495	
ISYNA1		0.22908075	
LRRC37A4P		0.22902969	
GXYLT1		0.22897805	
MYO9B		0.228929	
TNFAIP8L1		0.22886346	
FBLN7		0.22829048	
CRYAB		0.22822294	
GCLM		0.22821411	
KL		0.22815306	
PTMS		0.22810586	
GPX1		0.22804154	
EEIG1		0.22803998	
BLTP2		0.22802813	
FGF14		0.2277542	
CHSY3		0.2277349	
CAPG		0.22762224	
MMP14		0.22746563	
ZCCHC24		0.22740225	
TMEM167B		0.22686847	
CIDEB		0.2267858	
ANXA2		0.22672795	
CDKN3		0.22670105	
NIP7		0.22668861	
DNLZ		0.22664084	
ADCY1		0.22662579	
ATP13A1		0.22661565	
VANGL1		0.22648247	
LDHAL6A		0.22647639	
DEPDC7		0.22633998	
CLIP1		0.22632222	
MAPK13		0.22616833	
SLC35A4		0.22607154	
RND2		0.22606109	
GCOM1		0.22605573	
SLC16A4		0.22598958	
IQCG		0.22591226	
RAB31		0.22587444	
AHCYL2		0.22582369	
LETM2		0.22581504	
SLC37A4		0.2255845	
MMP12		0.22547036	
TCEAL9		0.22546448	
ZNF526		0.22527787	
SNX33		0.2251839	
RFK		0.22503808	
LRRTM2		0.22484493	
SRP19		0.22467856	
SLC39A11		0.22464043	
DNPEP		0.22441687	
PNPLA6		0.22441201	
SERPINF1		0.2244027	
RAB32		0.22439443	
TDRD1		0.22438239	
RNPEPL1		0.22434612	
PCDHGC3		0.2243297	
GAMT		0.22432931	
EGR2		0.22389033	
NAPA		0.22388905	
LMBRD2		0.22387944	
PPP1R9B		0.22378092	
PAPSS2		0.22374079	
ZNF777		0.22368403	
KCTD11		0.2235782	
XYLB		0.22354682	
TIPRL		0.22349256	
CD59		0.22348037	
CCDC92		0.22332433	
ORC6		0.22313201	
CHST10		0.22312963	
FXYD5		0.22278182	
CLIC1		0.22272551	
APBA1		0.22256626	
AP2A2		0.22247584	
GPR183		0.22218467	
B4GALT2		0.2221271	
PORCN		0.22212164	
CRACR2B		0.22210397	
RAPH1		0.22192703	
RPP38		0.22174852	
ANGPTL2		0.22132592	
CEP70		0.22121067	
DHRS4L2		0.22116767	
TRMT61A		0.22108437	
CFD		0.22100213	
MINPP1		0.22095716	
TUBA1A		0.22095658	
SYCP2L		0.22083138	
TKFC		0.2207465	
MEX3C		0.22072802	
BLTP3B		0.22063941	
HSPA5		0.220596	
PLP1		0.22051615	
USHBP1		0.22050956	
ACOX3		0.22043051	
MAN1A2		0.22034647	
CAVIN3		0.22029978	
H2AJ		0.22028743	
ZNF425		0.22025743	
SIM2		0.22018854	
VWA1		0.21996044	
ERGIC1		0.21989506	
WIPI1		0.21985853	
TSSC4		0.21973293	
TIMM17A		0.21965563	
AP3S1		0.2196549	
WDR24		0.21939695	
AADAT		0.21935152	
FGF7		0.2193457	
SLC12A7		0.21931615	
PRC1		0.21927166	
PPM1L		0.2192032	
TAS2R13		0.21917705	
CNGA1		0.21906872	
KRT1		0.218761	
UHMK1		0.2185959	
ENPP3		0.21859418	
ARSB		0.21857709	
SSH3		0.2183927	
BACE2		0.21831152	
MEX3B		0.2181633	
ENPP1		0.21804923	
IFT81		0.21802405	
ERCC2		0.2179143	
HPS3		0.21770175	
LINC00294		0.21754877	
FOXRED2		0.21753345	
LRR1		0.21742967	
EXT2		0.21722388	
IFT80		0.21718654	
TANC1		0.2171837	
ABCC6		0.21708685	
SPDYE3		0.21695156	
IARS1		0.21691333	
TMEM143		0.21689259	
PCDH17		0.2165202	
LILRA6		0.21649198	
KMT2E-AS1		0.21643087	
PDE9A		0.21622814	
PIK3R2		0.216177	
EBAG9		0.21605387	
SVBP		0.21604952	
DNASE2		0.21591842	
ABCG5		0.21591415	
PRELP		0.21591091	
MOGS		0.21590176	
CMTM4		0.21587318	
S100A10		0.21584904	
AURKAIP1		0.21584456	
SLC39A13		0.21570525	
SMPD4		0.21553032	
NEO1		0.21527986	
SOCS4		0.2152219	
ERI2		0.21511495	
GPC4		0.2150734	
WWTR1		0.21504426	
ISLR		0.21497747	
KCTD9		0.21480979	
TYMP		0.21478523	
UGP2		0.21472102	
SLC67A1		0.21436992	
ABHD1		0.21425967	
TARBP2		0.21420603	
RCAN1		0.21417484	
MPZL1		0.214064	
CPA2		0.21400963	
ZNF681		0.21391068	
TACSTD2		0.21384062	
SPNS1		0.21366589	
SH3BGR		0.21357217	
KIF3C		0.21338537	
ZNF696		0.21320713	
NPHP1		0.21309863	
NKIRAS2		0.21308212	
ZSCAN20		0.21299322	
NXT2		0.21292157	
FAM91A1		0.21291173	
DOCK6		0.21275228	
CMTM1		0.21265775	
TRAM1		0.21257842	
IRX5		0.21256521	
ZFP90		0.21256474	
ARHGAP6		0.21239981	
TMF1		0.21239598	
COL24A1		0.21215363	
ZFP1		0.21212094	
SH3BP4		0.21211518	
NT5E		0.21210258	
SLC66A1		0.21205273	
TBX18		0.21200997	
C4orf33		0.21189223	
KMO		0.21171948	
GOLM2		0.21168345	
GNB4		0.21161251	
GPATCH2		0.21160202	
PRMT6		0.21159178	
ZNG1B		0.21155435	
ZHX1		0.21144535	
HSPA13		0.21144414	
SIAE		0.21143596	
PSMD11		0.2112689	
WWP1		0.21121664	
TERF1		0.21113625	
SNHG9		0.21079549	
GOLGA2		0.21068463	
GOT2		0.21067591	
MIER2		0.21052437	
ATAD5		0.21049412	
TTF2		0.21044947	
PSAP		0.21025935	
MGAT4B		0.21013802	
GPR75		0.21013425	
DNAJC3		0.21011473	
PRR5		0.21006605	
CCDC81		0.20993342	
CHPF2		0.20989585	
FKBP8		0.20941073	
RABIF		0.2093477	
FNDC3B		0.20934054	
ADPRH		0.20932679	
IFT57		0.20924422	
RTN4		0.20918708	
DIP2C		0.20915672	
LUZP1		0.20911871	
POP5		0.20886695	
SLC25A25		0.2087764	
TMEM9		0.20856711	
FARP1		0.20850521	
PACS1		0.2084722	
RDH5		0.2084421	
SGK3		0.20837872	
EIF3J		0.2080342	
CREG1		0.20800836	
CYBB		0.20780466	
SATB2		0.20758927	
CPNE2		0.20742993	
RAD23B		0.2069427	
LPCAT1		0.20677663	
WDR81		0.20652673	
ZNF569		0.20642371	
TMEM64		0.20634675	
EMP3		0.20627782	
RASL12		0.20611297	
CRIP2		0.20607378	
DLG2		0.20581222	
STK17A		0.20576395	
DENND6B		0.20575854	
MTSS1		0.2056957	
LRRC27		0.20566557	
PEX3		0.20561859	
SHARPIN		0.20558925	
ALDOB		0.20541412	
YPEL2		0.20532238	
RBBP4		0.20468794	
MMACHC		0.20468248	
BMPR1A		0.20455629	
MICAL3		0.20449309	
AXIN1		0.2044296	
NRAS		0.20439863	
PCDH19		0.20438752	
ENAH		0.20436913	
AKR7A2		0.20433958	
RIMS1		0.20431222	
TLR5		0.2042913	
PNMA8A		0.20427853	
UBR4		0.20402831	
CIAO3		0.20399967	
VASH1		0.20395586	
CC2D1A		0.20395233	
FAM177B		0.20383753	
POLR1G		0.20382108	
TRIOBP		0.20379822	
ZNF219		0.20375715	
PSMD12		0.20371579	
CHEK2		0.20370631	
CHIC2		0.20369126	
SLC3A2		0.2036704	
TM9SF3		0.20342858	
CDK6		0.20338449	
YKT6		0.20337018	
KLHL5		0.20325768	
PDIA6		0.20324251	
ETV6		0.20316587	
MACO1		0.20315348	
MGAT5		0.2031379	
NPFF		0.20312458	
MNS1		0.20309277	
FEZ2		0.20303051	
PHLDB1		0.20302933	
PANK3		0.20290698	
SLC48A1		0.20287263	
GTF3C2		0.20262556	
RTL6		0.20260741	
ZNF585B		0.20251286	
KLHL42		0.20249438	
CD164		0.20240442	
HYCC1		0.20240018	
STAT1		0.20239139	
EXTL2		0.20233417	
ZNF330		0.20230733	
NXT1		0.20224245	
HSD17B7		0.20202827	
ETV3		0.20198822	
TVP23A		0.20189439	
NUDT13		0.20186725	
DPH2		0.20185858	
RNF126		0.20170614	
TLN2		0.20134689	
CHURC1		0.20134614	
ENG		0.2013012	
DHRS7B		0.20123376	
MAP6		0.20116155	
SCNN1B		0.20107701	
SNORD97		0.20105669	
MAPRE1		0.20103832	
ISG20L2		0.20093621	
ZNF134		0.2009242	
DCAF13		0.2008573	
CEMP1		0.20077392	
P2RX4		0.20051123	
FHL1		0.20017387	
CYTOR		0.20007843	
SERPIND1		0.19989653	
TYW1B		0.19981092	
TGFA		0.19978093	
PMS2CL		0.19977993	
PLIN4		0.199566	
BRMS1L		0.19948758	
TPM4		0.1992684	
ATF6B		0.1991555	
MTMR7		0.19913344	
RNASE7		0.19908711	
LIG4		0.19895695	
IFT56		0.1988556	
MAGEF1		0.19884801	
OAS2		0.19883288	
PSKH1		0.19882844	
POLR1F		0.19881983	
B3GNT2		0.19877592	
CDCA4		0.19867446	
ELMOD2		0.198649	
BRCA1		0.19862445	
BCR		0.19831888	
BEX3		0.19786404	
P4HTM		0.1978387	
HEXB		0.19771022	
ZNRF3		0.19769834	
TINF2		0.19768322	
C3		0.19742191	
SLC39A8		0.19729368	
MAP4K3		0.19719556	
ILK		0.19712293	
SERPINB8		0.19708136	
MED26		0.19698393	
GOLPH3		0.19695951	
RUSC2		0.1969394	
NFIX		0.19692604	
CTNNA3		0.19691034	
MICA		0.19665396	
NDRG3		0.19654794	
ZNF442		0.19620293	
CCR5		0.19616781	
FANCC		0.19609256	
COL4A2		0.19596127	
MAST3		0.19593512	
NFKBID		0.19589436	
MMADHC		0.19587547	
PDLIM7		0.19585809	
KIAA1328		0.19567658	
ITGA10		0.19562899	
TMED9		0.19558296	
TMED7-TICAM2		0.19556098	
TM9SF4		0.19555217	
SNORA70G		0.19530003	
GALNT10		0.1952748	
EIF5A2		0.1952708	
OTUB1		0.1952569	
POFUT1		0.19520119	
ISM1		0.19512117	
C15orf61		0.19510199	
PLB1		0.19508377	
CPLX1		0.1950252	
FAHD2A		0.19497973	
SNX22		0.19490652	
SHC3		0.19487822	
CALHM2		0.19487217	
H6PD		0.19470383	
CEP78		0.19464383	
GPR107		0.19463006	
BACE1		0.19460417	
FZD6		0.19448805	
GAPDH		0.19446608	
PCDHGA2		0.19443214	
COL12A1		0.19442411	
ZNF449		0.19433756	
PPIL3		0.19430459	
GPR108		0.19417098	
FDXACB1		0.19414225	
GAS2L1		0.19403313	
RPS15AP10		0.19393969	
RPS6KA4		0.19384801	
TMED3		0.19382194	
LIPA		0.19366354	
CLEC4F		0.19363847	
LY96		0.19348712	
CPEB4		0.19332181	
CENPK		0.1931536	
BICD2		0.1930205	
ISOC2		0.1929065	
HTT		0.1928094	
TGIF1		0.19275777	
AMZ1		0.19270968	
ADCY7		0.19262469	
CFL1		0.192546	
RMDN2		0.19254379	
CHAF1A		0.1925155	
EME1		0.19247381	
EDEM3		0.19225557	
CLCF1		0.19213705	
ESYT2		0.19213344	
TGIF2-RAB5IF		0.19210663	
PEPD		0.19192316	
TMEM138		0.191819	
TRPM7		0.19168955	
PPP2R1B		0.1916366	
BZW1		0.19162956	
SLC39A7		0.19162166	
E2F3		0.19142799	
SMG5		0.1913991	
LAMTOR2		0.19119051	
PDXDC2P		0.19115695	
FANCI		0.19110438	
DCAF4		0.19106361	
GNAT2		0.19105342	
KLF4		0.19096899	
NEU1		0.1909648	
PGRMC2		0.19086921	
C8orf58		0.19086851	
GSTCD		0.19076495	
ABCA2		0.1907418	
PARP12		0.19072388	
ASB13		0.19067617	
SEC22B		0.1906586	
NETO2		0.19061759	
CLTC		0.19060874	
ADO		0.19056046	
WDHD1		0.19046967	
SLC36A1		0.19045489	
GNA11		0.19039468	
AGPS		0.19037537	
CRTC1		0.1902815	
HRCT1		0.19007136	
TGFB1I1		0.19000456	
CEP85		0.18977726	
ATP8A2		0.18976572	
TRAF3IP2		0.18949057	
DBNDD2		0.18924655	
HPS1		0.1891076	
YWHAZ		0.18910685	
ARL6IP5		0.18902941	
IFI16		0.18901578	
PHTF2		0.18899913	
BOC		0.18898906	
PSMC4		0.18897492	
SH3BGRL3		0.18889579	
STMN3		0.18871567	
KBTBD11		0.1886991	
ZNF790		0.18833347	
NPAS3		0.18829662	
UCHL3		0.18825889	
CTNNA1		0.18817998	
TAPBP		0.18812889	
ATP6AP1		0.18811627	
CHCHD6		0.18811499	
ZNF250		0.18797307	
MVP		0.18796626	
CYSLTR2		0.18779454	
TNF		0.18778628	
ENOX2		0.18765184	
MRC2		0.18760987	
S1PR2		0.18758753	
FCF1		0.18757123	
CES3		0.18741474	
ATXN7L3		0.18739444	
APLP2		0.18719745	
STMP1		0.18718505	
SLC38A6		0.18712178	
RMDN1		0.18702768	
SQSTM1		0.18702136	
RAB3C		0.18699934	
BAG5		0.18696782	
IFIH1		0.18690483	
STAT3		0.1866869	
C7		0.18663052	
MRAP		0.18662229	
SAP30L		0.18657406	
HDHD3		0.18631129	
MYORG		0.18614998	
KEAP1		0.18608506	
PLEKHA5		0.18608133	
ZNF440		0.18606254	
KCNA4		0.18603496	
MINAR1		0.1858758	
PCDHGA1		0.18585505	
GAS7		0.18575959	
CTTN		0.18532965	
GALK1		0.18525246	
YJU2		0.18519281	
ERCC1		0.18516631	
BMPER		0.18515004	
PCDHGC4		0.18510027	
NKX3-1		0.1850964	
MTM1		0.18501745	
UBE2H		0.18496072	
ATP2B1		0.18493955	
CYB5R1		0.18481259	
KYNU		0.18477458	
ALG14		0.18467519	
IQCE		0.18463182	
FAM13C		0.18454027	
LCMT2		0.18443047	
TBC1D8		0.18431203	
ZBTB10		0.18411279	
CUL4B		0.18409021	
PACS2		0.18389696	
BAMBI		0.18387394	
PLPBP		0.18364112	
NME1		0.18360025	
HOXA1		0.18358055	
ZNF260		0.18343261	
ETHE1		0.18330279	
POLR2J4		0.18323873	
TM6SF1		0.18322058	
TECPR1		0.18316698	
PCDHGA12		0.18314733	
MLPH		0.18306866	
UFD1		0.18302289	
ABL1		0.18281688	
NUSAP1		0.18274786	
NCKAP1L		0.1826634	
HLTF		0.18265302	
AGGF1		0.18257429	
PLK3		0.18255493	
GATA3		0.18252933	
SLC11A2		0.18251958	
PALM		0.18242326	
DNALI1		0.18240622	
FCSK		0.18240494	
KIF9-AS1		0.1823359	
STMN1		0.18225808	
CASP3		0.18222955	
TAMALIN		0.18212989	
DISC1		0.18208227	
PCDHB14		0.18197188	
PAFAH1B1		0.18196505	
HHAT		0.18190132	
S100A3		0.18178509	
VILL		0.18174556	
MFSD1		0.181697	
XPOT		0.18158154	
TCP11L1		0.18157108	
PCDHGA3		0.18128021	
TMEM192		0.18118472	
FAM118A		0.18115222	
ENTPD7		0.18114707	
CYB561D1		0.18114386	
CCDC125		0.18104845	
MAGEE1		0.18104178	
LRRC42		0.18096346	
TXNDC9		0.18091005	
CD99L2		0.18083078	
SEPTIN10		0.18078518	
PCDHGB1		0.18075322	
SMOC2		0.18060334	
DENND5A		0.18048161	
SMUG1		0.18047832	
PCDH9		0.18039499	
PALS1		0.18036246	
FAM20A		0.1803538	
DNAJC21		0.18024029	
MOXD1		0.18015245	
HAUS6		0.17995758	
HEG1		0.179887	
BCAR3		0.17983267	
ADI1		0.17972733	
MTAP		0.17969899	
SNX10		0.17959817	
NFKBIB		0.17927246	
NCAPH		0.17922197	
TCOF1		0.1790414	
PCDHGC5		0.17900464	
EMX2OS		0.1789248	
HTATIP2		0.17882617	
CCDC57		0.17874609	
NABP1		0.17867386	
CRNDE		0.17866798	
RNLS		0.17860141	
DCLK2		0.17844729	
YIPF6		0.17804241	
TMEM19		0.17804168	
ALG10		0.17799841	
DBN1		0.17784272	
KLRK1		0.1777635	
CATSPER3		0.17774239	
PCDHAC2		0.17772192	
ZNF213		0.17770119	
IPO4		0.17719682	
PEDS1-UBE2V1		0.1769659	
AIMP2		0.1769642	
GALNT4		0.17677867	
U2AF2		0.17665635	
SLC36A4		0.17664656	
NFE2L2		0.17662844	
PLCXD2		0.17651278	
HSPB2		0.1764258	
RILP		0.17631547	
SPRY4		0.17630015	
SEC24A		0.17623225	
MS4A2		0.17610703	
IDE		0.17602819	
SEC13		0.17599486	
FAM50B		0.17585362	
CLIP2		0.17583053	
PRDM6		0.17580976	
GUSBP1		0.17560273	
CNTLN		0.17553397	
PCDHGA9		0.1753521	
WDR37		0.17528366	
CCDC141		0.17526433	
TXLNA		0.17517315	
LSM7		0.17506927	
SFXN5		0.17505187	
SLC2A6		0.17498997	
TIPIN		0.17490321	
HAUS7		0.1748802	
CUTC		0.17487426	
PROS1		0.17482297	
CYP1B1		0.17477736	
TNK2		0.17472477	
ARHGAP28		0.17463781	
CRISPLD2		0.17461365	
ADAMTS1		0.17445272	
KAT5		0.17441407	
SETDB2		0.17441289	
ZNF682		0.1741499	
SH3RF3		0.1741223	
ZNF710		0.17411141	
SLC23A2		0.17408654	
MSH5		0.17407404	
MCU		0.17407188	
GAA		0.17403537	
AQP11		0.17398289	
ITPR2		0.17390089	
FAM234B		0.1738028	
ATP6AP2		0.17379528	
ANGPTL6		0.17357613	
KLHDC9		0.17357522	
RUNDC1		0.17354438	
SYVN1		0.17349133	
SLC1A1		0.17342356	
AMY2A		0.17338845	
PVR		0.17333886	
KLF7		0.17330194	
INPP5K		0.17327063	
HIF1A		0.17326677	
WWOX		0.17318074	
CAPNS1		0.17316364	
COQ10B		0.17304793	
VKORC1L1		0.17302883	
SAC3D1		0.17291754	
IL6ST		0.17264515	
BRD3		0.17260149	
LAMP2		0.1721348	
SEC31A		0.17210186	
INTS7		0.17193316	
TAOK1		0.17185184	
HMGN1		0.171846	
CLDN15		0.17180404	
TUBGCP5		0.17176805	
TRIM22		0.17168745	
ARHGAP29		0.17166834	
PGAP3		0.17163715	
PRG4		0.1715974	
RNF123		0.17147449	
GARS1		0.1714412	
SLC31A1		0.17125815	
CBFB		0.17120089	
MPG		0.17115207	
UNKL		0.17110755	
SELP		0.17104612	
NIF3L1		0.17098862	
TRIM35		0.17090781	
ANAPC2		0.17089029	
TRAM1L1		0.17083678	
PLEKHH2		0.17083272	
PAX3		0.17078838	
PCDHGA11		0.17077939	
CTDP1		0.17070176	
FZD7		0.17059991	
MED15		0.17058082	
CEBPZ		0.17051826	
RTN4RL1		0.17037673	
F11R		0.17033441	
ZNF616		0.1703194	
GNG12		0.17029831	
GIPC3		0.17018193	
USP33		0.17011774	
CFAP45		0.17009006	
ARCN1		0.17006445	
LSM5		0.17005955	
NHLRC3		0.16999525	
RTEL1		0.16995937	
MED24		0.16994324	
FKBP15		0.16968161	
NAF1		0.16960841	
CHD1		0.16940697	
PCDHGB2		0.1693873	
ITSN1		0.16937785	
CA5B		0.16936535	
CAV2		0.16936173	
PTPA		0.16934454	
PLEKHM3		0.16930453	
EPM2A		0.16923033	
CMC1		0.16913062	
NAA40		0.16908209	
ZNF211		0.16906944	
AKR1C2		0.16906603	
ARHGEF11		0.16903503	
SNAPC4		0.16899547	
LRRC19		0.16896693	
TRPT1		0.16888455	
OSR2		0.16883321	
SPHK1		0.16882972	
ZFPL1		0.16878368	
TOMM40L		0.16873258	
PTPRM		0.16863346	
OMG		0.1686107	
ENO3		0.16859215	
ELP3		0.16853723	
EIF1AX		0.16851246	
ARHGEF6		0.16850929	
ZNRF2		0.16841716	
NOC3L		0.16838379	
ARPC3		0.16833445	
DYNC1H1		0.16831931	
C19orf25		0.16810656	
PEAK1		0.16809794	
SLC17A5		0.16807689	
FYN		0.16794336	
UGDH		0.16787982	
EEF2KMT		0.16761176	
EPS15		0.16760983	
SLC17A7		0.16757765	
MED7		0.16755663	
TIMP3		0.16726843	
TMEM9B		0.16724467	
SAMD12		0.16712812	
KTN1		0.16710939	
THAP8		0.16707991	
NUDT22		0.16704436	
KDM5C		0.16703995	
TMEM63B		0.16697313	
ODAD4		0.16696072	
MAPK1IP1L		0.16680779	
ZFYVE16		0.16673976	
ANXA2P2		0.1666994	
RBBP9		0.16661552	
IL10RA		0.16659854	
CSKMT		0.16655046	
KIF24		0.1664876	
RIC8A		0.16626543	
SQOR		0.16620278	
PCDHGA8		0.16606452	
PCDHGA6		0.16599856	
TGFB1		0.16594164	
PHACTR2		0.16590731	
DDB2		0.16587877	
CYB5D2		0.16587238	
LRCH2		0.16586143	
FAM200A		0.16581944	
TCF12		0.16570455	
LDAF1		0.16564183	
PPP2R5E		0.1655642	
PCDHGB4		0.1655131	
RNF220		0.16550939	
SLC25A10		0.1654469	
HAUS2		0.16536404	
NTHL1		0.16536225	
WASHC2C		0.16534163	
PDGFC		0.16512838	
TMEM17		0.16498192	
FMOD		0.16493106	
DTWD2		0.16489369	
DUS1L		0.16484082	
SCO2		0.16480613	
NFKBIE		0.16476288	
SIDT2		0.16463971	
SERPING1		0.16458228	
PLXNA4		0.1645649	
KLHL13		0.16455442	
BBS12		0.16455057	
PPP2R3A		0.16452014	
RPS6KL1		0.1644773	
EML6		0.16447231	
TMPPE		0.16445664	
NF2		0.16443999	
POMT1		0.16443163	
CCDC159		0.16442397	
RBM24		0.16425015	
SERAC1		0.16410506	
RAB40B		0.16400038	
TMEM70		0.1639926	
UBFD1		0.16397624	
MCTP1		0.16393185	
ANGPT2		0.16391326	
CD44		0.16365997	
CRK		0.1635903	
RRN3P2		0.16354752	
PIP5K1A		0.16346426	
RCC2		0.16345876	
PANX1		0.16342849	
ERAL1		0.16336094	
WDR25		0.16333824	
GSTA4		0.16332105	
LCLAT1		0.16309802	
PHF13		0.163094	
RNFT2		0.16303337	
COL10A1		0.16299915	
NR1H2		0.16298135	
CEACAM8		0.16292472	
CSTF2		0.16281608	
ARF6		0.16274564	
TFG		0.16258632	
NOL6		0.16250028	
COL1A2		0.162483	
ZNF562		0.16246337	
PPDPF		0.16243802	
APC		0.1623333	
DYNLT3		0.16223705	
BPGM		0.16204783	
GORASP2		0.16200891	
CYB561D2		0.16189176	
DBR1		0.16186848	
COMMD8		0.16157481	
DAPK1		0.16155347	
CENPH		0.16143681	
ANKFY1		0.16143191	
LDLR		0.1613262	
PCDHGB3		0.16127838	
TENT5A		0.16122024	
PRKAR2A		0.16105568	
ATP2A2		0.16103746	
NDUFA11		0.16102456	
ZNF675		0.16097501	
FGD2		0.16092926	
KLHL41		0.1605408	
CD72		0.16053474	
PLPPR2		0.16051659	
SNX17		0.16047141	
RCBTB1		0.16044599	
SGCD		0.16038413	
BANF1		0.16028802	
CALML4		0.16027868	
SNX21		0.1602437	
ZNF747		0.16019472	
TPK1		0.16015078	
SNX16		0.16013142	
WDR18		0.16007656	
SETD7		0.16003366	
EFS		0.16001323	
ZNF530		0.15996903	
VKORC1		0.15987511	
BCAS2		0.15987168	
PMM2		0.15978962	
USP9X		0.15974177	
KPNA3		0.15956827	
GNL1		0.15952875	
PLXDC1		0.15949365	
MUSK		0.15946503	
FNTB		0.15943436	
RFFL		0.15942156	
KIF13B		0.15941954	
AKR1B1		0.1592404	
CNOT6		0.15922765	
UBXN2A		0.15914972	
PFAS		0.15911628	
FUCA2		0.15910062	
ANKRD50		0.15909757	
ZNF704		0.15907425	
MRPL42		0.1589522	
EBF3		0.15893385	
CYP26B1		0.15871623	
COLGALT1		0.1585672	
HM13		0.15853949	
DUSP23		0.15851209	
RNF135		0.15843588	
ELL3		0.15832613	
CCNB3		0.15832219	
AZIN2		0.15823977	
CES2		0.15822561	
ZWILCH		0.15804066	
EVI5		0.15802142	
APOBEC2		0.15795861	
ZNF284		0.15795632	
ZNF846		0.15791282	
ZBTB20		0.15780495	
UBL4A		0.15771517	
SCFD1		0.15770899	
P4HA2		0.15766682	
PAPLN		0.15747969	
EIF4G1		0.1574629	
TP53INP2		0.15744048	
PTBP1		0.1573694	
ERMAP		0.15734011	
ADGRL1		0.15728015	
CDC27		0.15698269	
RPUSD2		0.15697986	
SORT1		0.15696205	
UBA6		0.15692951	
PCDHGA5		0.15685765	
LIMA1		0.15684964	
GGH		0.15684736	
SCYL2		0.15680213	
RELL1		0.15669747	
PCDHGB6		0.15664737	
CD109		0.15662783	
C1RL		0.15661006	
CHMP7		0.15644719	
PRCP		0.15639353	
TRAPPC5		0.15630116	
USP36		0.15630074	
GNPTAB		0.15609443	
DUSP10		0.15599863	
FIZ1		0.1559668	
HTATSF1		0.1557436	
ADAMTS13		0.15571164	
SH3D19		0.15570022	
NIPA2		0.15568486	
MCFD2		0.15560836	
FBXL15		0.15550098	
MYO18A		0.15542246	
SAMD3		0.15539224	
HAAO		0.15531845	
SLC9B2		0.15523441	
GNAI2		0.15519303	
NOP2		0.15517277	
PPL		0.15511926	
TCF3		0.15495138	
GAR1		0.15477324	
APBB1IP		0.15459988	
FGD1		0.15441945	
SOD2		0.15440989	
TRIM36		0.15432647	
ZNF461		0.15409763	
PSMB5		0.15406577	
VAPA		0.15402105	
SQLE		0.15382536	
LRFN5		0.15375745	
ACAD9		0.15364361	
DNASE1L3		0.15340929	
AP1M1		0.15340312	
ARSK		0.15336743	
ZSCAN22		0.15330003	
ATP6V1C2		0.15322499	
RTKN		0.15321971	
GTF2F2		0.15317333	
TRIM3		0.15306684	
RABEPK		0.1530026	
DCAF15		0.15299094	
MLXIP		0.1528815	
ZDHHC20		0.1528782	
IFT27		0.15284139	
SLC29A4		0.15282705	
DCHS1		0.1528252	
PPIL1		0.15282515	
PYCARD		0.15280183	
NAP1L3		0.15268742	
ZSWIM6		0.15262695	
SEC61B		0.15243441	
C1QTNF6		0.15242688	
FCGR2A		0.1524266	
ZFP91-CNTF		0.15239596	
MIDN		0.15230927	
COL4A1		0.15217929	
IFT140		0.15214953	
PARP4		0.15211007	
PID1		0.15210928	
CD33		0.15203464	
C18orf21		0.15202443	
PELO		0.15172085	
MORN2		0.15155794	
SLC44A3		0.15155318	
YWHAQ		0.15140593	
MARCHF5		0.15140179	
AR		0.15138581	
H2AC20		0.15127683	
TRIM5		0.15119848	
TSKU		0.15107782	
USP24		0.15098229	
CRY2		0.15091026	
DSTN		0.1508333	
APH1A		0.15075515	
SLC49A4		0.15074635	
POGLUT3		0.15064403	
UAP1L1		0.15062141	
GMPPB		0.1504382	
MTMR12		0.15043625	
MPND		0.15036854	
ZNF322		0.1502493	
ZNF404		0.15023941	
EFHC1		0.15023358	
CSNK1G2		0.15023345	
PSMD14		0.15016107	
GET3		0.15004943	
PCDHB13		0.1499632	
ASAP2		0.14992256	
C8orf33		0.14976521	
MEF2D		0.14972034	
ZMIZ2		0.14948845	
FAM131A		0.14929701	
KIT		0.14914875	
ATRX		0.14900586	
PIK3AP1		0.14897485	
GOLT1B		0.14884223	
GATAD2A		0.14878374	
ARL2		0.14872026	
CENPQ		0.14856377	
TENM1		0.14854847	
BID		0.14846346	
SNX9		0.14841014	
GSS		0.148138	
MAP3K14		0.14790146	
PIK3CG		0.14785717	
SMG6		0.14781663	
BLOC1S2		0.1477785	
FERMT1		0.14773296	
DIXDC1		0.14772849	
EHHADH		0.14763594	
RBM43		0.14761923	
PCDHGB5		0.14759797	
ALAD		0.14751373	
CD151		0.14747068	
C12orf43		0.1474434	
RBSN		0.14738968	
ZNF426		0.14737767	
PIGG		0.14731972	
SLC25A45		0.14722915	
MYO5C		0.14715159	
PPP3CC		0.14706981	
CNKSR3		0.14704902	
MIR145		0.14701472	
CACNA1A		0.14700225	
CCSER2		0.14674926	
MFSD5		0.14661387	
POMZP3		0.1465502	
TWSG1		0.14647472	
DENND1A		0.14632306	
CDK8		0.1462267	
SNORD64		0.14611557	
MARCKS		0.14609377	
PICALM		0.14606148	
GPER1		0.14594382	
NLRP3		0.1458914	
MACF1		0.14584865	
ENO1		0.14576484	
ARFGAP1		0.1457449	
ZBTB41		0.14572422	
SGMS1		0.14568104	
F3		0.1456733	
ANKRD26		0.14567243	
DNAJC10		0.14565483	
DEF8		0.14544438	
CKAP4		0.14537953	
PPP1R2		0.14535826	
GLRX		0.14528577	
CMTR2		0.14528349	
PLEKHB2		0.14520475	
SWAP70		0.14487755	
CDKN2B		0.14483394	
MAML2		0.1447018	
ZSCAN18		0.14459378	
TRIM26		0.14450593	
HSPA14		0.14443609	
OAT		0.14438763	
PCDHGA4		0.14438497	
CCDC90B		0.14437892	
TVP23B		0.1443644	
SNAPC1		0.14430614	
WDR5B		0.14412023	
TMEM104		0.14402276	
ADAT1		0.14401044	
FLVCR1		0.1438452	
UBE2G1		0.14375569	
KMT5A		0.1437224	
PTPRB		0.14363958	
ATP5MC1		0.14353071	
OBSL1		0.14352244	
FOXO1		0.14347063	
THSD7A		0.14344409	
MAPKAP1		0.14333183	
SCARA5		0.14329547	
TMX1		0.14325021	
DRG2		0.14307387	
ATF6		0.1429173	
NLGN1		0.14279765	
STIM1		0.14271964	
BBS1		0.14270672	
DCTPP1		0.14267114	
SLC12A4		0.14259908	
ASB14		0.1425328	
A2M		0.14250371	
UBL7		0.1424876	
TLN1		0.14246781	
LYRM2		0.14246468	
SPECC1L		0.14243779	
CAVIN1		0.14240904	
KDELR1		0.14234799	
CHAMP1		0.1423258	
SYNJ2BP		0.14223367	
CALM3		0.14210811	
VANGL2		0.14200242	
TIAM2		0.14197977	
FBXL2		0.14188823	
PLEKHM2		0.14186904	
CAMLG		0.14185154	
NRP1		0.14178497	
HYAL2		0.14171588	
LYSMD3		0.14169858	
TM2D3		0.14162412	
SPPL2B		0.14161904	
LRP6		0.14159045	
CIDECP1		0.14153606	
TLE3		0.14151002	
USF2		0.14147614	
SYS1-DBNDD2		0.14140931	
CASKIN1		0.14132372	
HERPUD1		0.1412752	
DNAAF10		0.14123861	
E2F4		0.1410536	
GLT8D1		0.1410243	
C16orf87		0.14093491	
DCP1A		0.14072439	
MAP3K2		0.14062467	
LTBR		0.14062096	
PDPK1		0.14061491	
NFIC		0.1405565	
ARHGAP1		0.14052072	
TSNAX-DISC1		0.14044133	
VMA12		0.14042644	
GBF1		0.14038682	
ERLIN1		0.14038406	
DSE		0.14023492	
ZNF676		0.14018387	
FBXW11		0.14008701	
BRD9		0.14000726	
DPAGT1		0.13996102	
AXIN2		0.13968557	
HDGF		0.13968404	
ARID3A		0.13966589	
NUP188		0.13962314	
KCNMA1		0.1395817	
VPS37A		0.13956645	
CD52		0.13952938	
PDSS2		0.13949308	
ZDHHC3		0.13948125	
ERI1		0.1394762	
TRIM16L		0.13947505	
FLAD1		0.13925578	
PRDX4		0.13919897	
DPH3		0.13915715	
ARL13B		0.13908315	
SGK2		0.13894938	
LMNA		0.13888747	
UGCG		0.13886541	
ZNF133		0.13884333	
MAP1LC3A		0.13878539	
PGP		0.13862343	
CABYR		0.13855182	
PIGN		0.13853621	
MTCH2		0.13843535	
NDST2		0.13843527	
PSMG3-AS1		0.1384083	
COG1		0.13835345	
CENPN		0.13832131	
PLEC		0.13829243	
STX2		0.13828416	
ZNF565		0.13817409	
AP1S3		0.1381522	
FAM174A		0.13813691	
YEATS4		0.13809809	
CABIN1		0.13809451	
FXYD1		0.1380864	
SAMD9		0.1380811	
MYOCD		0.13803813	
CTSO		0.13792221	
SYNGR2		0.13772021	
NAALADL2		0.13770108	
APOBEC3D		0.13769582	
DERL1		0.137683	
PCDHGA10		0.13758518	
KIF3B		0.13751812	
MFAP3		0.13743688	
PDXDC1		0.13737005	
C1orf159		0.13732776	
ZNF876P		0.13728012	
SLC6A9		0.13725029	
RAB20		0.13713221	
WASHC3		0.13713178	
TGFBR3		0.1371209	
PSMD3		0.13711587	
ZFAND3		0.13705869	
DYNLRB1		0.13703111	
EPN1		0.13702992	
WSB2		0.13700779	
HIPK1		0.13692167	
NPLOC4		0.13691823	
APOBEC3G		0.13690881	
C6orf89		0.13688059	
ZNF33B		0.13681589	
NT5DC2		0.13676922	
RASGEF1B		0.13672924	
SMARCAD1		0.1366894	
RIPK2		0.13659593	
MAP2K3		0.13656314	
TGFBR2		0.13648076	
PCDHA12		0.13640082	
MON1A		0.13638379	
SLC2A10		0.13633204	
TRAK1		0.13630103	
CREB3		0.13629232	
RNF6		0.13628937	
PPP2R1A		0.13623191	
CCDC6		0.1360025	
ZNF829		0.13593778	
GORAB		0.13587847	
PHYHIPL		0.13587213	
MTSS2		0.13584952	
KLRA1P		0.13576986	
TOR1B		0.13573417	
SMAP1		0.13563885	
UBC		0.13560347	
GALC		0.13555342	
CABP4		0.13553587	
SELENOM		0.13547857	
PPFIA1		0.13530171	
ZNF814		0.1352067	
SCARNA10		0.13513888	
ZNF283		0.13513727	
GPR155		0.1349797	
CENPBD1P		0.13497344	
TFDP2		0.13480958	
SCAMP4		0.1347366	
RHOA		0.13465725	
ZNF443		0.13460462	
LMO7		0.13454579	
CITED4		0.13446677	
UEVLD		0.13441065	
TAF1B		0.1343944	
AP3D1		0.13437082	
GLIPR1		0.13422745	
UBALD1		0.13412002	
CROCC		0.13405038	
NUTF2		0.13398802	
PLPP6		0.13395987	
ADAMTS5		0.13384621	
HYKK		0.13380694	
FYCO1		0.1337263	
TGFB3		0.13367128	
SEPTIN1		0.13359998	
DMAP1		0.13358463	
LARP7		0.13357155	
MPP3		0.1335542	
MAGED2		0.1334526	
TRIP10		0.13340545	
KAZALD1		0.13334496	
TXNDC5		0.1333449	
PLOD3		0.13334055	
RECQL		0.13327023	
GJB7		0.13317463	
PCDHGA7		0.13308975	
AFAP1L2		0.13303152	
TMC5		0.13300993	
FLOT1		0.13297856	
RAB4B		0.13294654	
TUBB4B		0.13286464	
LGALS1		0.13282487	
GNB2		0.13275746	
ZNF665		0.13263236	
DSC2		0.13259172	
MIR155HG		0.13256577	
HYLS1		0.13251914	
ASCC3		0.1325036	
UBA1		0.13239019	
NBPF1		0.13237074	
DLG3		0.13227923	
SPAG1		0.13227752	
DBNL		0.13225545	
MAN1C1		0.13212791	
RNASEL		0.13205723	
ZNF77		0.1318987	
TBL2		0.13185686	
APBB2		0.1317922	
RAB1B		0.1317559	
SCUBE3		0.13173336	
BRIX1		0.1316957	
PSMB1		0.13160549	
NR4A2		0.13158634	
CTTNBP2NL		0.13145614	
RAB11FIP2		0.13125595	
AIF1		0.13123289	
MZT1		0.1312046	
DNAJC30		0.13114204	
LNPEP		0.13107762	
MRFAP1L1		0.1310317	
EIF5B		0.13102135	
ZCRB1		0.13094062	
LHPP		0.1308956	
TGOLN2		0.13087052	
PLAT		0.13084035	
ZNF761		0.13079959	
NPIPB3		0.13079366	
ENC1		0.13075693	
TOE1		0.13054234	
DYNLL2		0.13048846	
BLVRB		0.13048713	
SERPINA3		0.13043854	
ERP27		0.1304008	
CSTB		0.13037539	
CACNA2D2		0.13035454	
ATP6V1F		0.13015631	
ARHGAP18		0.13014412	
NR1D1		0.12997738	
CD46		0.12995847	
ZBTB7A		0.12988079	
MRPL28		0.12982072	
CFAP36		0.12975045	
AGA		0.129703	
TBK1		0.12966713	
TMCO4		0.12961726	
ZNF317		0.12949197	
POLE2		0.12946193	
TTC28		0.12944834	
PCDHA1		0.12941666	
SPAG5		0.12940316	
GBP4		0.12934275	
NAT14		0.12933293	
NAA60		0.12933238	
ZNF800		0.12932904	
TNPO2		0.12924208	
MYL12A		0.12917121	
SETD4		0.12907456	
TXNDC15		0.12904482	
UROS		0.12902947	
FXN		0.12893483	
SIRT2		0.12890755	
TFE3		0.12874983	
TMEM43		0.12871338	
SORBS1		0.1286571	
RCC1		0.128654	
ADAMTS6		0.12863256	
IRF3		0.1284921	
ZNF439		0.12848604	
CKAP5		0.12840326	
LIN7B		0.12827097	
ABHD2		0.12812455	
PPRC1		0.1281192	
PCGF1		0.12810455	
PWWP3B		0.12806614	
PCDHA8		0.12793787	
CEP131		0.12793687	
PDE12		0.12792557	
CSNK1E		0.12792194	
SFMBT2		0.12790735	
TRMT61B		0.12787323	
FNIP1		0.12784564	
HEPH		0.12780161	
MDM2		0.12778078	
CAV1		0.12776451	
MAPK9		0.12767664	
NR2F6		0.12761274	
P3H1		0.12760758	
PABIR3		0.12757875	
S1PR3		0.12753896	
KLC1		0.1275196	
CLEC11A		0.12749028	
ZNF264		0.1274714	
OAS3		0.12738271	
UBE2K		0.12730308	
PCYOX1		0.12714802	
MYL12B		0.12703478	
RAB35		0.12700784	
CD36		0.12695424	
TRAF3IP1		0.12694201	
TMEM160		0.12688684	
HEBP1		0.1268301	
RIPK1		0.12680458	
NUCB1		0.12680252	
SBDS		0.12675557	
TRPV2		0.12670457	
EVC2		0.12667368	
STXBP3		0.12649915	
WDR41		0.12648264	
SYNJ1		0.12641571	
DNAJB4		0.12638679	
ABCC5		0.12636419	
TOB2		0.12633853	
NEMF		0.12626854	
URB1		0.12621146	
SYK		0.12615925	
USP22		0.1260867	
C11orf71		0.12606749	
HSF4		0.12602511	
EMILIN1		0.1259716	
NAB2		0.12587343	
NCAPD2		0.1258601	
IFFO1		0.12581086	
CFAP97		0.12579347	
OSBPL7		0.12577076	
EFR3A		0.12576915	
ZFAND2B		0.12571757	
VPS33B		0.12568831	
CANT1		0.12560903	
NAV2		0.12559232	
IRF8		0.12558734	
GARNL3		0.12551177	
TTC7A		0.12539113	
TBCB		0.12537356	
ZSWIM1		0.12536344	
SULT1C2		0.12530349	
CMIP		0.12530094	
THAP1		0.12528877	
ITGB1		0.12526108	
SPRYD3		0.12523974	
TMCO3		0.12513122	
PCDHA4		0.12503038	
DDX5		0.12495777	
CANX		0.12493545	
WDR70		0.12489679	
PCDHA2		0.12488451	
MAP4K4		0.12488001	
MORC2		0.12475748	
TRAPPC2B		0.124749325	
SMAD6		0.124747895	
ULK3		0.12473702	
PROK1		0.12473485	
GPR132		0.1247098	
SAP130		0.12466759	
APEH		0.12459179	
PCDHA5		0.124538	
ZFX		0.124515615	
ALAS2		0.12447688	
ANGEL1		0.12442976	
UNC5CL		0.12438967	
TP53I3		0.12437793	
CIZ1		0.12432674	
PRKCI		0.124250986	
HDX		0.12412615	
SYNGAP1		0.12393859	
TTC13		0.12386648	
PCDHA6		0.123786196	
TUBGCP4		0.12365723	
CEMIP2		0.12357171	
PCNX2		0.12356748	
TCEANC		0.12356401	
C12orf57		0.123510495	
PSME4		0.123499185	
ELOVL7		0.12342594	
MAGOH		0.123383544	
OLFML1		0.12335796	
PCDHA7		0.12331022	
GTF2I		0.12326991	
MON1B		0.123248376	
TLE5		0.12322289	
RBPJ		0.123185314	
PXYLP1		0.12316907	
TOPORS		0.12312738	
SIGIRR		0.12312128	
CORO7		0.123056784	
PYGO1		0.12298697	
CFI		0.12293097	
CSNK1G3		0.12287792	
PDGFRB		0.12280102	
STX5		0.122800544	
JKAMP		0.12272741	
BTBD3		0.12261656	
TEX2		0.1226148	
GRWD1		0.12249849	
INTS2		0.12234139	
TDP1		0.12232826	
ZC3H12C		0.122311935	
USP54		0.12213721	
STK36		0.122124724	
PPP1R13L		0.12209158	
PCDHA13		0.122029155	
ACOX1		0.12202055	
ZNF578		0.12201025	
KLF11		0.12191578	
KATNIP		0.12186657	
VAV2		0.121851385	
SAMD4B		0.121765755	
PSD3		0.121610604	
TIGD6		0.12148657	
PCDHA11		0.12141933	
WDR26		0.12129574	
TBC1D24		0.12128996	
C3orf38		0.121208586	
ZNF85		0.121189326	
ST8SIA1		0.121173516	
CHEK1		0.12115345	
POMT2		0.121071845	
CYBRD1		0.12103692	
IBTK		0.12095277	
SEPTIN9		0.12093384	
CLASRP		0.12092134	
YWHAG		0.12084483	
PPP1CA		0.12081688	
UNC13B		0.12080872	
MRPS6		0.12080475	
MPC2		0.120791204	
BDP1		0.120664	
DENND1B		0.120386496	
STX6		0.120344386	
KCNJ9		0.12017776	
IMPG2		0.12015978	
RAB3IL1		0.12011984	
WASL		0.11997935	
RASA3		0.11997751	
AKAP7		0.119809456	
ALG11		0.11980594	
SRGAP1		0.11974779	
MARK4		0.119736925	
ZMYM1		0.119705044	
KCNAB1		0.11967377	
ZNF567		0.11965908	
SLC26A2		0.11964092	
DNAJC6		0.11963912	
ATF7IP		0.11963599	
SEPTIN11		0.119590275	
ZNF184		0.11953709	
UBQLNL		0.11941244	
TTL		0.11940467	
TMA7		0.11921257	
TMEM8B		0.11919506	
EEF1AKMT3		0.11916267	
IGFBP4		0.11911695	
GRIN3A		0.11911265	
PDIA3P1		0.119028434	
ZNF621		0.11889879	
RAB7A		0.11879179	
CDK2AP1		0.11872078	
RUSC1		0.118589096	
ZNF83		0.11858806	
ALKBH2		0.118523195	
PUS1		0.118376486	
SELENON		0.11837118	
NPR2		0.11833843	
ARMCX3		0.118329436	
NUBP1		0.1183238	
LHX4		0.11829271	
SLC30A7		0.118081026	
TRAF4		0.1180698	
NAGA		0.117839426	
PLS3		0.117808565	
TMEM121B		0.11777248	
CLN5		0.11771601	
DDX21		0.11768226	
ZNF853		0.117552325	
PSMD1		0.117534176	
POLR2A		0.11745165	
CSRNP2		0.11744144	
CCDC122		0.11741995	
SLITRK4		0.117368065	
DIRC3		0.11729397	
PPCS		0.11728169	
DTD1		0.11725088	
RCN1		0.1172106	
ZNF106		0.11719938	
SDHAF1		0.11717237	
PYROXD2		0.11708824	
HDAC2		0.11704643	
KIFBP		0.116995394	
ZSWIM7		0.11694111	
PCDHB19P		0.116938196	
CBLN3		0.11689046	
TNFSF13B		0.11686523	
RAB6A		0.11664503	
AKAP5		0.11663185	
RAD9B		0.11661288	
TEX14		0.11657788	
ALKBH8		0.11653635	
CCL14		0.1165308	
RNPEP		0.11649944	
KIAA1671		0.11648038	
RFXANK		0.11636717	
ARHGEF5		0.11634197	
DCTN1		0.1162387	
JMJD8		0.11623837	
TSPAN7		0.11622919	
BDH2		0.116155274	
SERF2		0.11607809	
SH3BGRL		0.11586286	
DHX8		0.115733914	
PIGS		0.115700796	
SENP5		0.115672424	
TAPBPL		0.11562368	
TAF6		0.11554567	
FKTN		0.11550732	
PRDM16		0.11535078	
TMEM30B		0.115350515	
H1-0		0.11534518	
RASSF3		0.11533995	
TMEM198		0.115306154	
PON2		0.11526645	
TPCN1		0.11522313	
IPO8		0.11509099	
ADAMTS12		0.11508051	
TSEN54		0.114878185	
TRIM32		0.114816025	
A4GALT		0.11468885	
ZNF347		0.11465587	
ANKIB1		0.114610426	
ZMIZ1		0.114574574	
BIN3		0.1143089	
DENND11		0.114250585	
ALG1		0.11424591	
ANK3		0.114180185	
PLEKHF1		0.1139557	
LAMA4		0.11381787	
PIK3R1		0.11378203	
GUK1		0.11376586	
PARVA		0.11374446	
DNAL1		0.11363878	
GALNT7		0.11360816	
HIC1		0.11359446	
DCP1B		0.11346386	
DSTYK		0.113425404	
POLE3		0.11342421	
LACTB		0.11340912	
ANP32E		0.113366775	
NCAPD3		0.11335935	
JUND		0.11333345	
TNNI3K		0.11324125	
HGS		0.113173634	
CCP110		0.11315777	
SMAD3		0.113140725	
SOX9		0.11310993	
SURF4		0.112918265	
SMCR5		0.112903215	
ARHGEF25		0.112867124	
URGCP		0.11283516	
ITGA7		0.11280264	
PNKD		0.11271002	
SNHG10		0.112708054	
TMEM185A		0.11268665	
DUSP7		0.11268415	
PIBF1		0.11267354	
LAMP1		0.11262203	
MSRB2		0.11258612	
PRPF19		0.11256754	
ZNF624		0.11250106	
SEPSECS		0.11247402	
RFESD		0.11246549	
EID3		0.11242687	
FPGT-TNNI3K		0.11233624	
TPM3		0.112233885	
SIGMAR1		0.1120133	
CDC42BPB		0.11191503	
PSMB2		0.111819595	
VWA5A		0.11179552	
CEP164		0.1117678	
H2BC4		0.111665696	
MBNL3		0.11156978	
PCDHA3		0.11146543	
CEP104		0.11136864	
MBLAC1		0.11117154	
STAM		0.11110068	
IGFBP7		0.111076646	
NSMCE3		0.11104681	
EBP		0.111021705	
PABIR1		0.11099903	
ALG8		0.11098714	
RNF8		0.110881545	
MIER1		0.110872574	
BLOC1S5-TXNDC5		0.11086049	
EFCAB2		0.1107615	
PCBP4		0.11072274	
DNASE1L1		0.11069775	
OAF		0.11068382	
TBC1D8B		0.11066119	
ABHD13		0.110653155	
NLRX1		0.11064893	
SNRPA1		0.11063589	
CCT6B		0.11062627	
TMEM181		0.110595964	
ARHGAP4		0.11051902	
ARNT2		0.110505134	
KNTC1		0.11047497	
DDOST		0.110356376	
LSM4		0.11034902	
TSR1		0.11031551	
OAZ3		0.11030416	
ATN1		0.11022438	
GEMIN5		0.110130906	
ZFAT-AS1		0.110009484	
ABHD12B		0.11000613	
LRPAP1		0.10977717	
DOK4		0.10969764	
LXN		0.10963257	
ABLIM1		0.10957401	
HOXC6		0.109561324	
PXDN		0.109558105	
SOBP		0.1093994	
FAM234A		0.109390736	
CISD3		0.10931806	
ACSL3		0.109248355	
FOXD2-AS1		0.10919736	
PTGDR2		0.10905227	
ABCA6		0.10900827	
LRP5L		0.108968325	
MEIS2		0.10888018	
HDLBP		0.10885886	
CCDC17		0.10882813	
PUS7		0.10877694	
ZNF142		0.10869878	
B3GAT2		0.10862563	
CPD		0.10861316	
NENF		0.108603895	
ZNF669		0.10858798	
PLOD1		0.10850413	
KATNAL1		0.10845599	
TXNL1		0.10842812	
ZXDA		0.10834825	
FAF2		0.10828174	
AK9		0.10828026	
TXN		0.10826911	
GLMN		0.10819328	
CYFIP1		0.108175844	
TAFA2		0.10813857	
ITSN2		0.10807232	
ZFP36		0.10806018	
NR4A3		0.10803391	
ZNF598		0.107951716	
GOLGB1		0.10787507	
HMGN2		0.10781881	
TENT2		0.10755997	
RNF26		0.10749387	
IL1RN		0.107476465	
SMYD5		0.10747644	
MYL6B		0.10736974	
NACC1		0.10735189	
ZNF189		0.10721226	
P2RY12		0.107181184	
MPDU1		0.10702744	
DMXL1		0.1069796	
CARS1		0.10694354	
EIF2AK4		0.106918834	
AGTRAP		0.10684619	
ALG3		0.10681303	
CXCR6		0.106689334	
RACGAP1		0.106665604	
PSME3		0.10662365	
REXO2		0.106588714	
ITM2B		0.10645595	
PCDHA10		0.10634865	
BCL7A		0.10630888	
GDA		0.1062784	
PKP1		0.106260255	
TSC2		0.10612299	
PTGR2		0.10610002	
HABP4		0.10603588	
INO80B		0.106031805	
GRIP1		0.10599024	
PWP1		0.10596072	
POLH		0.10593928	
IGSF22		0.10593082	
COQ8B		0.10588762	
ZKSCAN2		0.10566424	
TRPS1		0.105657555	
MARCHF1		0.10562415	
ZNF208		0.10559652	
TICAM1		0.105552435	
ZNF845		0.10553812	
EP400P1		0.10538752	
HYAL1		0.10516754	
PITPNB		0.10505753	
CUEDC2		0.10497394	
NAA50		0.10495645	
EDEM2		0.104927175	
ZNF367		0.10478619	
QRICH1		0.104753226	
AHCYL1		0.10471154	
LRP5		0.10467102	
UBAC2		0.10465581	
VGLL4		0.1046424	
PTTG1IP		0.10447271	
ZNF599		0.10441126	
OVCA2		0.10439053	
SHPK		0.10438687	
PHF19		0.104358196	
NUDT19		0.10434085	
SEC24C		0.10432961	
TPMT		0.1042766	
IFI35		0.10418261	
DEK		0.104015544	
ZHX3		0.10401393	
ZFP2		0.1039777	
GALNT18		0.103918195	
CARM1		0.10387089	
PIGW		0.1038199	
EXOC3		0.10371587	
DNMT1		0.10367922	
ZNF639		0.10366212	
NLGN2		0.103657626	
GNPNAT1		0.10363448	
C1orf52		0.103601605	
DTX3		0.103572704	
WHAMM		0.1035074	
BEST1		0.1035037	
PDGFRA		0.1035005	
FTO		0.103493474	
ARFIP1		0.103433475	
PGM5		0.10339694	
BRF1		0.103323266	
SERPINH1		0.10331092	
AP1G1		0.103276506	
YIPF2		0.103262156	
FNBP1		0.10323592	
DPP8		0.103180446	
HOXC8		0.10316741	
RALBP1		0.10301441	
TTC23		0.10300624	
TTC39A		0.10300256	
TRIB3		0.10289785	
ASIC1		0.10283184	
GRAMD1A		0.102742426	
DPH1		0.10269506	
WASHC5		0.10268505	
LCMT1		0.10260237	
C11orf52		0.10258837	
FIG4		0.102542646	
COL17A1		0.102513954	
ZNHIT6		0.102480605	
CA11		0.10221738	
BRI3BP		0.1021726	
MSS51		0.10196857	
NCKAP1		0.10196294	
SUMF1		0.10188646	
NMT1		0.10185426	
KLHL18		0.101847224	
MIR3655		0.101783715	
WTIP		0.101757124	
NCALD		0.10174311	
RAB34		0.10166548	
TAF15		0.101502396	
CNTF		0.10148729	
TBC1D14		0.101333864	
ERLEC1		0.10127967	
HMGA1		0.1012732	
STXBP5		0.101145454	
ZDHHC8		0.1011395	
NFATC1		0.10110542	
FBXO15		0.10110173	
ZNF568		0.10107726	
RGS12		0.10106572	
C2CD2		0.100996226	
BMI1		0.10088535	
ARPC1B		0.100819886	
MMP3		0.10080134	
DNM1L		0.10078277	
TNFSF8		0.10077124	
UGGT2		0.10075392	
TMEM87A		0.10073284	
SLC30A6		0.1006976	
PIK3C2A		0.10065167	
MRPL19		0.100626424	
ZNF112		0.10059756	
ZNF268		0.10054564	
GGCX		0.10042846	
ATP8B2		0.10040248	
KCTD4		0.100376874	
ZFP82		0.1002908	
NELFB		0.100208454	
CRPPA		0.10002831	
NRBP1		0.10000434	
ATOH8		0.0999681	
PPP1CB		0.09996017	
FAT4		0.09994343	
WASF3		0.09986059	
STARD3		0.099790476	
ABCB1		0.09971828	
NOTCH1		0.09967619	
INVS		0.09954094	
ULK2		0.099506445	
GRAMD2B		0.099497765	
ICA1		0.09949539	
RRP9		0.099429384	
FGFR1		0.09935954	
FARP2		0.099329956	
TRO		0.099306285	
IRAK1BP1		0.099183895	
MPP1		0.09915245	
RNASE6		0.09914713	
NUDT1		0.09913177	
SMARCD1		0.099057935	
TSR2		0.09899487	
WDR35		0.098914444	
DDX3X		0.09885606	
TMEM53		0.09884053	
N4BP1		0.09883111	
KHK		0.09880652	
SERPINB9P1		0.09879444	
KIF1C		0.09872187	
PDP1		0.09870568	
OPN3		0.09867023	
DNAJC13		0.09863194	
RAET1E		0.098575436	
SLAIN2		0.09851868	
CTDNEP1		0.09851502	
RGP1		0.09842693	
PMP22		0.09838802	
CACNA2D4		0.09827065	
VPS28		0.09821725	
DNAJC15		0.09817134	
ZNF281		0.098163374	
DNAI3		0.098154455	
IFT25		0.09815353	
TTC7B		0.09811972	
CXXC5		0.09807226	
BIRC2		0.098035395	
PTPN9		0.09801561	
FAM180A		0.09800601	
ZMYM3		0.097957864	
RSRC2		0.097887486	
NBEAL1		0.097882934	
KLHL15		0.09785785	
MAP3K12		0.097854	
ARF1		0.09785281	
JAM2		0.097827055	
CD86		0.09772788	
ACP2		0.09770552	
TMEM141		0.09767452	
FANCB		0.09766233	
GPS1		0.09763713	
PLSCR1		0.09761522	
ALG12		0.09745244	
ORMDL2		0.097428374	
ZBED3		0.09733007	
LMO4		0.09732696	
ATG12		0.09707692	
WDR7		0.09701441	
PRSS54		0.09700632	
RBM12B		0.09700181	
FBXL3		0.09698378	
SERPINA5		0.09695298	
REV3L		0.096901424	
BCO2		0.0968879	
NME9		0.096863516	
BCL9L		0.09680771	
DOCK11		0.09670757	
EIF2S2		0.096704625	
ARL8A		0.09668529	
RARG		0.096657604	
MAPKAPK2		0.096623115	
DZIP3		0.096537806	
NUP62		0.09643343	
RALY		0.096390225	
PTAR1		0.09637265	
VCF1		0.09636472	
URB2		0.09635658	
KIF1B		0.09632329	
CNEP1R1		0.09625542	
METTL15		0.0962528	
TMEM11		0.096244365	
NR2F2		0.096185446	
SLC35A1		0.096081786	
HEATR3		0.096014716	
LCTL		0.09600177	
ORAI3		0.09598674	
SRCAP		0.09594699	
LARP1B		0.0957877	
ATP5MF		0.095771834	
C9orf43		0.09575374	
NFIB		0.09563806	
PRKD1		0.095539115	
ALDH5A1		0.09541058	
ASB6		0.09540807	
SH3GL1		0.095339574	
JPX		0.09533069	
CACNB3		0.09530427	
CCDC30		0.09522132	
THBS3		0.09519337	
BCL7B		0.0951813	
ATP6V0E2		0.095163666	
RABEP2		0.09514333	
USP42		0.09509369	
XBP1		0.09500496	
SLC9A6		0.09499394	
MMEL1		0.09494021	
PARS2		0.09491404	
EXOC7		0.09491065	
PALM2AKAP2		0.09485779	
SCFD2		0.09477712	
TM9SF2		0.09475952	
PPP2R5C		0.09472612	
DMPK		0.09471947	
SLC31A2		0.094642684	
SCAP		0.09453701	
ARV1		0.09450832	
ZNF776		0.09444159	
HGSNAT		0.09437453	
PREPL		0.094319224	
DAD1		0.09430319	
ARF3		0.09425864	
MIR3652		0.094233155	
WIPF2		0.09422312	
COPB1		0.0942217	
ACAA1		0.09419236	
NEGR1		0.09415178	
AMER1		0.094137885	
LMCD1		0.09411665	
MIR555		0.09407655	
ZBTB2		0.093984	
TOMM40		0.093832076	
NKAIN2		0.093764454	
CLMP		0.09372932	
BCKDK		0.093623854	
SNX14		0.09354166	
IQCC		0.0935396	
BLOC1S3		0.09339897	
GSTK1		0.093293115	
TDG		0.09310098	
USP18		0.093049735	
SH3GLB1		0.09299092	
ALAS1		0.09287794	
IRX2		0.09286081	
ABCC10		0.09277047	
RHBDF1		0.09269843	
LDOC1		0.09264091	
DNAJC18		0.09255307	
SSTR2		0.09246712	
ZNF304		0.09242493	
SLC30A9		0.09236341	
HACL1		0.0922851	
CDC42EP4		0.09228004	
VAT1		0.09226182	
GALNT2		0.09225066	
ZBTB43		0.09213178	
TMEM231		0.09210022	
TOR1AIP2		0.09209702	
ATG13		0.092085205	
GALNT5		0.09200177	
DVL3		0.09191176	
PTPN12		0.09168715	
TMCC1		0.091673255	
MED21		0.09163216	
TNNC2		0.09146225	
SAMD9L		0.09141977	
LAP3		0.09141161	
TERF2		0.091401815	
TMED7		0.091366515	
FAM110A		0.09134199	
NR2C1		0.09133053	
SAE1		0.09132543	
RPAP3		0.09130759	
ZNF137P		0.09123622	
CD47		0.09120904	
FASLG		0.091186605	
COMTD1		0.09115927	
EMC1		0.09105282	
NFYB		0.09103131	
FANCF		0.09088096	
ZNF362		0.09087036	
CSTF2T		0.090866596	
ZDHHC13		0.090720244	
ENDOD1		0.09065017	
CTSK		0.090614796	
APP		0.090578645	
DYNC1LI2		0.090500444	
IL17RD		0.090475775	
ACD		0.0903517	
GATB		0.090138495	
PDE4DIP		0.09005097	
ABCA5		0.0900112	
C11orf68		0.08997292	
FITM2		0.089967474	
RSPH4A		0.08963029	
CCDC47		0.08949756	
DNAH12		0.089493215	
FAM13B		0.08948881	
PGM2L1		0.0894704	
NUDT3		0.08944837	
ZNF433		0.08923899	
ZC3H15		0.08922397	
SLC25A18		0.08921231	
PPOX		0.08899862	
ERV3-1		0.0889669	
KPNA1		0.08879107	
PNKP		0.088775314	
SNX30		0.088753015	
IFFO2		0.0886123	
ZNF702P		0.08860804	
WWC2		0.08859687	
SLC10A3		0.08858025	
RNF31		0.08857997	
PCDHA9		0.08856311	
GNB1		0.08847639	
FEM1A		0.088471636	
LSM11		0.08842278	
CEP83		0.08840912	
NHSL1		0.08837693	
RTN4IP1		0.088250674	
TMEM127		0.088211305	
PGAP2		0.08820126	
AKIRIN2		0.08818504	
DHRS1		0.08817418	
UPRT		0.0880751	
ZNF613		0.088032626	
TBC1D2B		0.08802732	
FEM1C		0.08799682	
CNP		0.08799532	
TNFRSF10B		0.08794931	
NACC2		0.08793317	
KPNA4		0.087833725	
RAP2B		0.08764287	
PDCD6		0.087615654	
LIN37		0.08759014	
ZNF354C		0.08758744	
EXOC5		0.08752284	
TMEM184B		0.08750858	
DENND4A		0.08749021	
GNPTG		0.08744083	
ZNF81		0.08743042	
COPG1		0.087400205	
WDR53		0.08739556	
SLC25A46		0.08733712	
H2AZ2		0.087326206	
DOT1L		0.087232046	
GPC3		0.08719543	
RPRD1A		0.08715867	
CLIC2		0.08710328	
HSPA2		0.08704185	
PITPNA		0.0870356	
STK25		0.087011084	
FBXL7		0.086945556	
YWHAB		0.08692048	
ESCO2		0.086915195	
EPHX1		0.08683849	
SOCS7		0.0868167	
BRI3		0.08676864	
POLR2L		0.08673462	
ARID4A		0.08672735	
GPR68		0.086701594	
CAPZB		0.08657637	
HAT1		0.08650433	
GTF2F1		0.08648908	
ZKSCAN5		0.086476594	
BLVRA		0.086463675	
EFCAB6		0.0863353	
FRY		0.086322196	
TANK		0.086276315	
DNAJB9		0.08627302	
KRBOX5		0.086264834	
CFAP73		0.086257935	
PRDM4		0.08624746	
SLC4A1AP		0.086145714	
ADCY9		0.08611618	
ST3GAL2		0.086072475	
NAXE		0.08596663	
FUT11		0.08590531	
PSEN2		0.08588815	
PCDHGB7		0.08583097	
ZDHHC15		0.08575442	
PAF1		0.08569415	
EPHA6		0.08555215	
ZNF441		0.08554346	
DPY19L2P2		0.08542263	
ZNF880		0.08533949	
SSBP2		0.085338	
PLCB3		0.085277066	
ZNF470		0.085258506	
MLF2		0.08522574	
FZD4		0.085103735	
AP2M1		0.08502341	
SBNO2		0.08481716	
USP46		0.084742665	
HOXD1		0.08472484	
CRADD		0.0846215	
ARL4D		0.08459223	
SLFN11		0.08455976	
NUP93		0.08452216	
ZNF20		0.084511764	
FBXO8		0.08450714	
TMEM237		0.08449087	
VOPP1		0.084458	
DHX32		0.08439452	
RBX1		0.0843094	
MED1		0.08417487	
C1QTNF9		0.08408954	
IRGQ		0.08408021	
MOB3C		0.084020205	
CCNK		0.08400687	
ADAMTS7		0.083996825	
NEAT1		0.08393985	
SRRT		0.08389601	
PDK3		0.083834805	
FSCN1		0.08382949	
MRPL13		0.08382488	
SPATA20		0.08376399	
POLD4		0.08369257	
ARPP19		0.08356507	
SPINT2		0.083532825	
ALDH3B1		0.08348307	
DENND5B		0.08338198	
DDIT4L		0.08331895	
HS2ST1		0.0832932	
CEP170		0.08325682	
DLG4		0.08322222	
STK40		0.083216235	
CLPB		0.08319629	
ALDH3A2		0.08307941	
TOP1		0.08306172	
SEC22C		0.08305194	
TCF19		0.0829767	
PRRC1		0.08290704	
CAMKK2		0.082895584	
ITFG1		0.08287368	
IL1R1		0.08275872	
PLXNA2		0.082722545	
ABL2		0.08271558	
RASL11A		0.082653254	
CDK20		0.08253907	
ARHGAP5		0.082517385	
MRPL1		0.08243251	
SMARCA2		0.08234505	
PDZRN3		0.08228985	
ZCCHC3		0.0822468	
PHRF1		0.082166344	
SLC27A1		0.082095504	
TMOD3		0.08205228	
NUBPL		0.082038336	
AASDHPPT		0.082029924	
AGPAT4		0.08195126	
ERCC4		0.081911445	
PTGFR		0.08188942	
EIF4G2		0.08186533	
NF1		0.081835896	
RNF138		0.08176074	
TRIT1		0.081735715	
RUBCN		0.08171124	
TMEM208		0.08169369	
CA5BP1		0.08155564	
TOPBP1		0.08149704	
ZUP1		0.081444144	
ZNF483		0.0814306	
NIT1		0.08140858	
CD34		0.081387006	
EXO5		0.08132848	
SH3BP5L		0.081296995	
MYCBP		0.08125912	
HYAL3		0.08124199	
ATP6V0D1		0.081200644	
USP1		0.08111581	
TMEM129		0.081114866	
HSPG2		0.08104803	
DLG1		0.081014745	
AKT1S1		0.08100496	
COPE		0.080925204	
DPY19L1P1		0.08090617	
RNF207		0.0808251	
ZNF787		0.080762714	
SKA2		0.08069664	
CCDC91		0.08059188	
TDRD7		0.080591105	
LRRC37A3		0.08055246	
RPL39L		0.08036896	
ITGB1BP1		0.08034902	
PURB		0.080348216	
MYRIP		0.08034221	
SEC23IP		0.080328636	
RCC1L		0.08030089	
PSMB3		0.080263376	
B4GALT1		0.080180064	
PPP1R12A		0.0801332	
EPHB2		0.08006033	
CIC		0.080019325	
DNM2		0.07999246	
PAFAH1B2		0.07996238	
BRD4		0.07988941	
METAP2		0.07986718	
ZNF324		0.079867	
COG6		0.07978007	
SSB		0.079728015	
FST		0.0797184	
MUL1		0.07969502	
LARP4B		0.079692416	
HSP90B1		0.07968977	
SOS2		0.07968055	
UBXN6		0.079668224	
MARCHF7		0.07960937	
GSN		0.0795838	
DHCR24		0.07948555	
ARHGAP35		0.07948174	
LRCH4		0.07937394	
LSM14B		0.0793237	
CLCC1		0.07922908	
SASS6		0.079131104	
OGDH		0.0791141	
HLCS		0.0790996	
ECM1		0.07909368	
ELMOD3		0.079062305	
FBXO41		0.07902269	
BRD3OS		0.07900338	
PIGU		0.078891635	
IFI44L		0.0787728	
CDYL		0.078744225	
PABIR2		0.07871865	
WDR44		0.078708366	
NPY4R		0.078640126	
IFT74		0.078502186	
TBX4		0.07849797	
HPS5		0.07849394	
DNMBP		0.078435235	
PRKG1		0.078374796	
TOR1A		0.07833154	
TSPAN31		0.07833006	
DST		0.07831669	
BFSP1		0.078183845	
THADA		0.078178056	
SMAGP		0.078050904	
PHACTR4		0.07799427	
UAP1		0.07794947	
ARFGEF1		0.07791089	
MTA2		0.07786256	
PIH1D2		0.07782049	
ARHGEF33		0.07773369	
THAP11		0.07771321	
HERC2P9		0.0777002	
ZMYND11		0.07747064	
SOD3		0.077448584	
ABCA10		0.07743308	
HNRNPA0		0.07741732	
BNIP2		0.07741508	
MTCP1		0.07739893	
CCDC43		0.077310234	
CROT		0.07725698	
CHRD		0.07722333	
WRN		0.077210195	
NDRG2		0.07719302	
MAPRE3		0.07717622	
DAXX		0.07716016	
VCPIP1		0.07712687	
LNPK		0.07707747	
PFKM		0.07707644	
FAIM		0.077046886	
P4HA1		0.077039324	
COPS8		0.077036835	
GLG1		0.077027276	
ASXL2		0.07683813	
SOCS6		0.076835126	
COLGALT2		0.07679218	
RPS27L		0.076782584	
IQSEC1		0.07677522	
RNASEK		0.07677012	
ATG4B		0.076702274	
SCAF11		0.07669534	
ZNF555		0.07665946	
NPDC1		0.07664315	
SEC23B		0.07663522	
NUDT5		0.076611444	
NUDT12		0.076605104	
LRRC41		0.07648331	
LAMA1		0.07648266	
TBC1D5		0.07642379	
FAM135A		0.07639208	
MOV10		0.076387286	
CLPTM1		0.07638171	
OPA3		0.07637072	
LRP8		0.07632509	
PPP3CA		0.07623733	
SDR39U1		0.076215476	
FRMPD1		0.07617545	
NECAP2		0.07609732	
DNAJB12		0.07606154	
MAPK6		0.07605856	
FBXO42		0.076025315	
NHSL1-AS1		0.076018184	
DNAJC2		0.0760148	
SLC25A20		0.07600779	
PMS2		0.07596187	
ZNF74		0.07595269	
DENND4C		0.075856596	
ZNF274		0.075841956	
VAMP4		0.07582972	
PIAS1		0.075800315	
CACNA2D3		0.07576301	
STAM2		0.07571544	
ANKRD28		0.07568923	
MEGF11		0.075631805	
LARP1		0.07556215	
SPIN4		0.07555361	
BRPF1		0.075547	
RNF41		0.07551069	
NANP		0.07548133	
MTLN		0.07540418	
SLC25A42		0.07535386	
ME1		0.075350806	
SIT1		0.07534434	
ZNF823		0.07533183	
BBX		0.07515559	
ZNF527		0.07514263	
RPP30		0.07514226	
AKAP8L		0.075121686	
IL6		0.0751016	
PPP1R18		0.075012654	
PPIL2		0.07494885	
CHMP1A		0.07493542	
ZBTB14		0.07491414	
SYNCRIP		0.074905895	
IKZF4		0.07490176	
FBXO11		0.07478706	
MAST4		0.07477174	
GDF15		0.07475785	
NUCKS1		0.07470711	
CBX6		0.07464194	
SRD5A3		0.07448389	
ATP9A		0.07437325	
OS9		0.07436548	
SEMA3A		0.07435741	
ARMC6		0.07432375	
ZNF684		0.074266344	
MAFK		0.074188665	
TMEM68		0.07412204	
PKN3		0.07410106	
HUS1		0.074085	
DTX3L		0.07406355	
DPY19L1		0.074001186	
SEC16A		0.0739232	
ADGRA2		0.073812924	
TMTC2		0.0738047	
TNIP1		0.073784225	
ABHD11		0.07377444	
MAP7D3		0.07356548	
POLK		0.073555954	
RP9P		0.07349517	
CTDSP1		0.07342037	
UBE2E1		0.07337344	
VPS54		0.07337109	
CCDC191		0.0732983	
EIF2AK3		0.073225334	
RFC3		0.073180586	
METTL13		0.07314818	
HDC		0.07313644	
CAPN15		0.0731178	
EML1		0.07311364	
USF1		0.073111884	
STARD10		0.07309854	
SUSD2		0.07308749	
TSHZ1		0.0729291	
PPA1		0.072926216	
ULK4		0.07289664	
EEF2K		0.07287372	
FBXO44		0.072812885	
DMRT3		0.072771825	
DZIP1		0.07274858	
HDAC11		0.07274667	
TEX261		0.07273732	
IPPK		0.07263232	
GOSR2		0.07261469	
KRR1		0.07258974	
SCAF4		0.07256028	
SLC22A23		0.072559334	
SSR1		0.072507806	
CCDC28B		0.07248521	
ASRGL1		0.07244442	
TAB3		0.07238609	
MYO16		0.072383806	
FAH		0.07234709	
TAF10		0.07228849	
TRAF3		0.07226514	
KIAA0232		0.07216359	
TBC1D22B		0.07210431	
SLC25A40		0.07207453	
NOLC1		0.07201551	
CCDC34		0.07197002	
PRMT1		0.071899034	
TFDP1		0.07188246	
PRPF40A		0.0717837	
ARFGAP3		0.07176686	
IFNGR2		0.07163205	
ASF1A		0.07156904	
TMEM132A		0.0715617	
MYPOP		0.07155373	
TP53I13		0.07153497	
SHLD2		0.071478635	
ZNF100		0.07140505	
SMARCA5		0.07139888	
WDR11		0.07126596	
JAZF1		0.07124775	
PMS2P3		0.07111944	
TIMELESS		0.07106913	
ACTR8		0.07096915	
THAP12		0.070887335	
RAC1		0.07085114	
MAGEH1		0.070822306	
SLC35A5		0.07078574	
ZNF418		0.07077723	
EXOC8		0.07077018	
TPRA1		0.07055274	
SERP1		0.07035508	
MIAT		0.070189364	
MINK1		0.070177704	
ZBTB6		0.07017351	
SLC39A9		0.07016555	
PFKFB2		0.07013925	
MRPL2		0.070139006	
PURG		0.07002381	
SPATA9		0.070002444	
UNC79		0.06995178	
C2CD3		0.069797404	
PTER		0.06976369	
DCAF12		0.06971428	
COPB2		0.06962466	
CAMK2D		0.06951958	
RAB14		0.069322795	
CAST		0.06929486	
CEP152		0.06927362	
FRRS1		0.06925605	
ITIH2		0.06925009	
CPXM1		0.06924884	
EIF1AD		0.06923568	
COMMD2		0.06914687	
ETF1		0.06909983	
SCYL1		0.06908923	
TMEM184C		0.06908838	
TBKBP1		0.06907111	
CDKL3		0.06904231	
C17orf78		0.06897079	
CTU2		0.06894142	
CCDC51		0.06886051	
CHERP		0.0687751	
BTN3A3		0.068668336	
USP27X		0.06865728	
ZNF841		0.06863937	
PTPRJ		0.06862554	
TMEM45A		0.068414316	
MSH2		0.06838942	
TOM1L2		0.068326846	
DOCK1		0.06830914	
SCNM1		0.068279445	
UBQLN4		0.06819966	
UTP14C		0.06813145	
NDFIP2		0.068083845	
B9D1		0.06806498	
TMEM147		0.06797423	
BCAP31		0.067927234	
MAPT		0.06790808	
UFM1		0.067828424	
CIMAP1B		0.0677977	
GRB2		0.06778377	
DIP2B		0.067755185	
CRYBB2P1		0.06764878	
CLEC16A		0.06760854	
RTTN		0.067598715	
SNHG7		0.06752367	
ANKRD49		0.06735622	
PTP4A1		0.06733063	
PRKACB		0.067330554	
RNF138P1		0.06728032	
ZBTB22		0.06726176	
PPP6R2		0.06719692	
ZNF486		0.06718831	
VPS11		0.06713987	
PA2G4		0.067138635	
PFKL		0.06710913	
ZC3HC1		0.06705586	
SUPT5H		0.06696795	
KLHDC3		0.06692364	
ITGA11		0.06684537	
POLR1HASP		0.066822134	
NFKB1		0.06677797	
TM9SF1		0.06676014	
HIC2		0.06673421	
DDHD1		0.066687964	
SPATS2		0.066579744	
SHB		0.06657073	
FOXP1		0.06654636	
MANF		0.06653081	
CDK5RAP2		0.06652531	
EIPR1		0.06643721	
NCK1		0.06638189	
RHBDL2		0.066366814	
HNRNPAB		0.06633543	
HEATR5A		0.06629211	
ZNF23		0.06620299	
ANXA6		0.066008136	
ZNF25		0.06596251	
RNF213		0.06595323	
EIF2AK1		0.065894864	
PGAM1		0.06578939	
CMTR1		0.06573473	
IFT172		0.06571485	
ST7		0.06567822	
SLC35E2B		0.065615006	
SIN3A		0.06556716	
MRAS		0.06549856	
JPT1		0.065481246	
ABCF2		0.065463595	
UST		0.0654213	
RAD51D		0.06539107	
ZNF280C		0.0653142	
PLAA		0.06519994	
UBXN8		0.0651385	
OSBPL8		0.06513331	
FAM107B		0.06506936	
XKR8		0.06504576	
SRR		0.064965755	
NYNRIN		0.06491339	
DDX39A		0.064897485	
HIP1		0.064715445	
PEX11B		0.06463655	
LRRN3		0.06461447	
RPS6KA2		0.064555995	
ABRAXAS2		0.06453519	
TIAM1		0.06450911	
FUT8		0.064507924	
TFIP11		0.0645035	
RPUSD3		0.06449512	
MARK1		0.064418264	
TAB1		0.06437648	
KIF7		0.06436752	
RAB8A		0.064356096	
ZNF408		0.06432118	
CRTC3		0.06425097	
ASTE1		0.06424413	
GAB3		0.06423048	
MYH9		0.064083256	
PIGL		0.06406756	
POGK		0.06401659	
LDLRAD2		0.063942	
SERPINB9		0.06391897	
ELL2		0.06391546	
DPM2		0.06391106	
TRAPPC2L		0.063821584	
LRP10		0.06378718	
MGAT2		0.06371391	
FAM53B		0.063655645	
DDX60		0.06362591	
EFCAB7		0.06361131	
KLF8		0.0635957	
PRDM15		0.06357343	
ZC3HAV1L		0.06356853	
STAC		0.06352161	
HECTD3		0.06351953	
APLNR		0.06348299	
PPM1D		0.063445255	
TMEM87B		0.06342281	
ZIM2		0.06341077	
DHX38		0.06340619	
CRYL1		0.06340591	
SUMF2		0.06331757	
C1orf35		0.06327789	
NEMP1		0.06324621	
IDH3G		0.06318446	
CCNY		0.06312696	
SYNM		0.06310496	
INTS5		0.062873624	
MAD2L1		0.06284741	
TUBGCP2		0.06274444	
CAD		0.06271706	
MRPL17		0.06268334	
SPEN-AS1		0.062643595	
DTX4		0.062637135	
LOXL3		0.0626315	
TRIM8		0.06260599	
MEPCE		0.062605865	
FNDC4		0.06255543	
TGS1		0.0625405	
C18orf54		0.06253369	
SND1		0.06245882	
GOSR1		0.0623748	
CWF19L1		0.062330235	
ZNF480		0.062299285	
NSMCE4A		0.062286638	
CCDC25		0.06227935	
GNRHR2		0.062234312	
HTRA3		0.06219046	
SCRIB		0.062145308	
HOXB7		0.06214333	
SRPRB		0.062128413	
ARHGEF28		0.061982185	
SPDYE1		0.0619442	
ITPA		0.061775163	
CLPX		0.061702747	
PTDSS1		0.06161665	
SYNJ2		0.06161186	
ZBTB1		0.061598558	
TPD52L2		0.06156548	
IFIT5		0.061528735	
SLC35D1		0.061520904	
TMEM150A		0.061504643	
NAP1L5		0.061500065	
GTPBP2		0.061419435	
PPP1R14A		0.061394326	
STXBP4		0.06135116	
PIM1		0.061276928	
KLB		0.06124783	
SNTA1		0.061227623	
CAMSAP2		0.06121271	
FEM1B		0.061181568	
TMEM109		0.061176725	
FAM20B		0.061135586	
RAB5A		0.0610177	
DPYSL2		0.06098583	
PPTC7		0.060874503	
RANBP3		0.060774602	
AKAP10		0.06060703	
NSF		0.060521957	
DDX51		0.060466636	
ZNFX1		0.06045289	
CNOT8		0.06032885	
ZNF805		0.06026995	
UBAP2		0.06025468	
THSD1		0.06006278	
STK32B		0.060055293	
HMG20A		0.060033258	
MMGT1		0.06000232	
ARPC2		0.05998905	
AP2B1		0.059962712	
ENY2		0.05994528	
CLSPN		0.059914943	
PARD6G		0.059869267	
PPP2R2A		0.05984272	
AGPAT3		0.05983169	
SNORD58B		0.059687074	
CREM		0.059665073	
PRPF38A		0.059599526	
DCAF6		0.059584875	
JMJD4		0.059548445	
OCEL1		0.0595285	
ZNF629		0.05951579	
THAP4		0.059482466	
FDX1		0.05947209	
DIS3		0.05937759	
ADAM33		0.059290793	
TNFRSF21		0.05928731	
CNPY4		0.059229482	
MXD4		0.05920551	
FAM107A		0.059017904	
FBXO30		0.058976613	
CYP27C1		0.05890488	
APOBEC3C		0.058893234	
EMC6		0.058758598	
MBTPS1		0.05865995	
SNRPG		0.05865436	
FAM180B		0.05859971	
PAK1IP1		0.058568083	
RBM4B		0.05853348	
TELO2		0.0585328	
MBD4		0.05852766	
CXCL14		0.058527354	
ARRDC2		0.05851573	
ZNF821		0.05850777	
UBE2V1		0.058366276	
CTDSPL2		0.058358334	
PHF23		0.05830484	
TPR		0.05828435	
LMAN2		0.05827897	
WRAP73		0.058262523	
SASH1		0.058224183	
ANKRD40		0.058202837	
IFT20		0.058119375	
PCF11		0.0580443	
BRAP		0.058033675	
ZNF678		0.057937264	
IDUA		0.05787614	
ETFB		0.05787608	
POLI		0.05784513	
TRADD		0.057833098	
WDR36		0.057805695	
MPHOSPH10		0.057791602	
NFKBIZ		0.057723712	
AHI1		0.05755258	
SS18L1		0.057458356	
TRAPPC6B		0.057435665	
STARD9		0.057388164	
KCMF1		0.057350613	
FRG1		0.05734151	
GNA13		0.05728601	
DEXI		0.057247076	
SMARCAL1		0.057202864	
ATAT1		0.05719878	
ALG9		0.057196934	
ANKRD35		0.05718758	
SPINT1		0.057124943	
NOTCH2		0.05705937	
BLTP3A		0.057030518	
TBCCD1		0.0570255	
DMGDH		0.057018727	
MBLAC2		0.057011116	
REST		0.057004064	
TPRN		0.056899935	
FAM3C		0.05686179	
UBE2V2		0.05682942	
ZNF414		0.05673836	
GFOD1		0.056724668	
WDFY1		0.056713615	
MTBP		0.056667816	
TFPT		0.05655158	
FGD6		0.056515183	
SGCG		0.05644153	
CEP290		0.056394566	
AGO1		0.056272674	
SUFU		0.056265146	
TMEM65		0.056240384	
SLC46A1		0.05618086	
ARMC2		0.056029234	
SPCS3		0.055982362	
MAPK3		0.05596278	
ZFR		0.05595626	
OBI1		0.055940926	
NKD1		0.055883873	
RNF150		0.055849466	
GEMIN7		0.055783097	
PDGFRL		0.055766247	
GIN1		0.055759873	
IFRD2		0.055742532	
PM20D1		0.055741493	
ERBIN		0.05573398	
AMFR		0.055716988	
TTLL12		0.05566457	
H3-3B		0.055617217	
CCDC82		0.055585664	
GMPPA		0.055567335	
ZNF436		0.055545017	
CRKL		0.055530522	
LMF1		0.055469487	
ATG9A		0.055459566	
TBL1XR1		0.055456854	
ULK1		0.05542553	
ACTR3B		0.05528671	
HIVEP1		0.05527057	
C5orf15		0.055248927	
CASTOR3P		0.055237956	
ZNF546		0.055223215	
KRAS		0.055195186	
CYB5D1		0.055180173	
MBD2		0.055151172	
LRRC4C		0.055142984	
CPEB3		0.055117384	
BSDC1		0.05509569	
MMP21		0.05507958	
CREBL2		0.055070486	
GMDS		0.05507045	
TSLP		0.055064987	
IDS		0.05506281	
CEP97		0.05506098	
BANK1		0.054947227	
CASP8AP2		0.054944627	
RHOJ		0.05493887	
VPS37C		0.05492639	
OTUD6B		0.054862335	
ZNF727		0.05476152	
ERCC8		0.05469268	
DDX54		0.05467722	
FOXK2		0.054665092	
NCL		0.054580394	
TFPI		0.054567948	
ING2		0.05454781	
KMT2E		0.0545367	
CTNNB1		0.054513793	
BIVM		0.054452777	
IPO11		0.05443718	
REXO1		0.054312892	
MICU1		0.054301545	
NICN1		0.054257154	
CDC37		0.05424707	
CMPK2		0.054245833	
TMX3		0.0542009	
TYMS		0.0541945	
NAPEPLD		0.054130968	
MASTL		0.054102406	
RANBP2		0.054102324	
CAPS2		0.05404679	
GTF2H2		0.054016322	
ASPA		0.05400988	
RAB1A		0.053994678	
MEX3D		0.053979438	
SLC7A8		0.053911466	
C18orf32		0.0538122	
SLC39A3		0.05377037	
SLC37A1		0.05366442	
JAG1		0.05353262	
VEPH1		0.05353106	
PRR12		0.053529117	
CYP39A1		0.053527076	
PCSK7		0.053365577	
PLA1A		0.05329027	
RIN1		0.053214982	
POLR1A		0.053177673	
TNS1		0.053156685	
MAP3K20		0.053119153	
TBC1D17		0.05305938	
SLC35A3		0.053036135	
ZC3H4		0.053033736	
EP300		0.053018328	
GSTM4		0.053010415	
SBNO1		0.052999847	
NCOR2		0.05294509	
ERI3		0.0529339	
REL		0.05289433	
ZNF460		0.052844334	
TSPYL5		0.052774772	
SNRNP27		0.05274389	
C19orf18		0.052740864	
CDC123		0.05270684	
C2orf76		0.052691672	
KDM4A		0.052580647	
RBCK1		0.052574437	
B3GALT6		0.05255169	
PFDN1		0.05252848	
CD81		0.052496977	
SLC37A3		0.052482154	
PYCR3		0.052347984	
RPL26L1		0.052325916	
PSMD7		0.052279476	
KPNA6		0.052263737	
RASSF8		0.052260473	
HSBP1		0.052257866	
LIMS1		0.052256066	
DPM3		0.05225478	
CHMP3		0.052132156	
CPPED1		0.052004017	
ACBD4		0.051984206	
FUZ		0.05186883	
TMEM60		0.051847287	
POLR1C		0.051837895	
RAB8B		0.051816538	
KLHDC10		0.05173005	
TNFSF12		0.051709846	
SLC2A13		0.051656675	
YTHDF1		0.051607206	
LEAP2		0.05156975	
RDX		0.0515669	
TMBIM4		0.051477414	
NRBP2		0.05147635	
NIPAL2		0.05147277	
PEF1		0.051378157	
ZMYM6		0.051339947	
TTC33		0.051338874	
ACADVL		0.051253583	
PPP6R1		0.05123466	
R3HDM1		0.051212076	
RNF10		0.051209494	
GALNT12		0.05117338	
ROGDI		0.051161524	
RNF103-CHMP3		0.051142786	
SLC16A5		0.05104017	
KIFAP3		0.051019404	
CBLB		0.050996844	
TXNL4A		0.050955914	
ATP6V1A		0.050939336	
RCBTB2		0.050873697	
POP4		0.050840512	
GLA		0.050824013	
SEC63		0.05074012	
EMC8		0.05063417	
MSANTD4		0.05060859	
SNIP1		0.05057415	
KYAT3		0.050570976	
SLC18A2		0.050524116	
PI4KA		0.050509904	
ZNF687		0.05048919	
RNF4		0.050488967	
FKBP1AP1		0.05041662	
ERO1A		0.05041516	
INTS9		0.050311092	
CDAN1		0.05021726	
ALG2		0.05017024	
OPLAH		0.049915563	
PMS2P1		0.04989619	
FBXW8		0.04988083	
ARB2A		0.049695227	
ZDHHC9		0.049608007	
SPSB2		0.049607325	
SMTN		0.04948588	
MS4A6E		0.049427103	
PNRC1		0.049419843	
TBC1D10A		0.049414642	
ZC3H7A		0.049410325	
COL6A3		0.04940506	
SMC1A		0.049403068	
SNX6		0.04935361	
NME4		0.04923922	
TSEN15		0.049180992	
ZNF75A		0.04914336	
MDC1		0.049130503	
USP35		0.049112096	
CNDP2		0.049090408	
MBTPS2		0.04908861	
QKI		0.04902083	
ARL8B		0.04901251	
ZC3H18		0.049004674	
TSN		0.0489919	
SKAP2		0.048918214	
MRGPRF		0.048840027	
PPP1R11		0.048832204	
TRIM56		0.04878279	
IGSF8		0.048768412	
SUPT7L		0.0485516	
MED25		0.048462838	
NECAB1		0.048411842	
EDEM1		0.048313905	
NME3		0.04830114	
CD8A		0.048278093	
METTL2A		0.048274826	
RFC5		0.048214618	
CAB39		0.048166912	
CAMK2G		0.048137967	
NRK		0.048121385	
KLHL20		0.048036564	
ACCS		0.04803046	
PIP4K2C		0.04799177	
RBM15		0.047967874	
PCYT1A		0.04796714	
SLC25A53		0.047930203	
MAML1		0.047878273	
EPC2		0.04774564	
SUMO3		0.047741305	
LRRFIP2		0.047666915	
STARD7		0.047533885	
CPSF2		0.047347236	
FMO4		0.047315944	
AP4E1		0.047266535	
CLCA3P		0.047222532	
MZF1		0.04721913	
NSMAF		0.04715663	
TRNT1		0.04694396	
RRP1B		0.04692313	
AK1		0.046914946	
MED22		0.046812993	
HMBS		0.046759088	
NT5C1B-RDH14		0.046725232	
SAA2		0.046614695	
ARPC4		0.046575636	
CSDE1		0.04656757	
TPPP3		0.046557758	
SENP1		0.046476133	
TRAPPC8		0.04642777	
GOLGA4		0.046333622	
TRARG1		0.046310134	
LIG3		0.046306305	
RAB10		0.046239	
GDE1		0.046100363	
SLC10A7		0.0460811	
ALDH9A1		0.046075698	
TBC1D12		0.046028525	
RILPL1		0.045908846	
ZNF714		0.045850135	
TMEM232		0.045839917	
ZNF487		0.045831006	
PCNX3		0.045800682	
REEP4		0.045752134	
LRRC25		0.045712084	
ATF7IP2		0.04568319	
EIF4ENIF1		0.045631032	
PRKD3		0.04555249	
SLC4A7		0.045538973	
PIGZ		0.045486487	
NADK		0.045468792	
PPP1CC		0.045387473	
PRORP		0.04538224	
NME7		0.045302562	
TMEM106B		0.045283616	
PSMD8		0.045269158	
RHBDD1		0.045254763	
DHX30		0.045226313	
NNT		0.04521523	
GCC2		0.04517386	
MAP6D1		0.045159545	
DCTN3		0.045156643	
PIK3IP1		0.045107596	
XPO1		0.04510069	
YIPF4		0.045022976	
CRELD2		0.045005064	
CABLES2		0.04496947	
PAQR3		0.044950042	
NEURL4		0.044909436	
HNRNPK		0.044883322	
CLINT1		0.044870447	
ZNRD2		0.044865392	
ME2		0.04481181	
TNKS1BP1		0.044762053	
PHF11		0.04471512	
CSTF1		0.044649243	
SH3TC1		0.04458976	
ZNF746		0.044583615	
NDC1		0.04455661	
GEMIN8		0.04445989	
ROMO1		0.044393964	
TMEM59		0.04433433	
PSMD9		0.04432622	
UBR1		0.044322945	
PRKAA2		0.044292293	
TCF7L2		0.044288587	
GSK3B		0.044240955	
HOXB2		0.04423477	
EPB41L1		0.0441841	
JCAD		0.044083156	
VCAN		0.044011656	
NINJ2		0.043993548	
CEP135		0.043940175	
APEX2		0.043894064	
GPR4		0.043832194	
FBXO45		0.04380061	
ZNF335		0.04378605	
SIGLEC6		0.043738678	
RTF1		0.043542016	
CASD1		0.043535862	
FCER1A		0.043529134	
ZACN		0.043495573	
TMEM223		0.04349263	
GGA1		0.0434531	
ZNF175		0.04344019	
HSF2		0.043419395	
EAF1		0.043386836	
STAU1		0.043334283	
BROX		0.04330426	
WDR45B		0.043243688	
EP400		0.043222215	
THAP9		0.04307333	
C19orf73		0.042926162	
REPS1		0.042911656	
ANKS1A		0.042896047	
HOXC4		0.042820714	
TBC1D15		0.042789485	
LRRC8A		0.04271694	
HDAC6		0.042616982	
GAB1		0.042556103	
CAPS		0.04246372	
COG7		0.04241699	
AIG1		0.04239225	
CABP7		0.04222916	
APH1B		0.042199362	
SLITRK6		0.042156283	
MTREX		0.042145617	
FLCN		0.042094678	
ZNF596		0.042004902	
TBX2		0.04196062	
POMGNT1		0.0418905	
MBNL1		0.04178662	
SNX13		0.04172628	
GPRIN3		0.04172177	
C19orf12		0.04171007	
RBM42		0.04151357	
IFI27L1		0.04150728	
SNRPC		0.041469865	
TCF25		0.041451927	
TRHDE		0.041431643	
SRRM1		0.04139243	
PTPRS		0.041303594	
MSI2		0.04129432	
FBXL19-AS1		0.041240733	
CCDC24		0.0412064	
DIO1		0.041146275	
SPTBN5		0.040990498	
GRK5		0.04096222	
MAK16		0.040947873	
TOB1		0.040926278	
CLP1		0.0408547	
KATNA1		0.040823206	
BICD1		0.040762845	
SCYL3		0.040722255	
BMPR2		0.0406982	
RANGAP1		0.040696893	
TIGIT		0.040662304	
TMEM168		0.04060298	
TPPP		0.04058452	
ECH1		0.040573303	
ZFP64		0.040549655	
MTA1		0.040527888	
ATF4		0.040476438	
TTC5		0.040471733	
HINT3		0.040447854	
TMEM175		0.04043737	
DOLPP1		0.040424224	
ARL2BP		0.04041268	
GALT		0.040394172	
INPP5F		0.040355667	
GOLGA7		0.040352155	
PPP4R3B		0.040220145	
SLC35B2		0.040182486	
TCERG1		0.04017405	
MFN2		0.040166557	
ANKRD17		0.040163025	
HEATR1		0.040154893	
ENTPD4		0.04012685	
FBXO28		0.04011201	
AMMECR1L		0.040111747	
ZNF26		0.040034875	
FIGNL1		0.040028874	
USO1		0.03992837	
MPPE1		0.039903425	
TSPAN12		0.039884545	
PIWIL2		0.03988022	
C2orf81		0.0398664	
IVD		0.039857168	
ENTPD5		0.0398453	
PNPT1		0.039801914	
SF3B5		0.039764125	
SOX12		0.03975722	
CNNM2		0.039715808	
DNAJC5		0.039709162	
UBQLN1		0.039704725	
PHF21A		0.039689194	
COL5A3		0.03967995	
CLC		0.03966789	
VPS26B		0.039626047	
PRPF40B		0.03955006	
CCDC15		0.039398883	
RECK		0.039393365	
RP2		0.03936936	
YTHDC2		0.039333362	
TIRAP		0.03929805	
MYADM		0.039286893	
TRAPPC1		0.039278053	
SLC4A2		0.039246514	
CBX5		0.03924597	
TM2D1		0.03911729	
SP100		0.039081898	
PPT2		0.039069977	
PDRG1		0.03906445	
PCDHB3		0.03892013	
ZNF626		0.03881871	
SNAPC5		0.038765628	
ATPSCKMT		0.038739998	
ZNF620		0.038717214	
ZNF432		0.038661372	
CDH23		0.03863575	
PTBP3		0.038604174	
MYD88		0.038567025	
PWP2		0.03853672	
PRMT3		0.038436525	
C6orf120		0.03842786	
PXMP4		0.038333807	
LPP		0.038100246	
ZNF563		0.038031194	
HINFP		0.037985526	
TAS2R5		0.037961755	
FAM124B		0.03792469	
ZNF813		0.037916455	
TNKS		0.037908364	
NADSYN1		0.037797663	
CSTF3		0.037759557	
ATG4A		0.03774188	
SS18L2		0.037731692	
C8orf76		0.037727088	
ZEB2		0.037684646	
TTLL11		0.037654083	
HIGD1A		0.037641454	
POLR2C		0.037424777	
TP53BP2		0.03730261	
CAMK1D		0.03724657	
FEN1		0.03722837	
WSB1		0.037216112	
NAA25		0.037165202	
UBAP2L		0.03714093	
API5		0.03708648	
HMBOX1		0.037081253	
CLOCK		0.037060186	
COMMD4		0.036945004	
TMEM14A		0.036866315	
ITPK1-AS1		0.036799334	
OSBP		0.03675234	
ZFYVE9		0.036735807	
SPI1		0.036707994	
DDX23		0.036704585	
STOML1		0.036695067	
TRIP11		0.0366435	
ABLIM3		0.03650891	
PRPF31		0.036483645	
ZFP30		0.036413737	
COPS7B		0.036390588	
TMEM205		0.03637163	
VPS39		0.036193307	
ABCD1		0.036104247	
KIF26A		0.036092408	
UBE2E3		0.036007017	
ZNF444		0.03596444	
HELLS		0.035954885	
FIS1		0.035944473	
LZTS2		0.03590117	
LPCAT2		0.035895288	
MRPS27		0.0358741	
SLC35D2		0.035829443	
TMED2		0.0358211	
BTBD2		0.035755042	
WWP2		0.03574567	
FAM193B		0.035734735	
MAP7		0.03573179	
LRBA		0.03568444	
RSRC1		0.035582427	
ACKR3		0.035467133	
NAPG		0.035304036	
UROD		0.03529443	
P2RY11		0.035253692	
DNTTIP1		0.03521703	
COPZ1		0.03519554	
CRAT		0.035193242	
HEATR4		0.03515285	
ASIC3		0.035146315	
PBXIP1		0.03511893	
SLC6A16		0.035056368	
PLEKHA2		0.03503114	
ZNF490		0.03497973	
FYTTD1		0.03492207	
PTOV1		0.0349085	
PRKAA1		0.03486972	
UNC5B		0.034805972	
GLE1		0.034754742	
MRPL36		0.03467759	
NAE1		0.03456495	
DDX41		0.034531116	
KIF21A		0.034478366	
FAM149B1		0.034476668	
CYP4Z2P		0.03439984	
PUM1		0.03437989	
SELENOS		0.034336105	
TCN2		0.034334473	
CAPN2		0.03428391	
DDX6		0.034231592	
TUBB		0.034225088	
INSIG2		0.034162637	
ARFGEF2		0.034123704	
AQR		0.0340758	
RIPOR1		0.034075458	
TJAP1		0.034058783	
IFT22		0.034055408	
ZNF587		0.034049902	
ARL5A		0.033943687	
BTF3L4		0.033936165	
GOLGA8B		0.03387258	
GUCY2C		0.033831656	
NINL		0.033828825	
ZNF354A		0.033827063	
ZNF780A		0.033820912	
ARL1		0.03380648	
RRAGA		0.033752594	
UBE2Q1		0.0337062	
TYW3		0.033597264	
ZDHHC2		0.03357477	
POLR2K		0.0334855	
MED20		0.0334338	
GPATCH1		0.033341296	
GOPC		0.033296004	
AKR1E2		0.03314702	
VDAC1		0.03310233	
RFX7		0.033052538	
RHOT2		0.033038575	
UBE3B		0.033033777	
NUP155		0.033030037	
LSM3		0.03301287	
MTF1		0.03295439	
SLC26A11		0.032930054	
WDR45		0.032927837	
TMEM120B		0.032842405	
FCHO2		0.03280772	
SP2		0.032775555	
EML4		0.032715924	
PHKB		0.03269156	
MRPS10		0.032670464	
UNG		0.032642297	
VN1R1		0.032635566	
BANP		0.03261052	
BST1		0.032510087	
CAB39L		0.032498885	
LDHA		0.0324916	
LYG2		0.032453943	
MDFIC		0.032414597	
BMF		0.032388385	
HLA-L		0.032352	
PECAM1		0.03235014	
ADAT2		0.03232098	
PARP14		0.032297697	
CPAP		0.032199815	
WAC		0.032155734	
GLYAT		0.03203201	
CMAHP		0.032000985	
POGLUT1		0.031992234	
SLC7A7		0.031970996	
UBA7		0.03179449	
TRIO		0.03177212	
GGA3		0.031683445	
NDUFAF3		0.031603817	
THUMPD3		0.031597458	
MYSM1		0.031593066	
ARMC7		0.031565674	
UPP1		0.031456757	
FHIP2B		0.03141492	
ZNF319		0.031402748	
NIN		0.031371318	
BAZ1B		0.031335395	
ZFYVE26		0.03131204	
CHMP1B		0.0312555	
GSEC		0.031202983	
SAR1B		0.031190343	
CLCN5		0.031080756	
AARS1		0.031065606	
SPEN		0.0310285	
RPL32P3		0.030996755	
PIGA		0.030989416	
PER2		0.030960608	
ABCB6		0.030948006	
FAS		0.030814195	
AHDC1		0.030789824	
SNORA31		0.030750329	
SFT2D2		0.030747343	
EGFR		0.030667845	
PRICKLE2		0.030515222	
TINAGL1		0.03042243	
HNRNPA1L2		0.03036745	
DCLK1		0.030366553	
PUF60		0.03026707	
SLC9A8		0.03023564	
TNFRSF14		0.03014767	
OGFOD1		0.030147426	
RDH14		0.030138195	
GPATCH3		0.030137694	
MCTS1		0.030105019	
SNUPN		0.030065538	
DNAJC4		0.030005371	
ZBTB7B		0.029979551	
TEX10		0.029881459	
CBR1		0.029836677	
SNX12		0.029836247	
SENP8		0.029744094	
ALDOC		0.029737195	
STT3A		0.029700128	
ETS2		0.029665843	
CELF3		0.02964502	
XRN1		0.029581303	
USP19		0.029526124	
TMSB15B		0.029490368	
AFF1		0.029455608	
ACOT4		0.02942665	
ADPRS		0.029416539	
MAP4K5		0.029412972	
SEC22A		0.029376626	
INTS12		0.029349905	
BRWD1		0.029328132	
UGGT1		0.029283244	
RAB12		0.0292102	
WDR90		0.029195378	
TAP2		0.029183391	
KCNQ1OT1		0.029174272	
TM4SF1		0.02909721	
FOXO3		0.029012447	
STAG1		0.02885868	
PSMC6		0.028820125	
PDIA3		0.028787527	
SCN3A		0.028629247	
PLCB4		0.028614465	
SPHK2		0.02858638	
ARPC4-TTLL3		0.02852786	
ZNF816		0.028468397	
ZBED6		0.0284184	
RNF133		0.028417958	
RB1		0.028414445	
C6orf62		0.028383398	
RPE		0.028379269	
FANCM		0.028368859	
POLM		0.028368719	
RAD51B		0.028362632	
NCF4		0.028337931	
FBXO34		0.028257797	
CHTF8		0.028250892	
SCRN3		0.028243067	
ECD		0.028186793	
TOM1L1		0.028180342	
MEAF6		0.02813076	
BAG4		0.028033085	
ARID5B		0.02795322	
PPP1R21		0.027934738	
ROBO3		0.027891198	
AURKA		0.027795957	
DMXL2		0.02774719	
LINC02381		0.027636321	
GLO1		0.02762486	
F10		0.027550781	
MSL3		0.027487248	
PCBP2		0.027476683	
SMC5		0.027469357	
BLOC1S1		0.027437486	
INO80		0.027422147	
FXYD6		0.027365915	
TRAPPC12		0.027330995	
ZNF384		0.027151851	
POU4F2		0.027138315	
TADA3		0.027035207	
SDAD1		0.026978724	
CERK		0.026788237	
DDX60L		0.026780844	
GUF1		0.026744118	
RPS6KA3		0.026740111	
FOXJ2		0.026710086	
RASIP1		0.026641292	
CIAO2B		0.026631664	
NIPA1		0.026609235	
RNF20		0.026574275	
EXOC1		0.02654875	
CEP41		0.02651553	
FUT10		0.026412467	
AMZ2P1		0.026398871	
MIA2		0.026375173	
CEBPG		0.026249714	
CDKN2AIP		0.026160154	
NAA80		0.026148785	
APOM		0.026129272	
ZC3H12B		0.02611209	
NFAT5		0.026105702	
SUMO2		0.026099006	
ZNF16		0.026096063	
RTL8A		0.026038937	
DESI1		0.02603184	
COLQ		0.025895119	
KIF9		0.025877787	
ALKBH5		0.02582974	
ACAD10		0.025711663	
TBCD		0.025608944	
JAG2		0.025575008	
ITCH		0.025511445	
IFIT3		0.025384588	
PKD1		0.02532071	
BTRC		0.025285672	
ZNF253		0.025235504	
TRIM59		0.025231816	
ME3		0.025225457	
ZNF582		0.025213165	
BCL2L1		0.025051774	
ACAA2		0.025038902	
BATF3		0.025001451	
ORC2		0.02492974	
GCN1		0.024922224	
RCN2		0.024915772	
EPAS1		0.024913957	
ICE1		0.024855664	
ABCA3		0.024850456	
LPCAT4		0.024707895	
ARMCX2		0.02470556	
PDCD6IP		0.024593038	
KIF13A		0.024532376	
ANKRD9		0.024519011	
RPS6KA6		0.02448149	
PPP1R15B		0.02441045	
VCP		0.024363011	
ARHGEF12		0.024348319	
ATP6V0A2		0.024328966	
ZNF827		0.024270045	
NAA15		0.024249863	
SNHG11		0.024246665	
SPG21		0.024168978	
TAF2		0.0241567	
ZNF71		0.02415514	
PAQR7		0.024088683	
PIP5K1C		0.024038449	
SERTAD2		0.023983363	
FOXH1		0.02395299	
MRPL57		0.023911897	
DCK		0.023884047	
MTMR1		0.023883244	
KCNMB4		0.023833664	
SH3RF1		0.023826385	
STX4		0.023801217	
HHIPL1		0.023702309	
GIT2		0.023658946	
HSD11B2		0.023637248	
MAPK1		0.023571707	
PSMF1		0.023544313	
USP31		0.02350505	
PSMC3		0.023483045	
MRPL49		0.023387663	
DAP		0.023334786	
TCF4		0.023314856	
WASF1		0.023263972	
PALMD		0.023263374	
KHNYN		0.023237975	
ANKRD42		0.023165254	
ZNF561		0.02315589	
MTX3		0.023126882	
ANKRD52		0.023102827	
SPICE1		0.022944057	
ZFP41		0.022941265	
UBE2F		0.022831077	
CLUAP1		0.022740712	
FBXW5		0.02265222	
POU2F1		0.022651168	
TP53RK		0.022597441	
ZFC3H1		0.022482691	
FRMD6		0.022476794	
N4BP2L2-IT2		0.022451203	
CLCN4		0.022402756	
ZFAT		0.02237088	
SNX18		0.02233372	
MAP3K7		0.022249632	
ALG6		0.022234516	
RAPGEF1		0.022174686	
MIEF1		0.022165727	
DNAAF5		0.022098014	
PTPN1		0.022069715	
SGCE		0.022046877	
SEC61A2		0.021994358	
SLC35E1		0.021952996	
MED30		0.021920087	
KCTD21		0.021897445	
NTMT1		0.021885898	
SLC5A6		0.02185337	
FAM89B		0.021835113	
RASA1		0.021802781	
CRELD1		0.021799553	
IKBKB		0.021795845	
PPP4C		0.021643028	
ATP6V1E2		0.021642301	
PYGB		0.021492193	
ARHGAP17		0.021478988	
GRM6		0.02146838	
SLC23A1		0.02143792	
ATXN1L		0.021424742	
STK17B		0.021334194	
FPGS		0.021305805	
TNFAIP2		0.021197367	
LHFPL6		0.021166058	
MKNK1		0.021133326	
RNF13		0.021030344	
ACOT13		0.021014338	
CYP2C8		0.020993743	
SNAP29		0.02089121	
CD1C		0.02081181	
ZBTB24		0.020785563	
ITGAM		0.020762106	
CEP120		0.020674955	
POLN		0.020651337	
DVL1		0.020643545	
ATAD2		0.020599473	
SGTA		0.020558327	
KTI12		0.020516735	
CDK11A		0.02046058	
PHF5A		0.020429103	
MTDH		0.020321738	
LRCH3		0.020249696	
PSEN1		0.020082222	
AGO2		0.020081177	
DNAJC11		0.020008156	
DCTN5		0.019908413	
SIKE1		0.019892948	
DROSHA		0.019865837	
LMO2		0.01982519	
MFSD9		0.01979859	
CDC37L1		0.01979156	
THAP6		0.019780718	
ZNF397		0.019759275	
GANAB		0.019729277	
NME1-NME2		0.019703425	
SNX29		0.019699965	
COL21A1		0.019681992	
SP3		0.019663816	
CSK		0.019560806	
ATP5F1D		0.019319832	
HNRNPL		0.019314347	
RPGR		0.019293638	
DUOX1		0.01922541	
CDV3		0.019223435	
PRICKLE3		0.01917744	
C14orf132		0.019082868	
RLF		0.019064419	
ANO5		0.01906057	
MSH3		0.019034782	
PSMD2		0.019025406	
CCSER1		0.019023128	
SYDE1		0.018951286	
TAF1C		0.018948805	
SH3PXD2A		0.018932521	
STX18		0.018909357	
NEK10		0.018794788	
EPHA3		0.018743282	
TCFL5		0.01873673	
DIP2A		0.018706799	
PPP3CB		0.018686218	
TSPAN5		0.018605128	
HCFC1		0.018602708	
UTP3		0.018516716	
MAGI3		0.01849248	
PCNP		0.01844293	
TMEM39A		0.01826416	
ARMCX6		0.018227253	
MTOR		0.018206127	
ARPC5		0.01818883	
PPP6C		0.01817755	
EFEMP2		0.018139718	
MRS2P2		0.018047633	
NBPF10		0.018027158	
TRIP12		0.018004453	
DGAT2		0.017936584	
FOSL2		0.017932443	
ATG2B		0.017881472	
ATP8A1		0.017827438	
PRKD2		0.017732091	
POC1B		0.017725253	
CPSF3		0.017547889	
ADCK2		0.017540378	
SGF29		0.017432883	
MAPKBP1		0.017369304	
FASTKD1		0.017311294	
TBC1D30		0.017304502	
RSAD1		0.017284064	
MAPK8IP3		0.017218849	
NUMA1		0.017157897	
PJA2		0.017024864	
CNOT9		0.016971055	
FJX1		0.016933022	
LRIG2		0.016869774	
CA13		0.016814033	
TRUB1		0.016792277	
PACSIN2		0.016694656	
LMBRD1		0.016665136	
MAD2L2		0.016664753	
GSK3A		0.016663237	
SDHAF3		0.016659398	
AKT3		0.016624546	
C6orf136		0.016585933	
MT2A		0.016564697	
OTUD4		0.016547615	
BMS1P4		0.016510786	
PDCL		0.01644958	
LAPTM4A		0.016337054	
ZFYVE28		0.016232815	
STRAP		0.016124556	
GSTM2		0.016120246	
GORASP1		0.016102012	
ELAPOR2		0.016087828	
SPIN1		0.01607423	
MESD		0.016057836	
DNAJC16		0.016037665	
XPO7		0.01600261	
ACTA2		0.015947606	
CCDC142		0.015900014	
RNF168		0.015861822	
ZBTB38		0.015736025	
HK1		0.015723279	
UBA5		0.015722487	
GAS8		0.015690392	
BLZF1		0.015626041	
PCGF6		0.015495279	
SEC62		0.015442196	
METAP1D		0.015429808	
MED29		0.015407025	
LANCL1		0.0152963055	
CYSLTR1		0.015273395	
NEK4		0.015226561	
NOL3		0.015156078	
EPN2		0.015151004	
CDK2		0.015075154	
FANCL		0.015072989	
BEND7		0.015050596	
TMEM41A		0.014983371	
TATDN2		0.014965544	
CASP6		0.014960393	
CORO2A		0.014832909	
TCEAL1		0.014750477	
SOX13		0.014708586	
ZNF606		0.014589115	
PTPRN2		0.014572827	
SMAD1		0.014468598	
ZZEF1		0.014440202	
UBE2L6		0.01441911	
NAPB		0.014361535	
FGL2		0.014341087	
CHRNB2		0.014332409	
CPSF4		0.014325718	
ZNF398		0.014305347	
ANOS1		0.014281422	
MIOS		0.0140923	
MESP1		0.014022693	
MYO6		0.014017433	
VPS45		0.013925743	
EZR		0.013920388	
ODF2		0.013839329	
PTH1R		0.013698187	
TIMM13		0.01365181	
ASXL1		0.013647898	
HIVEP2		0.013611902	
CYTH1		0.013567574	
GLRX2		0.013549525	
THOC2		0.013540086	
CENPL		0.013515718	
OSTC		0.013445216	
TMOD2		0.013408585	
KIFC3		0.013388377	
NCDN		0.013321991	
WDR5		0.013257451	
CCNQ		0.013157773	
TMEM50A		0.013121006	
ADCY6		0.013119667	
TES		0.0131175285	
MICALL1		0.013116945	
RNF187		0.013115623	
PRKAB1		0.0131108565	
SKIC8		0.013091465	
IMPDH2		0.0130862165	
TMEM144		0.0130548775	
TSPAN4		0.01297549	
CCDC62		0.012930821	
ZBTB48		0.012884656	
PAPOLA		0.012851306	
RBM47		0.012794633	
RABEP1		0.012773409	
PPP2CB		0.012757406	
ZER1		0.012415798	
TNFRSF1A		0.012362096	
ABCF1		0.012269843	
ANAPC7		0.012269745	
BBS4		0.01224083	
STIMATE-MUSTN1		0.012200144	
AFF4		0.012195762	
EIF2B5		0.012171691	
FAM168B		0.012129837	
SALL2		0.012123099	
NUF2		0.012117592	
STARD13		0.012031385	
KATNAL2		0.012005067	
ARHGAP26		0.011974023	
SNX2		0.011890783	
OSGEPL1		0.0118363965	
RAB9B		0.011811409	
LRRC61		0.011794146	
CFAP44		0.011757023	
CHN1		0.011713093	
RRP36		0.011665081	
SLU7		0.011587243	
THTPA		0.011549686	
GTF2IRD1		0.011542954	
BAIAP2		0.011483128	
UFC1		0.011445995	
CSRNP3		0.011419623	
COL1A1		0.01137509	
MARK2		0.011240342	
KIF22		0.011238494	
FBXL14		0.011229129	
SERINC1		0.011180089	
ACAP2		0.011121077	
ZNF234		0.011019834	
SART1		0.010995345	
UBE3A		0.010950301	
CCDC137		0.010917633	
AFMID		0.010913964	
CIAO2A		0.010907174	
ZNF529		0.010896243	
TNFAIP1		0.010735222	
SMNDC1		0.01070331	
PGK1		0.010691118	
ZBTB40		0.0106269745	
RUVBL2		0.010587438	
CNOT4		0.0105654225	
PGLS		0.01052994	
SEC11C		0.010507473	
PDZD8		0.010473389	
PDLIM5		0.010458793	
PHYHD1		0.010367498	
PURA		0.0103136115	
YJU2B		0.01023082	
ZNF43		0.010205457	
RBBP6		0.010194596	
RALGAPA1		0.010025039	
ATL1		0.010019029	
TRIM38		0.010014231	
CEP89		0.009987063	
POLR2I		0.009958512	
ZNG1A		0.009930644	
USE1		0.009787749	
WDR1		0.009692167	
TUSC1		0.009679478	
BCAM		0.009628867	
SLC25A44		0.00960326	
ANKRD13C		0.009434879	
WIPF1		0.009417361	
RREB1		0.009408738	
ZNF131		0.009402549	
RIF1		0.009317493	
CEP295		0.009276906	
ING3		0.009274478	
DICER1		0.0092298575	
ANAPC13		0.009222874	
SLC35B3		0.0091703115	
SPCS1		0.009110906	
RBAK		0.009103687	
MTHFR		0.009070188	
TAF6L		0.009060682	
DHX37		0.009052368	
ZNF623		0.009017674	
NUP98		0.0089565525	
NUDT11		0.008953652	
APPL2		0.008889321	
CLDN11		0.008887321	
FAM199X		0.008842539	
POFUT2		0.008788026	
TASP1		0.008771579	
ZSWIM8		0.008736694	
USP21		0.008688274	
MTX2		0.0085426895	
ACOT8		0.008463158	
ZNF225		0.008452353	
ZNF429		0.008339345	
CUL5		0.008309025	
ACBD3		0.008177134	
COMMD6		0.008135562	
ATP1A2		0.008029375	
HSPA8		0.007992013	
MOCS3		0.007950018	
EEF1E1		0.007916399	
ZNF749		0.00788561	
GNG5		0.007880461	
MELTF		0.007866642	
VTI1A		0.007852005	
ITGA5		0.007823143	
S100A13		0.007814944	
GIT1		0.0077629453	
FAM120A		0.0077603757	
ZNF382		0.007699524	
CXorf38		0.00767559	
CD200		0.0076645683	
EI24		0.0076452005	
GPBP1L1		0.0076097287	
EFHC2		0.007514743	
GABPB2		0.0075036995	
ZNF7		0.007422851	
CILK1		0.0074016564	
KLHDC8B		0.0073659793	
NCOA5		0.0073657692	
ZDHHC14		0.00734526	
ATM		0.0073428336	
PLEKHA3		0.0072820447	
ZNF212		0.0072493576	
VPS26C		0.007216053	
VPS52		0.0071574477	
TRMT2A		0.0071119536	
CGREF1		0.007071713	
LEPROT		0.007023332	
TAB2		0.0070206295	
NR1D2		0.006963504	
PRKX		0.006959142	
TANGO6		0.0069377534	
CCDC97		0.006882193	
DTNB		0.00687844	
IFNGR1		0.0068405145	
CDK11B		0.006826766	
EIF5		0.006782207	
MECOM		0.006767307	
LTV1		0.006748041	
DNAJB14		0.006718245	
ANKS6		0.00670198	
E2F6		0.006630722	
GNE		0.0065676575	
EXOSC9		0.0065407613	
WDR13		0.0065296553	
PDZD7		0.0064942227	
KIN		0.0064757927	
YTHDF3		0.0064717457	
GEMIN6		0.0064637004	
CHD6		0.0064341156	
ADARB1		0.0063959532	
PRKAB2		0.0063811415	
SLC3A1		0.006351716	
ELF1		0.0063509815	
INPPL1		0.0063223625	
UBE2Z		0.0063149314	
N4BP2L2		0.0062634195	
XRCC4		0.006106521	
BAP1		0.006087278	
RRP1		0.0060855057	
LAMA3		0.006054783	
JADE3		0.006043518	
CCNDBP1		0.0060150037	
CHRAC1		0.0059807315	
EHBP1		0.0059636934	
ACTR2		0.005962456	
B4GALT4		0.005949258	
GGA2		0.0059457067	
BCS1L		0.005884924	
BLOC1S6		0.0058317543	
USP7		0.0057188943	
CRMP1		0.005681245	
TMEM69		0.0056779287	
CAPN1		0.005669433	
STT3B		0.00566755	
C5orf24		0.005662616	
VMA22		0.0056119813	
TP53		0.0055646203	
CASK		0.005490027	
PARP9		0.00548997	
CHUK		0.0054626055	
TARBP1		0.0054475465	
PSRC1		0.005384899	
SNX5		0.005344893	
CEP76		0.005284218	
ZNF438		0.005258673	
CDC25B		0.0052480064	
FAM168A		0.0052396883	
XPR1		0.00519647	
CAMTA1		0.005167759	
HACE1		0.0050939117	
SPATA6		0.00508857	
STRADA		0.0050831293	
ARID2		0.0050280644	
SCAND2P		0.0049103997	
ZNF595		0.004877326	
ACADL		0.004806951	
POLD2		0.0048042666	
TSNAX		0.004719717	
GSPT1		0.0047156187	
ZNF182		0.00463516	
PCDHAC1		0.0046321712	
MTFMT		0.0046012	
ZCCHC2		0.004514685	
PPIC		0.0044778595	
MRPS12		0.004466356	
IPMK		0.0044540726	
GK5		0.0043828054	
PSMA1		0.004380765	
NRF1		0.004316964	
LRRC28		0.0042618206	
RPF1		0.004251467	
PGBD4		0.004242298	
TRIM28		0.004148962	
TBCE		0.004139473	
CDC42		0.0041206386	
VTA1		0.004106066	
CSNK1A1		0.0040240553	
YARS1		0.0040018708	
DLL1		0.003970474	
WASHC4		0.003961031	
DNAH1		0.003936595	
KLF12		0.0038773182	
ZNF785		0.0038769513	
ROBO4		0.00383612	
CCDC14		0.003762162	
ZNF484		0.0036829563	
KAT6B		0.003680511	
TRPC1		0.0036580549	
FAM32A		0.003637284	
MSL2		0.0035999275	
VIM		0.0035366928	
ZDHHC21		0.0034429622	
NAP1L4		0.0033859026	
ZNF688		0.0033424236	
VWF		0.0032473488	
RAPGEF4		0.0032080102	
DHX16		0.0031832284	
VPS13B		0.0031256673	
CTNND1		0.0030620531	
MID2		0.003061534	
GPX4		0.0030530458	
RYBP		0.0030322159	
SPTY2D1		0.0029999074	
GPD1		0.0029916742	
IWS1		0.002912597	
SLC20A1		0.0028967396	
STEAP2		0.0028589955	
GOLGA1		0.0028536543	
NCOA7		0.0027031854	
RNPS1		0.0026638855	
CUTA		0.0025422191	
RSAD2		0.0025324107	
TXNDC17		0.0024468077	
ITIH4		0.0024229374	
EPC1		0.0024056586	
CHIC1		0.0024003892	
DCAF7		0.0023766132	
ZNF511		0.0021571908	
PRIM2		0.0021119427	
ZNF271P		0.0021006826	
FKBP1A		0.0019130318	
WBP11		0.0018771649	
TEP1		0.0017167634	
KLC4		0.0016432175	
CD300C		0.0015676297	
SMC3		0.0014740594	
IRF9		0.0014684565	
MECP2		0.0013912817	
SNX4		0.0013859452	
AP3B1		0.0013524765	
ANKRD12		0.0013415755	
VPS18		0.0012989069	
GIGYF1		0.0012919994	
LARS2		0.0012443118	
LATS1		0.0012256397	
ELOVL4		0.0012221964	
MGAT4A		0.0012129353	
APBB1		0.0011907158	
KLRC4		0.0011750199	
GIGYF2		0.0011618183	
MED10		0.00112872	
ZNF180		0.0011223387	
MARCHF8		0.0010796866	
ZNF510		0.001017292	
COL15A1		9.3551184E-4	
RAB33B		8.61061E-4	
BCL2L11		8.5853745E-4	
AP3M1		8.0383377E-4	
TSPAN9		7.6696917E-4	
ELAC2		7.625593E-4	
H1-4		6.251633E-4	
SENP6		5.866744E-4	
L3MBTL2		5.643731E-4	
SSR3		5.500567E-4	
DGKH		5.105647E-4	
DCUN1D4		4.67754E-4	
MRPL55		3.9906325E-4	
PKNOX2		3.928147E-4	
BRD2		3.7523368E-4	
GSDME		3.0010787E-4	
CRY1		2.9659038E-4	
UBXN2B		2.6694572E-4	
RPAP1		2.6289013E-4	
PDZD9		2.480816E-4	
SLC29A1		2.4194505E-4	
DOCK4		2.1888957E-4	
EPS15L1		1.9980027E-4	
FBXW2		1.6552217E-4	
ZNF649		1.2489982E-4	
RBM27		1.0188218E-4	
CYP2U1		7.802314E-5	
ZMYM4		6.416349E-5	
ZBTB26		5.7058683E-6	
OSGIN2		-7.5496886E-5	
TMEM185B		-8.964609E-5	
ITGAE		-1.1314794E-4	
RHOBTB2		-1.208231E-4	
CREBBP		-1.3712807E-4	
MACROH2A2		-1.9844987E-4	
ZNF791		-3.1495537E-4	
SLC30A5		-3.531205E-4	
TLR4		-4.032459E-4	
VHL		-4.1071008E-4	
NOL8		-4.500209E-4	
GLUD1		-4.6553332E-4	
ZNF37A		-4.7887294E-4	
SNRPB		-4.9066456E-4	
RBFA		-5.4883456E-4	
BCOR		-5.5269897E-4	
SUMO1		-6.2669953E-4	
NBL1		-6.542592E-4	
CLASP2		-6.562332E-4	
CDC40		-6.72498E-4	
CHD8		-6.921755E-4	
ZNF618		-7.3592435E-4	
ZNF501		-7.4716914E-4	
PRRC2C		-7.6800183E-4	
SDCCAG8		-7.8568247E-4	
PHF7		-7.9149E-4	
RNASEH1		-7.991313E-4	
TLCD1		-8.1010157E-4	
SUSD3		-8.2392927E-4	
ORC3		-8.766297E-4	
CENPP		-9.743298E-4	
GPX7		-9.898872E-4	
KDSR		-0.0010501873	
MRM2		-0.0011075601	
RNF24		-0.0011293523	
SLC16A12		-0.0011571478	
SLC7A2		-0.0012378949	
TEDDM1		-0.001309512	
POMP		-0.0013136881	
ZNF462		-0.0013204685	
RUNDC3B		-0.0013833086	
CCDC65		-0.0013984047	
LRRFIP1		-0.0014088707	
MT1M		-0.0014496543	
IMP3		-0.0015015966	
ADCY10		-0.0015833105	
TMEM62		-0.0016070099	
DUSP5P1		-0.0016196613	
FMO6P		-0.0016577503	
TNFSF12-TNFSF13		-0.0016771104	
ALKAL2		-0.001704253	
SLC25A32		-0.0017100151	
AVL9		-0.0017746185	
EXOG		-0.0018180863	
ALKBH7		-0.0018370198	
AKR1A1		-0.0018687438	
LRRC49		-0.0018885911	
SYS1		-0.0018903703	
CSNK1D		-0.0018972023	
EEF1DP3		-0.001956436	
IQCH		-0.0019709507	
IQCK		-0.001989486	
AXL		-0.0021459816	
TBPL1		-0.0021684007	
UBXN4		-0.002263831	
SCML2		-0.0023142428	
PRKDC		-0.0023492677	
WDFY3		-0.0025037914	
PRKCSH		-0.0025758531	
GARIN6		-0.002604545	
CLCN7		-0.0026424914	
CTPS1		-0.0026428238	
TMED8		-0.0026975705	
RPRD2		-0.0027352197	
REP15		-0.0027535225	
ELAVL1		-0.0028005512	
PSMB10		-0.0028473642	
DPY19L3		-0.0028978316	
ZNF664		-0.0029233072	
PABPC3		-0.0029776164	
RUFY3		-0.0029784325	
GPAT4		-0.0030662687	
ZNF770		-0.0030985724	
COMMD3		-0.003101479	
STOX2		-0.0031193038	
JAM3		-0.0031424833	
SPAST		-0.0031500545	
PEX26		-0.0031683801	
COMMD9		-0.0031802019	
LOH12CR2		-0.0032496492	
UPF2		-0.0033897504	
VPS13C		-0.0034007146	
C5orf22		-0.0034696697	
PIGV		-0.0034797573	
ARHGAP20		-0.0034918874	
CALB2		-0.003536393	
PDCD7		-0.0035605174	
BICRA		-0.0035907032	
SECISBP2		-0.0035949766	
ARGLU1		-0.003621912	
PAN2		-0.0036662377	
RUNX1T1		-0.0037030997	
STK3		-0.0037183634	
ZNF420		-0.0037303613	
MIR548AA1		-0.003886138	
MIER3		-0.0038966825	
NID1		-0.004036705	
LRRC58		-0.0040937676	
CHD9		-0.004113979	
CNTD1		-0.0041412995	
FAM149A		-0.004161703	
VEZF1		-0.0043009333	
TPRG1L		-0.004301019	
RNF152		-0.004329306	
FOXO4		-0.0043459125	
UNC93B1		-0.0043722237	
SMC6		-0.0043902826	
CSNK1G1		-0.004475797	
SYPL2		-0.0045684953	
ADD1		-0.004571649	
PA2G4P4		-0.00459382	
MAP1LC3B		-0.004608296	
PNP		-0.0046108253	
GLTP		-0.0046211923	
BBS9		-0.0046563973	
OPA1		-0.004690115	
EEF1AKMT1		-0.004743739	
AMOTL1		-0.004745445	
ATP6V0E1		-0.0047611026	
NEK1		-0.0047621042	
NRSN2		-0.0047807386	
RIPOR3		-0.0048041204	
TMEM33		-0.0048274603	
CRB1		-0.0048376117	
TAF8		-0.0048713037	
STAT2		-0.0048763813	
MDK		-0.0049043833	
MME		-0.0049447585	
CBX3		-0.004973966	
FAM8A1		-0.0050492557	
IL32		-0.005111578	
EHMT2		-0.0051759225	
SELENOF		-0.0051936717	
MTR		-0.005204237	
SPG7		-0.0052470136	
SETX		-0.005290278	
PSMC2		-0.00529875	
TCF7L1		-0.0053543346	
RRP8		-0.005444959	
AATF		-0.005583499	
FMNL3		-0.005605052	
HACD4		-0.0056915516	
MGAT1		-0.005793595	
SLC2A1		-0.005801256	
HIPK2		-0.0058458466	
CUL9		-0.0059208367	
USP14		-0.005999241	
MKRN2		-0.0060253516	
NUP37		-0.0060345083	
LZIC		-0.0060654394	
INTS6L		-0.0060707247	
CBX1		-0.00613353	
PRDM10		-0.006147375	
ZNF542P		-0.006174858	
KIAA0586		-0.006213047	
DYNLT2B		-0.006229906	
NANOS1		-0.006231353	
HCCS		-0.006260258	
STX17		-0.0062778373	
HACD3		-0.0062834485	
TXNDC11		-0.006297171	
ERC1		-0.006314651	
RBKS		-0.0064016017	
TUBA1B		-0.0064111864	
THUMPD1		-0.006428835	
EIF4E2		-0.0064441753	
WDR73		-0.00649447	
BCAP29		-0.0065727183	
CCNA2		-0.0065926565	
STUB1		-0.006597458	
MFSD3		-0.0066005182	
SEPHS2		-0.006658689	
ZYG11B		-0.0066610426	
OSBPL10		-0.0066834916	
CPQ		-0.006692779	
SLC39A14		-0.0067880875	
TNPO1		-0.0068182223	
SELENOT		-0.0068261162	
C22orf39		-0.006845165	
RIC1		-0.0069116233	
ZBTB11		-0.006978346	
CHM		-0.0069902823	
NUP153		-0.0070069446	
ACSS1		-0.0070276014	
APOC1		-0.0071630618	
PPP4R1		-0.007304934	
GMEB1		-0.0073206984	
MBD1		-0.007337543	
UTP18		-0.007338224	
RAD1		-0.007416033	
SYMPK		-0.0074460357	
MRPS34		-0.007550972	
ERCC3		-0.007570944	
ATP6V1H		-0.0075967745	
TTC39B		-0.007608301	
LRIG3		-0.0076169213	
YIPF3		-0.007653895	
MRPL37		-0.0076908995	
PUS3		-0.0077355485	
SNW1		-0.007776452	
SUCNR1		-0.0077808467	
NECAP1		-0.0077987043	
CX3CL1		-0.007844907	
ZMYM2		-0.007939851	
DEPDC5		-0.007962818	
MANBAL		-0.008001177	
TPH1		-0.0080295345	
NECTIN3		-0.008070504	
SEMA6A		-0.008112573	
TBC1D23		-0.008200512	
EXD2		-0.008248849	
JRKL		-0.008285868	
RTP4		-0.008293616	
RSF1		-0.008294969	
SNF8		-0.00830944	
CAMK2N1		-0.008323313	
MYL6		-0.008333374	
UBE3C		-0.008344144	
YPEL1		-0.008386974	
NOCT		-0.00841474	
SNAP47		-0.008416005	
CDK16		-0.008493794	
PUDP		-0.008549472	
PAAF1		-0.008551616	
TAOK3		-0.008563969	
ARAF		-0.008564542	
HMGXB3		-0.008566046	
KLHDC7A		-0.008566807	
BRF2		-0.0086327735	
CTNNBL1		-0.008640113	
RIN3		-0.008644445	
LAS1L		-0.008692894	
TBC1D13		-0.0086962115	
SMARCD2		-0.008713543	
NUP43		-0.008714725	
SNORA67		-0.008737137	
ADAM20		-0.008788261	
DICER1-AS1		-0.008796941	
TFB2M		-0.008859876	
ZDHHC7		-0.008890952	
CCDC71		-0.008937725	
TMEM80		-0.008945077	
CAPRIN2		-0.008958851	
CFAP263		-0.008959961	
MYOZ2		-0.008965677	
HR		-0.008989055	
EIF4G3		-0.008999523	
GPS2		-0.009085285	
TBC1D25		-0.009279533	
TOP1MT		-0.009328021	
FRYL		-0.009344476	
GAB2		-0.009382212	
SRSF10		-0.009390205	
RECQL5		-0.009467034	
STK11IP		-0.009537402	
RPA2		-0.009543462	
GADD45GIP1		-0.009616048	
BPTF		-0.009711071	
DHFR		-0.009734537	
GNAI3		-0.0098553095	
PNMA2		-0.009935067	
VPS50		-0.009966838	
UBR3		-0.009972988	
AMACR		-0.009988219	
TRA2B		-0.009995113	
ZNF625		-0.010006993	
NHLRC2		-0.010016724	
STIP1		-0.010161096	
ZNF718		-0.010162518	
VPS13D		-0.010172427	
ZNF251		-0.010172918	
MON2		-0.010242095	
COQ7		-0.01028311	
ZNF528		-0.010323565	
CLTB		-0.010324317	
TUBGCP3		-0.01042027	
EXOSC10		-0.010456691	
IFITM1		-0.010460326	
CWC27		-0.010488388	
OTUD5		-0.010529951	
BTK		-0.010535279	
DSCAML1		-0.010598102	
DGCR8		-0.010605926	
GFPT2		-0.010611082	
ZNF788P		-0.010651295	
TLR3		-0.010659536	
DHRS11		-0.010696583	
GAPVD1		-0.010736709	
AK3		-0.010764243	
GFER		-0.01079452	
GDAP2		-0.010807273	
CXXC1		-0.0108821355	
SUPT6H		-0.010907785	
SETD3		-0.010946281	
ADGRA3		-0.0110032605	
TNKS2		-0.0111034475	
PPP1R26		-0.011106046	
OPTN		-0.011120312	
FUT4		-0.011120675	
AQP3		-0.011140855	
DAZAP2		-0.011273217	
ZNF655		-0.011381856	
FAM111B		-0.0115222735	
TOP3B		-0.011551266	
MED16		-0.011583551	
ZFY		-0.011665016	
PRRC2B		-0.011748747	
NME2		-0.011757822	
CIB1		-0.0117868185	
MMP2		-0.011794561	
EPG5		-0.011819962	
CERS5		-0.011986827	
ALDH18A1		-0.012022298	
RBP4		-0.0120274285	
U2AF1L4		-0.012050848	
TAF11		-0.012058875	
ANKRD39		-0.012060687	
PPM1K		-0.012121045	
E2F2		-0.012158826	
ATP6V0B		-0.012159612	
RSKR		-0.012282846	
FHIT		-0.012313402	
TSPYL6		-0.012340349	
DNAJB11		-0.012435895	
SERINC4		-0.01244967	
CALCOCO1		-0.012761439	
TMBIM6		-0.012836146	
FOXK1		-0.012872656	
PCDH1		-0.012905022	
PAK2		-0.01292275	
ANAPC1		-0.0129879955	
SLC38A9		-0.013053183	
EDA		-0.013063313	
TMX2		-0.013069236	
SNX1		-0.013095835	
SDR42E1		-0.013102439	
PRPF8		-0.013135993	
MRPS16		-0.013208054	
MIGA1		-0.013212859	
ESCO1		-0.013325082	
PPP2R5D		-0.013344601	
PLEK		-0.0134596275	
ADNP		-0.013509952	
SLC35A2		-0.013538765	
HSPA4		-0.013602745	
SLMAP		-0.01361585	
RASAL2		-0.013675207	
PTGES2		-0.013696413	
BCL9		-0.013721984	
STX11		-0.01372554	
CEP72		-0.013745959	
ZNF611		-0.013768665	
DPP9		-0.013790561	
KCNQ4		-0.013849237	
INO80C		-0.01386156	
TMT1A		-0.013910461	
COPS4		-0.013934902	
LRP3		-0.014105563	
WDR47		-0.014205963	
UBE2D3		-0.014224334	
SRC		-0.014269284	
CTSC		-0.01429629	
REXO4		-0.014297972	
YY1AP1		-0.014300692	
TBRG1		-0.014304515	
CELF2		-0.014319777	
BICRAL		-0.014350497	
INE2		-0.014360504	
PPIEL		-0.014455481	
CDADC1		-0.014459456	
CASTOR1		-0.0144612035	
ANKRD11		-0.014476862	
ZDHHC6		-0.014511279	
REEP2		-0.014559078	
PLIN1		-0.014562618	
ABI2		-0.01464702	
C12orf75		-0.014680421	
AOC3		-0.014731231	
TMED11P		-0.014790157	
DMWD		-0.0148343835	
ITPR3		-0.014857332	
HSPA1A		-0.014873705	
TP53BP1		-0.014889716	
CENPC		-0.01494335	
MAP2K7		-0.014943591	
SNN		-0.014992433	
NUDT16		-0.015037235	
RAD50		-0.015048499	
PTPRG		-0.015081524	
PSMA4		-0.015082827	
BCL2L13		-0.015181958	
KLHL14		-0.01521074	
ZNF580		-0.015275707	
SBF2		-0.0153112775	
LGALS2		-0.015379544	
CPT1A		-0.015437169	
MTG2		-0.015548233	
SLC22A25		-0.015563982	
PHF6		-0.015670722	
TMEM88		-0.015706468	
CBFA2T2		-0.01571468	
SAMD11		-0.015723791	
CMTM6		-0.01572627	
GTF2E1		-0.015728546	
TTTY14		-0.01588852	
CDC16		-0.015939122	
NARS1		-0.015998017	
FBP1		-0.016035825	
PDGFB		-0.01605955	
RIPK3		-0.016122015	
GSE1		-0.016203808	
ATP6V0A1		-0.016214926	
ZNF277		-0.016224038	
KLF13		-0.016313994	
HOXD3		-0.016332688	
PARD6A		-0.016374398	
RBMS3		-0.016394483	
ARL6		-0.01643228	
EHMT1		-0.016434928	
QSER1		-0.016564889	
RAB13		-0.016580245	
FBXW4		-0.016580684	
ARL5B		-0.01663989	
CARF		-0.016645176	
YRDC		-0.016686767	
TNRC18		-0.016795103	
TMEM131		-0.016805891	
SELENBP1		-0.016809119	
ERGIC3		-0.01683397	
MAPK8		-0.016884565	
ATP11A		-0.016892646	
THEM4		-0.01691925	
RHEB		-0.016995206	
HLA-A		-0.017085712	
GSTZ1		-0.017114544	
RNF121		-0.017172817	
MTFR1		-0.017189052	
ZNF326		-0.017194193	
FTSJ3		-0.017202187	
FAR2		-0.017208204	
TMEM216		-0.017247686	
MPRIP		-0.017354876	
GOLGA8A		-0.017366106	
APLF		-0.017366735	
TRIM2		-0.017393729	
KLHL6		-0.017404951	
FPGT		-0.01742883	
ZEB1		-0.017446958	
HAS3		-0.017484484	
ARSD		-0.017508116	
NPRL3		-0.017547082	
IPO7		-0.017554492	
DHX29		-0.017660918	
PRR9		-0.01767265	
SMAD2		-0.017681591	
TNFSF13		-0.017699651	
BAHD1		-0.017744955	
SLC20A2		-0.017810019	
INTS3		-0.017832067	
SHISA5		-0.01785873	
RETREG2		-0.017899979	
TFCP2		-0.017906198	
ARL10		-0.0179062	
ZC3HAV1		-0.017913545	
C1orf174		-0.017929856	
CERS2		-0.0179715	
DCAF5		-0.017995946	
CDK13		-0.018055934	
TFAP2E		-0.018105406	
NANS		-0.018127488	
NDRG1		-0.018143693	
EIF4A1		-0.018145123	
RAE1		-0.018145695	
UBE4A		-0.018154146	
NABP2		-0.018164245	
CD274		-0.018166067	
PGAM2		-0.018334327	
HUWE1		-0.018360393	
TUG1		-0.018403035	
FBXO33		-0.018486343	
UBIAD1		-0.01849414	
UBTF		-0.018501615	
MMRN2		-0.018506154	
NXPE3		-0.018546669	
METTL21A		-0.018561302	
BTBD1		-0.018593062	
NUP85		-0.018603837	
FASTKD5		-0.018640086	
SLBP		-0.0187373	
RNF216P1		-0.018783892	
ADA2		-0.018826988	
POLG2		-0.01885757	
PRRC2A		-0.018885614	
KCTD2		-0.018927872	
HOXA11		-0.018958397	
ZNF557		-0.018976517	
RNF11		-0.018978847	
STAG3		-0.018991714	
PRDX1		-0.019080527	
CTSF		-0.019162374	
ARAP1		-0.019162491	
ZNF778		-0.019184442	
STRN		-0.019208405	
GIPC2		-0.019290967	
ARHGAP12		-0.019310527	
OLFML2A		-0.019351881	
PARP11		-0.01936835	
SMOX		-0.019438224	
G3BP1		-0.019504836	
MORN4		-0.01953972	
TRMT12		-0.019611519	
MATN2		-0.019712802	
PPP1R10		-0.019714817	
SNX15		-0.019752635	
PHF20		-0.019757733	
RPS6KB1		-0.019788666	
USP38		-0.019864786	
GLCE		-0.02000475	
KIAA1143		-0.02019453	
PPP1R3G		-0.020209445	
TNRC6B		-0.020211075	
POC5		-0.02025351	
MACROD2		-0.020263402	
NDUFC1		-0.020271823	
WASF2		-0.020363461	
LPXN		-0.020405134	
PIM3		-0.020456325	
UBAP1		-0.020476654	
ZNF773		-0.020486439	
PPIL4		-0.020556036	
UBE2R2		-0.020586843	
G6PD		-0.02059323	
ZKSCAN1		-0.020616006	
ZNF17		-0.02066645	
EMC4		-0.02066874	
CDNF		-0.020709828	
SLC33A1		-0.020874066	
SNRNP200		-0.02088501	
ZBED4		-0.020892052	
TMEM117		-0.021010352	
STYX		-0.021113312	
MFSD8		-0.021163573	
CAPRIN1		-0.021198569	
DCUN1D2		-0.02129444	
RSPRY1		-0.02131955	
VRK2		-0.021352014	
CLK2		-0.021413147	
SUGP2		-0.02148606	
TTBK2		-0.021506697	
GMPR		-0.021526854	
ZNF768		-0.021579769	
AFAP1L1		-0.021596005	
SPDL1		-0.021607012	
RNF139		-0.021624304	
C9orf78		-0.021659648	
ARG2		-0.021697225	
ADIPOR1		-0.021715274	
ZNF513		-0.021717742	
KLHL11		-0.021736735	
LMNB2		-0.021739926	
ERVFRD-1		-0.021761939	
SKIC3		-0.021782117	
GAREM2		-0.021821717	
ASPHD2		-0.02184585	
CENPS-CORT		-0.021882523	
SMURF2		-0.021926142	
FANCA		-0.021956865	
PEX7		-0.021978846	
HDAC4		-0.02198001	
SIM1		-0.021990674	
GHRLOS		-0.02200486	
ABT1		-0.02205381	
NFKBIA		-0.02208593	
POU6F1		-0.022106374	
CD38		-0.022175403	
ZNF641		-0.022180853	
TUT4		-0.022249328	
ZFP3		-0.02228712	
NUDCD2		-0.02230847	
GRIPAP1		-0.02235998	
DENND6A		-0.022374863	
NDUFS7		-0.022470562	
KDM6A		-0.022473862	
CENATAC		-0.022492126	
GGPS1		-0.02253495	
TMEM167A		-0.022549225	
MFSD4B		-0.02269885	
LARS1		-0.022718145	
TBC1D31		-0.022731645	
AARSD1		-0.02273976	
RALGAPB		-0.022766205	
PTGR1		-0.022787796	
RPS6KC1		-0.022843868	
TMEM86B		-0.022885093	
ST3GAL3		-0.023006087	
JMY		-0.02303526	
S100PBP		-0.0231252	
C17orf100		-0.023158478	
POLE		-0.02321223	
IGSF10		-0.023238538	
DHX36		-0.023251904	
RMDN3		-0.02335921	
SLFN13		-0.02336741	
H2BC7		-0.023429705	
PIKFYVE		-0.023444232	
NEFH		-0.023486124	
MARS1		-0.02349969	
TOMM5		-0.023516938	
INCENP		-0.023542935	
HDAC7		-0.023602339	
MCM3		-0.023614544	
PES1		-0.023767777	
ARMCX1		-0.023780076	
SIPA1L3		-0.023794059	
ANKH		-0.023853337	
AHI1-DT		-0.023872994	
TCF20		-0.023915997	
TMEM179B		-0.023940051	
MFNG		-0.023946201	
CENPT		-0.023986472	
SERINC3		-0.024047436	
NAA30		-0.024049744	
DCAF10		-0.024101313	
CCDC117		-0.024146995	
ZNF614		-0.024173308	
ABCB8		-0.024218341	
MOSPD3		-0.024289515	
PIGH		-0.0244154	
BMP1		-0.02442282	
PTRH1		-0.024462268	
SPTLC3		-0.024469234	
ZFP36L1		-0.024469558	
CCDC69		-0.024535485	
UBN1		-0.02465004	
IHO1		-0.02465964	
HNRNPLL		-0.024704851	
CYP3A5		-0.024717605	
WAPL		-0.024762183	
MRFAP1		-0.02484801	
ZNF267		-0.025064975	
C4orf46		-0.025066607	
KLHL22		-0.02519018	
SLCO3A1		-0.025236793	
COX7A1		-0.025262237	
ZNF345		-0.025315693	
RBBP8		-0.025395146	
SPRY1		-0.025407063	
SETD5		-0.02545123	
TMEM161A		-0.025451247	
IER5		-0.025704382	
ZNF141		-0.025772978	
ZNF256		-0.025854867	
CMC4		-0.025886612	
SARM1		-0.025950065	
ANAPC5		-0.02596358	
KLF5		-0.025965827	
EBPL		-0.025983967	
ASB1		-0.026034653	
FAM76A		-0.026084345	
BBS7		-0.026267486	
EHD1		-0.026282618	
IQCN		-0.02634514	
SNTB2		-0.02647238	
LIN54		-0.026487224	
KLHL9		-0.026491178	
POLR2B		-0.026512012	
SLC39A4		-0.026565868	
YY1		-0.026630972	
TM7SF3		-0.026747564	
WIZ		-0.026769381	
ZNF148		-0.026821718	
RBM15B		-0.02712787	
UTP15		-0.027217021	
GSC		-0.027294371	
EFCAB14		-0.027334481	
JOSD1		-0.02734078	
PARP1		-0.027346427	
USP2		-0.02738151	
MUTYH		-0.02753772	
COPZ2		-0.027545452	
COPS9		-0.027607007	
RFX5		-0.027638664	
CLSTN1		-0.027648164	
SNHG8		-0.02766738	
CHD3		-0.027667552	
WHRN		-0.027707418	
ZNF407		-0.027746629	
NUBP2		-0.027767247	
ITM2A		-0.027776951	
PATZ1		-0.027785655	
NAGK		-0.027897017	
PAWR		-0.027917601	
ATXN3		-0.027918434	
ATP7A		-0.027948223	
TMEM123		-0.027948491	
ARHGAP45		-0.02794858	
FLI1		-0.027955413	
SACS		-0.027973015	
RARA		-0.027984444	
CASP10		-0.027998168	
ZBTB8A		-0.028016064	
MAP3K6		-0.028106762	
MGST3		-0.028138207	
YAF2		-0.028288312	
CC2D2A		-0.028343486	
POLR3GL		-0.02836429	
DHX57		-0.028415242	
MFAP1		-0.028469335	
MICU3		-0.028585207	
POLG		-0.028689045	
TMEM94		-0.02869077	
NAXD		-0.028778655	
AGPAT1		-0.029063724	
SEPTIN7P2		-0.029074049	
ARHGAP31		-0.029093347	
SCAF8		-0.029106582	
ST6GALNAC4		-0.029174086	
ZNF44		-0.029188972	
C22orf23		-0.029380342	
AFG3L2		-0.029407235	
ATG7		-0.029508473	
NCK2		-0.029585538	
DDX19B		-0.029668488	
FBXO46		-0.02967027	
PRRT2		-0.029724423	
ASCC1		-0.029817615	
KIAA1191		-0.029823665	
SYT11		-0.029932765	
CTCF		-0.029943975	
MEMO1		-0.030012187	
C1QTNF7		-0.030038454	
ODC1		-0.03006684	
THAP10		-0.030140411	
TUBG1		-0.030140638	
BRMS1		-0.030142449	
ARRDC1		-0.030191245	
HDAC8		-0.030226022	
PI4KB		-0.030247413	
MRPL34		-0.03027721	
MCM3AP-AS1		-0.030288018	
APPL1		-0.030394519	
FUBP3		-0.030399289	
ZNF79		-0.030434573	
SRPRA		-0.03049538	
LYAR		-0.03055177	
TAS2R4		-0.030563507	
UBLCP1		-0.030657513	
NT5DC3		-0.030682568	
HERC4		-0.030698942	
IER2		-0.030713066	
FRS2		-0.030924505	
KCND1		-0.030933993	
COX15		-0.031025013	
ASAP1		-0.031039895	
MPI		-0.031255044	
PRAF2		-0.031264372	
CYYR1		-0.03127887	
EXOC6		-0.03138572	
STRIP1		-0.03151417	
MICAL2		-0.0315818	
C1QTNF3		-0.03161619	
ZSWIM3		-0.031738263	
ACOT9		-0.03174322	
COL18A1		-0.0317487	
NAA38		-0.031769216	
CD40LG		-0.031781163	
NARS2		-0.031815425	
PPHLN1		-0.03182311	
DCTN2		-0.03183188	
NLGN3		-0.03195879	
NFIA		-0.032072175	
URM1		-0.032104082	
FTSJ1		-0.03214182	
CMTM7		-0.032355376	
HERPUD2		-0.03235868	
SDCBP2		-0.03237154	
ARMC8		-0.032375704	
RC3H2		-0.032437366	
DEDD		-0.032550946	
ZFP28		-0.03257801	
CLDN22		-0.032583237	
NUP205		-0.032605555	
ACBD5		-0.0326369	
RINT1		-0.032661095	
PINK1		-0.03279909	
ACTR1B		-0.032814138	
PIPSL		-0.032820653	
ZNF28		-0.032860722	
PIH1D1		-0.03286711	
ALYREF		-0.03287962	
TAPT1		-0.032934405	
DGAT2L6		-0.032940652	
GPN2		-0.03297637	
MIA3		-0.032988172	
FAM98B		-0.03303395	
UCP2		-0.03313658	
NUPR1		-0.03314238	
APOOL		-0.0332257	
PHAX		-0.033231255	
EIF4E		-0.0332442	
TOM1		-0.033263672	
ZNF346		-0.03334526	
PIK3C2B		-0.033356845	
STAT6		-0.033374865	
RRP15		-0.033379257	
PATL1		-0.033384077	
IFIT2		-0.033394877	
SFSWAP		-0.03341525	
CHD4		-0.033508465	
FAM200B		-0.0335297	
AKAP13		-0.033556033	
ADRA2C		-0.03356025	
NPEPL1		-0.03362901	
TCEAL8		-0.033658843	
STAU2		-0.033713426	
HAS2		-0.033729706	
CEACAM19		-0.033791393	
ZNF121		-0.03392743	
UBE2G2		-0.033939667	
SS18		-0.03399514	
B3GNT5		-0.03400262	
FLNB		-0.03407953	
INTS10		-0.03408373	
ZNF585A		-0.03408492	
PPIP5K2		-0.034160998	
ZNF638		-0.034162607	
TNRC6A		-0.03417877	
PPID		-0.034188073	
APOL6		-0.03425576	
NT5DC1		-0.034319606	
TMEM14B		-0.034365226	
NOS1AP		-0.034368128	
SH3BP5		-0.034467984	
RALGDS		-0.034471743	
ZNF292		-0.03447696	
GRIN3B		-0.034536503	
TCEAL3		-0.034553725	
XRCC1		-0.034588642	
SHOC2		-0.034681875	
SURF6		-0.034691356	
LRRC57		-0.034711313	
AKAP8		-0.034729533	
COCH		-0.03483727	
ZNF573		-0.03484729	
ABHD16A		-0.03498194	
IER3IP1		-0.035034176	
ZFHX4		-0.03515687	
CRYBG1		-0.035193067	
FAR1		-0.035220336	
CCDC148		-0.035220977	
GPRASP2		-0.03522903	
TSPAN14		-0.03543232	
CLTA		-0.035440657	
DUSP11		-0.035502072	
LEO1		-0.035569828	
STX12		-0.035581045	
ATP6V1E1		-0.035657346	
SLC35F2		-0.035701778	
RAI1		-0.035797544	
HOOK3		-0.035815693	
AZIN1		-0.03588059	
MTIF3		-0.035935123	
IMMP1L		-0.035981003	
STRN3		-0.03607618	
LMAN1		-0.036164	
LCOR		-0.03625984	
GANC		-0.036274735	
RNF217-AS1		-0.03628635	
KCTD20		-0.036352422	
RFXAP		-0.036359884	
HINT1		-0.036457237	
KRIT1		-0.03647526	
RBM3		-0.036542602	
NCOR1		-0.036576655	
FOXN3		-0.036587067	
SPARCL1		-0.03665379	
SRY		-0.036810957	
MORF4L2		-0.036818694	
GPKOW		-0.036824036	
WARS1		-0.036828328	
MGST1		-0.036861222	
ZBTB5		-0.036870718	
RIOK3		-0.036877315	
SLC66A2		-0.0369293	
JMJD1C		-0.036951967	
GABRB3		-0.036989115	
VPS25		-0.03712741	
ASB8		-0.037147775	
ATXN2		-0.037189126	
SLC27A3		-0.037195146	
CEP350		-0.0373094	
ZNF717		-0.037320152	
ABR		-0.037343968	
SLC16A3		-0.03739103	
VAV3		-0.037448477	
SLC1A4		-0.03748104	
XIAP		-0.03750591	
TBRG4		-0.037510663	
TRIM58		-0.037545968	
PI4K2B		-0.037552394	
MAT2A		-0.037574504	
FBXL17		-0.037619915	
NSD2		-0.037646767	
CCDC121		-0.03769217	
ANGEL2		-0.037754968	
ZNF263		-0.037793204	
SLC25A16		-0.037811905	
FHOD1		-0.037944615	
BLMH		-0.03796942	
NOP58		-0.038004134	
EPB41L5		-0.038008753	
FBXL19		-0.03804684	
GOT1		-0.03807496	
LRRC39		-0.03809505	
ZNF609		-0.038098548	
LSP1		-0.038126547	
CFAP70		-0.038145564	
ZNF224		-0.03815938	
NAT9		-0.038206704	
PGD		-0.03833452	
PRIMPOL		-0.038348787	
TIMM22		-0.038351975	
ARHGAP10		-0.03840373	
LYRM7		-0.038455237	
MED27		-0.038461473	
STEAP1		-0.038532667	
BOD1L1		-0.03858564	
SREK1		-0.038609892	
SRP54		-0.03864705	
USP10		-0.03865643	
PLA2G12A		-0.038683973	
AARS2		-0.038703073	
SLC16A1		-0.038710702	
RRP12		-0.03872503	
ZNF383		-0.038725123	
BAD		-0.038742855	
INO80D		-0.03890689	
VASH2		-0.039051734	
CYGB		-0.039101806	
TMEM116		-0.039154287	
EARS2		-0.039170388	
SANBR		-0.039243616	
ANPEP		-0.03924627	
SHF		-0.039255235	
QTRT1		-0.03925802	
PRKRIP1		-0.039299667	
SYTL3		-0.039342817	
PIR		-0.039398734	
NBR1		-0.039419807	
COX10		-0.03951703	
TXNDC12		-0.039517574	
CDON		-0.03954152	
MDN1		-0.03956034	
RING1		-0.03957867	
SUSD6		-0.03959424	
SRSF8		-0.039628416	
BCL10		-0.039642267	
PMF1		-0.03968132	
FAF1		-0.039864194	
TADA2B		-0.039897766	
SYT2		-0.039907727	
TTPA		-0.039958928	
RAD18		-0.039964493	
UBN2		-0.040005423	
TIE1		-0.040081665	
ABCA9		-0.040094156	
ADAR		-0.04009815	
MFF		-0.04014028	
EIF3B		-0.040150598	
VPS33A		-0.04017011	
ATAD1		-0.040174615	
CNTROB		-0.04017822	
IFI27		-0.040182512	
TRIM44		-0.040237874	
C2orf69		-0.04025116	
BET1L		-0.04027685	
SNHG4		-0.04028991	
SIX4		-0.040338714	
NDUFB2		-0.040341936	
IKBIP		-0.04038601	
CCAR1		-0.04038964	
C21orf91		-0.040404674	
LIFR		-0.04043934	
KLHL21		-0.040501606	
PLAUR		-0.0405268	
SMAD4		-0.04053078	
GTDC1		-0.040553298	
NUDT18		-0.040622044	
CFL2		-0.040628415	
RPP21		-0.040711813	
PABPN1		-0.040724583	
SUN1		-0.04086625	
ASL		-0.040897537	
ZNF701		-0.04091876	
MTHFSD		-0.040931437	
PFN4		-0.040933527	
MTERF3		-0.04094011	
LINC00174		-0.04099064	
ZFAND2A		-0.04102556	
JAK2		-0.041085105	
POLR3H		-0.04111329	
ZNF84		-0.041123554	
GTF2A2		-0.041124072	
RNF181		-0.041130915	
NBR2		-0.041205484	
CPEB2		-0.041216616	
PSPC1		-0.041223094	
NCBP2		-0.041232157	
PSMD13		-0.04132643	
SMYD4		-0.041338757	
MEST		-0.041359827	
SIRPA		-0.041436385	
EGFL8		-0.041450344	
DCTN4		-0.04145463	
MAP3K11		-0.041479614	
HMGB1		-0.04149093	
MBD5		-0.04153562	
SETD2		-0.041540354	
PLPPR4		-0.041593134	
SHMT2		-0.041617442	
TMEFF2		-0.041620266	
TXNDC16		-0.04167849	
NOP14		-0.04169542	
SRGAP2B		-0.041780062	
PPP2CA		-0.041827474	
WDR43		-0.041851316	
HOXA7		-0.041866954	
SAMM50		-0.041920304	
RO60		-0.041938	
NPTN		-0.0419785	
ZNF765		-0.042100515	
STX8		-0.042119715	
TMEM126B		-0.04212705	
RWDD1		-0.04221341	
ELK3		-0.042278167	
VPS53		-0.042297397	
COPS3		-0.04234414	
PRPF38B		-0.042420544	
PQBP1		-0.04242448	
MAP9		-0.04243163	
CDK2AP2		-0.042492587	
HMCN1		-0.042578693	
GNL2		-0.042606182	
TMED1		-0.04266211	
ACE		-0.042769738	
TUBB6		-0.04277748	
XPO5		-0.04280396	
CNOT1		-0.04280794	
USP11		-0.04282256	
PCNT		-0.0428306	
OTUD3		-0.04286558	
EMILIN3		-0.04288669	
CHAC2		-0.042994972	
CPNE1		-0.043126877	
B3GALNT1		-0.043212995	
CLN6		-0.043239195	
SGK1		-0.04325933	
CHRNE		-0.04338419	
HP1BP3		-0.0434543	
FAM193A		-0.043525107	
SUPT3H		-0.043533128	
HIRA		-0.04357843	
GAS1		-0.04358416	
TEAD1		-0.043612495	
GIMAP8		-0.04369799	
PMPCA		-0.04378653	
GDI2		-0.04397308	
LCA5L		-0.04406684	
ZNF287		-0.04411399	
PNPLA7		-0.04414954	
POLR3A		-0.044222753	
RNF103		-0.04423044	
FBXO31		-0.044239018	
ARHGEF17		-0.044264834	
ATXN7		-0.044298206	
MT1L		-0.04433081	
YLPM1		-0.044334926	
TENT4A		-0.04449452	
ATG5		-0.04450676	
FAM76B		-0.044540897	
ATP1A1-AS1		-0.04458573	
SNX19		-0.04462114	
PIGM		-0.044638824	
CELSR3		-0.04465271	
NOVA1		-0.044699408	
MEF2A		-0.0447022	
ATP10D		-0.04470514	
ENGASE		-0.04476148	
ADK		-0.04476901	
POGZ		-0.04477205	
RNF166		-0.04478768	
PARP16		-0.044804905	
SDHC		-0.044888444	
PRICKLE1		-0.0449183	
STOML2		-0.044930108	
MED14		-0.044960964	
ZNF506		-0.045045067	
NDUFS8		-0.045261554	
GXYLT2		-0.04527011	
HSD17B4		-0.04536382	
NOM1		-0.045487233	
NSRP1		-0.045534454	
SREBF2		-0.045536667	
PLPP5		-0.04555594	
LMTK2		-0.045567144	
CLPP		-0.045600004	
NEDD4		-0.045674734	
SHKBP1		-0.045694254	
YIPF1		-0.04577337	
PLCG1		-0.04583738	
GPR52		-0.045851853	
PARG		-0.045891535	
QTRT2		-0.045895558	
NAP1L1		-0.04598069	
DDX3Y		-0.04599415	
DTHD1		-0.046023067	
BRCC3		-0.046038024	
TTC4		-0.046038654	
TRIM39-RPP21		-0.046075217	
DCT		-0.046100188	
EGLN2		-0.04610782	
CYB5R4		-0.04615862	
DOCK2		-0.04617512	
SORBS2		-0.04630232	
PPM1B		-0.046323966	
PYHIN1		-0.046417225	
DENND2B		-0.046418566	
DENND4B		-0.046434894	
HEXD		-0.046514057	
G3BP2		-0.04651766	
TLK2		-0.04654597	
NT5C3B		-0.046581294	
PAPOLB		-0.046587586	
PPT1		-0.046589393	
SH2B1		-0.04659208	
ELF4		-0.046610504	
TSPYL4		-0.046610672	
PANK4		-0.046654217	
RIBC1		-0.04679073	
SNX3		-0.046822075	
IL5RA		-0.046828013	
WDSUB1		-0.04688709	
DDX31		-0.046949837	
TSEN34		-0.04696953	
ZNF518A		-0.046977226	
CTR9		-0.046982117	
PSIP1		-0.04708391	
PUM3		-0.047086686	
MESTIT1		-0.0472617	
ATP8B1		-0.04735237	
PBRM1		-0.047379777	
MTG1		-0.047402963	
EID1		-0.047561765	
WNK1		-0.04757015	
OTULIN		-0.04767007	
OCRL		-0.047703523	
TTI1		-0.047707744	
SHISA4		-0.047811035	
RNFT1		-0.04782287	
ZNF227		-0.047824867	
XPA		-0.047832046	
UFL1		-0.0478374	
ZCCHC14		-0.047858257	
LRRN1		-0.047988065	
ASH1L		-0.048013505	
ZNF558		-0.04806533	
KIAA0319		-0.048072778	
IGFBP5		-0.048117954	
UTRN		-0.048129667	
PALB2		-0.04818332	
GLCCI1		-0.048206445	
SLC5A2		-0.04829528	
PTP4A2		-0.04837498	
TMEM187		-0.048395555	
UBE2J1		-0.048413236	
AKT1		-0.04841657	
ASB9P1		-0.048434507	
IRAK4		-0.048444714	
MEN1		-0.048445966	
SNED1		-0.048552565	
IFT88		-0.04863481	
RFX1		-0.04864018	
DGUOK		-0.048645314	
MFSD13A		-0.04870067	
COL25A1		-0.048705574	
ZC3H13		-0.048712928	
MRPS30		-0.0487878	
GPN1		-0.04881577	
DNAJC14		-0.04884102	
C16orf89		-0.048871715	
NQO2		-0.048899483	
TRAFD1		-0.04893185	
SAMD15		-0.048938975	
ELMO2		-0.04895672	
CSGALNACT2		-0.048968606	
ZNF45		-0.048983276	
SATL1		-0.04898873	
PRKCD		-0.049055874	
VEGFC		-0.049080767	
ETAA1		-0.04915966	
MED11		-0.049216483	
ZBTB33		-0.04931717	
DVL2		-0.049330115	
SUMO1P3		-0.04940871	
SRA1		-0.04944334	
ZDHHC17		-0.049542837	
FBXO7		-0.04956614	
RNF40		-0.049566265	
GPRC5B		-0.049616653	
CERT1		-0.04963571	
NEK11		-0.049728274	
PAFAH2		-0.049816065	
PIAS3		-0.049847465	
TGFBR1		-0.04987032	
PLK1		-0.049909417	
PTPDC1		-0.049940642	
MARCKSL1		-0.049988024	
MRTFA		-0.050006393	
KLF6		-0.050014473	
ASAP3		-0.05002626	
IRF2		-0.050054662	
RNASEH2B		-0.050086122	
TRIM6-TRIM34		-0.050187625	
PIGX		-0.050188888	
ADCY4		-0.05020026	
CCNG1		-0.05022785	
MTMR2		-0.05024132	
XRCC2		-0.05028583	
SESTD1		-0.05035299	
COMMD1		-0.05037368	
TCTN2		-0.050412145	
DDX18		-0.050508402	
YES1		-0.050517153	
HELZ		-0.050559215	
KLHL7		-0.050569978	
DUSP16		-0.050571643	
UFSP2		-0.05059722	
IP6K1		-0.05061745	
COG3		-0.050678052	
NFE2L3		-0.050697517	
ZNF117		-0.050735887	
FBRS		-0.050741382	
MEG3		-0.050744332	
PPME1		-0.05076352	
DYM		-0.05080693	
PEX1		-0.05085474	
DDIT3		-0.050875902	
ZNF300		-0.050913386	
MRPL41		-0.050939057	
ZNF273		-0.05094019	
DYRK4		-0.05110777	
HOXB5		-0.0511219	
LCP2		-0.051220983	
NUP88		-0.05130688	
ZNF763		-0.051321823	
NOC2L		-0.05133798	
PRKAR1B		-0.05134043	
MLEC		-0.051355124	
PHF12		-0.051428646	
DCAF1		-0.051501356	
RBPMS2		-0.051570397	
SH3BP2		-0.051722445	
EMD		-0.051729992	
KRI1		-0.051750876	
MLH1		-0.0517534	
ABI1		-0.05177324	
METTL14		-0.05188521	
EIF2B3		-0.05189582	
LAPTM5		-0.051922355	
SLC15A4		-0.051932577	
STRN4		-0.051963594	
AGK		-0.051971518	
RANBP6		-0.051981162	
OR52H1		-0.052005403	
ZNF136		-0.052039083	
ACSF3		-0.052101213	
KHDRBS3		-0.052114867	
THRA		-0.052117497	
IRF2BP2		-0.052118354	
BOD1		-0.052165855	
BMS1		-0.0522091	
TSSK4		-0.0522228	
USP39		-0.052264847	
KLHL2		-0.052373387	
RASSF1		-0.05244369	
TTC1		-0.052459925	
NHP2		-0.05248758	
PSMG2		-0.052565515	
TRAPPC6A		-0.052577432	
MED12		-0.05260927	
COG2		-0.052640837	
DUSP19		-0.052654915	
SLC9B1		-0.052690066	
ZCCHC10		-0.05272339	
C11orf54		-0.052754093	
TRIM13		-0.052785214	
MINDY3		-0.052805845	
ADAM15		-0.052823145	
RDH11		-0.05282675	
DIDO1		-0.05286762	
EPB42		-0.05286975	
EIF3D		-0.05288431	
C1orf54		-0.05291894	
DYNLT1		-0.052928243	
IGFLR1		-0.052942984	
TOP2B		-0.052951623	
TSPAN3		-0.052988004	
CERS4		-0.052998167	
GNPDA2		-0.05302543	
PDS5B		-0.053060755	
PYM1		-0.053123254	
PDXK		-0.05319383	
ABCE1		-0.053282045	
NCOA6		-0.053288564	
HTRA4		-0.05334643	
HNRNPA2B1		-0.053360384	
ZNF92		-0.053388387	
PDCD11		-0.053388625	
RAB15		-0.053451024	
ADSS2		-0.05346515	
SAP18		-0.05349783	
UMPS		-0.053500496	
DDR1		-0.05360171	
ZCCHC4		-0.053603396	
CDK10		-0.053614564	
SLTM		-0.053626154	
HNRNPD		-0.053658586	
ONECUT1		-0.05366906	
RAPGEFL1		-0.053702954	
ZDHHC5		-0.053705007	
PSME3IP1		-0.05371296	
GJA4		-0.05373055	
GABBR1		-0.053766854	
FARSB		-0.053799868	
CPNE8		-0.05383374	
NDUFB7		-0.053846832	
PNRC2		-0.053881016	
DHX35		-0.05393629	
TTLL4		-0.053948212	
NUP58		-0.053964447	
HSPA1B		-0.054042835	
CLCN3		-0.05405484	
PRDM5		-0.054131582	
TUBG2		-0.05414846	
HSP90AA1		-0.054210465	
EBF1		-0.05429042	
PPP1R12B		-0.054301705	
TRIM37		-0.054315098	
TNFAIP8		-0.054316264	
ERP44		-0.054345537	
SYAP1		-0.05436638	
MFSD11		-0.054403894	
KDM2A		-0.054404177	
PTPRK		-0.054532256	
SF3A2		-0.05454764	
GBA2		-0.054583322	
ACSM3		-0.05466305	
CNIH3		-0.05483097	
CNOT3		-0.05501951	
METTL4		-0.05505132	
LSM10		-0.055164874	
ATP10A		-0.055182658	
RARRES1		-0.05523391	
REV1		-0.055246867	
APPBP2		-0.055304542	
FMR1-AS1		-0.0553057	
CELSR2		-0.05535309	
BOLA1		-0.055361543	
CELF1		-0.05536283	
SPATA7		-0.055425957	
TUBE1		-0.055473186	
PRMT9		-0.05547731	
SYNRG		-0.055638593	
PRIM1		-0.055655465	
TRIM52		-0.055659823	
ACYP1		-0.055743504	
RNF170		-0.055787258	
RAB3IP		-0.055846356	
ACSL5		-0.05586613	
STARD4		-0.055880386	
TET3		-0.05594677	
DDI2		-0.055961706	
TLK1		-0.05600214	
CAP1		-0.056028776	
ZC4H2		-0.05604869	
NGLY1		-0.05610079	
ANKRD13A		-0.056146123	
TMEM14C		-0.056214	
NAA35		-0.056257	
GTF3C1		-0.05641909	
ZNF792		-0.05645981	
ATE1		-0.05647779	
NOL9		-0.056487814	
RPIA		-0.05648988	
STARD3NL		-0.0565864	
CRCP		-0.05659945	
ZFPM2		-0.056695826	
TULP3		-0.056706265	
NFXL1		-0.056775838	
HDHD2		-0.056809943	
IL10RB		-0.056814004	
DDX52		-0.05685148	
EVL		-0.056862537	
GALNT11		-0.05689858	
ADPGK		-0.057062577	
MCRS1		-0.057085082	
POLE4		-0.057085864	
RIOK1		-0.057135973	
ZNF592		-0.05722066	
ZSCAN9		-0.05722325	
NPC1		-0.057318147	
YME1L1		-0.05740516	
PSMB4		-0.057482656	
KCNJ13		-0.05754799	
GMEB2		-0.057555795	
KCNE5		-0.057662126	
SYTL2		-0.057680275	
NISCH		-0.05774381	
IPO9		-0.0577507	
RNF115		-0.057764735	
IL17RB		-0.057793	
APOL2		-0.057907827	
EFHD1		-0.05793754	
RNF34		-0.05795372	
IRAG1		-0.058010586	
CEP44		-0.05811279	
TDP2		-0.05813815	
PDIA4		-0.058167253	
NSUN4		-0.05828592	
KIF3A		-0.058286414	
CCDC138		-0.058364406	
DLEU2		-0.05837665	
DIAPH2		-0.058384653	
ZNF783		-0.058461737	
VPS36		-0.058464203	
CASP7		-0.058483433	
DDB1		-0.058518898	
HLA-B		-0.058592163	
SCARNA9		-0.058639117	
PPM1F		-0.058647837	
RAB2B		-0.058662906	
GLT8D2		-0.058695536	
SEMA3E		-0.05872003	
AGBL3		-0.058756858	
POMK		-0.058760572	
ZCCHC7		-0.058799904	
PLA2G4B		-0.058821358	
ETNK1		-0.058840618	
KLHL3		-0.058882132	
EPHA4		-0.05888246	
SACM1L		-0.05888256	
MRPL43		-0.058992278	
TRNAU1AP		-0.0590518	
SIN3B		-0.059064046	
SETDB1		-0.0591289	
PSMA5		-0.059279162	
EDC4		-0.059315838	
ZNF354B		-0.05931991	
IMPACT		-0.05936796	
CAND1		-0.05941568	
NGRN		-0.059425194	
FXYD3		-0.059480563	
TMEM255B		-0.05949146	
USP6NL		-0.059509087	
SUZ12		-0.05957061	
CCDC93		-0.05958386	
GYPE		-0.059684254	
SRGAP2		-0.05970106	
RPL23AP7		-0.059712984	
KHDRBS1		-0.05977536	
CCNF		-0.05978681	
ABCB4		-0.059791032	
TMED4		-0.05979633	
DDX55		-0.05980116	
RBM23		-0.059822228	
ZSCAN29		-0.059863098	
CDK4		-0.059865367	
ONECUT2		-0.05991258	
NSFL1C		-0.05991432	
SPTLC2		-0.059930705	
TBX5		-0.05996738	
H1-3		-0.060026404	
LRFN3		-0.06005788	
UNC119B		-0.060083874	
TBC1D10B		-0.06013098	
UBTD1		-0.06015995	
TMEM97		-0.060177572	
ATXN1		-0.060211383	
RFWD3		-0.060320757	
TJP1		-0.06032136	
CUL3		-0.060424503	
SLC22A4		-0.060438152	
LILRB1		-0.060442273	
PRPF39		-0.060552254	
MRPS24		-0.060559694	
HEATR6		-0.060609557	
KAT2B		-0.060629044	
GLOD4		-0.060740817	
VCL		-0.06074889	
ZNF233		-0.060761012	
SLC24A1		-0.06078839	
FUNDC1		-0.060801547	
TMX4		-0.06088519	
DNAJC7		-0.061038297	
NDEL1		-0.061078284	
PSMD5		-0.061086047	
AFF2		-0.061088007	
SLC50A1		-0.061115276	
DHCR7		-0.061203737	
ZNF140		-0.061225213	
ATIC		-0.06122693	
LIMS2		-0.061248064	
RNF216		-0.06135471	
AHCTF1		-0.061449468	
RIMKLB		-0.06145463	
PXK		-0.061519794	
NOD2		-0.061562043	
SLC8A1		-0.061580334	
H4C8		-0.06158582	
ITGA6		-0.061625708	
COQ5		-0.061668392	
MTMR9		-0.061690085	
DUS2		-0.061705835	
KLHDC1		-0.06172138	
PDS5A		-0.061750546	
PHF20L1		-0.06175647	
RABGAP1L		-0.061758403	
ZNF207		-0.06177159	
BCL2L2		-0.061782565	
IFT52		-0.06181533	
DYNC2I1		-0.061834242	
HOXC9		-0.061855327	
ADCY3		-0.061891478	
NIFK		-0.061952524	
ZNF18		-0.062008444	
AKAP11		-0.062139023	
HSPBAP1		-0.06215671	
ATG14		-0.062172458	
RUFY2		-0.062190052	
GPR153		-0.062209893	
DBP		-0.06222041	
RBM22		-0.062232327	
GAK		-0.06226174	
CPM		-0.062333535	
TDRD3		-0.062387694	
TRIM68		-0.06256684	
DCBLD1		-0.06264717	
TESMIN		-0.062653646	
UNK		-0.06267913	
BRPF3		-0.06268872	
RC3H1		-0.06269977	
TMEM41B		-0.06283377	
PRCC		-0.06288385	
EFNA5		-0.06288724	
ZCWPW2		-0.06290291	
ANKRD36		-0.06296961	
CHST12		-0.06306645	
TARS2		-0.06313626	
ZFYVE19		-0.063271865	
PML		-0.06327475	
DNASE1		-0.06328367	
FBXO48		-0.063292354	
SFT2D3		-0.063359916	
SBF1		-0.06337261	
INTS4		-0.06353765	
UBR5		-0.06357662	
SNRPA		-0.06387602	
RPTOR		-0.06396099	
KDM5A		-0.064042464	
ZNF862		-0.06404326	
CLCN6		-0.06420466	
PPIG		-0.0642154	
ZNF680		-0.0642497	
LMBR1L		-0.06427	
CKMT2		-0.064289145	
BET1		-0.06428987	
JTB		-0.06431546	
ZNF445		-0.064342745	
SLC27A5		-0.06434396	
MIX23		-0.06436792	
ZC3H6		-0.06437535	
SLF2		-0.06440755	
ANKLE2		-0.064475685	
USP34		-0.06447908	
MYBL1		-0.0644951	
MCEE		-0.06451228	
HNRNPUL2		-0.06453133	
ISY1		-0.06457492	
KDM5D		-0.064585626	
ARID1A		-0.06459511	
PSMD4		-0.06471301	
RAF1		-0.06474509	
EMP2		-0.06474946	
PEAR1		-0.06479943	
FAM53C		-0.064812295	
TMEM170A		-0.06481284	
ADAMTSL4		-0.064868346	
ASS1		-0.06503854	
CD58		-0.0650959	
TFPI2		-0.06516902	
PHF1		-0.06523747	
CLTCL1		-0.06525731	
CPT2		-0.06527426	
RTN3		-0.06531815	
RGPD8		-0.06544866	
FNDC5		-0.06545242	
KANSL3		-0.06546385	
RLIM		-0.0654915	
DOCK9		-0.06549389	
CDK1		-0.06551169	
METTL5		-0.06551844	
EZH2		-0.06555549	
FAM118B		-0.06556736	
DNAJC8		-0.065579996	
TRMT10B		-0.06563639	
NBN		-0.065674566	
PDPR		-0.06569721	
RB1CC1		-0.06572123	
KBTBD6		-0.06574773	
SMARCE1		-0.065776296	
BST2		-0.06580385	
RAB5B		-0.06584475	
SERINC5		-0.065899394	
VPS4B		-0.06595131	
SLC4A5		-0.06596943	
MMS22L		-0.066036575	
PPP1R3B		-0.06605128	
HNRNPM		-0.0661482	
NBPF15		-0.06616855	
NLRC5		-0.06622457	
NCOA4		-0.06637249	
C15orf40		-0.066434614	
FNDC3A		-0.0664737	
ZSCAN16		-0.06647391	
PRELID2		-0.06648028	
NUP214		-0.0665247	
C19orf53		-0.0665502	
ATP6V1C1		-0.06655193	
CCAR2		-0.06655607	
EMC2		-0.06655687	
REC8		-0.06673973	
RSC1A1		-0.06674889	
USP40		-0.066778384	
GIMAP5		-0.066783905	
BRWD3		-0.06689565	
FRMD4A		-0.06690328	
DPF2		-0.067038804	
MCM3AP		-0.067055285	
SNRNP40		-0.067067325	
HDAC10		-0.067100406	
TRMT6		-0.06710599	
BCL2		-0.0671114	
LRRC8D		-0.06711239	
ZNF235		-0.0671439	
RFNG		-0.067275085	
POP7		-0.06735747	
SEMA3F		-0.067371346	
MTMR8		-0.06737494	
ZNF836		-0.06740212	
TTC9C		-0.06745051	
SPATS2L		-0.067453824	
NT5C		-0.067506	
GPATCH4		-0.06753682	
PFDN6		-0.06756033	
ZKSCAN8		-0.067636095	
ST3GAL5		-0.067646235	
USP16		-0.06767962	
CARS2		-0.0677052	
PFDN4		-0.06772391	
TCEAL4		-0.06780045	
AGAP1		-0.06780267	
CDK5RAP1		-0.06785553	
DGKQ		-0.067867875	
CHFR		-0.06787933	
B2M		-0.06803325	
PIWIL4		-0.068127275	
LTN1		-0.06814539	
BIRC6		-0.06817594	
MFSD14A		-0.06820312	
CNIH4		-0.06829278	
ARID1B		-0.06833849	
PRPS1		-0.068453	
CSE1L		-0.068474956	
TCAF1		-0.06847569	
ENDOG		-0.06851276	
DCAF8		-0.06854459	
NKAPL		-0.068567626	
GTF2A1		-0.06860027	
FGD5		-0.06860893	
BYSL		-0.06863724	
SURF1		-0.06869296	
XPC		-0.06869916	
NFX1		-0.06872362	
HARS1		-0.06872815	
SSNA1		-0.06879555	
CGGBP1		-0.068804264	
NLK		-0.068819106	
PRKAG1		-0.06882874	
SLC41A3		-0.06883136	
CRTC2		-0.06888604	
PTPN4		-0.06895554	
TRMU		-0.06899305	
ARIH2		-0.06909313	
TSTD2		-0.069117285	
ZNF410		-0.069158256	
CKLF		-0.06917222	
ZNF875		-0.06928127	
ZNF525		-0.06933524	
GATAD1		-0.06935323	
UBE2D1		-0.06937428	
FNIP2		-0.06938503	
CHMP4B		-0.06942143	
MARCHF6		-0.0694427	
PPAT		-0.069481514	
PSME2		-0.06953035	
MBIP		-0.06953299	
TUSC2		-0.06971902	
RAD54L2		-0.06976807	
COPA		-0.06978116	
RNF212		-0.06980721	
RNF111		-0.06980734	
NSD1		-0.0698537	
MKKS		-0.06995179	
ZSCAN12		-0.069977954	
ZNF597		-0.070081845	
PIP4K2B		-0.07028723	
GTF3C6		-0.07037771	
NEK9		-0.07043147	
USP6		-0.07045213	
TBCK		-0.07046353	
ACAD11		-0.070475906	
VPS41		-0.07060503	
NEMP2		-0.07064331	
SCOC		-0.070715055	
BCORP1		-0.070810825	
CMBL		-0.07085575	
ANGPTL7		-0.07085643	
BARD1		-0.07089412	
CC2D1B		-0.07089847	
MTPN		-0.07098118	
C1orf226		-0.07099216	
ZNF619		-0.0710007	
MTRR		-0.07111283	
TRMT112		-0.071300685	
SON		-0.07132241	
ATMIN		-0.07132565	
CDK7		-0.071330585	
PCBP1		-0.0713705	
WTAP		-0.071382254	
B3GALNT2		-0.07141536	
EED		-0.071571834	
PILRB		-0.07159226	
ILF3		-0.07164685	
DDX19A		-0.07167429	
RCSD1		-0.071751736	
SRRM2		-0.0717714	
SAAL1		-0.07177649	
PTCH1		-0.071902044	
SLC25A17		-0.07205145	
LSG1		-0.07206482	
SIRT3		-0.07207556	
SAMD8		-0.072163284	
ANKRD37		-0.072182946	
HOXB3		-0.0722881	
TMEM39B		-0.07230996	
MAP3K3		-0.072343044	
RBPMS		-0.0723472	
MEAK7		-0.072375745	
RFX3		-0.07241866	
CCNJ		-0.072449476	
POLR3D		-0.07249849	
UNC119		-0.07250062	
ODF2L		-0.072587974	
SCARF1		-0.07263221	
ORMDL1		-0.0726473	
PPP1R12C		-0.0727072	
AP5Z1		-0.07273557	
C7orf25		-0.07273695	
LCORL		-0.072751336	
CYP20A1		-0.07276316	
PRAG1		-0.07287078	
ANKS1B		-0.072911255	
SPON1		-0.072974265	
ZNF197		-0.07299668	
ADCY5		-0.07304148	
GNAO1		-0.07312451	
THG1L		-0.07316078	
USP51		-0.073171295	
PHACTR1		-0.07318907	
HMGN4		-0.073195376	
HOMER1		-0.073197074	
CCDC77		-0.07323664	
RBM26		-0.07330102	
DOCK10		-0.073342614	
TIMM9		-0.07339716	
CEP68		-0.07346992	
CREBZF		-0.07348031	
MRE11		-0.07351676	
MYO19		-0.073528476	
ZRANB1		-0.0735427	
ERMP1		-0.07359096	
DCTN6		-0.073709585	
PPIA		-0.07372106	
AGPAT2		-0.07377413	
ATXN10		-0.073786125	
WDR74		-0.07389583	
TEF		-0.07399371	
ZNF2		-0.074054696	
ATP5IF1		-0.07406287	
MEF2C		-0.0740887	
SPOPL		-0.07409365	
LCP1		-0.074138746	
KRCC1		-0.07420525	
CETN2		-0.07423331	
OXSR1		-0.074277185	
KAT2A		-0.07430144	
SENP2		-0.07433281	
MTMR14		-0.07436757	
GOLPH3L		-0.07438295	
BLOC1S4		-0.07438903	
SEC24B		-0.07440106	
EPB41L2		-0.07441995	
PARP6		-0.07443408	
KANK2		-0.07443592	
COX11		-0.07447024	
USP37		-0.07454838	
PROCR		-0.07463027	
ARRB2		-0.07470648	
ZRANB2		-0.07476547	
TRIM69		-0.07496984	
PROX1		-0.07507439	
ZNF35		-0.075143896	
GRINA		-0.075153634	
IL13RA1		-0.075187795	
TTLL5		-0.07521156	
PLEKHB1		-0.075240314	
CDH24		-0.075304426	
DOP1A		-0.075330704	
CIAO1		-0.07534765	
DIABLO		-0.07539018	
FCHSD2		-0.07542362	
GPI		-0.075531386	
KDM1A		-0.07553867	
TOR1AIP1		-0.07554114	
EPHB6		-0.075591244	
WDR46		-0.07560473	
NPIPA1		-0.075698614	
AFAP1-AS1		-0.07573439	
TAF3		-0.07573833	
FBXO22		-0.075738676	
SF3B4		-0.07574338	
LRP2BP		-0.07574832	
RAB4A		-0.07575564	
MOCS2		-0.07582341	
CABLES1		-0.07588227	
NFRKB		-0.075901456	
GPALPP1		-0.0759034	
PTMA		-0.07590652	
RIC8B		-0.07593726	
AKIRIN1		-0.07602644	
ZNF507		-0.076036446	
MTMR3		-0.076037206	
PCMT1		-0.07604763	
ZBTB37		-0.07610331	
FKBP7		-0.0761079	
WARS2		-0.07611963	
SLK		-0.07618068	
PAPOLG		-0.07618237	
IGF2R		-0.07618326	
ZC3H11A		-0.07618829	
SEMA6C		-0.076228015	
M6PR		-0.07624548	
KIF6		-0.076247215	
ANO10		-0.07626548	
ZNF671		-0.076276794	
FMR1		-0.07628859	
SYTL1		-0.07632003	
UNC50		-0.07636807	
AEBP2		-0.07639839	
CTDSP2		-0.076463565	
VAMP3		-0.07647272	
ACVRL1		-0.07649132	
EXTL3		-0.07649498	
GGT7		-0.07653302	
TTTY10		-0.07655798	
MIF4GD		-0.07656333	
ACER3		-0.07659513	
FBXL18		-0.076667525	
P2RY1		-0.07668079	
ZNF662		-0.07675495	
CASP12		-0.07678314	
SPTLC1		-0.076784246	
STK35		-0.07694953	
SPECC1		-0.07699946	
TTC31		-0.07700124	
PTPRE		-0.077003956	
NECTIN1		-0.077056564	
YTHDF2		-0.07706806	
FIP1L1		-0.07707506	
UBE2D2		-0.0770895	
FOCAD		-0.07709413	
ABRAXAS1		-0.077110924	
LY86		-0.07712562	
RNF25		-0.077163815	
GTF3C4		-0.077220835	
RRP7A		-0.07725374	
KDM3B		-0.07730284	
NUDCD3		-0.07746128	
PTGR3		-0.07747934	
NTN1		-0.0774796	
KMT2C		-0.07758093	
BCAS3		-0.07758914	
ASB7		-0.07762864	
BTBD7		-0.07765344	
MRPL18		-0.07777869	
HNRNPUL1		-0.0778005	
SLC25A24		-0.07780896	
PPP6R3		-0.07781033	
KCNJ2-AS1		-0.077976316	
USP47		-0.07801378	
KIAA1586		-0.0780227	
ZFP14		-0.07804231	
HAGH		-0.07806859	
ZBTB25		-0.07816691	
POLR2E		-0.07817378	
AZI2		-0.07820415	
HIF3A		-0.078208946	
H1-2		-0.07828105	
ATAD3A		-0.07839872	
PGRMC1		-0.0784859	
AHSA1		-0.07850007	
BECN1		-0.07853511	
UBE2O		-0.07868731	
TPRKB		-0.078700684	
SETD1A		-0.07873621	
PAXIP1		-0.078825295	
TMEM140		-0.07883247	
DTNBP1		-0.07887345	
LAGE3		-0.07893497	
EIF6		-0.07894745	
REPIN1		-0.07897123	
UBQLN2		-0.07900821	
KDM4C		-0.079043135	
TMEM219		-0.0791656	
STK38		-0.07922962	
VCF2		-0.079262756	
PELI3		-0.07926929	
KIAA0319L		-0.07928887	
ZNF394		-0.07928917	
CALB1		-0.07929953	
PIP4K2A		-0.079347126	
PKP4		-0.079372026	
APOL3		-0.07941953	
TOGARAM1		-0.07946385	
YWHAE		-0.07953921	
CACYBP		-0.07956703	
ACVR2A		-0.07960724	
ZNF70		-0.07964695	
PCED1A		-0.07967797	
GABPB1		-0.07979935	
DHX9		-0.079802364	
COA3		-0.07985411	
GATAD2B		-0.07986244	
TPI1		-0.079974905	
PRR16		-0.08002202	
COMMD7		-0.08006066	
ZNF552		-0.080114245	
FXR2		-0.08012882	
ASXL3		-0.0803163	
ZDHHC4		-0.08032159	
TRMT2B		-0.08033008	
RELCH		-0.080407314	
FAM120AOS		-0.08049934	
HSCB		-0.08051404	
HDGFL2		-0.080526195	
CDC42BPA		-0.08061207	
MAN2C1		-0.080615	
GLRX3		-0.080656335	
CD2BP2		-0.080807716	
TTC3		-0.08082006	
SECISBP2L		-0.08084118	
TACC1		-0.0808587	
CBLL1		-0.080863975	
BCL2A1		-0.08088022	
HINT2		-0.08095594	
SRF		-0.081017	
TXNRD2		-0.08102648	
RER1		-0.081074014	
SART3		-0.08108236	
PEBP1		-0.081141084	
IGHMBP2		-0.08126079	
PHLDA3		-0.081286885	
MACROH2A1		-0.08129046	
IFT122		-0.081303015	
TAF5		-0.08131717	
COX7A2L		-0.08135642	
PIGY		-0.0813788	
RPL23AP64		-0.08142616	
USPL1		-0.08149052	
UTP20		-0.08159175	
GABARAP		-0.08160432	
SPCS2		-0.081619754	
RAPGEF6		-0.08163463	
TSPAN11		-0.081704825	
OR52N4		-0.081735745	
TOMM6		-0.08182056	
PIN1		-0.08184107	
ZBTB4		-0.08185907	
NXPH3		-0.081865326	
SLC25A36		-0.0818785	
TRMT11		-0.08190668	
JAK1		-0.08192873	
CISD2		-0.0819294	
PYROXD1		-0.08194653	
STIL		-0.081947096	
SLPI		-0.08198588	
TIMM8B		-0.0820134	
DXO		-0.082143135	
PBX2		-0.08219551	
RORA		-0.082213	
DCAF17		-0.082235746	
ZNF41		-0.08223768	
VIPAS39		-0.08235436	
ZNF10		-0.08254	
HEPACAM		-0.08257042	
ARL16		-0.08262885	
ZCCHC17		-0.0826546	
KIAA0753		-0.082662836	
BACH1		-0.08269369	
NCAPG2		-0.08269443	
ZNF706		-0.08271406	
PRDX2		-0.08275634	
NIPBL		-0.0827902	
TTC17		-0.08282746	
ATP5F1E		-0.08283383	
ESD		-0.08295414	
LDB1		-0.082966186	
AKAP9		-0.08300461	
KLHL12		-0.083023876	
ATP1A1		-0.08304434	
CASC3		-0.08306085	
PLCD3		-0.08317999	
GATC		-0.08325123	
NUDCD1		-0.08325872	
SNAPIN		-0.083362184	
CCDC18		-0.08342645	
PHKA1		-0.08343151	
RNF167		-0.083433285	
MED12L		-0.08344314	
MAVS		-0.08367665	
BRD10		-0.0837231	
CUL2		-0.08382368	
ACTR10		-0.08382961	
TRMT10C		-0.08382981	
EBNA1BP2		-0.08392257	
TSC1		-0.083974905	
RNF145		-0.084110394	
EBLN3P		-0.084154755	
C6orf47		-0.08415544	
CPO		-0.08419313	
ZW10		-0.084215924	
EFHD2		-0.08425877	
THSD7B		-0.08427433	
RALB		-0.08429423	
TAF1		-0.084343925	
FGF13		-0.08448144	
CYB5B		-0.08452558	
APCDD1		-0.08453793	
COX20		-0.08454305	
JADE2		-0.08454754	
ZNF343		-0.08457153	
NES		-0.08457219	
COPS5		-0.08467737	
AMN1		-0.08467878	
OSCAR		-0.08468241	
ST7-AS1		-0.08471075	
BAHCC1		-0.08473128	
CHD2		-0.08485453	
DDX59		-0.08489233	
MVK		-0.0849601	
ZNF451		-0.085132845	
FAM120C		-0.085208714	
LSAMP		-0.0853111	
RRM1		-0.08537353	
SF3B1		-0.08539383	
SPRED2		-0.08542149	
ANKHD1		-0.085439086	
EMC9		-0.085439876	
SRP72		-0.085472055	
TOMM70		-0.085497305	
RFT1		-0.08553772	
CNOT2		-0.08558462	
GNB5		-0.08560574	
DDX56		-0.08571656	
FMO1		-0.08576451	
CHPT1		-0.08576758	
RWDD2B		-0.08577617	
CASP2		-0.0857786	
ELP4		-0.08593412	
RXYLT1		-0.08606697	
DHFR2		-0.08606968	
RAP2C		-0.086097494	
FASTKD2		-0.08611884	
C5AR1		-0.08620174	
CDKAL1		-0.086207464	
RBBP7		-0.08627981	
GSPT2		-0.08633154	
GNL3		-0.08637653	
ANKHD1-EIF4EBP3		-0.08638344	
ZNF512B		-0.08648776	
PARN		-0.08652991	
EIF3A		-0.0865373	
PPP1R7		-0.086539224	
RARS2		-0.08656679	
ZNF419		-0.086640246	
SH3GLB2		-0.08669183	
WDR33		-0.086711675	
UPF1		-0.086807966	
APRT		-0.0868083	
WDR89		-0.08681931	
DDX27		-0.08682081	
ATAD2B		-0.08694826	
DCLRE1C		-0.086974725	
CCM2		-0.08699281	
NEB		-0.08703336	
NSUN6		-0.08710238	
CBR4		-0.087118015	
TCHP		-0.08712888	
MTRF1L		-0.08716121	
CALCOCO2		-0.087178595	
SLC47A1		-0.087181054	
TMEM204		-0.087182574	
SELENOO		-0.08723112	
CHCHD1		-0.087313056	
AREL1		-0.08746128	
GSAP		-0.08746749	
NEDD1		-0.08757654	
TIAL1		-0.08759848	
XYLT2		-0.08763438	
SMARCD3		-0.08769722	
MYO9A		-0.08781449	
R3HDM2		-0.08782563	
DDX20		-0.08790208	
PTK2		-0.08793308	
OTUD1		-0.08793653	
GTF2B		-0.087981425	
FHL5		-0.08800857	
LRCH1		-0.08802222	
TECPR2		-0.0880472	
USP48		-0.08810567	
SNRPE		-0.08816145	
ABHD17B		-0.08817432	
CHORDC1		-0.08820853	
ADAM10		-0.08821084	
CWF19L2		-0.08830803	
PTPN2		-0.08836095	
PABPC4		-0.08836244	
ATP11C		-0.08837416	
PCSK1		-0.0883743	
DNAL4		-0.088403	
PIAS2		-0.08842805	
LILRB2		-0.08842833	
NPAT		-0.08844286	
INTS8		-0.08845159	
PAM16		-0.08845266	
IMPG1		-0.08849581	
NACAD		-0.088540904	
TRIM24		-0.08854538	
RAVER2		-0.08854952	
HOXA4		-0.088635184	
SEPTIN7		-0.08864275	
PPP1R13B		-0.08870004	
EXOC2		-0.08873977	
EIF1B		-0.08887899	
RNMT		-0.08893308	
CCDC85A		-0.08893436	
TCIRG1		-0.088938914	
TTPAL		-0.089069955	
DPY19L4		-0.089073665	
ZNF135		-0.08907375	
RBM12		-0.08910069	
ATF5		-0.08920758	
MMD		-0.08921906	
OFD1		-0.08922204	
TXNRD3		-0.0892293	
WDR48		-0.08923746	
RPRD1B		-0.08926795	
PPP1R3D		-0.08934565	
BAG6		-0.08936077	
CDK17		-0.08939197	
TIFA		-0.08941846	
TBL1Y		-0.08942537	
FBXL12		-0.08942574	
DNAJA1		-0.08945391	
LINC-PINT		-0.08947275	
POLD3		-0.089519784	
MED13		-0.0895248	
CYRIA		-0.08968133	
TRUB2		-0.08976281	
LGR4		-0.08980372	
MYO5B		-0.08980414	
ERCC6		-0.089815035	
MYOC		-0.08982812	
VPS8		-0.08982938	
NELFE		-0.08984083	
NKIRAS1		-0.08985657	
ARF5		-0.08985893	
SOX7		-0.08989858	
MOB3A		-0.089929454	
C3orf52		-0.08995821	
NOS3		-0.0899928	
CD3D		-0.0900217	
TLCD3A		-0.09002178	
C1QTNF1		-0.090041846	
TYW1		-0.09004916	
ABCC4		-0.09009919	
MOB1B		-0.090134285	
CDK12		-0.09015512	
RNF38		-0.0901769	
KBTBD4		-0.09025596	
EIF4A3		-0.090261206	
NDUFS4		-0.09029183	
PAICS		-0.09030303	
GRK6		-0.09032548	
ZNF3		-0.09034031	
PHC2		-0.090451404	
HMGCL		-0.09060202	
RBM38		-0.09062434	
ALG13		-0.09066871	
AAMP		-0.09067199	
CD6		-0.09071935	
TIMM10B		-0.090739675	
TTLL3		-0.0907723	
MAP3K15		-0.090795025	
COMMD10		-0.09079665	
SELENOI		-0.090801485	
SMURF1		-0.09081269	
STAMBP		-0.090836205	
ZNF708		-0.090896964	
FGFR2		-0.09091172	
TRAPPC10		-0.090942964	
TUBD1		-0.090976514	
POGLUT2		-0.09098852	
EXOC4		-0.09099199	
GTF3A		-0.091009654	
TAP1		-0.09101352	
MSMO1		-0.091046825	
INTS11		-0.09111027	
ELF2		-0.09115093	
ZNF786		-0.09116789	
PNO1		-0.09119879	
ABCB10		-0.091229014	
CD40		-0.091241136	
PANK2		-0.09126679	
ANAPC11		-0.0913793	
MRPL39		-0.091396384	
PSMD10		-0.091430105	
FSD2		-0.09146801	
SNAPC3		-0.09151896	
POLA2		-0.091524296	
MRPL20		-0.09153161	
NUP107		-0.091637984	
NRCAM		-0.09166865	
KCTD18		-0.091669284	
PDE5A		-0.09170954	
ARID5A		-0.09183373	
AMZ2		-0.09186429	
RGS22		-0.09187172	
CWC22		-0.09194475	
PRPF4		-0.091947876	
NFYA		-0.09198478	
KCTD7		-0.09203606	
IMMT		-0.0920849	
N4BP3		-0.09211538	
PPM1M		-0.09222422	
GPR21		-0.0922934	
MOAP1		-0.09231589	
PNPLA4		-0.09234275	
SNX27		-0.09236239	
YBX1		-0.09238501	
DIS3L		-0.09246698	
SIAH2		-0.092563875	
PIEZO1		-0.09266462	
CDK5RAP3		-0.0927633	
CWC25		-0.09276851	
ATXN2L		-0.092774294	
CFLAR		-0.09279928	
PIK3C3		-0.09286143	
OPHN1		-0.09286502	
PIP4P2		-0.09291557	
RNF214		-0.092962384	
PITPNM3		-0.09297286	
ANKRD27		-0.09298805	
ELK4		-0.09304925	
HMGCR		-0.093069136	
DCAF16		-0.09310016	
POLR3C		-0.093196675	
TPCN2		-0.093221515	
TMEM91		-0.09328422	
PHF8		-0.093295604	
SLC26A6		-0.093375675	
ELAC1		-0.09339663	
ZNF236		-0.09342436	
PLBD1		-0.09345904	
H1-10		-0.093471915	
TIMM50		-0.09347856	
MYH3		-0.093501806	
THAP7		-0.09357393	
EFNB3		-0.09358749	
SRP14		-0.09361986	
TAF5L		-0.09363442	
UBA6-DT		-0.09364856	
NFASC		-0.09365532	
ZNF607		-0.09365764	
LIX1L		-0.09367248	
ZNF217		-0.09370444	
CENPO		-0.093709014	
ZCCHC9		-0.09374326	
GYG1		-0.09376635	
COPS7A		-0.09388434	
ZBTB44		-0.09399873	
TRIM27		-0.094000645	
TRIB1		-0.09407548	
CAPN10		-0.09415496	
RSBN1		-0.09417055	
MAD2L1BP		-0.094270036	
ATP9B		-0.09438798	
RAD54B		-0.09442608	
THRAP3		-0.09446042	
KMT5B		-0.094577014	
RICTOR		-0.09461911	
DRAP1		-0.09470155	
MDH1		-0.09471243	
EXOSC3		-0.09472295	
RAMP3		-0.09473362	
OXR1		-0.09475875	
TMC1		-0.09477902	
FOXJ3		-0.094780885	
RTN2		-0.09485355	
MRPL52		-0.09488675	
BABAM2		-0.09489696	
MAU2		-0.094915986	
CASP4		-0.09502046	
BMP6		-0.09511538	
CLDN7		-0.09517547	
ZXDB		-0.09518567	
PKN1		-0.09533514	
ANKRD46		-0.09535186	
TAX1BP1		-0.09535218	
CLEC1A		-0.0954642	
SLC2A12		-0.095467076	
ZMAT5		-0.095475405	
CAMTA2		-0.09550296	
CTBS		-0.095580794	
PCMTD1		-0.09559239	
SPRYD4		-0.09559764	
PDZD11		-0.09564465	
OAZ1		-0.095664755	
ZNF75D		-0.09574754	
SH2D1A		-0.09576617	
KSR1		-0.095819116	
GPR89B		-0.09585188	
PNPLA2		-0.0958679	
EWSR1		-0.09588651	
ZNF76		-0.09604751	
EYA3		-0.09611768	
ZFP37		-0.0961308	
NR2C2		-0.09620803	
HELB		-0.096397065	
ZC3H14		-0.09642264	
VENTX		-0.096436486	
C14orf119		-0.09665651	
MLST8		-0.09666085	
LNP1		-0.096678115	
THRB		-0.096734546	
VPS13A		-0.09682627	
ZNF652		-0.09683212	
PHF14		-0.096866	
EMBP1		-0.096893765	
PHKG1		-0.096916266	
RCOR3		-0.09715109	
ZDBF2		-0.097203776	
EPRS1		-0.09721136	
TUT1		-0.09726783	
SUB1		-0.097292826	
LIN7C		-0.09733325	
AP5M1		-0.09742289	
WDR20		-0.0975084	
MGA		-0.097524084	
KLHL17		-0.0975464	
EFNB1		-0.097568095	
MASP1		-0.097583935	
POLR1D		-0.09759715	
VPS4A		-0.09761068	
AGFG2		-0.09765663	
CD1E		-0.09766726	
ZNF24		-0.09767921	
FBXO9		-0.09768035	
SFPQ		-0.09780445	
SNU13		-0.097854204	
INTS1		-0.09789786	
CCNT2		-0.09799823	
PCM1		-0.09806566	
EIF2S1		-0.098066084	
RAP1A		-0.09806961	
UBR7		-0.098115094	
TRIM66		-0.098154955	
DCUN1D1		-0.098220974	
ZNF692		-0.09822826	
NOP10		-0.098316215	
SDS		-0.09835199	
CINP		-0.098377116	
PITRM1		-0.09838002	
ZNF789		-0.09843417	
PPP4R3A		-0.09843493	
PPA2		-0.09844055	
PWAR5		-0.09844152	
ZNF138		-0.09846387	
SHISA3		-0.09852961	
ACBD6		-0.09857051	
USP4		-0.09859379	
RWDD3		-0.09873923	
RAB21		-0.098779894	
FLII		-0.098839015	
FAM186B		-0.09889783	
GAS2		-0.09897576	
RIGI		-0.0990245	
PRPF6		-0.0990308	
PABPC1		-0.09908337	
PIP5K1P1		-0.09911611	
RUVBL1		-0.09911665	
ARL15		-0.099287495	
AHCY		-0.099344574	
TADA1		-0.09943697	
AGL		-0.099446684	
ARMCX5		-0.099473365	
SHROOM1		-0.09954092	
SYDE2		-0.09969437	
OSTF1		-0.0999248	
SMARCA1		-0.10001079	
TMEM38B		-0.10005147	
GHDC		-0.100177035	
HSPA9		-0.10023032	
PPAN-P2RY11		-0.10033574	
SDHAF2		-0.10040723	
ANKZF1		-0.10041508	
RNPC3		-0.10046264	
POLR3K		-0.10053667	
MAF1		-0.10054164	
HCFC2		-0.10058342	
NDUFV3		-0.10058459	
PPM1A		-0.10059102	
OR52B6		-0.10059151	
ZGPAT		-0.100626335	
HERC2		-0.10064719	
PRUNE1		-0.10073324	
WDFY3-AS2		-0.10075678	
CTBP1		-0.10075911	
ALKBH4		-0.100799546	
MFN1		-0.10086358	
PKDCC		-0.10087273	
VMP1		-0.10099951	
ZNF430		-0.10105792	
BIN1		-0.10107488	
PLXNB1		-0.10112168	
ZNF12		-0.101144925	
UQCR10		-0.10125276	
GLYR1		-0.101349	
SLC8A3		-0.1014545	
ALKBH3		-0.10147415	
USP8		-0.1016045	
ECPAS		-0.101691455	
ANKRD36B		-0.1016939	
TTN		-0.10171553	
IL11RA		-0.101724416	
C19orf44		-0.101744965	
UCHL5		-0.101765335	
ZMAT2		-0.10178133	
TUT7		-0.1017833	
RALA		-0.10181171	
COQ4		-0.101817675	
ZNF318		-0.1018463	
EEF1A1		-0.10188699	
MRPL47		-0.10191587	
PTS		-0.10192877	
MORC3		-0.101942144	
CYRIB		-0.101966605	
ZNF331		-0.10197385	
RPLP0		-0.10199917	
MRPL50		-0.102096565	
NUDT9		-0.10217896	
PSMA3		-0.10218405	
ZNF615		-0.102590695	
ABCD3		-0.10267673	
TRIAP1		-0.1027584	
SLC25A37		-0.10277344	
AP1G2		-0.10282737	
TAF4B		-0.1029039	
SLF1		-0.102965	
DUT		-0.10301273	
POLR2H		-0.10303902	
RELA		-0.10306455	
LRP11		-0.10309792	
CFAP251		-0.10310999	
OSBPL5		-0.10312408	
RBM45		-0.103334025	
ALKBH6		-0.103438385	
MLH3		-0.103465214	
SEPTIN6		-0.103489585	
ZSCAN21		-0.103522316	
SPART		-0.103665255	
NPY6R		-0.1037281	
YY2		-0.10374282	
ABHD6		-0.103753	
GJA5		-0.10382136	
NOL7		-0.10385357	
PRKCA		-0.103912376	
KLF3		-0.10394205	
KAT8		-0.10396133	
ZNF232		-0.103987984	
SLC25A12		-0.10399755	
GABARAPL2		-0.10408021	
STIMATE		-0.104172006	
ANKRD19P		-0.10417586	
PRR5L		-0.10417677	
ZNF808		-0.10432373	
TMCO1		-0.10439101	
ERLIN2		-0.104412325	
RABGAP1		-0.104500026	
TTC19		-0.10452523	
VAMP1		-0.10454023	
USP12		-0.10456884	
SLC7A5P2		-0.10456976	
LAMA2		-0.10458006	
HSP90AA4P		-0.104581706	
LINC00265		-0.10461108	
CEP63		-0.10464987	
SESN3		-0.10467813	
MEIS1		-0.10470554	
RBM44		-0.10472242	
EBF2		-0.104748294	
NDUFA7		-0.10485774	
SLC25A51		-0.104888946	
SPPL3		-0.10508302	
ERCC5		-0.105104566	
VTI1B		-0.10512408	
PKN2		-0.105127364	
MDP1		-0.10516436	
ENOPH1		-0.105172776	
ARMC1		-0.1052242	
C3orf18		-0.105282836	
TRAPPC9		-0.10530225	
TOX4		-0.105321005	
PELP1		-0.105414204	
RRN3		-0.105555534	
CNTNAP3		-0.10569037	
CHL1		-0.10573409	
RBL1		-0.10578961	
ELMO1		-0.10579351	
CHD1L		-0.10584779	
DNAJB6		-0.10595629	
PET117		-0.1059993	
MTHFD2		-0.106031656	
PDE6D		-0.106172346	
KDM5B		-0.10631535	
ATP6AP1L		-0.10635428	
LPIN3		-0.10641615	
RBM19		-0.10641811	
RBM41		-0.10643019	
ARHGEF9		-0.10646075	
DGCR11		-0.10652395	
HLA-H		-0.10656743	
NFS1		-0.106577136	
C1orf43		-0.106644444	
GAREM1		-0.10669641	
DGCR2		-0.10672208	
C20orf96		-0.106753334	
MRPS23		-0.106884934	
IPP		-0.10700461	
PDCD10		-0.107035734	
PLA2G5		-0.10708566	
NPTXR		-0.10711691	
ZNF519		-0.10720261	
KAT7		-0.107223555	
CACNA1G		-0.107247524	
VSIG10L		-0.107316725	
AGMO		-0.10741569	
GADD45A		-0.107451364	
GFM1		-0.10751882	
SMG1		-0.107556984	
EIF2D		-0.107561655	
EGLN1		-0.107645735	
IKZF5		-0.107737444	
MKLN1		-0.10781281	
ZNF391		-0.10793233	
CCNL1		-0.10793369	
UBXN1		-0.10793906	
CD101		-0.10795201	
SV2B		-0.10798845	
MCTS2		-0.10799449	
THAP3		-0.10806959	
COG8		-0.108111285	
TRAF6		-0.108171135	
TNIP2		-0.10820678	
TMEM161B		-0.10821501	
BTBD6		-0.10822398	
SPOP		-0.108433634	
LEMD3		-0.10849035	
TALDO1		-0.10854397	
NCOA3		-0.10855961	
DCLRE1A		-0.10856184	
KBTBD7		-0.1085677	
FAM50A		-0.108581334	
DNAJB2		-0.10870545	
TMEM209		-0.108756244	
RBM28		-0.10879467	
NSL1		-0.10885954	
NDOR1		-0.10886521	
ERG		-0.10891062	
RPS21		-0.10896848	
RARS1		-0.108981654	
ZPR1		-0.10907223	
TRRAP		-0.1090807	
SLC13A3		-0.10908437	
ZNF320		-0.109115794	
AMDHD1		-0.10912584	
RPA3		-0.109133765	
DNAJA2		-0.109178014	
ALMS1		-0.1091982	
CNPY2		-0.10920877	
ZDHHC16		-0.109240614	
HEPN1		-0.10934349	
HLA-E		-0.10956345	
DPP7		-0.109620646	
MIB1		-0.10965294	
ZNF737		-0.10967801	
PRDM2		-0.10968745	
SLC25A14		-0.10976126	
CCDC85C		-0.11000198	
LPCAT3		-0.11010642	
CREB1		-0.11010742	
NDUFA6		-0.110121384	
GSTO1		-0.11020978	
FBXO3		-0.110223435	
ZKSCAN3		-0.11028065	
LDB3		-0.11030195	
TIMM23		-0.11030408	
EDF1		-0.11036165	
SRI		-0.11036262	
DNMBP-AS1		-0.11039293	
RGL2		-0.11042484	
BCDIN3D		-0.11044713	
ALG10B		-0.11051373	
GTF2E2		-0.11052463	
NBAS		-0.11053634	
USP45		-0.11054766	
HBS1L		-0.110580415	
SMARCB1		-0.110602155	
DIPK1B		-0.110712856	
HNRNPR		-0.11089344	
RELB		-0.11089762	
BLTP1		-0.11089994	
NHEJ1		-0.11097724	
TMEM50B		-0.11105597	
TSPAN6		-0.11109837	
TESK1		-0.111115925	
NUDT21		-0.11112473	
RBM17		-0.11114037	
SCLY		-0.11114258	
MSL1		-0.11117814	
DIS3L2		-0.11120939	
MGRN1		-0.11126049	
COA4		-0.11134046	
RAB11A		-0.11142409	
SCML1		-0.11143035	
ITFG2		-0.11144775	
GTF3C5		-0.11146568	
NKRF		-0.11146698	
NUP160		-0.11150709	
AGO3		-0.111644655	
C10orf88		-0.11182364	
HPS6		-0.111917384	
EXD3		-0.11193649	
CENPS		-0.11201809	
MED31		-0.11203189	
MIPEP		-0.11206615	
ELOB		-0.11215517	
NOP56		-0.1121703	
TAF4		-0.11218489	
ZNF674		-0.1122274	
MARF1		-0.11226647	
POLDIP3		-0.11237982	
USP32		-0.11246675	
SYNE1		-0.11252105	
AGER		-0.11253096	
AMMECR1		-0.11256766	
PRPF18		-0.112597324	
PIGO		-0.11265704	
NOSIP		-0.11268486	
EFNA4		-0.112715244	
KMT2A		-0.1127548	
PHF2		-0.11287254	
ITPR1		-0.11287645	
DAGLA		-0.11301229	
GFRAL		-0.11301265	
C16orf74		-0.11303874	
ESYT1		-0.11309943	
GRK4		-0.113141894	
GON4L		-0.11318328	
PNISR		-0.11330125	
PLCD4		-0.11335972	
AKTIP		-0.11347336	
DHRS12		-0.11348335	
ZNF165		-0.1135059	
MAP2K6		-0.113598846	
LRRC37B		-0.11360923	
CSNK2A1		-0.11362156	
DPY30		-0.11363457	
TFRC		-0.113697305	
TRAPPC3		-0.11376297	
FAM136A		-0.11377461	
BCLAF1		-0.113899015	
FAN1		-0.11391933	
PPFIBP2		-0.11393894	
AVIL		-0.11403761	
EEFSEC		-0.114099026	
LRRC40		-0.11417953	
GFI1		-0.11420484	
CEP57L1		-0.1142261	
ZRSR2		-0.11423318	
SP1		-0.11433326	
UBE2I		-0.114469856	
GPATCH8		-0.11451413	
ALDOA		-0.11453282	
GIMAP6		-0.11458615	
UXT		-0.11459522	
SSR2		-0.11461428	
INTS6		-0.1146759	
RGS1		-0.11467701	
LYRM1		-0.11470444	
RAD9A		-0.11477415	
RNF144B		-0.11478296	
ZBTB39		-0.11485413	
SEPTIN4		-0.11490207	
SLC7A11		-0.114905745	
RDH16		-0.11494547	
GATD1		-0.114950605	
NFKB2		-0.11498703	
PAXBP1		-0.11500237	
CAPN3		-0.11500502	
ARFGEF3		-0.11500761	
SRPK2		-0.115032546	
SPAG9		-0.115097955	
SPG11		-0.11513028	
ATP5PB		-0.11515905	
ARIH1		-0.11523034	
ARHGEF2		-0.11526968	
MLLT1		-0.11531434	
SHQ1		-0.11532951	
RPL12		-0.11539191	
PLIN2		-0.11539391	
JRK		-0.115476936	
ZNF431		-0.11549969	
KHDC4		-0.11550988	
NUDT16L1		-0.115528	
LGALSL		-0.11557741	
DMTF1		-0.115605436	
TTC27		-0.11562966	
ADAM1A		-0.115647994	
DERL2		-0.115652956	
MMAA		-0.115671396	
PREP		-0.11568649	
AP3M2		-0.11570327	
KCNK6		-0.11573045	
GUSB		-0.11576173	
KCNRG		-0.115929194	
TMEM177		-0.11593758	
SLC25A13		-0.11594154	
LAPTM4B		-0.11598519	
EGFL7		-0.116106674	
JAGN1		-0.11610819	
PMAIP1		-0.116174944	
FRMD3		-0.1163021	
BNC2		-0.116322435	
HSP90AB4P		-0.11635018	
ANKRD13C-DT		-0.11640437	
BAIAP2L1		-0.11641064	
MAP2K4		-0.11644012	
CUL1		-0.11662544	
NXF1		-0.11668333	
PGPEP1		-0.116789624	
RIOK2		-0.11684655	
MIS12		-0.11688472	
ZNF839		-0.11690323	
ATXN7L3B		-0.11690999	
HRNR		-0.11692163	
CDK9		-0.116999045	
PCNX1		-0.11699924	
IL1RL1		-0.117185585	
WDR83		-0.11720182	
MBOAT2		-0.11732035	
ADAMTS18		-0.1174226	
ZNF721		-0.117488176	
NIT2		-0.11749065	
CCNI		-0.11752965	
RNF2		-0.11754673	
LONRF3		-0.11756801	
FNBP1L		-0.11758424	
VRK3		-0.11760745	
LRRC66		-0.11770102	
DHX40		-0.117708266	
CD63		-0.11773933	
ZNF146		-0.11776637	
C17orf58		-0.117785394	
TBCC		-0.117832884	
DONSON		-0.11784129	
ISCA2		-0.11790028	
RASGRP1		-0.11791499	
DNAH14		-0.11795964	
XPO4		-0.118083484	
SHC1		-0.118119806	
DLGAP1-AS1		-0.11813073	
SAP30BP		-0.11818315	
ARL6IP6		-0.11823766	
COX18		-0.118335605	
PTPRT		-0.118372	
CTPS2		-0.11856333	
NDE1		-0.11871325	
RSBN1L		-0.118744045	
KIDINS220		-0.11884968	
ITGA2		-0.118916176	
ANKRD16		-0.119029485	
RXRB		-0.11910872	
PRKY		-0.11914001	
ENTR1		-0.119162396	
MASP2		-0.11932363	
LMBR1		-0.1193569	
LENG1		-0.11938204	
TMEM47		-0.11940794	
JOSD2		-0.11948412	
HNRNPC		-0.119554944	
SUPT20H		-0.11956778	
GTPBP4		-0.11958516	
CYLD		-0.119610675	
EEF1A1P9		-0.1197494	
ITPRID2		-0.119791985	
PSMG3		-0.11979319	
PHB1		-0.11983355	
B3GALT2		-0.11988346	
CLDN12		-0.11988689	
RCCD1		-0.11988864	
GABPB1-IT1		-0.11989245	
MALAT1		-0.11994017	
ABTB3		-0.11996099	
ATP5MF-PTCD1		-0.12001763	
SF3A1		-0.12006436	
HSPA1L		-0.120120436	
EIF2B4		-0.12021208	
DKC1		-0.12024997	
NSUN2		-0.120350294	
GNA14		-0.12038122	
SMAD5		-0.120419174	
TMEM218		-0.1204388	
PIK3CA		-0.12044276	
EID2B		-0.12044527	
RBMX		-0.12045391	
PTRH2		-0.12049533	
ANKRD13D		-0.12060468	
TRAK2		-0.12070001	
NPNT		-0.12081082	
R3HCC1		-0.12086163	
MADD		-0.12088472	
KDM1B		-0.12090297	
MRPL30		-0.12091822	
RANBP1		-0.12101833	
EXOC6B		-0.121028036	
RAB11FIP3		-0.12103697	
XAF1		-0.121055625	
RASGRF2		-0.12109173	
PHLDB2		-0.12109436	
IFNAR1		-0.12116656	
PPARD		-0.12117379	
RPL28		-0.12121624	
ZC3H10		-0.121260226	
RPLP1		-0.1213662	
GFOD2		-0.12137198	
LRRCC1		-0.12137601	
LILRA2		-0.121394895	
ZNF415		-0.121522464	
TEX264		-0.121525176	
SIRT5		-0.12153021	
NSMCE1		-0.12165642	
VAV1		-0.12168351	
TSPYL2		-0.1217009	
TRIM11		-0.12174788	
MANBA		-0.121763356	
ARNT		-0.12177099	
PNPLA8		-0.121803276	
DYRK1A		-0.12180947	
ZNF90		-0.121829875	
MDM4		-0.12185392	
PRMT2		-0.121901065	
FAM114A2		-0.12193864	
SIPA1L2		-0.121944614	
PLEKHG1		-0.121978655	
RSL1D1		-0.12198348	
SPACA6		-0.1220388	
USF3		-0.122049876	
ZNF396		-0.122084655	
HERC6		-0.1220935	
ATG4C		-0.12211403	
EML5		-0.122144386	
SNX25		-0.1222297	
SLAMF6		-0.12227665	
HAUS5		-0.122321084	
HERC3		-0.12245018	
GBGT1		-0.122502156	
TTC12		-0.12250774	
WIPI2		-0.12251539	
ZNF782		-0.12254704	
ABHD10		-0.12263222	
ANO2		-0.12263519	
TCEA2		-0.122638404	
RMRP		-0.12263966	
NOL10		-0.122683875	
RPSA2		-0.12272547	
SLC6A15		-0.122733384	
WASHC2A		-0.12277093	
HNRNPU		-0.122836545	
VPS16		-0.12283933	
PLSCR3		-0.12286067	
LENG8		-0.12302396	
RPAP2		-0.123031884	
ASB9		-0.12312279	
CORO6		-0.12313963	
UNC45A		-0.12317086	
C1orf74		-0.12329259	
TRPC4AP		-0.12333886	
ANXA2P1		-0.12338195	
PHC3		-0.12341333	
TRIM34		-0.12342697	
MAGI2		-0.12347466	
ENDOV		-0.12360704	
HHIP		-0.123661816	
DCTD		-0.12368501	
SEC1P		-0.12370838	
LSM1		-0.12371589	
POLA1		-0.12385298	
DGAT1		-0.12394971	
RWDD2A		-0.123988256	
TMBIM1		-0.12399222	
ARID3B		-0.12401366	
MBP		-0.12407948	
HIF1AN		-0.12414398	
TRIM39		-0.124161	
BASP1		-0.12417338	
HNRNPH2		-0.12418605	
TAOK2		-0.12421717	
AUTS2		-0.12425148	
ZNF630		-0.124255866	
ARHGAP19		-0.12438358	
ATF7		-0.1243904	
SPOCK1		-0.12447227	
GABPA		-0.12451606	
STX16		-0.12455871	
FUNDC2		-0.12458666	
MYO15A		-0.12461995	
NDUFAF4		-0.12464234	
TUFM		-0.12466595	
CMAS		-0.12482458	
GMPS		-0.12484564	
SCN11A		-0.12489887	
RYK		-0.124905415	
ANAPC10		-0.124952875	
GET4		-0.12500827	
SLC35C2		-0.12503207	
TMEM255A		-0.12503286	
ZFYVE1		-0.12504478	
SPATA41		-0.12509522	
CDH13		-0.12511376	
F5		-0.12516914	
SRSF11		-0.12519808	
FN3KRP		-0.12520194	
EXOSC4		-0.12528224	
RBM5		-0.12530138	
DR1		-0.12531036	
TESK2		-0.12537177	
PCDHGB8P		-0.12540224	
MRPS11		-0.12547499	
CTSL		-0.12553473	
UBR2		-0.12555252	
LGALS3		-0.12557122	
ITPRIPL1		-0.12557657	
LYSMD1		-0.12559259	
PAIP1		-0.12565474	
C1QBP		-0.12565565	
DNMT3A		-0.1257666	
CNOT6L		-0.1258395	
HIPK3		-0.12584934	
MREG		-0.12593107	
CCT3		-0.12595089	
PLCG2		-0.12608747	
ZNF285		-0.12630506	
ZC3H3		-0.12638861	
TSPYL1		-0.12656696	
PRSS48		-0.12663336	
ZNF333		-0.12664865	
PTPRF		-0.12665132	
NOB1		-0.12665834	
AUP1		-0.1267414	
USP20		-0.12675293	
SCTR		-0.12685625	
SLC44A1		-0.12687984	
HCG18		-0.12691747	
KDM4B		-0.12695818	
CGRRF1		-0.1270131	
HS3ST1		-0.12709808	
ANAPC4		-0.12721752	
LMAN2L		-0.12731208	
CSNK2B		-0.12733896	
QSOX2		-0.12734924	
LMO3		-0.12739247	
MANEA		-0.12765042	
KCNE1		-0.12780425	
CD93		-0.12796512	
SLC25A11		-0.1280423	
PPP4R2		-0.1280689	
AMT		-0.12807734	
MED23		-0.12817156	
GFM2		-0.1282475	
ABCD4		-0.12827979	
ZNF700		-0.12832865	
G2E3		-0.12842458	
TET1		-0.12843552	
IL4R		-0.12858178	
OSBPL2		-0.12858346	
CNNM4		-0.12862018	
MYO1B		-0.12869968	
METTL16		-0.1287222	
MED4		-0.12874684	
ATRIP		-0.12878567	
MYOT		-0.12883824	
TRPM6		-0.12886456	
ZNF646		-0.12893282	
RPL7L1		-0.12897553	
CSRP1		-0.12897688	
GRIA3		-0.12905143	
CCR3		-0.12907498	
PSMC3IP		-0.12907629	
BCL7C		-0.12910497	
C1orf50		-0.1292856	
ZNF239		-0.12930155	
ACOT6		-0.1293491	
KANK3		-0.12936147	
ITGAX		-0.12939018	
PJVK		-0.12941614	
SMARCC1		-0.12943392	
SLC25A39		-0.1294577	
DNAJA4		-0.12947969	
ZNF610		-0.12948737	
CDC34		-0.12948895	
ATXN7L1		-0.12952484	
SMARCA4		-0.12958136	
ZNF350		-0.12959756	
REEP3		-0.12967344	
DIAPH1		-0.12997682	
KANSL1		-0.12998171	
GTPBP8		-0.12998882	
MCM9		-0.13017772	
SNRPD1		-0.13019437	
FAM20C		-0.13023883	
NCOA1		-0.1302881	
SERGEF		-0.13029078	
PDCL3		-0.13034402	
PLAGL2		-0.13043684	
LSM14A		-0.13046587	
NKAP		-0.1304827	
RBBP5		-0.13071111	
EXOSC1		-0.13085583	
MITD1		-0.13086486	
OAZ2		-0.13090464	
KLF9		-0.1309761	
TENT5C		-0.13109976	
AK4		-0.1311368	
SUDS3		-0.13114272	
RERE		-0.13117556	
IMP4		-0.131188	
CDC73		-0.13127841	
CCDC127		-0.13127951	
CDC23		-0.13134061	
CNOT10		-0.13134985	
MARK3		-0.1316033	
LAMTOR3		-0.1317474	
CMYA5		-0.13187468	
TSSK3		-0.13187625	
NDUFB10		-0.13192704	
POM121C		-0.13193308	
HSPBP1		-0.13193822	
MEOX1		-0.13196461	
SUGT1P3		-0.13199453	
PKD1L1		-0.1320124	
ZNF550		-0.13201316	
RAD17		-0.1320172	
HCG11		-0.13201964	
ZNF417		-0.13211657	
TMEM63A		-0.13225845	
GNPAT		-0.13228835	
KRBOX4		-0.13229102	
C3orf33		-0.13247429	
FKBP2		-0.13248095	
SIGLEC9		-0.13252585	
CMA1		-0.13268173	
WDTC1		-0.1327812	
VRK1		-0.13278444	
ZBTB34		-0.13283227	
ZNF385A		-0.13289523	
CRNKL1		-0.13291459	
GPR135		-0.13301805	
ETFRF1		-0.13305514	
GHR		-0.13307245	
JADE1		-0.13314396	
NAPSB		-0.13326207	
GFPT1		-0.13328074	
NIPSNAP3A		-0.13328755	
FOXG1		-0.1333073	
KIF17		-0.13332778	
SF3B2		-0.13343708	
ANP32A		-0.13350657	
C15orf62		-0.13352332	
ZNF594		-0.13360223	
PIGP		-0.13362236	
UBAC1		-0.13365988	
DTWD1		-0.13367014	
SPATA13		-0.13382608	
UBE4B		-0.13389185	
MRPL33		-0.13395035	
RTL8B		-0.13405037	
EEF1AKMT2		-0.13408315	
ATP5F1C		-0.13416517	
RFX8		-0.13418928	
FCRL6		-0.1341942	
OCIAD1		-0.1341959	
UBE2W		-0.13430241	
SENP3		-0.13437262	
VEZT		-0.13440116	
DDX42		-0.13443622	
ILF2		-0.13487709	
CNBP		-0.13489982	
MTERF4		-0.13497096	
DDHD2		-0.13500321	
PTPN13		-0.13503371	
FAM184B		-0.1350511	
ABHD14B		-0.13514331	
PCDHB9		-0.13516319	
DNAJC1		-0.13523038	
ATG2A		-0.13523321	
MBOAT1		-0.13523678	
POLDIP2		-0.13526584	
MPST		-0.13526613	
SYPL1		-0.1353271	
ELL		-0.13536502	
ST7-OT4		-0.13536532	
EIF2B1		-0.13547054	
ITGB2		-0.13563246	
SYN2		-0.13568884	
SNRNP35		-0.13569285	
XAB2		-0.13570791	
RBFOX2		-0.13576294	
NFATC4		-0.13579771	
SH3BGRL2		-0.13584445	
CNPY3		-0.13597634	
ATOSA		-0.1360208	
ZNF711		-0.13604367	
CYP2B7P		-0.13613114	
TOLLIP		-0.13613604	
COG4		-0.1361747	
POLR3E		-0.136219	
ANKRD23		-0.13634646	
ECE1		-0.13637958	
ICA1L		-0.13647343	
PLAAT5		-0.13651514	
SOX6		-0.13662413	
MINDY2		-0.1366714	
GRSF1		-0.1367218	
PODN		-0.13683063	
PPM1G		-0.13683924	
CNN2		-0.13694437	
THNSL1		-0.13695264	
LRTOMT		-0.13706264	
TLE4		-0.13706596	
GTF2A1L		-0.13713346	
PRKRA		-0.13728485	
ASCC2		-0.1372853	
SLC35E2A		-0.13731207	
CCHCR1		-0.1373153	
ATP1B3		-0.13735694	
NUMB		-0.13749602	
CYP4F12		-0.1375297	
KLHL28		-0.13753755	
FFAR4		-0.1376767	
PCDHB15		-0.13770866	
WWC3		-0.13771644	
PSMB7		-0.13777807	
PRKG2		-0.1379295	
SPIDR		-0.13794558	
KDM3A		-0.13803096	
VAMP2		-0.13811684	
CUL4A		-0.13816099	
PCSK5		-0.13820101	
CSPP1		-0.13823141	
GTPBP1		-0.13837354	
PSMD6		-0.13852902	
NCAPG		-0.13856998	
TMEM128		-0.1386387	
NAAA		-0.13868828	
UTP4		-0.13872086	
TRMT5		-0.13888276	
CDKN1C		-0.13895012	
MOSPD1		-0.1389835	
EFL1		-0.13907918	
AGAP3		-0.13910621	
ZBTB16		-0.13913105	
PALD1		-0.13925816	
GMPR2		-0.13925835	
ENTPD3		-0.13931213	
CENPW		-0.13932803	
NUP50		-0.13939045	
APOBEC3F		-0.13949239	
PHYKPL		-0.13950258	
FGFR1OP2		-0.13953598	
ICE2		-0.13956085	
SMS		-0.13958251	
MTMR10		-0.1396358	
LIG1		-0.13971299	
TTC8		-0.13977666	
CTNNBIP1		-0.13978855	
FLVCR1-DT		-0.13980101	
METAP1		-0.13992898	
DNMT3B		-0.14005695	
NMD3		-0.14008418	
UPF3A		-0.1400853	
ZMYND8		-0.14009427	
TIMP4		-0.14009827	
RIOX2		-0.14010729	
UBXN7		-0.1401399	
TRIM65		-0.14016524	
PTPMT1		-0.14019184	
TBP		-0.14022729	
AIFM2		-0.1403089	
SOAT1		-0.14037298	
ZNF738		-0.14049281	
SLC44A2		-0.14050637	
MEA1		-0.14058165	
CDK19		-0.14060229	
FASTKD3		-0.14061403	
NLRP9		-0.14062586	
RAD51C		-0.14074774	
ROBO1		-0.14098275	
GCLC		-0.14116624	
MSRA		-0.14119437	
SMIM26		-0.14122108	
H2AZ1		-0.14122233	
PARP2		-0.14123417	
GRHPR		-0.14124393	
AFTPH		-0.14127238	
CLEC2B		-0.14139114	
ZBTB49		-0.14147583	
ALDH1A1		-0.14155562	
IAH1		-0.14161488	
HECTD1		-0.14167921	
ZNF544		-0.1417143	
FBXO38		-0.14173944	
NDUFAB1		-0.14175387	
DNAJC24		-0.14178316	
RPUSD4		-0.14180733	
ANKRD33B		-0.14185637	
U2AF1		-0.14190061	
CAMSAP1		-0.1419155	
UTP23		-0.14197612	
CNTRL		-0.14200413	
RUFY1		-0.14205489	
NARF		-0.14212112	
DDX10		-0.14213781	
RNASEH2A		-0.1421905	
C2CD5		-0.14227284	
ESRP2		-0.14230052	
BTN2A2		-0.14231594	
RBM6		-0.14237149	
RHOG		-0.14240031	
EPM2AIP1		-0.14251679	
BAZ2A		-0.14252865	
SUCLA2		-0.14253244	
ARHGAP30		-0.14255711	
GNAS		-0.14269729	
ZNF572		-0.14283933	
PIP4P1		-0.14285877	
AAAS		-0.14286464	
PTPRA		-0.14298013	
LRRC23		-0.14300188	
DMD		-0.1431117	
ATG16L1		-0.14314131	
HPS4		-0.14316888	
NIPSNAP1		-0.14322181	
PSMA6		-0.14327484	
LINC00921		-0.1432964	
KCTD17		-0.1433876	
PPWD1		-0.14346811	
OGT		-0.1435031	
IVNS1ABP		-0.14351793	
TBL1X		-0.14358401	
GNG11		-0.14363778	
EMG1		-0.1437685	
XRCC5		-0.14391041	
TPM1		-0.14399208	
HEYL		-0.14407082	
PIGC		-0.14410855	
HDAC3		-0.14410983	
THNSL2		-0.14420938	
DDRGK1		-0.14424407	
PTGER3		-0.14430535	
C2orf49		-0.1443776	
ZFAND4		-0.14439318	
GFOD3P		-0.14439422	
PDAP1		-0.14448574	
STARD5		-0.14462887	
KIF16B		-0.14468972	
NSMCE2		-0.14475815	
PRIMA1		-0.14476952	
CHRNA5		-0.14480951	
EIF3I		-0.14483158	
PRH2		-0.14483997	
DDIT4		-0.1449251	
THBS2		-0.14493433	
VPS35		-0.14494811	
TST		-0.14496021	
ADM		-0.14501317	
PCGF5		-0.14503372	
DHX34		-0.14505583	
PHF10		-0.14512448	
TAF12		-0.14512748	
SCAMP1		-0.14514063	
TARDBP		-0.14520855	
TCEA1		-0.14523835	
MYC		-0.14525072	
HNRNPA3		-0.14525999	
XRN2		-0.14527884	
MT1E		-0.14529398	
GGNBP2		-0.14537217	
ZNF740		-0.14537638	
EIF4H		-0.14543	
SETD6		-0.14546806	
STIM2		-0.14552756	
ZNF860		-0.14555168	
SSRP1		-0.14560018	
TERF2IP		-0.14560717	
DUSP18		-0.14565428	
DDX24		-0.14567898	
PMVK		-0.14569218	
NUP54		-0.14573665	
TKT		-0.14578989	
CADPS2		-0.14579035	
CIITA		-0.14589688	
CD2AP		-0.14597036	
USP28		-0.14600012	
ARL4C		-0.14607441	
TLR1		-0.14609417	
LAMTOR5		-0.14610481	
NUP133		-0.14614333	
POLR3B		-0.14615816	
CCDC110		-0.1463034	
DMAC2		-0.14631365	
DDX46		-0.14632338	
ST3GAL1		-0.1463666	
LRRC14		-0.14638443	
SPRN		-0.14658919	
VBP1		-0.1465929	
MGMT		-0.14666468	
GDI1		-0.14668114	
PPP1R3E		-0.1467619	
CDC42SE1		-0.14679378	
IGF1R		-0.14680372	
AIMP1		-0.14681996	
EFTUD2		-0.146828	
NDUFA3		-0.14693506	
CEP250		-0.14700297	
NCOA2		-0.1470677	
ST6GAL2		-0.14708771	
PROX2		-0.14721404	
HERC1		-0.14722885	
TNRC6C		-0.14737386	
DCAF4L1		-0.14737791	
SIK3		-0.1475626	
IMPA1		-0.14760177	
ALS2		-0.14767444	
MALT1		-0.14772895	
SEMA4F		-0.14773904	
CIR1		-0.1477418	
VDAC3		-0.1478247	
RAB3GAP1		-0.14790282	
BRD7		-0.1479066	
FRS3		-0.14822422	
LCAT		-0.14826061	
IFT46		-0.1482735	
ATP11B		-0.14836393	
U2SURP		-0.14840606	
RBM25		-0.14840668	
NBPF14		-0.14848231	
DPH6		-0.14848663	
C3orf62		-0.14857239	
N4BP2		-0.14857292	
RBMS2		-0.14860384	
ENPP2		-0.14862865	
VAPB		-0.14867075	
RPL15		-0.14869784	
SRP68		-0.1487361	
RPL10		-0.14873819	
INSYN2A		-0.14875187	
PNN		-0.14880987	
THRSP		-0.14885727	
RBM33		-0.14888623	
CEBPB		-0.14895616	
PSMG1		-0.1489741	
NFATC3		-0.14898871	
POLR1B		-0.14901572	
MMS19		-0.14909668	
EOMES		-0.14912026	
CASZ1		-0.14912775	
NOL12		-0.14914684	
WDR59		-0.14915612	
ENSA		-0.14916362	
MYEF2		-0.14916898	
FLOT2		-0.14920889	
PSME1		-0.14927368	
CDS2		-0.14927745	
IARS2		-0.14928974	
TBL3		-0.14930825	
CREB3L4		-0.149359	
IRF1		-0.14938693	
SARAF		-0.14940076	
GNAQ		-0.14940578	
NRDC		-0.14948262	
SMARCC2		-0.14951338	
TRPV1		-0.14968388	
SERPINB1		-0.14968596	
ADSL		-0.14972144	
CNRIP1		-0.14990158	
RNF7		-0.14999337	
YTHDC1		-0.15000741	
AP1S2		-0.15032896	
RGS16		-0.15039115	
SSBP3		-0.15040603	
CCDC22		-0.15040822	
USP15		-0.15049835	
HOXA10		-0.15065555	
ATP2C1		-0.15084016	
SPATA1		-0.15089996	
ABCF3		-0.1510695	
PRRT4		-0.15107308	
TRIM62		-0.15121286	
NSUN5		-0.1512251	
DELE1		-0.151294	
RAD52		-0.15131715	
SERP2		-0.1513544	
NHS		-0.15156554	
TRAPPC4		-0.1515768	
DEPDC4		-0.15160286	
AASDH		-0.1516314	
FAM3B		-0.15165065	
SMU1		-0.15167226	
XRCC3		-0.15181634	
LRRC55		-0.15187103	
ZNF181		-0.15191446	
NELFCD		-0.15199737	
MDH2		-0.15201941	
VMA21		-0.15203576	
ENTREP3		-0.15209417	
TSG101		-0.15226628	
NUDC		-0.15228637	
WDR3		-0.1523203	
AGBL5		-0.15232448	
ACIN1		-0.15242594	
ZNF485		-0.15246214	
AMBRA1		-0.15261641	
STON2		-0.15266012	
STAG2		-0.1527551	
MAML3		-0.1528008	
PINX1		-0.15293422	
ZSCAN31		-0.15298012	
B4GALNT1		-0.152999	
PYGO2		-0.1530131	
TNFAIP8L2		-0.15305305	
FRA10AC1		-0.15306756	
SYCE1L		-0.15310235	
RSU1		-0.15310942	
JMJD7-PLA2G4B		-0.1531156	
CLK1		-0.15324593	
CIPC		-0.15335809	
ZNF423		-0.15337406	
PCGF3		-0.15337577	
ANKRD13B		-0.15349278	
SNX7		-0.1536316	
ZFYVE21		-0.15365846	
FAM78A		-0.15370741	
TNPO3		-0.15375108	
ARHGEF1		-0.15385357	
CCDC163		-0.15390962	
ZNF428		-0.1539701	
QDPR		-0.15423334	
SETD1B		-0.15427552	
YBX3		-0.15430313	
SPR		-0.15443426	
ELP1		-0.15444607	
MTA3		-0.15450943	
SF3A3		-0.15451467	
FBXO4		-0.15464269	
CAMK1		-0.15468381	
MOV10L1		-0.15477028	
CNTNAP1		-0.15483598	
RFC1		-0.15485756	
UQCRQ		-0.15486138	
PKDREJ		-0.1548636	
PRORSD1P		-0.15492395	
SHE		-0.15495618	
DHX33		-0.15495715	
SLFN5		-0.15499593	
CDS1		-0.15505193	
PIK3R4		-0.15510109	
ZNF143		-0.1551418	
NVL		-0.15517901	
ZNF833P		-0.1551854	
GPATCH11		-0.15524174	
ORC5		-0.1552447	
AMD1		-0.15529157	
MRPS2		-0.15535495	
PIK3CB		-0.1553902	
BCL6B		-0.15544784	
SETMAR		-0.15557997	
FBH1		-0.1555862	
WDR55		-0.15559472	
CHMP2A		-0.15599719	
PROCA1		-0.15603864	
USP30		-0.15605462	
FARS2		-0.15606809	
LUC7L3		-0.15611726	
TPP2		-0.15621063	
LRRC4		-0.15626013	
ZKSCAN4		-0.15628625	
ZNF254		-0.15632859	
ALG5		-0.15633847	
TSPAN18		-0.15633915	
PSMC5		-0.15635262	
USP9Y		-0.15636429	
PRMT5		-0.15649536	
C15orf39		-0.15653512	
FDPS		-0.15657683	
C2orf42		-0.1565776	
KLHDC2		-0.15670644	
MED6		-0.15671666	
MOB3B		-0.15672117	
EIF2S3		-0.15676636	
PRKAR1A		-0.15677123	
RASD1		-0.15677938	
PCDH12		-0.15682615	
B3GALT4		-0.15693432	
LPL		-0.15713371	
HAND2-AS1		-0.15720762	
PLEKHM1P1		-0.15727125	
ARPC5L		-0.15737757	
SRSF2		-0.15739377	
UBA3		-0.15745707	
TTC14		-0.15749903	
KCNC4		-0.15774585	
PEX12		-0.15778416	
BTBD10		-0.15779379	
ZMYND19		-0.1577979	
ZNF34		-0.15791786	
HARS2		-0.15798686	
SIDT1		-0.15806562	
ACSBG2		-0.15812679	
ORAI1		-0.15817489	
NME6		-0.15818346	
ATP6V1D		-0.15827927	
C11orf58		-0.15839474	
SLC10A6		-0.15847498	
SAMD1		-0.15848888	
OGA		-0.15854844	
CERS6		-0.15856071	
MAEA		-0.15856677	
AKT2		-0.15861861	
ZNF518B		-0.15866074	
MTCL1		-0.15866554	
TTYH1		-0.1587536	
MRTO4		-0.15875931	
TRIM23		-0.15876885	
ELOF1		-0.15877427	
TBC1D19		-0.1588377	
RNF169		-0.15886526	
ATP2B4		-0.15889215	
ERICH1		-0.15890017	
GLRX5		-0.1589915	
NOD1		-0.15900223	
SRSF12		-0.1590096	
SSR4		-0.15902464	
ZSCAN26		-0.1590284	
CALM2		-0.15909767	
NDUFA9		-0.15910283	
ST6GAL1		-0.15913743	
HSD17B13		-0.15925393	
MVD		-0.15934488	
CACHD1		-0.15935293	
PLCB1		-0.15940967	
ZFTRAF1		-0.15946683	
CSNK2A3		-0.15955958	
PSMA2		-0.1595953	
MCC		-0.15962781	
SPAG8		-0.15962975	
MIPOL1		-0.15966299	
SRP9		-0.15972438	
ASB3		-0.15978332	
RARRES2		-0.15981135	
SF1		-0.15984927	
TMEM220		-0.15989318	
NID2		-0.15992545	
FLVCR2		-0.16000308	
TANC2		-0.16004527	
RMND5B		-0.1600586	
PEX19		-0.16009066	
CACNB1		-0.16009213	
ARK2C		-0.16016635	
PARD3		-0.160169	
FHIP1B		-0.1601991	
GRAMD1B		-0.16020556	
NKD2		-0.16023871	
ZNF280D		-0.16024949	
FBXO32		-0.16026919	
TTC3P1		-0.16033657	
RNF217		-0.16034466	
ATF1		-0.16034989	
MKS1		-0.16041271	
CPSF6		-0.16060732	
ADGRL2		-0.16080506	
ZNF107		-0.16083172	
CYP4A11		-0.16089283	
TMEM222		-0.16096672	
RXRA		-0.16097492	
XRRA1		-0.1610286	
FGFBP3		-0.16105466	
PAQR8		-0.16111474	
ASNSD1		-0.16118108	
PCMTD2		-0.16125272	
PGAM5		-0.1612637	
ZNF8		-0.16127014	
B4GALT3		-0.16127905	
APTX		-0.16148692	
GLUD2		-0.16158465	
SRSF6		-0.16179714	
WDR82		-0.16184987	
NDUFS6		-0.161893	
ATF2		-0.16198719	
BUD13		-0.16217002	
BLOC1S5		-0.16217965	
BORCS5		-0.16231072	
INPP5B		-0.16242756	
PHLPP2		-0.16243263	
PRDX3		-0.16245049	
ZNF257		-0.16252166	
PDCD2		-0.16269927	
FANCG		-0.16272765	
MED13L		-0.16273281	
OGG1		-0.16284303	
SPSB1		-0.1628824	
RNGTT		-0.16289574	
YEATS2		-0.16293034	
KDM7A		-0.16301483	
ADGRB2		-0.1630373	
GABRE		-0.16306038	
METTL3		-0.16311361	
ARID4B		-0.16313335	
SRPK1		-0.16313934	
AAGAB		-0.16314444	
NUS1		-0.16318753	
MTIF2		-0.16325465	
MYB		-0.16342296	
LARP4		-0.16345666	
MYNN		-0.1635309	
BBIP1		-0.16362636	
LILRA5		-0.16368844	
ZC2HC1A		-0.16369627	
MTERF1		-0.16369973	
HSF1		-0.16390856	
IL2RB		-0.16401735	
TTC21A		-0.16407238	
NUB1		-0.16414201	
CYB5R2		-0.16418579	
DENR		-0.16424973	
BTN3A2		-0.16427372	
RAPGEF2		-0.16434033	
KIZ		-0.16436897	
PEG3		-0.1644412	
ZNF879		-0.16446929	
RAB3GAP2		-0.16448727	
ATG3		-0.1645148	
SKP1		-0.16452926	
SNHG3		-0.1645498	
TENT4B		-0.16464873	
NASP		-0.16474192	
ZNF627		-0.1647448	
G0S2		-0.164754	
NDUFB1		-0.16483621	
PICK1		-0.16485475	
POLB		-0.1648852	
NPR1		-0.16506834	
PNMA1		-0.16507606	
NIPAL3		-0.16509126	
DALRD3		-0.16510372	
CLNS1A		-0.1651052	
GLI3		-0.16513258	
POU2F2		-0.16525249	
NEDD8		-0.16525641	
MYL3		-0.1653196	
SUPT16H		-0.165327	
SHPRH		-0.165354	
CLDN5		-0.16540952	
CRBN		-0.1654853	
EFCC1		-0.16554321	
HLA-C		-0.16562779	
TRIP4		-0.16568762	
BLCAP		-0.1657604	
TMC6		-0.1658013	
TRAP1		-0.16583295	
WDR12		-0.16605976	
NUP35		-0.16610324	
PPIH		-0.16613157	
PRR13		-0.16614427	
PHB2		-0.1662032	
PDE8A		-0.16626146	
ZNF781		-0.16629198	
EGR3		-0.16647431	
ASH2L		-0.16648908	
TRERF1		-0.1664959	
CXCL8		-0.16673937	
PUM2		-0.1669277	
PRKAG2		-0.16703074	
CPA1		-0.16703744	
MRPL58		-0.16716729	
UTP6		-0.16740017	
ZNF766		-0.16746289	
MOB4		-0.16754743	
CCDC66		-0.16762395	
HIGD2A		-0.16766699	
TTF1		-0.16770653	
STXBP6		-0.16773349	
TBXAS1		-0.167764	
SCMH1		-0.16781603	
OGFR		-0.16794173	
RABGEF1		-0.16794376	
RNF146		-0.16799818	
SIX5		-0.1681955	
MRPL40		-0.16824876	
NDUFV2		-0.16836461	
ZNF699		-0.1684487	
CD2		-0.16860151	
MTFR1L		-0.16865925	
WDR19		-0.16874057	
SRSF9		-0.16874643	
VPS72		-0.1687874	
DAP3		-0.16880518	
MORF4L1		-0.16885361	
GRAMD1C		-0.16896746	
IREB2		-0.16901906	
DLG5		-0.16913648	
COQ6		-0.16924937	
ZNF33A		-0.1693199	
ARHGEF4		-0.16933075	
MCRIP2		-0.16938822	
POLR2D		-0.1694174	
MTF2		-0.16942905	
BCORL1		-0.16946095	
MPV17		-0.16946602	
EAPP		-0.16964725	
COP1		-0.16976036	
ALKBH1		-0.16976798	
LIMD1		-0.16985178	
LRRC8C		-0.16992882	
MATR3		-0.16995122	
PPP2R2D		-0.17002644	
PRKCE		-0.17003386	
NKTR		-0.17007132	
HDAC5		-0.170132	
BFAR		-0.17013957	
NOSTRIN		-0.17029615	
MRPL4		-0.17031598	
FES		-0.17032434	
POP1		-0.17038499	
PLCB2		-0.17038757	
MTPAP		-0.17042841	
RPL7A		-0.17048469	
HOXA2		-0.17057858	
ZHX2		-0.17059071	
PKIA		-0.17059156	
KCTD13		-0.17067496	
COMMD5		-0.17068951	
TGDS		-0.17078386	
RBM34		-0.17083174	
TMEM203		-0.17084458	
RPPH1		-0.1709486	
SENP7		-0.17098145	
HVCN1		-0.1712582	
ZNF502		-0.17132637	
CCNT1		-0.1714622	
ALPK1		-0.17152174	
IGFBP2		-0.17168309	
RPS6KA1		-0.17174716	
RPS19BP1		-0.17197017	
PCID2		-0.17215776	
HOMEZ		-0.17222665	
COX16		-0.17227079	
SLC25A28		-0.17230158	
ZNF584		-0.17238769	
PRPSAP1		-0.17262183	
RNF5		-0.17275734	
RNF5P1		-0.17275734	
ZNF593		-0.17279477	
KDM6B		-0.1728469	
RNF130		-0.17286159	
FBXO21		-0.17286189	
MAPK10		-0.17308953	
ZNF672		-0.17312491	
PGBD5		-0.17314415	
WDR31		-0.17315386	
ERCC6L		-0.17336509	
UBE3D		-0.17338316	
ATP5F1EP2		-0.17341329	
RPL36AL		-0.17347644	
MOSPD2		-0.17355974	
RBM14		-0.17366475	
CCT6A		-0.17367038	
SOD1		-0.17372228	
MBD6		-0.17377706	
RAB11B		-0.17391245	
AURKC		-0.17404227	
TRDMT1		-0.17415081	
ENOSF1		-0.1741697	
CYTH3		-0.17421512	
SLC52A2		-0.17427476	
LY75		-0.17429732	
HERC5		-0.1743016	
MYH10		-0.17435227	
ADRA1A		-0.17443973	
UQCR11		-0.17454018	
MRPS14		-0.1745713	
MBNL1-AS1		-0.1746028	
TEAD2		-0.17478196	
TSPOAP1		-0.17487757	
CSRNP1		-0.17492902	
ZNF605		-0.17494565	
SHANK2		-0.17496629	
GPBP1		-0.175079	
ZNF830		-0.17509098	
FHL3		-0.17516656	
CHMP5		-0.17518125	
TIMM44		-0.17520072	
SDF2		-0.17524585	
ANGPTL1		-0.17535622	
CDC14A		-0.17537256	
CHKB		-0.1754538	
MAPKAPK5		-0.1755059	
THAP5		-0.1755697	
CERS3		-0.17565686	
DERA		-0.17566611	
LYSMD4		-0.1757486	
ARMC10		-0.17593183	
DDX47		-0.1760084	
ZNF471		-0.17609952	
DNAJB1		-0.17615956	
ZSCAN30		-0.1762829	
ZNF200		-0.17635739	
CCDC7		-0.17652838	
CLASP1		-0.17657681	
WDR6		-0.17662147	
ZNF644		-0.17667201	
PLEKHA7		-0.1767331	
TCP11L2		-0.17676638	
GPR88		-0.17678222	
SNTB1		-0.17678705	
RAP1B		-0.17685214	
FNTA		-0.1768546	
KRTCAP2		-0.17686838	
MRPL11		-0.17687024	
ABHD15		-0.17695212	
TRIM33		-0.17695229	
NMNAT1		-0.17698981	
CASKIN2		-0.17700745	
GAL3ST4		-0.17713201	
ADAM32		-0.1771436	
MX2		-0.17715056	
CDC5L		-0.17727545	
PTPN14		-0.177286	
PPP1R8		-0.17745535	
VSIG10		-0.17755277	
SDCBP		-0.17764682	
RPA1		-0.177653	
FBXL13		-0.17784876	
CRAMP1		-0.17794351	
MSH6		-0.17794673	
MRPL16		-0.17820165	
RAB38		-0.17824681	
STX7		-0.17830111	
SGSM2		-0.17830811	
MRPL22		-0.17837356	
SEPHS1		-0.17842208	
ZNF512		-0.1784623	
MAP3K4		-0.17846358	
EPB41		-0.17867807	
SLC25A1		-0.17886396	
ACTG2		-0.1789784	
LRRC2		-0.17901896	
ZNF19		-0.179066	
RBMXL1		-0.17908011	
ICAM2		-0.17908031	
MKRN1		-0.17916079	
ATP6V1B2		-0.17917807	
BTAF1		-0.1793249	
ARL6IP4		-0.17938593	
CDH5		-0.17972939	
CEP192		-0.17979212	
ABCB5		-0.17980248	
SDSL		-0.1798183	
INPP4A		-0.17982452	
ACP1		-0.17984319	
TBC1D20		-0.17986709	
TMEM186		-0.18004374	
KAT6A		-0.1802838	
CDIPT		-0.18031408	
TTC21B		-0.18034998	
ACO2		-0.18040563	
JPT2		-0.18043457	
TNFSF10		-0.1804457	
CPSF7		-0.18046549	
RFTN2		-0.18047747	
FLYWCH1		-0.1805132	
AGBL4		-0.18053406	
RAN		-0.1805528	
PPP4R1L		-0.18065815	
RPS8		-0.18078347	
MAST2		-0.18083803	
ADAMTS16		-0.18084596	
UBOX5		-0.18085724	
FBXO25		-0.1808664	
AMIGO1		-0.18089414	
PAK1		-0.18098333	
CELF6		-0.18102625	
BOK		-0.18112773	
DDX1		-0.18121126	
ZBTB9		-0.18122916	
LIPE		-0.1812334	
PER1		-0.1812625	
ADGRG1		-0.18133496	
SCAMP3		-0.1814814	
DIMT1		-0.18149443	
UBA2		-0.18186374	
IFRD1		-0.18193331	
ZNF222		-0.18200833	
ZXDC		-0.18210837	
PRELID3B		-0.18247516	
ZNF132		-0.18248603	
PEX13		-0.18249698	
MCM2		-0.18253863	
PHTF1		-0.18257545	
NFATC2IP		-0.18266495	
PRR3		-0.18268572	
RALGPS1		-0.18272412	
SDC2		-0.18278651	
MTMR9LP		-0.1828323	
FAHD1		-0.18287058	
SMG7		-0.18289685	
SNHG12		-0.18290344	
SLC25A35		-0.18298629	
TAF9		-0.18311644	
DARS1		-0.18320283	
PSMB8		-0.18320513	
CYP4Z1		-0.18337588	
UTP11		-0.18369408	
MRPL44		-0.1837927	
GTF2H1		-0.18389069	
HAUS8		-0.18390054	
TOMM22		-0.18404864	
THAP2		-0.18414086	
RNF114		-0.18430285	
PAN3		-0.18441115	
AP4B1		-0.18442206	
NTAQ1		-0.18447936	
TMOD4		-0.18460295	
CPS1		-0.18466574	
RBL2		-0.18472484	
COX6B1		-0.18474194	
ZNF185		-0.18482634	
RGS19		-0.184841	
STOM		-0.18494882	
SFXN1		-0.18496686	
GPR174		-0.18509133	
NFYC		-0.18510596	
POLRMT		-0.18525712	
ZKSCAN7		-0.1852665	
HMOX2		-0.18531752	
AURKAP1		-0.18539725	
CSAD		-0.18541634	
LAMC1		-0.18544483	
USP50		-0.1854596	
BRD8		-0.18550497	
DUS4L		-0.18554598	
MAX		-0.18556449	
PTGDR		-0.1856928	
MCAT		-0.18573791	
MAP3K1		-0.18579212	
IGF1		-0.18580829	
HECA		-0.18584646	
FNBP4		-0.1859482	
ZNF337		-0.18595901	
DNAJB7		-0.18602753	
KLRF1		-0.1862014	
CYP2R1		-0.18628965	
BTN2A1		-0.18640059	
ACVR2B		-0.1864319	
EIF3G		-0.18647176	
IPO5		-0.18654989	
GALNT15		-0.18655822	
DPYD		-0.18660763	
ATP7B		-0.18669176	
L3MBTL3		-0.18672036	
HPCAL1		-0.18680839	
MRPS18A		-0.18695064	
FAM186A		-0.18698056	
NUP42		-0.18702674	
MRPS18C		-0.18702765	
ZNF252P		-0.18708572	
IL18R1		-0.18708888	
METTL2B		-0.18749045	
IP6K2		-0.1874938	
PIK3R5		-0.18754756	
TACO1		-0.1876274	
XRCC6		-0.18773219	
MAPK4		-0.18773682	
ZNF576		-0.18778741	
NSDHL		-0.18781671	
SH3BP1		-0.18785314	
MRRF		-0.18790945	
MLF1		-0.18793355	
FKBP4		-0.18793406	
DGKZ		-0.18804468	
H19		-0.18807316	
RAD23A		-0.1881648	
TBC1D7		-0.18818694	
RNF185		-0.18821408	
TMEM200B		-0.18821612	
GRID1		-0.18832202	
TLE1		-0.18843412	
SNRPB2		-0.188478	
UBE2N		-0.18851748	
SLC25A15		-0.1887229	
DLC1		-0.18889783	
MICAL1		-0.18893415	
DPH7		-0.18896653	
IGF2BP2		-0.18909383	
CCDC39		-0.18916708	
SEMA4C		-0.18924578	
EFNB2		-0.18928958	
EML2		-0.18947998	
CEP43		-0.18949111	
GADD45B		-0.18957944	
KIAA0513		-0.18962546	
PCBD2		-0.18967402	
SLC13A4		-0.18969996	
ZNF214		-0.18979084	
HEATR5B		-0.18981579	
ZNF581		-0.18991208	
PGAP1		-0.18995482	
EIF4EBP3		-0.19000942	
TIMM17B		-0.19002494	
LINS1		-0.1902666	
FAM162A		-0.19030908	
H4C3		-0.19033933	
GLB1L		-0.19049834	
HCAR1		-0.1905049	
PKNOX1		-0.19053212	
ARFRP1		-0.19063354	
VPS26A		-0.19070823	
EFCAB10		-0.1907142	
ATP6V1G1		-0.19077982	
ZNF548		-0.19083384	
NAA20		-0.19085202	
CCDC59		-0.19086675	
PAK6		-0.1909129	
ARL11		-0.19111829	
FURIN		-0.19112809	
PPIE		-0.19114745	
FAM171B		-0.19117579	
NMI		-0.19118373	
ANKAR		-0.19119525	
FUS		-0.19125484	
PRPS2		-0.19133629	
CHCHD2		-0.19144642	
SLC1A5		-0.19147651	
ZNF32		-0.19150509	
ASNS		-0.19151406	
SDHAP3		-0.19155763	
ATPAF2		-0.19157864	
ZNF532		-0.19169085	
CPNE3		-0.19180001	
MRPL24		-0.19187433	
NEU3		-0.19193178	
PGM2		-0.19204566	
DHODH		-0.19207859	
TUBGCP6		-0.19208176	
WDR77		-0.19212793	
MLX		-0.19215928	
PXN		-0.19218335	
DUSP6		-0.19226101	
EMCN		-0.19238764	
MTMR4		-0.19252104	
PJA1		-0.19254951	
CBX7		-0.19255614	
KCTD15		-0.1926266	
E2F5		-0.19266759	
SMCR8		-0.19291481	
TRIM25		-0.1930869	
AGPAT5		-0.19311555	
CYTH2		-0.19312026	
PLEKHF2		-0.1931274	
ARRDC3		-0.19313692	
HOXB6		-0.193282	
RPS4X		-0.193387	
ITM2C		-0.19349557	
CNTN2		-0.19358309	
SSBP1		-0.19389473	
HMGCLL1		-0.19407268	
PER3		-0.1941425	
EDNRA		-0.19414978	
PHF3		-0.19416155	
PGGT1B		-0.1942242	
FDX2		-0.19423203	
TMT1B		-0.19432366	
NLRC4		-0.19438054	
RNASET2		-0.19454451	
TMUB2		-0.19456637	
LONP2		-0.19462511	
TMCC3		-0.19463466	
BSN		-0.19466518	
SEC31B		-0.19467954	
NOL11		-0.19470873	
FTX		-0.19471186	
ZNF321P		-0.19484718	
RET		-0.1949499	
MIR632		-0.19504523	
DNAI4		-0.19513312	
GALK2		-0.1952059	
FUBP1		-0.19531778	
MAGOHB		-0.19539534	
UBL5		-0.19541623	
FECH		-0.19544677	
MRS2		-0.19545446	
XPNPEP1		-0.19563839	
RETREG3		-0.19570614	
ESRRA		-0.19579777	
GLRB		-0.19581528	
VIRMA		-0.19586357	
ST6GALNAC6		-0.19587429	
NR2C2AP		-0.19592704	
RGS6		-0.1959747	
NEK3		-0.19604644	
PUS10		-0.19606006	
GNL3L		-0.19615926	
ELOVL5		-0.19624346	
IK		-0.19624503	
GYS1		-0.19631915	
STN1		-0.1964385	
MPHOSPH8		-0.19645348	
MRPS28		-0.19649716	
BAZ1A		-0.19651015	
ZNF37BP		-0.19651331	
NCKIPSD		-0.19657966	
WNT11		-0.1966592	
AMY2B		-0.19686967	
PARL		-0.19705382	
A2ML1		-0.19718337	
MRPS25		-0.19724299	
MCM8		-0.19725996	
WNT4		-0.19737329	
BDKRB2		-0.19747429	
RPL27A		-0.19755748	
NAT10		-0.19758737	
NR3C2		-0.19765703	
CCNC		-0.19773288	
CACNB2		-0.19783454	
LDLRAD3		-0.19784102	
TRPC5		-0.197944	
TMEM132B		-0.19795007	
PPP1R16B		-0.19797854	
THSD4		-0.19808303	
CCNL2		-0.1981352	
PLEKHA8		-0.19830787	
DYNC2H1		-0.19835044	
ANO8		-0.19835289	
EXOSC7		-0.1984285	
ARRB1		-0.19848128	
B3GAT3		-0.1984856	
ARHGEF15		-0.1985628	
METTL17		-0.19885431	
POLR3F		-0.19904432	
ACSF2		-0.19905868	
NEDD4L		-0.19911408	
ALDH7A1		-0.19922231	
MTRF1		-0.19929084	
YBX2		-0.19932427	
ST8SIA6		-0.19932477	
SPAG16		-0.19939208	
TSFM		-0.19959106	
PELI2		-0.19963415	
CST7		-0.19972382	
UTP14A		-0.19995303	
ZDHHC23		-0.19997285	
ZNF14		-0.20003931	
DOC2A		-0.20005524	
CREB5		-0.20023623	
ZNF575		-0.20027399	
GCH1		-0.20038028	
PLN		-0.20061234	
TFB1M		-0.20073149	
ADCY2		-0.20079839	
GTPBP10		-0.20099784	
ZNF248		-0.20100375	
COX19		-0.20114972	
GRPEL2		-0.2011951	
SMYD3		-0.2012082	
COL27A1		-0.201423	
COIL		-0.20157412	
GNAL		-0.20164475	
RHBDD3		-0.20165636	
GARIN1A		-0.20167509	
RPS11		-0.20171787	
FAM117B		-0.20174329	
ENO2		-0.20180482	
PEX16		-0.20183943	
ZNF473		-0.20201445	
DPCD		-0.20201516	
DARS2		-0.20209809	
IGFBP3		-0.20213006	
ADRB1		-0.2021439	
BCCIP		-0.20219548	
FOXP4		-0.20222053	
MAP4K1		-0.2022865	
FAM162B		-0.20229112	
KIF5C		-0.2023125	
SNAP23		-0.20237252	
HSP90AB3P		-0.20238431	
ENTPD6		-0.20241491	
ING5		-0.20249209	
FGD4		-0.20254087	
ERRFI1		-0.20260482	
SLC15A2		-0.20260595	
CCDC120		-0.20263463	
COG5		-0.20277797	
CTSW		-0.2028474	
E4F1		-0.2029033	
SLC25A29		-0.20293106	
NRBF2		-0.20299368	
TMED10P1		-0.20302148	
TMEM169		-0.20310153	
LINC01011		-0.2032247	
OLA1		-0.20330244	
PTCD3		-0.20337014	
KPNB1		-0.20338203	
RPS19		-0.20346354	
ZNF446		-0.20348054	
RRAGC		-0.20354053	
JMJD6		-0.20354755	
HS1BP3		-0.2035993	
TECR		-0.20362891	
APBB3		-0.20363446	
RANBP9		-0.20369376	
THEMIS		-0.20374022	
THSD1P1		-0.20390856	
EIF4E3		-0.20397395	
ZNF302		-0.20397793	
PRP4K		-0.204096	
TM4SF18		-0.20419118	
TAS2R30		-0.20427369	
RFLNB		-0.20431559	
VWA8		-0.20436835	
NHSL2		-0.204389	
ABCA7		-0.20443133	
TMEM101		-0.20450251	
ZCCHC18		-0.20450965	
TLR6		-0.20462307	
GNAI1		-0.20472369	
WNK3		-0.20474173	
POLR2J		-0.2047592	
TAF1L		-0.20492657	
SCLT1		-0.20492901	
FGGY		-0.20516537	
ATG10		-0.20521303	
RFC4		-0.20556238	
SRSF5		-0.20570037	
CASP9		-0.20572281	
PABPC1L		-0.2058722	
AFDN		-0.20599867	
DHPS		-0.2061279	
RBM10		-0.2061783	
SAFB2		-0.20640877	
MRPS35		-0.20652209	
GTF2H4		-0.20653436	
ANKEF1		-0.2065968	
RANGRF		-0.20663643	
DEDD2		-0.20664822	
MLLT6		-0.2066604	
PTGES3		-0.20680061	
LEPROTL1		-0.20696662	
FBXO17		-0.20700192	
HNRNPF		-0.20719849	
EPB41L4A		-0.20720498	
BZW2		-0.20727864	
SMOC1		-0.20735459	
ZNF286A		-0.20739691	
AFG2A		-0.20750828	
WDR75		-0.2075212	
DCP2		-0.20756242	
LEMD2		-0.20759362	
MCPH1		-0.20764606	
DNAAF1		-0.20771988	
RERGL		-0.20778275	
CHML		-0.20787954	
CEMIP		-0.20794716	
ZNF496		-0.20796885	
EHBP1L1		-0.2079801	
C5orf63		-0.20799774	
HOXA6		-0.20813715	
SERBP1		-0.208303	
DNAJC9		-0.20832531	
NDUFA2		-0.20834798	
RGL3		-0.20835981	
XPO6		-0.20839348	
ZNF493		-0.20842151	
ATP5MC2		-0.20844392	
NKAPP1		-0.20853667	
OST4		-0.20854945	
DET1		-0.20855838	
SLC22A15		-0.20858182	
HBP1		-0.20866363	
RFTN1		-0.2087703	
PBX4		-0.20878002	
JUP		-0.20885697	
MAP1LC3C		-0.20886154	
TRANK1		-0.20886478	
CHN2		-0.20888102	
ARHGEF19		-0.20895556	
NOTCH2NLA		-0.20918554	
C1orf21		-0.20930962	
DYNC1I2		-0.20935646	
THUMPD2		-0.20947453	
FERMT2		-0.20952153	
FBXL20		-0.20955022	
GIMAP4		-0.20975652	
PCDHB2		-0.20975819	
ACADS		-0.2097656	
BTBD9		-0.20985961	
VPS37B		-0.21005943	
STK31		-0.2101168	
PCDHB12		-0.21014601	
LETM1		-0.21017407	
RACK1		-0.21034493	
SELENOK		-0.2103501	
DHRS7		-0.21035306	
STAT5B		-0.21037321	
DUSP12		-0.21067218	
MTCH1		-0.21068648	
GIMAP2		-0.21074347	
ATP6V0C		-0.21085452	
HEMK1		-0.21086213	
TRAF5		-0.21090885	
CYB5RL		-0.21103422	
SIK1		-0.2110957	
ADIPOQ		-0.21110928	
EYS		-0.21112685	
ANKS3		-0.21116197	
NLE1		-0.21132618	
PCDHB10		-0.2114723	
CNNM3		-0.21153636	
MUC4		-0.21159728	
PDC		-0.21159753	
SAV1		-0.21181935	
LAMC2		-0.21188396	
MCCC2		-0.21203008	
PARP8		-0.21204573	
PCDH18		-0.21227767	
UCKL1-AS1		-0.21237229	
ZNF622		-0.21244201	
DHX15		-0.21245414	
CCT8		-0.2124936	
UBE2J2		-0.21254134	
PATJ		-0.21255952	
ATP5MC3		-0.21258655	
ZNF559		-0.2125924	
ZSCAN25		-0.21260071	
SPIN3		-0.21260482	
HNRNPDL		-0.21267737	
DAAM2		-0.21270853	
MRPS21		-0.21274431	
ZBTB7C		-0.21276441	
NDUFS3		-0.21277526	
CENPI		-0.21278425	
RSL24D1		-0.21282922	
WFDC21P		-0.21285054	
PARVB		-0.2129323	
RCOR1		-0.21295343	
PEX5		-0.21301593	
CAPN7		-0.21303195	
DDTL		-0.21314949	
SOX18		-0.21317336	
GIMAP7		-0.21334569	
TYK2		-0.21335873	
ITPKC		-0.2134135	
HSPE1		-0.21342471	
VPS29		-0.21356358	
RPS27		-0.21358712	
ZNF124		-0.21362981	
CLIC5		-0.21367711	
SCN3B		-0.2137058	
TMEM126A		-0.2137931	
STAG3L4		-0.21386231	
COX17		-0.21389303	
PCED1B		-0.21399125	
SUPV3L1		-0.2140467	
PCDHB6		-0.21412887	
MCRIP1		-0.21423626	
SGSM3		-0.21426348	
TMPO		-0.21427456	
PLEKHG3		-0.21442634	
ACTL6A		-0.21445978	
SNRPD2		-0.21447851	
PSMB6		-0.21460582	
XPNPEP3		-0.21461801	
WSCD2		-0.21484767	
NDUFV1		-0.21492638	
TCP1		-0.21497941	
CCT5		-0.21500492	
CLDND1		-0.21502487	
MT1F		-0.21513464	
ZNF341		-0.21516897	
SLC7A6		-0.2151777	
SH3YL1		-0.21519548	
ANKRD10		-0.21536347	
CBR3		-0.21565492	
CNOT7		-0.21568678	
COQ3		-0.21572621	
SEH1L		-0.21573158	
CCDC9		-0.21581042	
ADIPOR2		-0.21591173	
ZNF276		-0.2159768	
LYST		-0.21601517	
ZNF174		-0.21609066	
SIAH1		-0.21638174	
DNAJC27		-0.21639547	
GCNT4		-0.21658772	
ITPRIP		-0.21662909	
LMF2		-0.21663794	
CATSPER2		-0.21668993	
RNF19B		-0.21671946	
TAF7		-0.21681157	
TBCEL		-0.21683182	
APEX1		-0.21691725	
HCLS1		-0.21711205	
HSD17B11		-0.21714713	
MAP10		-0.21719018	
ZNF549		-0.21721329	
CCT6P1		-0.21754856	
MRPS26		-0.21769346	
NME8		-0.21779548	
TBC1D4		-0.21784137	
CLUH		-0.21787888	
CEP57		-0.2182001	
HSBP1L1		-0.21826571	
BRD1		-0.21839799	
C12orf76		-0.21859236	
GYG2		-0.21862213	
ORC4		-0.21910505	
TUB		-0.21919854	
TMEM45B		-0.21924572	
IRX3		-0.2193646	
COX6A1		-0.21939135	
HMGXB4		-0.21947838	
RAP1GDS1		-0.21953595	
GBP2		-0.21955593	
INSIG1		-0.21963836	
SLC41A1		-0.21965116	
ZBTB18		-0.21980569	
GALNT13		-0.21980609	
MT1X		-0.21985967	
NUDT15		-0.21997963	
HOXA9		-0.22017713	
ANAPC16		-0.22027491	
STRBP		-0.22029905	
PTHLH		-0.2203423	
CD53		-0.22042413	
NEDD9		-0.22049384	
PPCDC		-0.22050232	
DDX50		-0.22068082	
C2orf68		-0.22073789	
LNX2		-0.22076514	
RPP14		-0.22087185	
ZIC2		-0.22095655	
SLC7A6OS		-0.22099583	
ORAI2		-0.22102806	
MAGI1		-0.2211919	
EIF3F		-0.22123906	
RPL8		-0.22130212	
TMC7		-0.221304	
BSG		-0.22136895	
NDUFB3		-0.22145212	
RPA4		-0.22146176	
C9orf40		-0.2215838	
SCP2		-0.22168845	
IST1		-0.22184305	
SMPD2		-0.22192495	
MCM7		-0.22195178	
TSC22D4		-0.22206904	
TIMM10		-0.22215717	
NUDT16L2P		-0.22216052	
LENG9		-0.22239915	
S1PR1		-0.22244713	
ZNF275		-0.22269425	
CSPG4		-0.22292681	
TMEM135		-0.22295761	
USP25		-0.22298484	
KGD4		-0.22328092	
ZNF660		-0.22334298	
PKIG		-0.22347601	
MFSD6		-0.2235571	
MYH14		-0.2235836	
SRSF7		-0.22361219	
L3MBTL1		-0.22364345	
RBM4		-0.223704	
HEMK2		-0.22372705	
ARL6IP1		-0.22378853	
SCN4B		-0.22379526	
RAVER1		-0.22380538	
CLK3		-0.2240072	
RTCA		-0.22401977	
TXN2		-0.22405113	
SERPINI1		-0.22412995	
PPFIBP1		-0.22419749	
TRAPPC2		-0.22432038	
ACAT2		-0.22436538	
CDC42SE2		-0.22440131	
FBRSL1		-0.22449072	
ADGRL4		-0.22469665	
RAB18		-0.2247814	
AP2A1		-0.225016	
PRKACA		-0.22509928	
AFG3L1P		-0.22533832	
ZNF577		-0.22542387	
RCHY1		-0.22544965	
NSD3		-0.22553022	
RBM8A		-0.22559714	
RPP40		-0.2256161	
MRPS5		-0.22577602	
MRPS18B		-0.22587731	
STAR		-0.22588024	
LIPC		-0.2260671	
CCDC73		-0.22608975	
PRPSAP2		-0.22611424	
UTY		-0.2262416	
DHTKD1		-0.22630563	
ZMYM5		-0.22633994	
CDKN2AIPNL		-0.22651227	
HIBCH		-0.2265861	
STK10		-0.22672993	
TRIM4		-0.2267446	
ATP5MK		-0.22683163	
LDLRAP1		-0.22687325	
NT5C2		-0.22688735	
GPRASP3		-0.22692059	
COASY		-0.22708574	
PC		-0.22712134	
ZNF691		-0.2272366	
DEFB1		-0.2272639	
IDH3A		-0.22733136	
NOP53		-0.22735173	
USP3		-0.22738075	
UBASH3A		-0.22743683	
ZNF709		-0.22746196	
NPM1		-0.22749083	
NEBL		-0.22756551	
SAFB		-0.2276479	
PDE7A		-0.22772248	
NCS1		-0.22782049	
MPHOSPH9		-0.2278755	
BLM		-0.22801916	
OSBPL6		-0.22816296	
EIF3K		-0.22820832	
WBP1		-0.22827078	
PPM1H		-0.22842059	
PGM3		-0.2284222	
ZNF101		-0.22845423	
KPNA5		-0.22869195	
EIF2A		-0.2288027	
ZZZ3		-0.22901385	
MED17		-0.22907306	
HK2		-0.22929938	
HCN3		-0.22940604	
PFDN5		-0.22942482	
CBL		-0.22954242	
CCT7		-0.22987755	
VIPR1		-0.23012145	
OBSCN		-0.23015332	
ACADSB		-0.23036984	
GRB10		-0.23039107	
CBY1		-0.23039855	
RPL13AP5		-0.23072508	
SNRK		-0.23076864	
CCS		-0.2308752	
ZNF516		-0.23098575	
PRPF3		-0.2310233	
SULT1C4		-0.23106156	
RIT1		-0.23113306	
TMEM18		-0.23123458	
PRICKLE4		-0.23126481	
ZNF395		-0.23130031	
C14orf39		-0.23147455	
PRCD		-0.2316067	
THOC1		-0.23169832	
ALDH1B1		-0.2317204	
WEE2		-0.23174696	
GPR180		-0.23185635	
FAM120B		-0.23186308	
TIA1		-0.23188542	
KBTBD2		-0.23222005	
CDK3		-0.23235637	
MRPL3		-0.23235665	
SLC25A26		-0.23245533	
RPS23		-0.23258458	
VDR		-0.23265499	
SMIM11		-0.23279741	
KCNN4		-0.23292895	
SNRPD3		-0.23294356	
C14orf93		-0.23298955	
ITGB3BP		-0.2330633	
RTN1		-0.23317814	
RBM14-RBM4		-0.23320562	
EIF5A		-0.23326714	
RBM18		-0.23328671	
SCCPDH		-0.23331112	
EDC3		-0.23339538	
TRA2A		-0.23341078	
PSTPIP1		-0.23341912	
SERPINE3		-0.23342563	
ATP6V1G2		-0.23344132	
NDUFB4		-0.23347977	
ERAP2		-0.23350337	
MRPL12		-0.23352392	
GDF6		-0.23353307	
WDR54		-0.23357907	
IFIT1		-0.23372166	
AQP7P3		-0.23374625	
PIAS4		-0.23377681	
HAUS4		-0.23388185	
HTR1F		-0.2339713	
ATP5ME		-0.23402615	
TWIST2		-0.23405473	
NDUFA10		-0.23431745	
SLC2A11		-0.23445153	
MRPS17		-0.23449787	
ILVBL		-0.23450321	
CADM1		-0.23462668	
ARHGEF18		-0.23464817	
CLEC14A		-0.23466812	
SURF2		-0.23473065	
TDRKH		-0.23485188	
RHBDF2		-0.23495398	
GNRH1		-0.23496518	
BCAR1		-0.23501837	
BUD23		-0.23535113	
SKIC2		-0.23548429	
BUB3		-0.2355552	
SUV39H1		-0.2356143	
TYSND1		-0.23566212	
WBP2		-0.23569812	
ARHGEF7		-0.23578897	
MRPL27		-0.23585	
MBTD1		-0.23592268	
CNKSR2		-0.23594041	
FHDC1		-0.23596527	
RPS6KA5		-0.23597233	
HOXA3		-0.23599316	
RPS16		-0.23616487	
ZNF311		-0.23631516	
BBS2		-0.23635867	
MTO1		-0.23653504	
GDF9		-0.23657694	
SDHA		-0.23671973	
ZNF767P		-0.23678553	
MFSD4A		-0.23698366	
SELENOW		-0.23702791	
NKG7		-0.2370786	
ELK1		-0.23707865	
RPL21P44		-0.23735778	
LINC02880		-0.23740168	
FOXN2		-0.23746374	
PHKG2		-0.23751244	
ITPKB		-0.23760523	
CIDEC		-0.23780642	
ZNF57		-0.23790716	
ZMAT1		-0.23791733	
ZNF169		-0.23798978	
SET		-0.2380408	
PREX2		-0.2380949	
MLLT3		-0.23810834	
HAUS1		-0.23810887	
CCNH		-0.2383106	
HNRNPH1		-0.23836645	
ADNP2		-0.23840474	
RPF2		-0.23848543	
LRRC8B		-0.23875487	
DYRK1B		-0.23876615	
CHCHD3		-0.23878524	
TRMT13		-0.23882669	
SCAPER		-0.23883638	
MPPED2		-0.23896685	
HELZ2		-0.23896687	
TUSC3		-0.23915808	
MCL1		-0.23915882	
NEK8		-0.2392119	
IDH1		-0.23924245	
C10orf71		-0.23927614	
LINC00652		-0.2394126	
RPL31		-0.23947114	
MRM3		-0.23951085	
MYL4		-0.23967761	
DAZAP1		-0.23978564	
MRPL35		-0.2399606	
ACTR5		-0.24004088	
RASSF2		-0.24004415	
RGS5		-0.24006236	
LDHC		-0.24054778	
GDAP1		-0.24060749	
SLC5A4		-0.24068825	
FAM184A		-0.24094914	
ARHGAP24		-0.24102625	
ZNF608		-0.24113332	
CWC15		-0.2411361	
BTF3		-0.24120113	
HELQ		-0.24120905	
MRPL53		-0.24122944	
PDCD2L		-0.24124281	
KLC2		-0.2412474	
NONO		-0.24151433	
NSUN3		-0.24158157	
PRR4		-0.24159993	
LRWD1		-0.24164349	
DPP4		-0.24170798	
INPP5D		-0.2417218	
MTHFS		-0.24182375	
PCDH11Y		-0.24184287	
SRSF3		-0.24187224	
PRDX5		-0.24193253	
HSD17B10		-0.2420121	
WDFY4		-0.24204572	
CISD1		-0.24205363	
CX3CR1		-0.24212128	
TAS2R10		-0.24219821	
PGM1		-0.24238934	
KRBA2		-0.24242435	
ABHD14A-ACY1		-0.24261731	
TMEM26		-0.24262786	
LPIN2		-0.2426497	
SNRPF		-0.24265362	
AGTPBP1		-0.24269846	
COPS6		-0.24275531	
DNAH17		-0.24279098	
NIPSNAP2		-0.24282381	
OXA1L		-0.24284074	
ZFP62		-0.24284436	
SHROOM4		-0.24291803	
ZNF226		-0.24298932	
RPS15		-0.24322493	
EVI2A		-0.24333864	
AVEN		-0.2433622	
NUDT17		-0.24352597	
PDF		-0.24352846	
SRSF4		-0.24372864	
FLYWCH2		-0.24374665	
MPZL2		-0.24385768	
MARS2		-0.24403204	
LUC7L2		-0.24404931	
PTK2B		-0.2442576	
TMEM106C		-0.24437137	
TMEM14EP		-0.24468997	
IRF7		-0.24474807	
EXOSC6		-0.24482277	
PDP2		-0.24507591	
POLR2G		-0.24508333	
CSNK2A2		-0.24521196	
MDFI		-0.24528275	
AK5		-0.24529563	
SLC12A2		-0.24532743	
ATL2		-0.24536306	
HOXC10		-0.24545735	
PPP2R2B		-0.24563663	
LSM2		-0.24571115	
HLA-F		-0.24581897	
SEMA6D		-0.24587135	
SPATA2		-0.24617444	
HNRNPA1		-0.24620663	
MICB		-0.24634612	
SLC5A9		-0.2463863	
MAP3K13		-0.24657896	
OGFOD2		-0.24661565	
PTPRQ		-0.24663953	
C1orf220		-0.24674127	
TFEB		-0.24684265	
SEC14L2		-0.24686809	
RRAGD		-0.2470171	
DENND2A		-0.24707986	
NIBAN1		-0.24711333	
IL17RC		-0.24714118	
CHST11		-0.24720596	
MUSTN1		-0.24759778	
GMNN		-0.24772656	
ADA		-0.24811806	
AKAP12		-0.24819273	
KHSRP		-0.24822007	
CLEC2D		-0.24827486	
C1orf162		-0.24827623	
SLC43A1		-0.24832597	
SULF2		-0.24859466	
TBCA		-0.24864715	
TAS2R14		-0.24870573	
GYPC		-0.2487778	
ADAM23		-0.24885252	
SPEF2		-0.2489018	
NDUFA5		-0.24890974	
NUDT4B		-0.24917893	
RYR2		-0.24945149	
PAIP2		-0.24949074	
RCL1		-0.24962965	
C14orf180		-0.24978648	
SEC11A		-0.2498386	
TTC38		-0.25003424	
CCT2		-0.25005573	
GPR18		-0.25010675	
ESAM		-0.25014412	
CD300LB		-0.2503069	
SDK1		-0.2503733	
SNRNP70		-0.25038078	
MSH4		-0.25038517	
HFM1		-0.2504157	
ANKRD29		-0.25046608	
PMS1		-0.2505461	
ADH5		-0.25056732	
IQCB1		-0.25062123	
TRIL		-0.25097618	
SPSB3		-0.25101802	
NLRP1		-0.25114453	
FMO5		-0.2515743	
STK4		-0.2517307	
RPAIN		-0.25182652	
SIVA1		-0.25185487	
HRH2		-0.25194657	
LAMB2P1		-0.25203237	
ZNF551		-0.25221333	
PLRG1		-0.25232488	
DRAM2		-0.2524316	
C21orf58		-0.2524919	
EEF2		-0.25274286	
LYPLAL1		-0.25274467	
NDUFS2		-0.25280157	
SUCLG2		-0.25284517	
SCAI		-0.25303194	
CUL7		-0.25311005	
POLR1H		-0.25311348	
EIF1		-0.25311458	
OSBPL1A		-0.2532143	
LRRC17		-0.25336564	
NDUFA4		-0.25336835	
SLC49A3		-0.2534761	
PRR14		-0.25364378	
WDFY2		-0.25375128	
CHKB-CPT1B		-0.25383562	
CEBPA		-0.2539256	
NDUFB6		-0.2539538	
DDX17		-0.2539596	
SPAG7		-0.25404987	
ZCCHC8		-0.25410238	
SF3B3		-0.25411764	
PRELID1		-0.25415117	
TADA2A		-0.25428808	
MLLT10		-0.2543556	
ZCWPW1		-0.25452155	
HBB		-0.25476167	
TP63		-0.25479457	
SLC25A21		-0.25482452	
UCKL1		-0.25486913	
ERH		-0.2548833	
CYP51A1		-0.25490588	
NCBP1		-0.2549202	
SP110		-0.2551655	
ZNF366		-0.25519758	
TMTC4		-0.25569108	
ARMCX4		-0.25577438	
BUD31		-0.25579265	
OLFM2		-0.25579736	
TRIM21		-0.25585252	
ENTPD1		-0.25592446	
SFT2D1		-0.25593668	
GNAZ		-0.25594047	
MAL2		-0.25596943	
SMAD5-AS1		-0.25608435	
CLEC12A		-0.25609675	
MGAT3		-0.2561727	
PODXL		-0.25618002	
PTCD1		-0.2562648	
C3orf49		-0.25640365	
RANBP10		-0.2564442	
ABCA1		-0.25659695	
FAM110B		-0.25665337	
SLC29A2		-0.25665545	
NDUFB11		-0.25693667	
AGO4		-0.25699222	
ATP5MG		-0.25706163	
NAA16		-0.2570922	
SH2D2A		-0.25711903	
PHIP		-0.25733817	
OPRL1		-0.25740686	
UQCRB		-0.2574294	
LY6G5B		-0.25750804	
RPL30		-0.25755733	
PITPNM2		-0.2575845	
RPL3		-0.25780678	
COX8A		-0.25782093	
KRT10-AS1		-0.25807863	
D2HGDH		-0.25807995	
ELOA		-0.2580875	
NBEA		-0.25812137	
LLPH		-0.25816455	
ARHGDIB		-0.25819388	
PLEKHG6		-0.2583971	
UNC5C		-0.25841847	
COX7B		-0.2586392	
SNAI3-AS1		-0.25870255	
CHCHD4		-0.25903603	
ZNF780B		-0.2592275	
DFFB		-0.25940743	
CASP8		-0.25946197	
MAPK14		-0.25976557	
LTO1		-0.25981027	
FIGN		-0.25992897	
C9orf85		-0.25994146	
CCDC88C		-0.25999072	
LHFPL4		-0.2600049	
TMEM25		-0.26007122	
HYCC2		-0.26094717	
LAMA5		-0.26102132	
MNT		-0.26107168	
EIF3L		-0.26113483	
HEBP2		-0.26116753	
ARHGEF3		-0.26135725	
PDE8B		-0.2614861	
ZNF155		-0.26156625	
PDHA1		-0.26170486	
KRT10		-0.26176667	
SERPINB6		-0.2618115	
MIR600HG		-0.26184493	
UVRAG		-0.2618837	
QRICH2		-0.2620127	
ZNF540		-0.2620376	
SIGLEC7		-0.26204577	
CCDC28A		-0.26210713	
TP53INP1		-0.26218253	
DCDC2B		-0.26220122	
IMPA2		-0.26228535	
RPS14		-0.26242512	
WNT10B		-0.2625231	
MCM6		-0.26257554	
FBXL5		-0.2626224	
PRDM1		-0.26266047	
PRSS35		-0.26286957	
SCAF1		-0.26316857	
CENPB		-0.26333427	
C6orf163		-0.26338735	
DMAC2L		-0.26373935	
TYRO3		-0.26391196	
SNRNP48		-0.2641255	
RAPGEF5		-0.26422408	
ATP5F1A		-0.26439127	
KLHL8		-0.26439956	
ZNF91		-0.26441896	
SUGT1		-0.26466626	
DNA2		-0.2650055	
PLA2G2A		-0.26505947	
PSMG4		-0.26519898	
ZFAND6		-0.26520497	
ZNF230		-0.26532316	
HADHA		-0.26548073	
RPL19		-0.26550588	
ENDOU		-0.26559216	
MUS81		-0.2655991	
GRAMD4		-0.26564607	
CPEB1		-0.26567158	
ACVR1		-0.26571426	
PCDHB18P		-0.26585478	
CD5		-0.26586032	
PDCD5		-0.26588616	
DNAJC17		-0.26595092	
SUPT4H1		-0.26596588	
OXCT1		-0.2660519	
VIT		-0.2661688	
HIBADH		-0.26621085	
NPEPPS		-0.2664109	
ATP5PD		-0.2664458	
PTP4A3		-0.26648656	
TNFRSF8		-0.2666312	
MYCT1		-0.2667194	
MRI1		-0.26693365	
HAND2		-0.26694375	
FAM111A		-0.2670351	
ADH4		-0.2672217	
UBE2B		-0.2672302	
DDT		-0.26728705	
MXD3		-0.2673686	
ZBP1		-0.26747766	
DENND1C		-0.26759756	
FZD3		-0.2676188	
BAZ2B		-0.26779422	
AP3B2		-0.26783442	
ZNF500		-0.26789778	
SEC61G		-0.26796886	
PWWP2A		-0.26800925	
LRRC47		-0.26808265	
NDUFS5		-0.26824436	
PELI1		-0.26849383	
ZNF160		-0.26872215	
RPS5		-0.26877505	
CTRL		-0.26886502	
SLC12A6		-0.26895353	
TLNRD1		-0.26909792	
UBE2Q2P1		-0.26911592	
SNX11		-0.26922983	
CRACR2A		-0.26928627	
ROPN1L		-0.2693809	
CCNE2		-0.2695681	
RPL37		-0.2696491	
IL6R		-0.26976016	
NDUFS1		-0.26986077	
YARS2		-0.2699067	
DGKE		-0.27003634	
MAPDA		-0.2702315	
L3MBTL4		-0.27026358	
TLCD5		-0.27050674	
STK39		-0.2706873	
RRAGB		-0.27070996	
ECSCR		-0.2707697	
DPH5		-0.27095377	
KCNH1		-0.2710906	
ISCA1		-0.2711315	
CTSS		-0.27113175	
GET1		-0.27122822	
COX4I2		-0.27128825	
STXBP1		-0.2714206	
VIP		-0.27154818	
NSUN5P2		-0.2715984	
GFRA1		-0.27166763	
FXR1		-0.27181697	
PTEN		-0.2718751	
MAN2A2		-0.27207044	
AIDA		-0.2721323	
SLFN12L		-0.2721895	
ILKAP		-0.27221444	
FOXP2		-0.27230456	
PPP1R3F		-0.27239773	
EIF3M		-0.27248868	
TMTC1		-0.27267924	
ABO		-0.27267998	
RAG1		-0.27268797	
LRRC34		-0.27280793	
KIAA1958		-0.2728552	
TRABD		-0.27285802	
GRPEL1		-0.27305853	
SRSF1		-0.27307224	
RCE1		-0.27327308	
TOP3A		-0.27328467	
CUBN		-0.27336702	
DHRS4		-0.27340782	
AFG2B		-0.27379045	
FBL		-0.27380738	
DLST		-0.27398473	
PPP3R1		-0.2740107	
ZNF600		-0.27411523	
DUSP4		-0.2741225	
KBTBD8		-0.2741284	
RPH3A		-0.27438003	
ADGRG2		-0.27447015	
MLYCD		-0.27451938	
KBTBD3		-0.27452034	
BTBD8		-0.2747072	
CORO2B		-0.2747748	
RRN3P3		-0.27481654	
ZNF844		-0.2748594	
ATP8B4		-0.2753471	
ANKMY2		-0.27548933	
NDUFAF1		-0.27570197	
SP4		-0.27593157	
MAP2K5		-0.27606425	
RAC2		-0.27624452	
TGFB2		-0.27658588	
RPL22		-0.276602	
APAF1		-0.2767595	
CECR7		-0.27676684	
USH2A		-0.27705306	
TRPC6		-0.27706134	
MIIP		-0.27708113	
ECI2		-0.2771193	
BNIP3L		-0.2771258	
PLCL2		-0.27717578	
ALS2CL		-0.2772754	
OCIAD2		-0.27731887	
LUC7L		-0.27733988	
RNASEH2C		-0.27757365	
MRPL38		-0.2778647	
SEL1L3		-0.27796748	
ZNF223		-0.2779802	
EXOSC8		-0.27807823	
TARS1		-0.2782574	
ISCU		-0.27831644	
CRIPT		-0.27836466	
RHOU		-0.27844235	
TMEM44		-0.27849552	
HNRNPA1P10		-0.27860743	
HDAC9		-0.27863127	
TRMT10A		-0.2786319	
MRPL9		-0.27870715	
BAG1		-0.27876398	
CAT		-0.278764	
NDUFC2		-0.27897957	
PCTP		-0.2793111	
CRYGS		-0.27944034	
FBXL4		-0.27945355	
GPX3		-0.27954236	
LPAR6		-0.27976394	
SECTM1		-0.27992928	
TNFRSF1B		-0.27995345	
STX3		-0.2800941	
SYNGR1		-0.28050932	
RPS27A		-0.28074682	
RPL13		-0.28080267	
CYP2E1		-0.28093734	
C6orf52		-0.28099358	
DAGLB		-0.28139603	
CIRBP		-0.28164163	
OMA1		-0.28177246	
MIGA2		-0.28178847	
CDC42EP3		-0.28185287	
PABPC5		-0.28198457	
EPHX2		-0.28202522	
SNCA		-0.28209242	
MMAB		-0.2821299	
C17orf75		-0.282184	
SSH2		-0.282238	
KITLG		-0.28229624	
ZNF554		-0.28237855	
ZNF300P1		-0.28268367	
ISOC1		-0.2827618	
GPR22		-0.2828843	
TPST1		-0.2830598	
HLX		-0.28314564	
HIRIP3		-0.28320578	
OSGEP		-0.2833391	
CHTF18		-0.28341708	
MPL		-0.28353322	
ACY1		-0.28372312	
SLAIN1		-0.2839662	
CLIC6		-0.28419527	
CCNG2		-0.2842748	
KLHDC4		-0.28440773	
SIPA1		-0.28449607	
LIN52		-0.28459823	
ITGA4		-0.28465894	
HOXB4		-0.28470707	
PTPN18		-0.28517592	
GRIP2		-0.28518775	
NACA		-0.28523213	
ATP5PO		-0.28539234	
SLC35G2		-0.28548178	
RHOB		-0.2856177	
GUCY1A2		-0.285635	
GDF11		-0.28578877	
C16orf46		-0.2858672	
NR3C1		-0.2859905	
TNS2		-0.2860094	
PTBP2		-0.2861328	
RASA2		-0.28622943	
C9orf72		-0.28641883	
MRPS9		-0.28646177	
SPRY2		-0.28680474	
METTL9		-0.2868331	
UNC13D		-0.28685945	
BAALC		-0.28694177	
CTTNBP2		-0.2869973	
MPHOSPH6		-0.28729615	
RNASE8		-0.2875795	
LVRN		-0.28779304	
RANBP17		-0.28790545	
UPF3B		-0.28795505	
CHCHD7		-0.28888798	
EIF3E		-0.2889322	
AP4M1		-0.2889689	
RPS24		-0.28923595	
EZH1		-0.2892999	
PARVG		-0.28936282	
RPL6		-0.28944367	
NDUFA13		-0.28952134	
ADGRL3		-0.2896476	
ADGRE5		-0.28968957	
PEX2		-0.2897724	
SLC2A4RG		-0.289826	
SLC16A14		-0.28989834	
ANKRA2		-0.28998494	
IFNAR2		-0.29006764	
CDK5R1		-0.290089	
RPLP2		-0.29010603	
TFAM		-0.29036838	
MDGA1		-0.29038024	
POLR2F		-0.29040524	
HOXD8		-0.29088488	
ACAP1		-0.29089272	
GRTP1		-0.29119593	
PSMA3-AS1		-0.29123363	
CLIP4		-0.29125947	
CHD7		-0.29134285	
TVP23C		-0.2914356	
COPS2		-0.2916617	
MYOM1		-0.2918211	
HCP5		-0.2921059	
SLC25A3		-0.2921623	
SFMBT1		-0.2921867	
KDM4D		-0.2925459	
SYNE2		-0.2926028	
BOLA3		-0.29284406	
LILRB3		-0.29294574	
IL15RA		-0.2930482	
POM121		-0.29329252	
ZNF697		-0.29341114	
MRPS22		-0.29344133	
CHMP4A		-0.2934924	
GIMAP1		-0.29353952	
SLC26A10P		-0.2935426	
MED18		-0.29355907	
LYRM4		-0.29387823	
GZMK		-0.29400274	
KLF2		-0.29402992	
INPP5A		-0.29418936	
NPAS2		-0.2942678	
MFAP3L		-0.2943085	
ST13		-0.29443455	
NPRL2		-0.2944996	
NNAT		-0.29453444	
AP1AR		-0.29480985	
ZNF22		-0.29481107	
P3H2		-0.2948693	
TOMM20		-0.29491228	
RNF128		-0.29517078	
SNTG2		-0.29523435	
RFC2		-0.2953997	
ABCB7		-0.29543123	
CLEC4A		-0.29543862	
SRBD1		-0.2954988	
EEF1D		-0.29553655	
TACR2		-0.2957619	
RPL4		-0.29579815	
MIB2		-0.29580972	
PCDHB16		-0.29586536	
MEOX2		-0.29602444	
KIAA0408		-0.29610357	
ACO1		-0.2961159	
ERP29		-0.2961885	
NCAN		-0.29621157	
RPL26		-0.29629844	
BNIP1		-0.29632246	
GPRASP1		-0.29632986	
MNAT1		-0.2963608	
CEPT1		-0.29664683	
RNF113A		-0.2966795	
RMND5A		-0.29671082	
ACP6		-0.29673392	
GDAP1L1		-0.29678485	
COQ2		-0.29684517	
NRG2		-0.29684934	
MIR4453HG		-0.29743412	
ST6GALNAC2		-0.29751828	
TMEM229B		-0.2975404	
SNRNP25		-0.29755282	
PLPP3		-0.2975658	
MAK		-0.29758182	
PATL2		-0.2977846	
NDUFA12		-0.29830557	
TATDN3		-0.2983329	
SRPX		-0.2983567	
ATPAF1		-0.29836085	
HSDL1		-0.29838338	
CARD10		-0.2984534	
SZT2		-0.2984581	
ACSL4		-0.29848468	
FNDC1		-0.2987035	
FDFT1		-0.2988066	
EAF2		-0.29892254	
DNHD1		-0.29893255	
HNRNPH3		-0.29900244	
CAVIN2		-0.29910743	
KCTD6		-0.29926062	
TRAF1		-0.29933774	
ING4		-0.29944122	
CRYZL1		-0.29947224	
CTBP2		-0.29988784	
CROCCP3		-0.29993278	
CFDP1		-0.29995343	
MTFP1		-0.30027577	
NFU1		-0.30045116	
TAF9B		-0.3004943	
RPL35		-0.3005049	
LIPT1		-0.3006366	
CD320		-0.301033	
MPC1		-0.30108827	
S100B		-0.30119294	
ZNF324B		-0.3012568	
EGOT		-0.30132827	
DPM1		-0.30137986	
GHITM		-0.30154338	
TFAP4		-0.30182233	
SYCP3		-0.3018332	
AOAH		-0.3019039	
ACSBG1		-0.30203745	
CRLF3		-0.30217597	
TET2		-0.30263922	
PPP5C		-0.3027562	
CASP1		-0.30277607	
KIFC2		-0.3031183	
UQCC1		-0.30320156	
IL16		-0.30323237	
CD24		-0.30335498	
NGDN		-0.30351892	
SGPL1		-0.3035682	
RNF32		-0.30357072	
AP4S1		-0.30361083	
CEP95		-0.3036358	
RILPL2		-0.3037179	
AMDHD2		-0.3037457	
DNAJA3		-0.30397376	
PIN4		-0.30419698	
VASP		-0.30427754	
NR5A2		-0.30447027	
MRPL48		-0.3046383	
RPL17		-0.30474314	
KIF2A		-0.30489102	
WAS		-0.3050047	
SNORA28		-0.3051454	
RMND1		-0.30517897	
TRIM45		-0.3051854	
RGS14		-0.30531198	
TMEM120A		-0.30538148	
HAX1		-0.3054607	
DYRK3		-0.3055723	
CCDC68		-0.3059663	
PARK7		-0.30601856	
BPNT1		-0.30620492	
SCO1		-0.30632097	
ADAM28		-0.30658403	
UHRF2		-0.3066012	
CDKN1B		-0.3068043	
HSD17B12		-0.30735257	
NPHP3		-0.3076693	
MAPKAPK3		-0.30797952	
DRG1		-0.30799267	
DCAF11		-0.30806014	
SOX4		-0.30814505	
SDHB		-0.30818528	
SPESP1		-0.30826372	
RYR3		-0.30834323	
PTPN7		-0.3084291	
PPP1R1A		-0.30845803	
ATG4D		-0.30848816	
ANP32B		-0.30850407	
KPTN		-0.3091062	
VAMP5		-0.3091516	
ZMYND12		-0.30936298	
DUSP22		-0.30937046	
INTU		-0.30937135	
PLD6		-0.30940828	
CPOX		-0.30951068	
INPP1		-0.30956355	
AKNA		-0.30959216	
RPL10A		-0.31000143	
UIMC1		-0.31014028	
INPP4B		-0.31036624	
MTERF2		-0.3106501	
DACH1		-0.31071773	
POT1		-0.3107913	
PHKA2		-0.31079695	
MAOB		-0.3110822	
ARAP3		-0.31113347	
PTPN6		-0.31131035	
IDI1		-0.31138885	
UQCRC1		-0.31157225	
KIAA1614		-0.311612	
CCDC88B		-0.31181276	
CNST		-0.3119669	
ARPC1A		-0.31208238	
RNF144A		-0.31238404	
ZNF564		-0.3124079	
FLT3LG		-0.3126777	
PDCD4		-0.31295347	
HRAS		-0.31346855	
ESR1		-0.31358185	
HSDL2		-0.3139779	
FBXO10		-0.31409943	
CHST2		-0.3142383	
USP49		-0.31424996	
AK2		-0.31516582	
THOC5		-0.31540197	
FARSA		-0.31540683	
PAG1		-0.3155008	
SLC9C1		-0.31568235	
ZFYVE27		-0.31571093	
SIK2		-0.31603494	
OXER1		-0.3162991	
MYCBP2		-0.31639802	
ADCYAP1R1		-0.3164561	
PRMT7		-0.3172588	
AGAP11		-0.31760606	
ADHFE1		-0.31765163	
RPL36		-0.31776184	
ELP2		-0.3177792	
PTCD2		-0.31788132	
BIRC3		-0.31824926	
GUCY1A1		-0.3184805	
PSMA7		-0.31869423	
BMP5		-0.31902653	
PDE4D		-0.31914556	
SLC24A5		-0.31919104	
EIF3H		-0.3192925	
DHRS3		-0.31961304	
STRADB		-0.31976774	
PDHX		-0.32008094	
NUDT4		-0.3203665	
RAB11FIP1		-0.3204884	
TMEM170B		-0.32102346	
ROM1		-0.3211469	
TATDN1		-0.32121545	
AIFM1		-0.32123336	
IGSF3		-0.32131833	
ZNF221		-0.3214852	
CARD8		-0.32155377	
SEMA4B		-0.32184038	
PYCR2		-0.32197297	
AQP7		-0.3221787	
SUN2		-0.32240498	
GJA9		-0.3225718	
FAU		-0.32328638	
CLSTN2		-0.32333443	
FAM117A		-0.32340765	
POLL		-0.32351285	
BNIP3		-0.32364085	
IDH2		-0.32384542	
DNAJC25		-0.32390213	
AHSA2P		-0.3241951	
PARP15		-0.32428658	
SUOX		-0.3243423	
SLC25A4		-0.32487476	
SAT2		-0.32502875	
FRAS1		-0.3250379	
NSUN7		-0.32516617	
TOX2		-0.32523072	
FAM185A		-0.32548076	
RPL18		-0.3256289	
PLP2		-0.3257265	
SYF2		-0.32581443	
RPL38		-0.32597503	
TLR9		-0.3260643	
EIF2B2		-0.32638276	
ZNF491		-0.326434	
LYPLA1		-0.3265696	
HSP90AB1		-0.32701564	
RAD51		-0.32708442	
NSA2		-0.32708666	
AMPH		-0.327346	
ADPRHL1		-0.3273605	
HCK		-0.32742482	
HADHB		-0.3274792	
CDRT4		-0.32753983	
SAMD10		-0.3275727	
MATCAP1		-0.3276475	
SASH3		-0.32799092	
GTF3C3		-0.32804686	
TBX15		-0.3284236	
MYO15B		-0.32856745	
RBM39		-0.32869026	
BAK1		-0.32881033	
SCG3		-0.32895494	
FN3K		-0.32901654	
RPS25		-0.32902822	
SKAP1		-0.32902992	
PTX3		-0.32926443	
TSEN2		-0.3293185	
RAB3D		-0.33010647	
ZNF764		-0.33027565	
TEAD4		-0.33043253	
RASGRF1		-0.33046678	
GULP1		-0.33073893	
CIMIP2B		-0.33115503	
SLC38A11		-0.33133847	
NCF2		-0.33152053	
TAS2R50		-0.3315524	
TWF2		-0.33169466	
MAP3K10		-0.3319457	
ABCD2		-0.33222112	
STEAP4		-0.33226523	
PLCH1		-0.33250415	
GGACT		-0.33250463	
PIP5K1B		-0.33318728	
ECHS1		-0.33324993	
SLC19A1		-0.33345374	
RPL32		-0.3335636	
TXNL4B		-0.3337153	
SHANK3		-0.33395937	
C5		-0.33403003	
FH		-0.3340825	
TBC1D1		-0.33417907	
UBXN11		-0.33425334	
INSR		-0.3342965	
PAQR6		-0.33449396	
CLK4		-0.33455908	
STAT5A		-0.33464715	
LAX1		-0.33470508	
STX10		-0.33470735	
SLC22A1		-0.33475015	
C5orf34		-0.33495626	
GADD45G		-0.33514953	
TOMM7		-0.3351522	
KLHL10		-0.335193	
JMJD7		-0.335557	
FAM110D		-0.33584374	
SP140L		-0.33584693	
PDHB		-0.33590657	
ACLY		-0.33617863	
PLEKHJ1		-0.33624318	
PDK1		-0.33683935	
SCRN2		-0.3368785	
NMRAL1		-0.336904	
SSX2IP		-0.3369875	
CCDC126		-0.33700067	
INE1		-0.33707225	
SLC26A4		-0.33710462	
MED9		-0.33712158	
WLS		-0.33717397	
SSU72		-0.3371929	
ENTREP1		-0.33758235	
PLCL1		-0.33768943	
ALK		-0.33777702	
RPL23A		-0.33783758	
LDHB		-0.33788824	
NMNAT3		-0.33791795	
DUSP5		-0.3379552	
MRPS33		-0.33817387	
SNHG6		-0.33832777	
PFDN2		-0.3384781	
CLYBL		-0.33944324	
TTC39C		-0.3395736	
RPL13A		-0.33957425	
SLC25A23		-0.33958635	
H4C5		-0.33980563	
NELFA		-0.33981398	
ING1		-0.33985975	
ZFAND1		-0.3398793	
NSG1		-0.33989382	
GATA2		-0.34019452	
MIR1307		-0.34021133	
LIAS		-0.34031016	
SIRT7		-0.34041736	
MST1		-0.34080788	
SARNP		-0.34093925	
P2RX1		-0.34163675	
ECT2L		-0.3416759	
CHST7		-0.34205514	
SLC6A6		-0.34212112	
FAM43A		-0.34222028	
NDUFA4L2		-0.34226006	
NDUFB9		-0.34240088	
TBX3		-0.34242588	
BTN3A1		-0.34248158	
TSC22D1		-0.34280872	
TPT1		-0.34346306	
UBA52		-0.34368265	
PM20D2		-0.3438255	
SPIRE2		-0.3439354	
KYAT1		-0.3441953	
EFR3B		-0.34421194	
DNAJC19		-0.3444474	
GPR65		-0.3446978	
GALNT3		-0.34470943	
PHOSPHO2		-0.34480193	
WRNIP1		-0.34493154	
RPL14		-0.34516767	
C5AR2		-0.34544802	
RIMS3		-0.34573838	
KLHL23		-0.34577957	
ID3		-0.34586233	
MED28		-0.34587342	
TMEM183A		-0.34588426	
GPR17		-0.3459222	
ZBED2		-0.34608734	
CYP4V2		-0.34615535	
EFNA1		-0.34633496	
ABCA11P		-0.34641078	
STK24		-0.3464178	
ESRG		-0.3465314	
APOO		-0.3469418	
NOP16		-0.34697828	
PTAFR		-0.3470077	
SREBF1		-0.34702358	
MAZ		-0.34703878	
N4BP2L1		-0.34724703	
F8		-0.34728464	
MRPL21		-0.3474532	
LSS		-0.34750938	
GLS2		-0.34762868	
EIF1AY		-0.34775177	
HIP1R		-0.34782723	
CUZD1		-0.3480049	
DBT		-0.3481753	
TARS3		-0.34829554	
TAPT1-AS1		-0.34838298	
IRX1		-0.34838662	
KCTD1		-0.34869707	
MAS1L		-0.34875187	
TAF1D		-0.34921712	
MMP15		-0.3492783	
NUDT8		-0.34935763	
FAM24B		-0.3495548	
HDHD5		-0.34973928	
RPL29		-0.3498424	
WDR27		-0.34986395	
IGBP1		-0.35016906	
EPHB4		-0.35083014	
MRPS15		-0.35095754	
PLD1		-0.35111332	
EFCAB5		-0.351143	
ZSCAN2		-0.3511873	
RPS13		-0.35137907	
SOX5		-0.35146758	
RDH10		-0.3516001	
DTX1		-0.3518124	
TMEM42		-0.35194802	
MYLIP		-0.35231316	
SRRD		-0.35253364	
DBI		-0.3526154	
EEPD1		-0.3526184	
RPL34		-0.35277387	
KCNIP2		-0.35277733	
ZNF266		-0.35310078	
MRPL45		-0.3532511	
CLDN20		-0.3534531	
GPAM		-0.3535435	
PMPCB		-0.3538047	
EPB41L4A-AS1		-0.35380608	
DPY19L2		-0.35390994	
ANK2		-0.3543016	
EIF4B		-0.3543984	
PPAN		-0.35467556	
GRK2		-0.35473976	
MAP2		-0.3547439	
POLR1E		-0.35475755	
YOD1		-0.35478425	
TMEM132C		-0.35499397	
DOK3		-0.35516495	
RDH13		-0.3554962	
DOCK8		-0.35606655	
SLC4A1		-0.35610333	
BAIAP3		-0.35619503	
TMEM150C		-0.35651937	
GPM6B		-0.35732076	
EGFEM1P		-0.3576077	
CERKL		-0.35809472	
NET1		-0.3581026	
FIBIN		-0.35854754	
RPGRIP1		-0.3586201	
MCF2L		-0.3586265	
EXOSC2		-0.35875037	
RPS10		-0.3590686	
RPL5		-0.35935885	
LRRC70		-0.35952738	
TOMM20L		-0.3595347	
ADD3		-0.3595799	
TAS2R20		-0.35963655	
DIRAS3		-0.3596539	
CDO1		-0.3602347	
LY75-CD302		-0.36035573	
TAS2R19		-0.3606884	
CCT6P3		-0.36086106	
ZC3H8		-0.3612026	
KARS1		-0.36121175	
COQ10A		-0.36122137	
CYC1		-0.36126947	
GRIK1		-0.36156708	
CNIH1		-0.3616425	
EBLN2		-0.36168203	
PLSCR4		-0.3616976	
GPD2		-0.36206126	
CD300A		-0.36211333	
FXYD2		-0.36227193	
ETFDH		-0.36227953	
NACA2		-0.36251405	
MMRN1		-0.36260176	
ZNF69		-0.36287028	
HYDIN		-0.36298022	
HSPA12B		-0.36325973	
NBEAL2		-0.36341178	
MLKL		-0.36350545	
EXPH5		-0.36365265	
MUC20		-0.3640767	
GNRHR		-0.3642883	
DMC1		-0.36429355	
CRYM		-0.36433858	
PPFIA2		-0.3645022	
NDUFB5		-0.3645808	
FAM133B		-0.36480978	
PFKFB1		-0.365051	
TMCC2		-0.36535224	
CCDC61		-0.36563104	
MYL5		-0.36580956	
PDE2A		-0.36622173	
ARHGAP44		-0.36642888	
CCDC50		-0.36646703	
GPR82		-0.36675704	
BDNF-AS		-0.3669404	
FGF10		-0.36717784	
TEK		-0.3673329	
LFNG		-0.36743826	
MINDY1		-0.36749133	
CNR1		-0.36788335	
SH3KBP1		-0.36791682	
LBR		-0.36875373	
GZMB		-0.36886144	
ZNF177		-0.36904663	
CEACAM1		-0.36918175	
SUGP1		-0.37035847	
LINC02210		-0.3703617	
IQUB		-0.3704369	
CNTFR		-0.37052602	
MIR17HG		-0.37067506	
PDE3B		-0.3707258	
SYBU		-0.3708129	
RGS17		-0.37090668	
BDNF		-0.3709485	
ZNF385B		-0.37124887	
TTC28-AS1		-0.37125894	
MTARC2		-0.37189502	
OSCP1		-0.37190184	
HPGD		-0.37202328	
PREX1		-0.37217885	
SC5D		-0.37218815	
RNASE4		-0.3722003	
TP53TG1		-0.37235805	
NUDT9P1		-0.37256858	
SFTA1P		-0.37262487	
HYMAI		-0.37264246	
BRAF		-0.37273833	
ARHGAP32		-0.3727483	
THBD		-0.37277064	
RPS7		-0.3731746	
SEMA7A		-0.37319446	
LIN9		-0.373544	
LDB2		-0.37359524	
C17orf67		-0.37368777	
HOMER2		-0.37383837	
RNF44		-0.37401068	
EEF1B2		-0.37402987	
MGST2		-0.3745052	
SIRT1		-0.37452835	
CD302		-0.37478727	
PSD4		-0.3757368	
SMAD9		-0.375746	
EPOR		-0.37577233	
ZBTB3		-0.37591866	
SLC46A2		-0.3761181	
RPL24		-0.37694374	
SLC6A2		-0.37712964	
DLD		-0.3771566	
FOXRED1		-0.37725532	
RTL5		-0.37737986	
UBB		-0.37740692	
NXN		-0.3778084	
GPR171		-0.3778837	
RPS2		-0.37811676	
CCT4		-0.3783227	
TACC3		-0.37834632	
COX7C		-0.3787033	
CA8		-0.3787128	
COQ9		-0.37878832	
ZNF454		-0.37943354	
ZBTB8OS		-0.37947547	
HDDC3		-0.3797441	
ZNF282		-0.3799702	
TBX19		-0.38029084	
CHST15		-0.38030833	
MRPL46		-0.3806155	
GALNT17		-0.38062093	
CCDC12		-0.38112643	
IMMP2L		-0.3815033	
LRPPRC		-0.3817023	
ZNHIT3		-0.38180485	
LARGE1		-0.38180822	
MRPL15		-0.38242328	
ABHD3		-0.38253522	
TGM2		-0.3825609	
CCNB1IP1		-0.3825852	
ACTR6		-0.38271186	
UCP3		-0.38296697	
LNX1		-0.3833859	
SEM1		-0.38368133	
RAPGEF3		-0.38392246	
SLC26A5		-0.38408163	
GCNA		-0.38414776	
PRH1		-0.38426283	
NUDT14		-0.3843638	
ARHGAP27		-0.38439897	
GLI4		-0.38447213	
CARHSP1		-0.3846295	
RBMX2		-0.38466787	
ANG		-0.38493198	
GJA1		-0.3851985	
PSTPIP2		-0.38524553	
LONRF1		-0.38566726	
LGI4		-0.38593805	
ARSG		-0.38602147	
RHOBTB3		-0.386286	
PLAAT3		-0.38629356	
RPS20		-0.38652855	
TUBA8		-0.38669315	
RPL35A		-0.38706267	
SLC25A38		-0.3872588	
MOB2		-0.3873572	
UQCRFS1		-0.38744673	
NUDT6		-0.3877966	
MRPL51		-0.3882489	
GABARAPL1		-0.3887099	
COX6C		-0.38929242	
CXCL17		-0.38985512	
C2orf88		-0.38993144	
HCAR2		-0.39013395	
ACAD8		-0.39019123	
RASAL3		-0.39026913	
DNAH11		-0.39029765	
ACRBP		-0.39033446	
STXBP2		-0.39049032	
NRIP1		-0.39060476	
FCHO1		-0.3907549	
NOTCH4		-0.39078566	
ARFGAP2		-0.39084226	
DYSF		-0.3909228	
PCYOX1L		-0.39096287	
PLAGL1		-0.39099795	
RPL37A		-0.39100516	
SMCHD1		-0.3912507	
TMEM164		-0.39130607	
GFUS		-0.3913493	
KLRD1		-0.39148384	
PRDM8		-0.39156073	
ETS1		-0.3916346	
RPS12		-0.39171994	
GSDMD		-0.39196733	
SLC45A3		-0.39203516	
NT5M		-0.39205468	
GVINP1		-0.39246354	
GLP2R		-0.39246675	
ZFAND5		-0.39272428	
ZNF229		-0.39318427	
RGMB		-0.39349917	
CDCA7L		-0.39388955	
GUCY1B1		-0.39400256	
RPL22L1		-0.39429384	
DDX28		-0.3946177	
RAD21		-0.3948717	
PGS1		-0.3950481	
IL2RA		-0.3952214	
FMO2		-0.395324	
SNRPN		-0.3955425	
TCAF2		-0.39563215	
POSTN		-0.39576197	
KLHL24		-0.39604264	
AP1S1		-0.3961037	
LIPT2		-0.396432	
MAT2B		-0.39650333	
FMO3		-0.39680317	
SNURF		-0.3969337	
PEX11A		-0.3970667	
SINHCAF		-0.39734003	
CDH26		-0.39746743	
PDE1B		-0.3974797	
IL17RA		-0.39803612	
TNFSF14		-0.39849538	
GBE1		-0.398788	
RPS15A		-0.39909583	
B9D2		-0.3990963	
PRKCH		-0.39941025	
MARCHF3		-0.39950374	
RPS9		-0.39978045	
SLA		-0.39991835	
GARRE1		-0.4002114	
CETN3		-0.40028957	
TRIB2		-0.4005608	
FOXN3-AS2		-0.40111881	
MRPS7		-0.40129003	
NPM3		-0.40131995	
NDN		-0.40134874	
CSMD1		-0.40142035	
LYZ		-0.40161484	
AIP		-0.40191495	
RAMP2		-0.40212533	
ZNF586		-0.40234354	
ESYT3		-0.402493	
LTB4R		-0.40284386	
WBP2NL		-0.40287456	
C8orf44		-0.40302113	
ST6GALNAC3		-0.403545	
ELOC		-0.40375593	
BCL6		-0.40392488	
MIR29C		-0.40396345	
RNF122		-0.40415913	
ANO1		-0.40445516	
CSRP2		-0.4049276	
BRD7P3		-0.40525252	
TJP2		-0.40526146	
EIF4EBP2		-0.40536046	
HOXA5		-0.40542418	
SLC12A9		-0.40570006	
DLAT		-0.40575245	
ADGRG5		-0.4058189	
APIP		-0.40598586	
NDUFB8		-0.40621167	
MEIS3P1		-0.4064419	
ZNF202		-0.40686813	
RAB27A		-0.40690684	
TMPRSS11D		-0.40697548	
LETMD1		-0.40722638	
ELOVL6		-0.40728718	
SNAI1		-0.40738314	
TMEM131L		-0.40753868	
PSMB9		-0.40832397	
TRPV3		-0.4086921	
MORC4		-0.4087379	
ANKRD20A4P		-0.40925014	
GOLGA7B		-0.40946412	
AUH		-0.4101998	
COX5A		-0.41067722	
SH2D3C		-0.41123584	
JARID2		-0.41141742	
ATG9B		-0.41148758	
GART		-0.41164643	
RNF149		-0.41174474	
FGF2		-0.4117495	
CIAPIN1		-0.4119558	
SLC14A1		-0.41270146	
SRD5A1		-0.4127065	
CYP4B1		-0.4128997	
EYA4		-0.41295838	
HK3		-0.4130649	
MTHFD1		-0.41342837	
ZFAS1		-0.41375372	
PITPNC1		-0.4139527	
SATB1		-0.41448942	
DRC12		-0.41452417	
PDE4B		-0.41471732	
RUNX3		-0.41504368	
H2BC21		-0.41522947	
ITGB3		-0.41539267	
CROCCP2		-0.41575924	
RPS29		-0.41608304	
DDX11		-0.41612822	
BTG1		-0.41622415	
HCG4B		-0.4168715	
ERN1		-0.4169692	
MID1IP1		-0.41709232	
CLEC12B		-0.4178272	
NEURL1B		-0.4179692	
LITAF		-0.4179909	
NODAL		-0.4180748	
PTENP1		-0.4181749	
PLA2G6		-0.4182018	
SUCLG1		-0.41855317	
MTUS1		-0.41857353	
RNF125		-0.4186558	
ANO6		-0.41871864	
RAI2		-0.4187641	
MKNK2		-0.41909963	
ACP3		-0.41933146	
RBP7		-0.41941467	
RAB28		-0.41943184	
OXNAD1		-0.41957882	
NFIL3		-0.4199924	
CR1		-0.42005396	
RASGRP4		-0.42012024	
TSPAN8		-0.42014846	
ALOX5		-0.42036906	
DCXR		-0.42038906	
PITPNM1		-0.42039216	
TAF1A		-0.42105803	
NT5C1B		-0.42130095	
ZNF114		-0.42220435	
KDM8		-0.4222286	
ADSS1		-0.4225864	
GDPD3		-0.42424545	
HACD1		-0.42431772	
ST3GAL6		-0.42439598	
NCAM1		-0.4249055	
MYH7B		-0.42519656	
USP13		-0.42536643	
HMGN3		-0.42538276	
TMOD1		-0.4254906	
GKAP1		-0.4258062	
C1orf115		-0.42589667	
SOX17		-0.42652386	
MLXIPL		-0.42685157	
MRPS31		-0.42725718	
AVPI1		-0.4274656	
DLEU2L		-0.42836192	
MAPRE2		-0.42841175	
HSPD1		-0.4284268	
SLC25A5		-0.42897183	
FKBP9P1		-0.4291309	
SSTR1		-0.4291673	
KCTD14		-0.42932576	
SDHAP1		-0.42934027	
YPEL5		-0.4296679	
TMLHE		-0.42997485	
PCP4L1		-0.42997915	
RCAN3		-0.43076736	
MMUT		-0.4314097	
ATP5PF		-0.43142673	
MIR761		-0.43164825	
MDM1		-0.43208364	
H2AC6		-0.43262777	
DNAAF11		-0.43293124	
SEPTIN5		-0.43304673	
ANKRD34A		-0.43333673	
MAOA		-0.4334848	
RGL4		-0.43349713	
NDUFA1		-0.43368748	
BEX4		-0.4341753	
RARB		-0.43460163	
NAMPT		-0.4346716	
COX4I1		-0.43519965	
CHCHD10		-0.43526542	
CARD16		-0.43535262	
GDF5		-0.4359993	
TIGD2		-0.43625128	
GPANK1		-0.43645132	
IFITM2		-0.43676135	
OXSM		-0.43725386	
SMAP2		-0.43760043	
HBEGF		-0.43761456	
TDRD10		-0.43823567	
GNG10		-0.4384651	
TCEA3		-0.43855616	
RALGAPA2		-0.43879446	
ALDH2		-0.43920636	
NT5C3A		-0.43957278	
SFI1		-0.43962148	
BTN1A1		-0.4396743	
MEI1		-0.43973023	
PON3		-0.44034347	
ARL3		-0.44038785	
RASGRP3		-0.44047144	
HRH4		-0.44059324	
HACD2		-0.44137564	
SLC4A11		-0.44142514	
LYSMD2		-0.44152015	
CENPV		-0.44268033	
SLC25A34		-0.44379258	
MAFF		-0.44406173	
FRMD8		-0.4440725	
RPL23AP32		-0.44500667	
GTPBP3		-0.44536677	
EHD3		-0.44560778	
KCNJ8		-0.44613135	
MXI1		-0.44633168	
LARP6		-0.4463537	
PIEZO2		-0.4466718	
GPX2		-0.44667956	
SLCO4C1		-0.4467184	
TRIM29		-0.44671848	
CLDN3		-0.44690916	
SPTBN4		-0.4470219	
WDR76		-0.44705907	
CCDC144BP		-0.4471027	
GMFG		-0.44719318	
RHOT1		-0.4472633	
ADAMTS9		-0.44749027	
KCNS3		-0.44825235	
IL2RG		-0.44842097	
AMPD2		-0.44882935	
PTGER2		-0.44884697	
IDH3B		-0.44888622	
PLCXD1		-0.44894794	
RIC3		-0.44913775	
PABPC4L		-0.44928756	
ACSM5		-0.44951335	
MAMLD1		-0.449779	
BCAT2		-0.450324	
GREM2		-0.45040542	
EVI2B		-0.450737	
IKZF1		-0.45090723	
AKAP3		-0.45179912	
APOLD1		-0.4518188	
WHAMMP2		-0.45189103	
PCA3		-0.45190224	
MTARC1		-0.45205155	
EMC3		-0.4520682	
NUFIP1		-0.452092	
MRPL10		-0.45234707	
DBIL5P		-0.45329064	
PHF24		-0.4538886	
LIMK2		-0.4539861	
PHYH		-0.454186	
BTG3		-0.45492047	
CES4A		-0.45521683	
VDAC2		-0.45522016	
RNF157		-0.45531514	
HPSE2		-0.45542374	
KIF21B		-0.45590916	
EDARADD		-0.45603934	
COL28A1		-0.4562125	
SYCP2		-0.4565693	
ZDHHC18		-0.45663714	
PPP1R16A		-0.45676053	
FGFRL1		-0.45688388	
CA4		-0.45694327	
SLC6A8		-0.45728472	
RPS18		-0.45792335	
DKK2		-0.4579846	
CD55		-0.4580222	
UBASH3B		-0.4581831	
HLF		-0.45840776	
KCNJ2		-0.45848888	
CDCA7		-0.45851943	
FGF12		-0.45852453	
CLCN2		-0.45860368	
LACTB2		-0.45875663	
KIAA1217		-0.45910257	
HDDC2		-0.45928425	
GSDMA		-0.45948318	
YBX3P1		-0.45958436	
TMEM156		-0.4596814	
MCCC1		-0.4597135	
TXLNG		-0.4600255	
RPS4Y1		-0.46005926	
SPN		-0.460287	
LY6G5C		-0.46044466	
BEND5		-0.46114117	
LRRK2		-0.46138775	
AGAP2		-0.4616366	
TTLL7		-0.461822	
GPSM3		-0.46222192	
QRSL1		-0.46226957	
PILRA		-0.46319178	
PPIF		-0.46329597	
FYB1		-0.46352312	
RSPO3		-0.46353313	
WNT5B		-0.46376732	
RPL27		-0.46424964	
HDAC1		-0.46442285	
SLC16A6		-0.4646363	
DGKD		-0.46489218	
ID1		-0.46518788	
PROM2		-0.4653691	
ZNF589		-0.46540946	
NDUFAF2		-0.4655312	
CPNE5		-0.4659692	
ADAMTSL3		-0.4664274	
ANTXR2		-0.46663225	
RPL13AP6		-0.4666931	
MYO10		-0.466953	
NR1H3		-0.4676615	
BRIP1		-0.46774384	
DNAJC25-GNG10		-0.46790388	
TRIM17		-0.46872777	
UBE2M		-0.46892563	
SULF1		-0.46971074	
SNHG1		-0.4699358	
LTA4H		-0.47048786	
KALRN		-0.4705585	
NLRC3		-0.47072703	
TMEM201		-0.47090432	
TECTA		-0.47110957	
CYCS		-0.47114488	
DENND2D		-0.47136182	
DENND3		-0.4722894	
SLC25A27		-0.4726722	
PCBD1		-0.47303754	
GINS2		-0.47307214	
TRIM61		-0.47386357	
SLC22A17		-0.47467765	
PCCB		-0.47472227	
SAT1		-0.47485733	
ABCG1		-0.47489882	
TAS2R3		-0.4751555	
RPSA		-0.47591546	
REPS2		-0.47708526	
SIRT4		-0.47746208	
TLR8		-0.47753146	
FKBP5		-0.4780047	
MAB21L1		-0.47843763	
RASSF7		-0.47848713	
GLIPR1L2		-0.4786423	
PRTG		-0.4791333	
KCNMB3		-0.4799204	
IL27RA		-0.48005775	
RAB24		-0.48136884	
PXDNL		-0.48178017	
ADGRF5		-0.48192558	
NFAM1		-0.48210227	
LIMD2		-0.48230925	
STON1-GTF2A1L		-0.48404825	
DLX6		-0.4841024	
RPL23P8		-0.4842268	
FAM47E		-0.48439914	
CAPN11		-0.48445594	
PTPRCAP		-0.48446056	
ZNF467		-0.4847503	
RPS6		-0.48489782	
ADAMTSL1		-0.48520133	
NDUFA8		-0.48613465	
MPDZ		-0.486792	
NAIP		-0.48745668	
TESC		-0.48756284	
ABTB1		-0.48793644	
RBM7		-0.48800957	
MAB21L2		-0.48822725	
WHAMMP3		-0.48840755	
CACNA1H		-0.48925725	
PPP2R5A		-0.49002865	
CTLA4		-0.49003547	
BTG2		-0.49093753	
RPL23		-0.49101177	
PLEKHA8P1		-0.49120092	
SFXN4		-0.4913112	
SYT7		-0.49160922	
SFXN2		-0.49172795	
IL21R		-0.49179107	
CMTM8		-0.49223638	
SOCS2		-0.49238896	
L2HGDH		-0.49259874	
ALOX12P2		-0.4926137	
CASQ1		-0.49291885	
CLUHP3		-0.49373955	
TTC32		-0.49423897	
GHRL		-0.49427405	
YWHAEP7		-0.4946315	
DUSP28		-0.49478057	
GBP5		-0.49490073	
EXOSC5		-0.49541613	
C6orf141		-0.49579507	
GDPD5		-0.49597815	
PAPSS1		-0.49668202	
ALOX12		-0.49703306	
RASSF5		-0.4971506	
SCARNA5		-0.49753582	
AAK1		-0.49797174	
RPL11		-0.498149	
FADS2		-0.49854484	
LYN		-0.49895236	
RALGPS2		-0.49926528	
FLT1		-0.4994607	
GMIP		-0.49970272	
DOCK5		-0.49996564	
IRS1		-0.5006532	
SEC14L1		-0.5008085	
BPHL		-0.50103796	
ACSL6		-0.50124454	
PTGS1		-0.50335896	
IGSF9B		-0.5039512	
LMOD3		-0.5050821	
HBD		-0.505904	
ITGB7		-0.5063482	
GPN3		-0.50670284	
IFNK		-0.50673234	
BCKDHA		-0.50690204	
ST8SIA4		-0.5070528	
STON1		-0.50770795	
LPAR2		-0.5082011	
ACACA		-0.50864416	
CCNE1		-0.5088466	
SNHG5		-0.50926834	
PGBD2		-0.50973034	
USP44		-0.5120021	
IRF4		-0.51212394	
MPP7		-0.5123783	
TIGD1		-0.5126644	
ARHGAP33		-0.51281023	
PRKAR2B		-0.51293063	
GPR137C		-0.51299167	
IL5		-0.51299417	
SVIL		-0.5133725	
ZNF775		-0.5135315	
LMNB1		-0.51395655	
CCND3		-0.5140908	
NRIP2		-0.51431644	
KDR		-0.5146843	
CS		-0.5153069	
FLACC1		-0.51576555	
ANKRD44		-0.5160989	
IRAK3		-0.516295	
C3orf70		-0.5166249	
SPATA22		-0.51898074	
CD96		-0.5192905	
CHKA		-0.51944834	
IGDCC4		-0.5195317	
ATP5F1B		-0.5196785	
NAPRT		-0.519687	
ACOT1		-0.5200422	
PLEKHH1		-0.5201402	
CLDN23		-0.5203196	
CCL5		-0.5203864	
KLF3-AS1		-0.5206475	
ECI1		-0.52081716	
CKS1B		-0.5212441	
CDR1		-0.52190214	
DHRS13		-0.5220972	
PPP3CA-DT		-0.52234596	
PDSS1		-0.52234805	
ARHGAP25		-0.5226427	
DNM3		-0.5230816	
RPS3A		-0.5232251	
PEX5L		-0.5236254	
UQCRC2		-0.5236737	
IGF2BP3		-0.52397996	
SIRPB2		-0.52496505	
PIK3R3		-0.52535206	
NUDT2		-0.52550006	
AKAP1		-0.5264819	
KLHL32		-0.5268427	
GPR146		-0.5272197	
MYOM2		-0.52738744	
HSD17B8		-0.5281107	
LSM6		-0.5284542	
ZAP70		-0.5290107	
PRRT3		-0.52947634	
CKB		-0.5299313	
SH3TC2		-0.5304149	
RABGGTB		-0.53099453	
MYH11		-0.5316155	
ECHDC2		-0.53172314	
APBA3		-0.53211284	
MAPK11		-0.5322054	
CD37		-0.53227377	
RELT		-0.5326371	
NBPF9		-0.5328412	
PDK2		-0.5328866	
CITED2		-0.53293985	
BCKDHB		-0.5331501	
SCGN		-0.5333016	
PTPRC		-0.533546	
RTKN2		-0.533657	
GPCPD1		-0.53410614	
LBH		-0.53422517	
REEP1		-0.5361247	
CPT1B		-0.53629506	
CDH20		-0.53648823	
TNFSF4		-0.53787357	
RRH		-0.5380096	
SNX20		-0.53866494	
NRN1		-0.5387402	
EEF1G		-0.53906775	
CD3E		-0.53940266	
MMP27		-0.5394191	
SCARNA17		-0.53969926	
CAPN6		-0.540137	
MOCOS		-0.54081047	
REEP6		-0.5408868	
UBALD2		-0.5412487	
GPR160		-0.541989	
AIF1L		-0.54240584	
SNORA48		-0.54278517	
PPARA		-0.5428922	
FLT4		-0.54302716	
SLC26A7		-0.5437566	
COX7A2		-0.54382646	
CD69		-0.5441716	
MBOAT7		-0.54491526	
SLC25A2		-0.5453725	
MOCS1		-0.5455797	
IFIT1B		-0.54602295	
DEF6		-0.5461382	
ACER2		-0.54626983	
KIF27		-0.54663426	
SDHD		-0.5468979	
FANCD2		-0.5470843	
ECSIT		-0.54778206	
CFAP92		-0.54786265	
UPP2		-0.5479757	
SLC19A2		-0.5482634	
EPB41L4B		-0.5482943	
RAP1GAP2		-0.5496373	
RPL41		-0.5502439	
TAS2R46		-0.55029553	
IRAG2		-0.5504107	
CYP3A4		-0.5507828	
FBXL6		-0.5513092	
FAM89A		-0.5514518	
MND1		-0.55238986	
DGKG		-0.5530191	
PCK2		-0.55389154	
DPF3		-0.55452293	
CFP		-0.5547257	
RPL21		-0.5547853	
RPL21P28		-0.5547853	
STK16		-0.55519426	
SELPLG		-0.5560083	
ABAT		-0.5563687	
PARM1		-0.5570919	
THBS4		-0.5571848	
MAGEL2		-0.5572158	
LAMB1		-0.55817455	
GRM3		-0.5584315	
ITGAL		-0.5587158	
PEX6		-0.558739	
TXNIP		-0.5589891	
ECHDC1		-0.5590144	
ADGRE2		-0.55918527	
CDKL5		-0.56027585	
TMEM81		-0.5605022	
CCR6		-0.56056744	
HLA-J		-0.5608006	
PASK		-0.5612381	
LRRC37A2		-0.5616816	
PCCA		-0.56174296	
KLLN		-0.56215197	
KRT222		-0.5623186	
GCAT		-0.562371	
SLC6A4		-0.5628342	
FAM13A-AS1		-0.56291395	
WDR17		-0.5630411	
SKA3		-0.56348366	
CRYBA1		-0.564964	
CEBPD		-0.56500244	
PPARGC1B		-0.5653202	
MRM1		-0.56554145	
GCA		-0.5657141	
CSF2RA		-0.56578445	
ZBTB46		-0.56609625	
CA1		-0.5678434	
CLMN		-0.56793994	
TMEM272		-0.5685656	
ACSS2		-0.5688154	
LAT		-0.56916755	
SHMT1		-0.56931883	
CISH		-0.5700937	
HYI		-0.5702329	
IRX6		-0.5702413	
CD160		-0.5703238	
KLKB1		-0.57130647	
RBP1		-0.57142943	
BTNL8		-0.57376206	
RRS1		-0.5744561	
TDRD9		-0.57496053	
P2RY2		-0.5751566	
FGD3		-0.5758934	
ANK1		-0.57590085	
SLC28A2		-0.5759668	
PPARG		-0.5761599	
PDE10A		-0.57657015	
STAT4		-0.5779976	
TPTE2P1		-0.5783598	
FSIP2		-0.5786481	
SLA2		-0.5786706	
TAGAP		-0.5786845	
SRGN		-0.5788589	
TMCO6		-0.5791406	
IL1RAP		-0.58013725	
MRPL32		-0.5812685	
CLEC5A		-0.58146715	
GOLGA2P5		-0.5820476	
STAMBPL1		-0.5822719	
FAM13A		-0.582535	
QPCT		-0.5833275	
NRARP		-0.5837813	
AADAC		-0.58423364	
IKZF3		-0.5856374	
TMPRSS5		-0.5860489	
HBA1		-0.58614904	
SLC16A13		-0.58736104	
ACSL1		-0.5875491	
ZNF815P		-0.589053	
LTBP1		-0.5894851	
LYG1		-0.5904319	
VEGFD		-0.59057593	
DSG2		-0.5909086	
XK		-0.5915437	
TWIST1		-0.59158736	
ADH1C		-0.5917728	
EPHB1		-0.59211725	
PECR		-0.5921935	
JAK3		-0.5934541	
CD22		-0.59466416	
FRMD1		-0.5958303	
ANKRD20A8P		-0.595856	
C8orf82		-0.59640366	
MCOLN3		-0.59755725	
BRWD1-AS1		-0.5990433	
EGFLAM		-0.5996416	
NAT8L		-0.6002483	
CXorf65		-0.6018473	
SLC22A3		-0.6034646	
ATAD3B		-0.6035384	
NUP210		-0.604743	
CBLN1		-0.6054583	
MACC1		-0.6062625	
LRRC8C-DT		-0.6071037	
YPEL3		-0.6073386	
DANCR		-0.60741466	
BTNL9		-0.6081679	
KY		-0.61027616	
CBX2		-0.6103208	
FUT1		-0.6104869	
RHOF		-0.61055565	
PHC1		-0.6115816	
NFKBIL1		-0.612781	
LGALS4		-0.6137036	
IMPDH1		-0.61429834	
TNIK		-0.61443835	
ARRDC5		-0.6145023	
MTHFD2L		-0.6156923	
ZNF334		-0.6166113	
PTCHD3		-0.61732066	
NELL2		-0.6175697	
CDC26		-0.617652	
GPR89A		-0.61899894	
MSRB1		-0.61956906	
FLT3		-0.6201477	
PI3		-0.6212053	
ZSCAN23		-0.6213877	
ETFA		-0.6216392	
GCNT7		-0.6233043	
ZKSCAN8P1		-0.6242328	
ECHDC3		-0.62572366	
ADAM19		-0.6257625	
SLCO1C1		-0.62614757	
RPS3		-0.6289806	
PHLPP1		-0.6290257	
TSC22D3		-0.6291298	
LINC00954		-0.63004583	
PPP1R1B		-0.63023865	
TMEM163		-0.6304434	
SYCE1		-0.6304768	
PHOSPHO1		-0.63058984	
REXO6P		-0.63178396	
THYN1		-0.6325753	
LEFTY2		-0.6333191	
SLC38A1		-0.63344395	
RASGRP2		-0.6335163	
ACTBL2		-0.6340744	
NHERF2		-0.63442034	
PRDX6		-0.635648	
APOL4		-0.63629365	
CD300LG		-0.6365696	
FCGR3A		-0.6366827	
CSF2RB		-0.63682556	
SPATA17		-0.63879627	
CRIP3		-0.6393565	
SLC35F1		-0.63984483	
SNORD108		-0.6401101	
ADH6		-0.6401659	
STYXL1		-0.64077175	
TSTD1		-0.64082277	
KIF25		-0.6417317	
GPIHBP1		-0.64222795	
ATP2A3		-0.64241904	
GPT		-0.6432452	
EIF4A2		-0.6435587	
LINC00173		-0.64374876	
RIDA		-0.6445567	
ALDH6A1		-0.64540595	
NUDT7		-0.6454954	
SNHG29		-0.64691365	
FBXO40		-0.647296	
LY9		-0.64774364	
SVIP		-0.64798564	
RRP7BP		-0.6481893	
AGTR1		-0.64865345	
IRAK2		-0.64879364	
PFKFB4		-0.64883834	
PLXNC1		-0.6495644	
SLC16A7		-0.6498298	
SCAND3		-0.64992815	
ERMN		-0.65071386	
SMPD3		-0.6507722	
RAB11FIP4		-0.6519984	
LGALS12		-0.6524617	
DMRTA1		-0.6524937	
TESPA1		-0.6530332	
GREB1L		-0.65328866	
FAM161A		-0.65490013	
ATG16L2		-0.65508044	
RUNX2		-0.6557799	
BMAL1		-0.6563617	
RXRG		-0.6566489	
SLC1A3		-0.6573722	
SEMA4G		-0.6574233	
ESR2		-0.65747434	
SHC4		-0.66169906	
MSTN		-0.66444266	
COX5B		-0.6649918	
APOB		-0.6650171	
SBK1		-0.66550326	
FABP4		-0.66623	
MZT2A		-0.667043	
MATCAP2		-0.66762704	
CREB3L1		-0.6677042	
C16orf54		-0.668375	
HEXIM2		-0.6690728	
HS6ST3		-0.67027533	
PADI2		-0.6705318	
LAT2		-0.67071867	
ADAM21		-0.67178625	
ZNF831		-0.6743976	
HRC		-0.6746769	
ABCC9		-0.6748501	
PIK3CD		-0.6757061	
FGR		-0.6757855	
SLC25A33		-0.67679584	
ICAM3		-0.67715275	
NOX5		-0.6779031	
TPD52L1		-0.67801374	
AKAP6		-0.679267	
DGKA		-0.67939305	
ANXA3		-0.6811652	
ASPRV1		-0.6821013	
PRKCB		-0.68218356	
ERBB4		-0.6835416	
RAB40C		-0.6836035	
HGD		-0.6842516	
NR1I3		-0.6842924	
ALX1		-0.68488556	
GPT2		-0.6851125	
CXCL1		-0.68626434	
NLGN4X		-0.6869792	
RETREG1		-0.68727	
INSYN2B		-0.6884836	
RRN3P1		-0.6888791	
FAAH2		-0.6891556	
P2RY13		-0.6894652	
SCD		-0.6894916	
C8orf34		-0.6908239	
PACSIN3		-0.69263786	
SHISA2		-0.6941821	
AATK		-0.694515	
ENPEP		-0.695847	
SHROOM3		-0.69789547	
HCG27		-0.69899255	
PLXNB3		-0.6996214	
ABI3		-0.6996336	
TLR2		-0.69998527	
CTNNAL1		-0.7000728	
RIMBP2		-0.700089	
SEMA4A		-0.7028343	
SCML4		-0.7029723	
ADRA1B		-0.7034653	
ANKRD53		-0.7042607	
GJC1		-0.7043235	
DAPK2		-0.7072612	
TSPAN13		-0.7076254	
ARHGAP15		-0.70788354	
AGBL2		-0.7087945	
PRF1		-0.7096708	
CLEC9A		-0.70998806	
MNDA		-0.7107381	
ACE2		-0.71156454	
PRUNE2		-0.71173507	
CTH		-0.7117425	
MYO1F		-0.71252537	
PMEL		-0.7125746	
CPTP		-0.7128414	
BEX2		-0.71376616	
IRS2		-0.7141908	
OIP5		-0.7163288	
RPL39		-0.71639824	
SCD5		-0.7179604	
ADRB2		-0.7192228	
IL24		-0.7192817	
PCYT2		-0.71951	
PGGHG		-0.7203618	
CCDC158		-0.7219686	
CALCRL		-0.72206676	
ST20		-0.722472	
SAA4		-0.7235175	
SCHIP1		-0.7240562	
RNF112		-0.72424895	
KCNK5		-0.72441477	
GAS5		-0.7246263	
SLC19A3		-0.72517294	
ADORA2A		-0.7257117	
ADORA1		-0.7265182	
MYO1G		-0.72678286	
ARHGEF16		-0.7276674	
DPEP2		-0.7283524	
PMM1		-0.73087204	
CBFA2T3		-0.7314059	
NPY2R		-0.73287016	
IQCJ-SCHIP1		-0.73397344	
SGSM1		-0.7349391	
GPR141		-0.73526806	
CAPNS2		-0.7390373	
FAM169A		-0.73953426	
CD3G		-0.7396987	
ALDH8A1		-0.73975897	
TSGA10		-0.7417982	
ACSS3		-0.74215186	
UQCRH		-0.7424094	
AIM2		-0.74274576	
ITK		-0.7445855	
STRIP2		-0.74514765	
GINS3		-0.745764	
ANKRD31		-0.7458748	
JAML		-0.7460053	
ASGR2		-0.74636215	
FASN		-0.74714994	
STK33		-0.7476781	
DAPP1		-0.7490593	
PANK1		-0.7494087	
MYCL		-0.75026596	
STBD1		-0.7504462	
CASS4		-0.75441915	
SLC2A3		-0.7545757	
RHOH		-0.75470537	
CD27		-0.75478125	
SLC45A4		-0.75522995	
FBXO27		-0.7561686	
MAPK12		-0.75681764	
PTPN3		-0.7575627	
ACADM		-0.75796115	
GGCT		-0.7580447	
BIN2		-0.7581053	
ABHD5		-0.75934345	
PAIP2B		-0.76121384	
PLAG1		-0.7615607	
CPB1		-0.76594925	
HPSE		-0.76622194	
IL1B		-0.7673515	
CRLS1		-0.7680525	
AQP7P1		-0.7691652	
FLG2		-0.7700205	
HBA2		-0.77034104	
CLDN2		-0.77060443	
RGS3		-0.77143407	
WASHC1		-0.77220774	
TMC8		-0.77233773	
MIR1182		-0.77408385	
SOHLH2		-0.77436393	
HCAR3		-0.77468234	
FANCE		-0.77497977	
NLRP12		-0.7750682	
SLC12A1		-0.77539366	
KCNK2		-0.776292	
UQCRHL		-0.7765148	
XKR9		-0.7769352	
FCMR		-0.778041	
PDZK1IP1		-0.77807903	
LRRIQ1		-0.7784184	
ARHGEF26		-0.7788532	
HEY1		-0.77915674	
LILRA1		-0.7796043	
BACH2		-0.77978903	
LRIG1		-0.78211105	
ZNF579		-0.782408	
SIGLEC10		-0.78513366	
FADS1		-0.78606135	
PNPLA3		-0.7874064	
APOBR		-0.78751236	
GPHN		-0.7881143	
LOXHD1		-0.78868055	
VSIG2		-0.7913572	
TAL1		-0.79155743	
MPZL3		-0.7917263	
MPP2		-0.7920941	
MAP4K2		-0.7933082	
TAS2R40		-0.794476	
ACAT1		-0.7956327	
F2RL1		-0.7974043	
GCDH		-0.798171	
WDR93		-0.7982997	
GCSAM		-0.79948395	
CLEC1B		-0.80003995	
SH2D1B		-0.80035377	
TBC1D10C		-0.8014376	
SLAMF1		-0.80304587	
CCR2		-0.8060171	
TSPAN32		-0.80653065	
CORO1A		-0.80657524	
EIF4EBP1		-0.8073547	
ADGRE1		-0.80770785	
FRAT1		-0.8085767	
PRAM1		-0.8115993	
NHERF1		-0.81233734	
APOE		-0.814272	
TBX21		-0.8168951	
HMGB2		-0.8211364	
CARD11		-0.8215363	
SIGLEC5		-0.82165945	
DECR1		-0.8226111	
SPTB		-0.8226463	
GMCL1		-0.8235552	
KCNH7		-0.8242923	
HP		-0.8245914	
ARHGAP9		-0.82652265	
LCK		-0.8274878	
CLEC7A		-0.8295947	
GK		-0.8301241	
NCAM2		-0.83066654	
COQ8A		-0.8315459	
CDA		-0.83180666	
CYTIP		-0.8344441	
SCN4A		-0.8348874	
GPR37		-0.8353763	
FABP5		-0.8365808	
AKR1C8		-0.8369463	
GRAP2		-0.8374643	
AASS		-0.8397986	
KLF15		-0.8400272	
VEGFA		-0.8412403	
PDK4		-0.841736	
HEY2		-0.84447753	
GNG7		-0.846016	
BCHE		-0.84636515	
DLEU7		-0.8471012	
KLRB1		-0.847247	
TREML1		-0.84935695	
SULT1B1		-0.84967256	
TSPAN2		-0.85111606	
TRAF3IP3		-0.851284	
GCHFR		-0.85350114	
H2BC5		-0.857443	
SIRPD		-0.8586843	
TXK		-0.8588489	
GRK3		-0.8589807	
HLA-DOB		-0.85924256	
TRAT1		-0.8622092	
NEIL3		-0.8638963	
ISG20		-0.86567765	
SNORA16B		-0.8662155	
RAB39B		-0.866986	
C11orf21		-0.8671617	
MET		-0.8674768	
MMP8		-0.8683599	
INO80E		-0.86848474	
CARNS1		-0.8702771	
CLEC4D		-0.87238693	
CCNJL		-0.8733095	
PDE3A		-0.87372565	
PRKCQ		-0.875341	
AVPR1A		-0.87972456	
FREM2		-0.8797932	
SLC24A4		-0.88107985	
SEMA4D		-0.8819589	
ADH1A		-0.8820349	
NMNAT2		-0.88344723	
ANO4		-0.8840186	
LPAR4		-0.88639534	
DNAH6		-0.88720316	
ACVR1C		-0.8874611	
SP140		-0.88785726	
TKTL1		-0.8899177	
IPCEF1		-0.8908797	
CYFIP2		-0.8914708	
CD48		-0.8931313	
CIDEA		-0.89454365	
ARG1		-0.89563084	
MXD1		-0.8981597	
DNAH9		-0.898565	
HADH		-0.89996517	
BEX5		-0.9006068	
ALDH1L1		-0.9026854	
OR10AD1		-0.90425396	
GP6		-0.9077203	
EFHB		-0.91000295	
IL23A		-0.91054803	
RBM20		-0.9107681	
FCGR3B		-0.91236335	
CADM2		-0.9124459	
MAP3K5		-0.9145476	
SLC25A22		-0.91631085	
GP1BA		-0.91742444	
ALPK2		-0.91986	
SAXO2		-0.92529595	
KCNA3		-0.9301496	
MDH1B		-0.93020093	
LPIN1		-0.9319112	
SLC11A1		-0.9329005	
S100A12		-0.9336534	
ERBB3		-0.9341728	
GALR1		-0.93490577	
IL18RAP		-0.93606603	
HSD17B3		-0.93647164	
TIMM8A		-0.93684775	
C6		-0.94892675	
FRAT2		-0.9493369	
S100A1		-0.94957083	
POU6F2		-0.94999266	
NECTIN4		-0.95347255	
CD247		-0.9538123	
RPL36A		-0.9540813	
P2RY10		-0.95707107	
NRG1		-0.9572618	
MCM10		-0.9577042	
PYGM		-0.9578698	
DMRT2		-0.9592229	
S100Z		-0.9619333	
KSR2		-0.96838623	
KCNJ15		-0.97074	
S100A9		-0.9733142	
ITGA2B		-0.9736266	
TUBA4A		-0.973723	
RAB37		-0.97402924	
FGFBP2		-0.97690403	
MRGPRX2		-0.9778415	
TCF7		-0.978751	
TMEM71		-0.97991365	
SLC7A10		-0.9860008	
HECW2		-0.98698956	
AQP9		-0.9876081	
GYPA		-0.988251	
LTB		-0.98845613	
TCF15		-0.98902637	
MATN3		-0.99077386	
STAP1		-0.9946969	
PIM2		-0.99805194	
CYP4F3		-0.99884754	
GPD1L		-1.0019104	
SLC4A4		-1.0029624	
DEFB132		-1.0045874	
EYA1		-1.0046254	
HSH2D		-1.0066677	
PKD1L2		-1.0095614	
NFE2		-1.0103804	
FCAR		-1.0104109	
CDH6		-1.0146968	
BTNL3		-1.0157822	
CRHBP		-1.0172621	
GFAP		-1.0188696	
ACACB		-1.0208694	
IQSEC3		-1.0213178	
ADGRE3		-1.021617	
CDHR3		-1.0222259	
CDKN2D		-1.02388	
LY6K		-1.0250838	
KRT23		-1.0251017	
AACS		-1.0294895	
VWA3A		-1.0295352	
CXCR5		-1.0304617	
TM7SF2		-1.031361	
TNN		-1.0335634	
OLMALINC		-1.0356911	
ORMDL3		-1.0370921	
CD244		-1.0373226	
BCL11B		-1.0413784	
NUAK2		-1.0415803	
CXCR4		-1.041721	
RORC		-1.0428592	
RNF175		-1.0460843	
CD300E		-1.0472355	
NIPAL4		-1.0499502	
ELOVL3		-1.0516813	
LDHD		-1.052271	
CYB5A		-1.0547805	
FCN3		-1.0556313	
GLUL		-1.0575771	
TDRD5		-1.057986	
ELAPOR1		-1.0587999	
VSNL1		-1.0591384	
ADRB3		-1.0602366	
SIRPB1		-1.0637211	
LIN7A		-1.0638446	
PRSS12		-1.0660772	
SPOCK2		-1.0700058	
PTGS2		-1.0703427	
CD226		-1.070466	
SLFN14		-1.0721562	
SYT17		-1.0751472	
PXMP2		-1.0835463	
TMEM154		-1.0838565	
SIRPG		-1.0858732	
ICOS		-1.088145	
CDH19		-1.0884154	
ADAM8		-1.0895655	
RAB27B		-1.0899673	
RGS2		-1.0926296	
TRPC3		-1.093254	
PKP2		-1.0962938	
S100P		-1.0972052	
CCR7		-1.1019397	
CPAMD8		-1.1022528	
HEMGN		-1.1051059	
MCTP2		-1.108134	
SHC2		-1.1125923	
NTRK3		-1.1128522	
TREML2		-1.1136203	
FPR1		-1.1160918	
PCK1		-1.116582	
BTLA		-1.1173548	
SELL		-1.1210191	
LST1		-1.126013	
LINC02145		-1.1265303	
NAP1L2		-1.127049	
RIPOR2		-1.1271983	
TNFRSF10C		-1.1409192	
CD1D		-1.1497378	
CDKN2C		-1.1501979	
HSPA6		-1.1503869	
NAALAD2		-1.1552558	
OR51E1		-1.1586133	
SLC26A8		-1.1618664	
CSF3R		-1.1689713	
ADGRB3		-1.1739011	
PPARGC1A		-1.1757634	
HSD3BP4		-1.1771377	
TF		-1.1802485	
TTC9		-1.1881683	
IL1R2		-1.1890352	
IL20RA		-1.1932517	
SCN7A		-1.1938709	
CA2		-1.1965979	
GIPR		-1.2004998	
FOXI2		-1.204953	
CMTM2		-1.2125504	
FHOD3		-1.2129103	
OVCH1		-1.2134304	
PROK2		-1.2213215	
SORL1		-1.2229164	
BMAL2		-1.2293396	
FCN1		-1.2296692	
CLEC4E		-1.2352412	
PHGDH		-1.2358457	
PLIN5		-1.2359285	
SLC2A4		-1.2365674	
PFKFB3		-1.2491555	
NCF1C		-1.2545199	
VNN2		-1.2565355	
MGAM		-1.2572769	
SLC16A10		-1.2629017	
CXCR2P1		-1.2644254	
STK26		-1.2653234	
ENKUR		-1.2664921	
MEFV		-1.2677534	
CCR4		-1.2751746	
RPL9		-1.2826333	
EGF		-1.2887679	
CXCR2		-1.289192	
GAPT		-1.2967589	
SHISA6		-1.2982095	
TREM1		-1.2998265	
GP1BB		-1.3002837	
S100A8		-1.3099402	
PLAC8		-1.3107841	
TC2N		-1.3210144	
BMP7		-1.3341831	
TMEM100		-1.33975	
PADI4		-1.3406082	
RGS18		-1.3533877	
SERPINA1		-1.3573515	
C2CD4C		-1.3618114	
PAX8		-1.3649496	
BDH1		-1.3697007	
ADH1B		-1.3765311	
CAMK4		-1.386993	
APOBEC3A		-1.3884302	
PKHD1L1		-1.3957497	
LEF1		-1.4014122	
CEACAM3		-1.4045806	
AHRR		-1.4111377	
MAL		-1.4126047	
AGT		-1.4127762	
NRXN1		-1.4149274	
CEACAM4		-1.4151146	
GLT1D1		-1.4245087	
HAL		-1.4272348	
C10orf105		-1.4309989	
IL7R		-1.4446198	
CBS		-1.4509891	
GSDMB		-1.4545813	
NIPSNAP3B		-1.4546921	
FFAR2		-1.4561381	
TUBB1		-1.4569794	
RIMS2		-1.470362	
BCL11A		-1.4786626	
VSIG1		-1.4969732	
ABCB11		-1.497819	
NPC1L1		-1.4982501	
GLYCTK		-1.519031	
GLIS1		-1.5200032	
CD300LF		-1.5219967	
MMP25		-1.5323293	
GFI1B		-1.5395184	
FPR2		-1.5469702	
VNN3P		-1.563401	
CXCR1		-1.5654932	
ALPK3		-1.5807086	
RASL10B		-1.583511	
FCRLA		-1.5859677	
GYS2		-1.628393	
FCRL2		-1.6306286	
UTS2B		-1.6388444	
LRP1B		-1.6416738	
POU2AF1		-1.6449859	
ENOX1		-1.6566517	
COL19A1		-1.6703362	
MKX		-1.702384	
BEND2		-1.7159941	
FAM78B		-1.716	
STOX1		-1.7160689	
NRGN		-1.7258549	
FCRL3		-1.7290049	
COL6A6		-1.7364799	
FCRL1		-1.7486715	
PPBP		-1.7506672	
SLC4A10		-1.7606287	
MS4A1		-1.7713168	
NWD2		-1.7756448	
CPNE4		-1.7797451	
MOGAT1		-1.7890475	
P2RX5		-1.8166214	
PF4		-1.8174827	
LIX1		-1.8202006	
HIGD1B		-1.8256197	
CETP		-1.8501514	
RORB		-1.8593793	
ADGRG3		-1.8617666	
C19orf38		-1.9107896	
TMEM40		-1.932861	
FAT3		-1.9796915	
TLR10		-2.0077019	
NIBAN3		-2.0367413	
FAM30A		-2.1495955	
NDRG4		-2.198232	
GYG2P1		-2.2044027	
CXCL5		-2.2066653	
LTF		-2.216489	
AZGP1		-2.226023	
RASSF6		-2.241015	
KCNU1		-2.3061266	
GJC3		-2.3513107	
CASQ2		-2.4211445	
FOXN4		-2.4934065	
CHODL		-2.7951694	
CECR2		-2.8833377	
CA3		-3.1818492	
TRIM55		-3.2862704	
BMP3		-3.4185116	
SLC27A2		-4.157148	
