NAME	GS<br> follow link to MSigDB	GS DETAILS	SIZE	ES	NES	NOM p-val	FDR q-val	FWER p-val	RANK AT MAX	LEADING EDGE	
PROTEIN SYNTHESIS: GLUTAMINE%SMPDB%SMP0111862	PROTEIN SYNTHESIS: GLUTAMINE%SMPDB%SMP0111862	Details ...	73	-0.7289149	-2.5220702	0.0	0.0	0.0	3033	tags=88%, list=22%, signal=112%	
EUKARYOTIC TRANSLATION ELONGATION%REACTOME%R-HSA-156842.4	EUKARYOTIC TRANSLATION ELONGATION%REACTOME%R-HSA-156842.4	Details ...	84	-0.7165382	-2.5182846	0.0	0.0	0.0	3033	tags=83%, list=22%, signal=107%	
PROTEIN SYNTHESIS: SERINE%PATHWHIZ%PW120517	PROTEIN SYNTHESIS: SERINE%PATHWHIZ%PW120517	Details ...	73	-0.7289149	-2.515704	0.0	0.0	0.0	3033	tags=88%, list=22%, signal=112%	
PROTEIN SYNTHESIS: GLUTAMIC ACID%PATHWHIZ%PW112922	PROTEIN SYNTHESIS: GLUTAMIC ACID%PATHWHIZ%PW112922	Details ...	74	-0.7250569	-2.509689	0.0	0.0	0.0	3033	tags=86%, list=22%, signal=111%	
PROTEIN SYNTHESIS: THREONINE%PATHWHIZ%PW120525	PROTEIN SYNTHESIS: THREONINE%PATHWHIZ%PW120525	Details ...	74	-0.7295581	-2.4943209	0.0	0.0	0.0	3033	tags=88%, list=22%, signal=113%	
PROTEIN SYNTHESIS: LYSINE%SMPDB%SMP0111874	PROTEIN SYNTHESIS: LYSINE%SMPDB%SMP0111874	Details ...	74	-0.72973007	-2.490694	0.0	0.0	0.0	3033	tags=88%, list=22%, signal=113%	
PROTEIN SYNTHESIS: ALANINE%PATHWHIZ%PW101384	PROTEIN SYNTHESIS: ALANINE%PATHWHIZ%PW101384	Details ...	74	-0.72766745	-2.4881732	0.0	0.0	0.0	3033	tags=86%, list=22%, signal=111%	
PROTEIN SYNTHESIS: TYROSINE%PATHWHIZ%PW120527	PROTEIN SYNTHESIS: TYROSINE%PATHWHIZ%PW120527	Details ...	74	-0.7287398	-2.4880292	0.0	0.0	0.0	3033	tags=86%, list=22%, signal=111%	
PROTEIN SYNTHESIS: PHENYLALANINE%PATHWHIZ%PW112934	PROTEIN SYNTHESIS: PHENYLALANINE%PATHWHIZ%PW112934	Details ...	75	-0.7275152	-2.4859803	0.0	0.0	0.0	3033	tags=87%, list=22%, signal=111%	
PROTEIN SYNTHESIS: HISTIDINE%PATHWHIZ%PW112929	PROTEIN SYNTHESIS: HISTIDINE%PATHWHIZ%PW112929	Details ...	74	-0.72617924	-2.4812217	0.0	0.0	0.0	3033	tags=86%, list=22%, signal=111%	
PROTEIN SYNTHESIS: GLYCINE%PATHWHIZ%PW112928	PROTEIN SYNTHESIS: GLYCINE%PATHWHIZ%PW112928	Details ...	74	-0.72214425	-2.4797313	0.0	0.0	0.0	3033	tags=86%, list=22%, signal=111%	
PROTEIN SYNTHESIS: METHIONINE%PATHWHIZ%PW112933	PROTEIN SYNTHESIS: METHIONINE%PATHWHIZ%PW112933	Details ...	74	-0.727967	-2.4791734	0.0	0.0	0.0	3033	tags=86%, list=22%, signal=111%	
EUKARYOTIC TRANSLATION TERMINATION%REACTOME%R-HSA-72764.6	EUKARYOTIC TRANSLATION TERMINATION%REACTOME%R-HSA-72764.6	Details ...	85	-0.70402884	-2.4790826	0.0	0.0	0.0	3033	tags=79%, list=22%, signal=101%	
PROTEIN SYNTHESIS: PROLINE%PATHWHIZ%PW113695	PROTEIN SYNTHESIS: PROLINE%PATHWHIZ%PW113695	Details ...	74	-0.7250569	-2.4785702	0.0	0.0	0.0	3033	tags=86%, list=22%, signal=111%	
PROTEIN SYNTHESIS: TRYPTOPHAN%PATHWHIZ%PW120526	PROTEIN SYNTHESIS: TRYPTOPHAN%PATHWHIZ%PW120526	Details ...	74	-0.72743946	-2.4721754	0.0	0.0	0.0	3033	tags=86%, list=22%, signal=111%	
PEPTIDE CHAIN ELONGATION%REACTOME%R-HSA-156902.4	PEPTIDE CHAIN ELONGATION%REACTOME%R-HSA-156902.4	Details ...	81	-0.71336204	-2.470165	0.0	0.0	0.0	3033	tags=83%, list=22%, signal=106%	
PROTEIN SYNTHESIS: CYSTEINE%PATHWHIZ%PW112918	PROTEIN SYNTHESIS: CYSTEINE%PATHWHIZ%PW112918	Details ...	74	-0.724674	-2.4698172	0.0	0.0	0.0	3033	tags=86%, list=22%, signal=111%	
PROTEIN SYNTHESIS: LEUCINE%SMPDB%SMP0111873	PROTEIN SYNTHESIS: LEUCINE%SMPDB%SMP0111873	Details ...	74	-0.72799796	-2.4673235	0.0	0.0	0.0	3033	tags=86%, list=22%, signal=111%	
PROTEIN SYNTHESIS: ARGININE%SMPDB%SMP0111853	PROTEIN SYNTHESIS: ARGININE%SMPDB%SMP0111853	Details ...	74	-0.7245938	-2.4642725	0.0	0.0	0.0	3033	tags=86%, list=22%, signal=111%	
VIRAL MRNA TRANSLATION%REACTOME DATABASE ID RELEASE 93%192823	VIRAL MRNA TRANSLATION%REACTOME DATABASE ID RELEASE 93%192823	Details ...	81	-0.7036893	-2.4549243	0.0	0.0	0.0	3033	tags=81%, list=22%, signal=104%	
PROTEIN SYNTHESIS: ASPARAGINE%SMPDB%SMP0111854	PROTEIN SYNTHESIS: ASPARAGINE%SMPDB%SMP0111854		74	-0.72826415	-2.4441133	0.0	0.0	0.0	3033	tags=86%, list=22%, signal=111%	
PROTEIN SYNTHESIS: ASPARTIC ACID%SMPDB%SMP0111858	PROTEIN SYNTHESIS: ASPARTIC ACID%SMPDB%SMP0111858		74	-0.72306114	-2.4435673	0.0	0.0	0.0	3220	tags=89%, list=24%, signal=116%	
PROTEIN SYNTHESIS: ISOLEUCINE%SMPDB%SMP0111872	PROTEIN SYNTHESIS: ISOLEUCINE%SMPDB%SMP0111872		74	-0.7203689	-2.4337304	0.0	0.0	0.0	3033	tags=86%, list=22%, signal=111%	
PROTEIN SYNTHESIS: VALINE%PATHWHIZ%PW120528	PROTEIN SYNTHESIS: VALINE%PATHWHIZ%PW120528		74	-0.7187629	-2.4255025	0.0	0.0	0.0	3033	tags=86%, list=22%, signal=111%	
FORMATION OF A POOL OF FREE 40S SUBUNITS%REACTOME%R-HSA-72689.3	FORMATION OF A POOL OF FREE 40S SUBUNITS%REACTOME%R-HSA-72689.3		92	-0.6913839	-2.4248724	0.0	0.0	0.0	3368	tags=83%, list=25%, signal=109%	
NONSENSE MEDIATED DECAY (NMD) INDEPENDENT OF THE EXON JUNCTION COMPLEX (EJC)%REACTOME DATABASE ID RELEASE 93%975956	NONSENSE MEDIATED DECAY (NMD) INDEPENDENT OF THE EXON JUNCTION COMPLEX (EJC)%REACTOME DATABASE ID RELEASE 93%975956		87	-0.69738656	-2.4144218	0.0	0.0	0.0	3033	tags=77%, list=22%, signal=99%	
EUKARYOTIC TRANSLATION INITIATION%REACTOME%R-HSA-72613.5	EUKARYOTIC TRANSLATION INITIATION%REACTOME%R-HSA-72613.5		110	-0.6595129	-2.4143445	0.0	0.0	0.0	3033	tags=69%, list=22%, signal=88%	
L13A-MEDIATED TRANSLATIONAL SILENCING OF CERULOPLASMIN EXPRESSION%REACTOME%R-HSA-156827.5	L13A-MEDIATED TRANSLATIONAL SILENCING OF CERULOPLASMIN EXPRESSION%REACTOME%R-HSA-156827.5		102	-0.6684975	-2.4039707	0.0	0.0	0.0	3033	tags=73%, list=22%, signal=93%	
SELENOCYSTEINE SYNTHESIS%REACTOME DATABASE ID RELEASE 93%2408557	SELENOCYSTEINE SYNTHESIS%REACTOME DATABASE ID RELEASE 93%2408557		84	-0.6926117	-2.40255	0.0	0.0	0.0	3033	tags=79%, list=22%, signal=101%	
GTP HYDROLYSIS AND JOINING OF THE 60S RIBOSOMAL SUBUNIT%REACTOME%R-HSA-72706.4	GTP HYDROLYSIS AND JOINING OF THE 60S RIBOSOMAL SUBUNIT%REACTOME%R-HSA-72706.4		103	-0.667317	-2.3976293	0.0	0.0	0.0	3033	tags=72%, list=22%, signal=92%	
CYTOPLASMIC RIBOSOMAL PROTEINS%WIKIPATHWAYS_20250810%WP477%HOMO SAPIENS	CYTOPLASMIC RIBOSOMAL PROTEINS%WIKIPATHWAYS_20250810%WP477%HOMO SAPIENS		80	-0.70733887	-2.394007	0.0	0.0	0.0	3033	tags=80%, list=22%, signal=102%	
CAP-DEPENDENT TRANSLATION INITIATION%REACTOME%R-HSA-72737.4	CAP-DEPENDENT TRANSLATION INITIATION%REACTOME%R-HSA-72737.4		110	-0.6595129	-2.3599331	0.0	0.0	0.0	3033	tags=69%, list=22%, signal=88%	
NONSENSE-MEDIATED DECAY (NMD)%REACTOME%R-HSA-927802.4	NONSENSE-MEDIATED DECAY (NMD)%REACTOME%R-HSA-927802.4		105	-0.6509284	-2.3559608	0.0	0.0	0.0	3368	tags=70%, list=25%, signal=93%	
CYTOPLASMIC TRANSLATION%GOBP%GO:0002181	CYTOPLASMIC TRANSLATION%GOBP%GO:0002181		121	-0.640005	-2.3470333	0.0	0.0	0.0	3033	tags=64%, list=22%, signal=82%	
RESPONSE OF EIF2AK4 (GCN2) TO AMINO ACID DEFICIENCY%REACTOME DATABASE ID RELEASE 93%9633012	RESPONSE OF EIF2AK4 (GCN2) TO AMINO ACID DEFICIENCY%REACTOME DATABASE ID RELEASE 93%9633012		93	-0.6612739	-2.3350558	0.0	0.0	0.0	3060	tags=72%, list=23%, signal=92%	
NONSENSE MEDIATED DECAY (NMD) ENHANCED BY THE EXON JUNCTION COMPLEX (EJC)%REACTOME%R-HSA-975957.3	NONSENSE MEDIATED DECAY (NMD) ENHANCED BY THE EXON JUNCTION COMPLEX (EJC)%REACTOME%R-HSA-975957.3		105	-0.6509284	-2.3042407	0.0	0.0	0.0	3368	tags=70%, list=25%, signal=93%	
INFLUENZA VIRAL RNA TRANSCRIPTION AND REPLICATION%REACTOME DATABASE ID RELEASE 93%168273	INFLUENZA VIRAL RNA TRANSCRIPTION AND REPLICATION%REACTOME DATABASE ID RELEASE 93%168273		125	-0.61789066	-2.2673202	0.0	2.630752E-5	0.001	3433	tags=62%, list=25%, signal=83%	
SRP-DEPENDENT COTRANSLATIONAL PROTEIN TARGETING TO MEMBRANE%REACTOME%R-HSA-1799339.4	SRP-DEPENDENT COTRANSLATIONAL PROTEIN TARGETING TO MEMBRANE%REACTOME%R-HSA-1799339.4		104	-0.6274634	-2.2499807	0.0	2.5615216E-5	0.001	3033	tags=65%, list=22%, signal=84%	
RESPIRATORY ELECTRON TRANSPORT CHAIN%GOBP%GO:0022904	RESPIRATORY ELECTRON TRANSPORT CHAIN%GOBP%GO:0022904		69	-0.6596027	-2.2236435	0.0	7.482993E-5	0.003	3645	tags=74%, list=27%, signal=101%	
MITOCHONDRIAL PROTEIN DEGRADATION%REACTOME%R-HSA-9837999.2	MITOCHONDRIAL PROTEIN DEGRADATION%REACTOME%R-HSA-9837999.2		85	-0.63202286	-2.210081	0.0	9.7116215E-5	0.004	3063	tags=61%, list=23%, signal=79%	
OXIDATIVE PHOSPHORYLATION%GOBP%GO:0006119	OXIDATIVE PHOSPHORYLATION%GOBP%GO:0006119		82	-0.6355053	-2.1992188	0.0	1.183872E-4	0.005	3645	tags=71%, list=27%, signal=96%	
THE ONCOGENIC ACTION OF D-2-HYDROXYGLUTARATE IN HYDROXYGLUTARIC ACIDURIA%SMPDB%SMP0002359	THE ONCOGENIC ACTION OF D-2-HYDROXYGLUTARATE IN HYDROXYGLUTARIC ACIDURIA%SMPDB%SMP0002359		27	-0.7736982	-2.192377	0.0	1.1556845E-4	0.005	2593	tags=85%, list=19%, signal=105%	
MITOCHONDRIAL ATP SYNTHESIS COUPLED ELECTRON TRANSPORT%GOBP%GO:0042775	MITOCHONDRIAL ATP SYNTHESIS COUPLED ELECTRON TRANSPORT%GOBP%GO:0042775		63	-0.65931314	-2.1647832	0.0	1.8048889E-4	0.008	3645	tags=76%, list=27%, signal=104%	
AEROBIC ELECTRON TRANSPORT CHAIN%GOBP%GO:0019646	AEROBIC ELECTRON TRANSPORT CHAIN%GOBP%GO:0019646		63	-0.65211755	-2.1500418	0.0	1.7638686E-4	0.008	3645	tags=75%, list=27%, signal=102%	
ATP SYNTHESIS COUPLED ELECTRON TRANSPORT%GOBP%GO:0042773	ATP SYNTHESIS COUPLED ELECTRON TRANSPORT%GOBP%GO:0042773		63	-0.65931314	-2.147505	0.0	1.7246716E-4	0.008	3645	tags=76%, list=27%, signal=104%	
ACYL-COA BIOSYNTHETIC PROCESS%GOBP%GO:0071616	ACYL-COA BIOSYNTHETIC PROCESS%GOBP%GO:0071616		37	-0.71838504	-2.1471848	0.0	1.6871786E-4	0.008	2197	tags=59%, list=16%, signal=71%	
CELLULAR RESPIRATION%GOBP%GO:0045333	CELLULAR RESPIRATION%GOBP%GO:0045333		153	-0.56283236	-2.144311	0.0	1.6512813E-4	0.008	2826	tags=48%, list=21%, signal=60%	
THE ONCOGENIC ACTION OF L-2-HYDROXYGLUTARATE IN HYDROXYGLUTARIC ACIDURIA%PATHWHIZ%PW002451	THE ONCOGENIC ACTION OF L-2-HYDROXYGLUTARATE IN HYDROXYGLUTARIC ACIDURIA%PATHWHIZ%PW002451		26	-0.77241707	-2.1392927	0.0	2.0239595E-4	0.01	2593	tags=85%, list=19%, signal=104%	
SARS-COV-1 MODULATES HOST TRANSLATION MACHINERY%REACTOME DATABASE ID RELEASE 93%9735869	SARS-COV-1 MODULATES HOST TRANSLATION MACHINERY%REACTOME DATABASE ID RELEASE 93%9735869		33	-0.73667616	-2.1377232	0.0	1.9826544E-4	0.01	3220	tags=91%, list=24%, signal=119%	
THIOESTER BIOSYNTHETIC PROCESS%GOBP%GO:0035384	THIOESTER BIOSYNTHETIC PROCESS%GOBP%GO:0035384		37	-0.71838504	-2.1308002	0.0	3.3045624E-4	0.017	2197	tags=59%, list=16%, signal=71%	
FATTY ACID OXIDATION%GOBP%GO:0019395	FATTY ACID OXIDATION%GOBP%GO:0019395		61	-0.64114	-2.1273713	0.0	3.2397674E-4	0.017	2801	tags=49%, list=21%, signal=62%	
RIBOSOMAL SCANNING AND START CODON RECOGNITION%REACTOME%R-HSA-72702.5	RIBOSOMAL SCANNING AND START CODON RECOGNITION%REACTOME%R-HSA-72702.5		54	-0.65266496	-2.1262753	0.0	3.1774642E-4	0.017	3220	tags=70%, list=24%, signal=92%	
FATTY ACYL-COA BIOSYNTHESIS%REACTOME%R-HSA-75105.12	FATTY ACYL-COA BIOSYNTHESIS%REACTOME%R-HSA-75105.12		34	-0.7312149	-2.1202984	0.0	4.2218267E-4	0.023	1855	tags=50%, list=14%, signal=58%	
FORMATION OF THE TERNARY COMPLEX, AND SUBSEQUENTLY, THE 43S COMPLEX%REACTOME%R-HSA-72695.4	FORMATION OF THE TERNARY COMPLEX, AND SUBSEQUENTLY, THE 43S COMPLEX%REACTOME%R-HSA-72695.4		47	-0.6687865	-2.1187294	0.0	4.32462E-4	0.024	3220	tags=77%, list=24%, signal=100%	
CELLULAR RESPONSE TO STARVATION%REACTOME DATABASE ID RELEASE 93%9711097	CELLULAR RESPONSE TO STARVATION%REACTOME DATABASE ID RELEASE 93%9711097		141	-0.56748295	-2.1179192	0.0	4.4236207E-4	0.025	3798	tags=63%, list=28%, signal=87%	
SELENOAMINO ACID METABOLISM%REACTOME DATABASE ID RELEASE 93%2408522	SELENOAMINO ACID METABOLISM%REACTOME DATABASE ID RELEASE 93%2408522		104	-0.5909894	-2.1060398	0.0	5.0433684E-4	0.029	3033	tags=67%, list=22%, signal=86%	
AEROBIC RESPIRATION%GOBP%GO:0009060	AEROBIC RESPIRATION%GOBP%GO:0009060		143	-0.56248885	-2.1054547	0.0	4.9548876E-4	0.029	2826	tags=50%, list=21%, signal=62%	
FATTY-ACYL-COA METABOLIC PROCESS%GOBP%GO:0035337	FATTY-ACYL-COA METABOLIC PROCESS%GOBP%GO:0035337		41	-0.695458	-2.1046598	0.0	4.8694588E-4	0.029	1855	tags=49%, list=14%, signal=56%	
ACYL-COA METABOLIC PROCESS%GOBP%GO:0006637	ACYL-COA METABOLIC PROCESS%GOBP%GO:0006637		76	-0.61338305	-2.1039615	0.0	4.786926E-4	0.029	2289	tags=45%, list=17%, signal=54%	
THIOESTER METABOLIC PROCESS%GOBP%GO:0035383	THIOESTER METABOLIC PROCESS%GOBP%GO:0035383		76	-0.61338305	-2.1010869	0.0	4.7071438E-4	0.029	2289	tags=45%, list=17%, signal=54%	
INFLUENZA INFECTION%REACTOME DATABASE ID RELEASE 93%168255	INFLUENZA INFECTION%REACTOME DATABASE ID RELEASE 93%168255		143	-0.5538263	-2.1010008	0.0	4.629977E-4	0.029	3433	tags=57%, list=25%, signal=75%	
THE ONCOGENIC ACTION OF 2-HYDROXYGLUTARATE%SMPDB%SMP0002291	THE ONCOGENIC ACTION OF 2-HYDROXYGLUTARATE%SMPDB%SMP0002291		24	-0.76985914	-2.0953038	0.0	4.8610065E-4	0.031	2593	tags=88%, list=19%, signal=108%	
PROPANOATE METABOLISM%SMPDB%SMP0000016	PROPANOATE METABOLISM%SMPDB%SMP0000016		17	-0.80997807	-2.0941103	0.0	4.7838478E-4	0.031	2064	tags=82%, list=15%, signal=97%	
ELECTRON TRANSPORT CHAIN%GOBP%GO:0022900	ELECTRON TRANSPORT CHAIN%GOBP%GO:0022900		76	-0.6009901	-2.0908897	0.0	4.7091002E-4	0.031	3645	tags=68%, list=27%, signal=93%	
ELECTRON TRANSPORT CHAIN OXPHOS SYSTEM IN MITOCHONDRIA%WIKIPATHWAYS_20250810%WP111%HOMO SAPIENS	ELECTRON TRANSPORT CHAIN OXPHOS SYSTEM IN MITOCHONDRIA%WIKIPATHWAYS_20250810%WP111%HOMO SAPIENS		75	-0.6116472	-2.0861723	0.0	5.238235E-4	0.034	3645	tags=67%, list=27%, signal=91%	
SARS-COV-2 MODULATES HOST TRANSLATION MACHINERY%REACTOME%R-HSA-9754678.3	SARS-COV-2 MODULATES HOST TRANSLATION MACHINERY%REACTOME%R-HSA-9754678.3		44	-0.6718535	-2.0821512	0.0	5.1588676E-4	0.034	3220	tags=73%, list=24%, signal=95%	
ACTIVATION OF THE MRNA UPON BINDING OF THE CAP-BINDING COMPLEX AND EIFS, AND SUBSEQUENT BINDING TO 43S%REACTOME%R-HSA-72662.5	ACTIVATION OF THE MRNA UPON BINDING OF THE CAP-BINDING COMPLEX AND EIFS, AND SUBSEQUENT BINDING TO 43S%REACTOME%R-HSA-72662.5		55	-0.6532591	-2.0811296	0.0	5.229453E-4	0.035	3220	tags=71%, list=24%, signal=93%	
HALLMARK_OXIDATIVE_PHOSPHORYLATION%MSIGDBHALLMARK%HALLMARK_OXIDATIVE_PHOSPHORYLATION	HALLMARK_OXIDATIVE_PHOSPHORYLATION%MSIGDBHALLMARK%HALLMARK_OXIDATIVE_PHOSPHORYLATION		156	-0.5452517	-2.0796883	0.0	5.580822E-4	0.037	3781	tags=58%, list=28%, signal=79%	
RESPIRATORY ELECTRON TRANSPORT%REACTOME DATABASE ID RELEASE 93%611105	RESPIRATORY ELECTRON TRANSPORT%REACTOME DATABASE ID RELEASE 93%611105		124	-0.5656606	-2.0765464	0.0	5.7846494E-4	0.039	3794	tags=60%, list=28%, signal=82%	
TRANSLATION INITIATION COMPLEX FORMATION%REACTOME%R-HSA-72649.4	TRANSLATION INITIATION COMPLEX FORMATION%REACTOME%R-HSA-72649.4		54	-0.64697564	-2.0650246	0.0	7.786506E-4	0.054	3220	tags=70%, list=24%, signal=92%	
FATTY-ACYL-COA BIOSYNTHETIC PROCESS%GOBP%GO:0046949	FATTY-ACYL-COA BIOSYNTHETIC PROCESS%GOBP%GO:0046949		26	-0.7263016	-2.0629618	0.0	7.9514115E-4	0.056	1855	tags=54%, list=14%, signal=62%	
MALONIC ACIDURIA%SMPDB%SMP0000198	MALONIC ACIDURIA%SMPDB%SMP0000198		17	-0.80997807	-2.054451	0.0	9.863164E-4	0.069	2064	tags=82%, list=15%, signal=97%	
METHYLMALONIC ACIDURIA DUE TO COBALAMIN-RELATED DISORDERS%PATHWHIZ%PW000208	METHYLMALONIC ACIDURIA DUE TO COBALAMIN-RELATED DISORDERS%PATHWHIZ%PW000208		17	-0.80997807	-2.0389977	0.0018083183	0.0012940294	0.088	2064	tags=82%, list=15%, signal=97%	
PURINE-CONTAINING COMPOUND BIOSYNTHETIC PROCESS%GOBP%GO:0072522	PURINE-CONTAINING COMPOUND BIOSYNTHETIC PROCESS%GOBP%GO:0072522		169	-0.5257191	-2.0282912	0.0	0.0016458897	0.114	3064	tags=49%, list=23%, signal=62%	
REGULATION OF EXPRESSION OF SLITS AND ROBOS%REACTOME DATABASE ID RELEASE 93%9010553	REGULATION OF EXPRESSION OF SLITS AND ROBOS%REACTOME DATABASE ID RELEASE 93%9010553		142	-0.53170377	-2.0232277	0.0	0.0017794914	0.126	3033	tags=53%, list=22%, signal=67%	
LIPID OXIDATION%GOBP%GO:0034440	LIPID OXIDATION%GOBP%GO:0034440		64	-0.606044	-2.0220768	0.0	0.0017944921	0.129	2801	tags=48%, list=21%, signal=61%	
METABOLIC EPILEPTIC DISORDERS%WIKIPATHWAYS_20250810%WP5355%HOMO SAPIENS	METABOLIC EPILEPTIC DISORDERS%WIKIPATHWAYS_20250810%WP5355%HOMO SAPIENS		61	-0.6053734	-2.0140517	0.0	0.0021263154	0.153	1835	tags=39%, list=14%, signal=45%	
NEUTROPHIL MIGRATION%GOBP%GO:1990266	NEUTROPHIL MIGRATION%GOBP%GO:1990266		34	-0.6798806	-2.0131059	0.0	0.0021237375	0.154	531	tags=32%, list=4%, signal=34%	
GLUTAMINOLYSIS AND CANCER%SMPDB%SMP0002298	GLUTAMINOLYSIS AND CANCER%SMPDB%SMP0002298		32	-0.68276113	-2.008329	0.0	0.0022577585	0.166	3229	tags=69%, list=24%, signal=90%	
CITRIC ACID CYCLE%SMPDB%SMP0000057	CITRIC ACID CYCLE%SMPDB%SMP0000057		21	-0.746696	-2.0046766	0.0	0.0023643123	0.176	2593	tags=81%, list=19%, signal=100%	
MALONYL-COA DECARBOXYLASE DEFICIENCY%PATHWHIZ%PW000478	MALONYL-COA DECARBOXYLASE DEFICIENCY%PATHWHIZ%PW000478		17	-0.80997807	-2.001488	0.0	0.0025154573	0.19	2064	tags=82%, list=15%, signal=97%	
FATTY ACID DERIVATIVE METABOLIC PROCESS%GOBP%GO:1901568	FATTY ACID DERIVATIVE METABOLIC PROCESS%GOBP%GO:1901568		60	-0.6140564	-2.0011044	0.0	0.0025086175	0.192	1855	tags=45%, list=14%, signal=52%	
MAJOR PATHWAY OF RRNA PROCESSING IN THE NUCLEOLUS AND CYTOSOL%REACTOME%R-HSA-6791226.5	MAJOR PATHWAY OF RRNA PROCESSING IN THE NUCLEOLUS AND CYTOSOL%REACTOME%R-HSA-6791226.5		173	-0.5124165	-1.998751	0.0	0.0026190304	0.202	3434	tags=50%, list=25%, signal=66%	
MONOCARBOXYLIC ACID CATABOLIC PROCESS%GOBP%GO:0072329	MONOCARBOXYLIC ACID CATABOLIC PROCESS%GOBP%GO:0072329		85	-0.56741107	-1.995131	0.0	0.0027503364	0.214	2801	tags=44%, list=21%, signal=55%	
FATTY ACID CATABOLIC PROCESS%GOBP%GO:0009062	FATTY ACID CATABOLIC PROCESS%GOBP%GO:0009062		74	-0.5808491	-1.9927604	0.0	0.0027868622	0.219	2801	tags=45%, list=21%, signal=56%	
MITOCHONDRIAL COMPLEX II DEFICIENCY%PATHWHIZ%PW000524	MITOCHONDRIAL COMPLEX II DEFICIENCY%PATHWHIZ%PW000524		21	-0.746696	-1.9862974	0.0	0.0031978993	0.244	2593	tags=81%, list=19%, signal=100%	
FUMARASE DEFICIENCY%SMPDB%SMP0000547	FUMARASE DEFICIENCY%SMPDB%SMP0000547		21	-0.746696	-1.9858164	0.0	0.0031611419	0.244	2593	tags=81%, list=19%, signal=100%	
PYRUVATE DEHYDROGENASE DEFICIENCY (E3)%SMPDB%SMP0000550	PYRUVATE DEHYDROGENASE DEFICIENCY (E3)%SMPDB%SMP0000550		21	-0.746696	-1.9850972	0.001814882	0.0031585875	0.247	2593	tags=81%, list=19%, signal=100%	
CONGENITAL LACTIC ACIDOSIS%PATHWHIZ%PW000522	CONGENITAL LACTIC ACIDOSIS%PATHWHIZ%PW000522		21	-0.746696	-1.9822454	0.0	0.0033315683	0.258	2593	tags=81%, list=19%, signal=100%	
BEMPEDOIC ACID THERAPY IN ATHEROSCLEROSIS AND METABOLIC SYNDROME%WIKIPATHWAYS_20250810%WP5500%HOMO SAPIENS	BEMPEDOIC ACID THERAPY IN ATHEROSCLEROSIS AND METABOLIC SYNDROME%WIKIPATHWAYS_20250810%WP5500%HOMO SAPIENS		22	-0.73212034	-1.9820995	0.0	0.0033161452	0.26	868	tags=27%, list=6%, signal=29%	
NEUTROPHIL CHEMOTAXIS%GOBP%GO:0030593	NEUTROPHIL CHEMOTAXIS%GOBP%GO:0030593		31	-0.68508077	-1.9769952	0.0	0.0035680463	0.275	531	tags=35%, list=4%, signal=37%	
PYRUVATE DEHYDROGENASE DEFICIENCY (E2)%SMPDB%SMP0000551	PYRUVATE DEHYDROGENASE DEFICIENCY (E2)%SMPDB%SMP0000551		21	-0.746696	-1.9760036	0.0	0.0035610036	0.276	2593	tags=81%, list=19%, signal=100%	
ENERGY DERIVATION BY OXIDATION OF ORGANIC COMPOUNDS%GOBP%GO:0015980	ENERGY DERIVATION BY OXIDATION OF ORGANIC COMPOUNDS%GOBP%GO:0015980		194	-0.5018635	-1.966846	0.0	0.0043724743	0.329	2756	tags=42%, list=20%, signal=52%	
FATTY ACID BETA-OXIDATION%GOBP%GO:0006635	FATTY ACID BETA-OXIDATION%GOBP%GO:0006635		50	-0.62389743	-1.9667493	0.0	0.0043365145	0.33	2801	tags=44%, list=21%, signal=55%	
PROTON MOTIVE FORCE-DRIVEN ATP SYNTHESIS%GOBP%GO:0015986	PROTON MOTIVE FORCE-DRIVEN ATP SYNTHESIS%GOBP%GO:0015986		58	-0.60087025	-1.9658338	0.0	0.0043728882	0.335	4069	tags=72%, list=30%, signal=103%	
FATTY ACID DERIVATIVE BIOSYNTHETIC PROCESS%GOBP%GO:1901570	FATTY ACID DERIVATIVE BIOSYNTHETIC PROCESS%GOBP%GO:1901570		38	-0.6500156	-1.9630725	0.0	0.004571332	0.35	1855	tags=47%, list=14%, signal=55%	
ORGANIC ACID CATABOLIC PROCESS%GOBP%GO:0016054	ORGANIC ACID CATABOLIC PROCESS%GOBP%GO:0016054		166	-0.51159066	-1.9614502	0.0	0.0046552215	0.354	1670	tags=31%, list=12%, signal=35%	
FATTY ACID BIOSYNTHESIS%WIKIPATHWAYS_20250810%WP357%HOMO SAPIENS	FATTY ACID BIOSYNTHESIS%WIKIPATHWAYS_20250810%WP357%HOMO SAPIENS		17	-0.7877835	-1.9557633	0.0	0.0049764034	0.374	1638	tags=76%, list=12%, signal=87%	
DEFENSE RESPONSE TO FUNGUS%GOBP%GO:0050832	DEFENSE RESPONSE TO FUNGUS%GOBP%GO:0050832		17	-0.7744313	-1.9502927	0.0	0.0054188035	0.404	343	tags=41%, list=3%, signal=42%	
RESPONSE TO FUNGUS%GOBP%GO:0009620	RESPONSE TO FUNGUS%GOBP%GO:0009620		19	-0.764886	-1.9482226	0.0	0.005646067	0.419	343	tags=37%, list=3%, signal=38%	
CARBOXYLIC ACID CATABOLIC PROCESS%GOBP%GO:0046395	CARBOXYLIC ACID CATABOLIC PROCESS%GOBP%GO:0046395		166	-0.51159066	-1.9425206	0.0	0.006208255	0.45	1670	tags=31%, list=12%, signal=35%	
LONG-CHAIN FATTY ACID TRANSPORT%GOBP%GO:0015909	LONG-CHAIN FATTY ACID TRANSPORT%GOBP%GO:0015909		26	-0.69567734	-1.9423423	0.0	0.006156966	0.451	792	tags=27%, list=6%, signal=29%	
2-KETOGLUTARATE DEHYDROGENASE COMPLEX DEFICIENCY%PATHWHIZ%PW000525	2-KETOGLUTARATE DEHYDROGENASE COMPLEX DEFICIENCY%PATHWHIZ%PW000525		21	-0.746696	-1.9412861	0.0017921147	0.006220233	0.46	2593	tags=81%, list=19%, signal=100%	
PROTON MOTIVE FORCE-DRIVEN MITOCHONDRIAL ATP SYNTHESIS%GOBP%GO:0042776	PROTON MOTIVE FORCE-DRIVEN MITOCHONDRIAL ATP SYNTHESIS%GOBP%GO:0042776		54	-0.60622567	-1.9371821	0.0	0.006630219	0.486	4069	tags=72%, list=30%, signal=103%	
RRNA PROCESSING%REACTOME%R-HSA-72312.5	RRNA PROCESSING%REACTOME%R-HSA-72312.5		199	-0.4928479	-1.9328947	0.0	0.0070762374	0.516	3434	tags=47%, list=25%, signal=62%	
FATTY ACID BETA OXIDATION%WIKIPATHWAYS_20250810%WP143%HOMO SAPIENS	FATTY ACID BETA OXIDATION%WIKIPATHWAYS_20250810%WP143%HOMO SAPIENS		24	-0.70734286	-1.9318224	0.0	0.007147547	0.523	1670	tags=46%, list=12%, signal=52%	
FATTY ACID METABOLISM%REACTOME%R-HSA-8978868.7	FATTY ACID METABOLISM%REACTOME%R-HSA-8978868.7		140	-0.5156808	-1.9249331	0.0	0.00793671	0.56	1855	tags=34%, list=14%, signal=38%	
POSITIVE REGULATION OF LIPID CATABOLIC PROCESS%GOBP%GO:0050996	POSITIVE REGULATION OF LIPID CATABOLIC PROCESS%GOBP%GO:0050996		16	-0.7733454	-1.9224182	0.0	0.008269501	0.583	883	tags=56%, list=7%, signal=60%	
3-METHYLGLUTACONIC ACIDURIA TYPE I%SMPDB%SMP0000139	3-METHYLGLUTACONIC ACIDURIA TYPE I%SMPDB%SMP0000139		27	-0.660758	-1.9184753	0.0017064846	0.00871219	0.615	2801	tags=81%, list=21%, signal=103%	
RRNA PROCESSING IN THE NUCLEUS AND CYTOSOL%REACTOME DATABASE ID RELEASE 93%8868773	RRNA PROCESSING IN THE NUCLEUS AND CYTOSOL%REACTOME DATABASE ID RELEASE 93%8868773		182	-0.5016718	-1.9143739	0.0	0.009202463	0.636	3434	tags=49%, list=25%, signal=65%	
3-METHYLGLUTACONIC ACIDURIA TYPE IV%SMPDB%SMP0000141	3-METHYLGLUTACONIC ACIDURIA TYPE IV%SMPDB%SMP0000141		27	-0.660758	-1.9089677	0.0	0.00991892	0.667	2801	tags=81%, list=21%, signal=103%	
PURINE NUCLEOSIDE TRIPHOSPHATE BIOSYNTHETIC PROCESS%GOBP%GO:0009145	PURINE NUCLEOSIDE TRIPHOSPHATE BIOSYNTHETIC PROCESS%GOBP%GO:0009145		68	-0.5675824	-1.9054022	0.0	0.010467459	0.689	4069	tags=66%, list=30%, signal=94%	
THE ONCOGENIC ACTION OF FUMARATE%PATHWHIZ%PW002363	THE ONCOGENIC ACTION OF FUMARATE%PATHWHIZ%PW002363		27	-0.68172646	-1.9052202	0.0	0.010409187	0.69	2593	tags=74%, list=19%, signal=91%	
BRANCHED-CHAIN AMINO ACID CATABOLIC PROCESS%GOBP%GO:0009083	BRANCHED-CHAIN AMINO ACID CATABOLIC PROCESS%GOBP%GO:0009083		20	-0.7368423	-1.9048668	0.0	0.010429978	0.694	3029	tags=75%, list=22%, signal=96%	
THE ONCOGENIC ACTION OF SUCCINATE%PATHWHIZ%PW002360	THE ONCOGENIC ACTION OF SUCCINATE%PATHWHIZ%PW002360		27	-0.68172646	-1.9006739	0.0	0.010967873	0.711	2593	tags=74%, list=19%, signal=91%	
3-HYDROXY-3-METHYLGLUTARYL-COA LYASE DEFICIENCY%PATHWHIZ%PW000063	3-HYDROXY-3-METHYLGLUTARYL-COA LYASE DEFICIENCY%PATHWHIZ%PW000063		27	-0.660758	-1.8949995	0.0018248175	0.011755286	0.742	2801	tags=81%, list=21%, signal=103%	
ATP BIOSYNTHETIC PROCESS%GOBP%GO:0006754	ATP BIOSYNTHETIC PROCESS%GOBP%GO:0006754		64	-0.57617956	-1.8948824	0.0	0.011671495	0.742	4714	tags=78%, list=35%, signal=119%	
3-METHYLCROTONYL-COA CARBOXYLASE DEFICIENCY TYPE I%SMPDB%SMP0000237	3-METHYLCROTONYL-COA CARBOXYLASE DEFICIENCY TYPE I%SMPDB%SMP0000237		27	-0.660758	-1.8816159	0.0	0.014351363	0.806	2801	tags=81%, list=21%, signal=103%	
TCR SIGNALING IN NAIVE CD8+ T CELLS%PATHWAY INTERACTION DATABASE NCI-NATURE CURATED DATA%TCR SIGNALING IN NAIVE CD8+ T CELLS	TCR SIGNALING IN NAIVE CD8+ T CELLS%PATHWAY INTERACTION DATABASE NCI-NATURE CURATED DATA%TCR SIGNALING IN NAIVE CD8+ T CELLS		50	-0.58380914	-1.879676	0.0	0.014690413	0.815	893	tags=28%, list=7%, signal=30%	
PURINE RIBONUCLEOSIDE TRIPHOSPHATE BIOSYNTHETIC PROCESS%GOBP%GO:0009206	PURINE RIBONUCLEOSIDE TRIPHOSPHATE BIOSYNTHETIC PROCESS%GOBP%GO:0009206		68	-0.5675824	-1.874609	0.0	0.015745921	0.839	4069	tags=66%, list=30%, signal=94%	
MONONUCLEAR CELL PROLIFERATION%GOBP%GO:0032943	MONONUCLEAR CELL PROLIFERATION%GOBP%GO:0032943		30	-0.6441726	-1.8710104	0.0	0.016438583	0.851	1569	tags=37%, list=12%, signal=41%	
METHYLMALONIC ACIDURIA%SMPDB%SMP0000200	METHYLMALONIC ACIDURIA%SMPDB%SMP0000200		27	-0.660758	-1.8686919	0.0	0.016799966	0.859	2801	tags=81%, list=21%, signal=103%	
BETA-KETOTHIOLASE DEFICIENCY%SMPDB%SMP0000173	BETA-KETOTHIOLASE DEFICIENCY%SMPDB%SMP0000173		27	-0.660758	-1.8624582	0.0018450185	0.018353436	0.891	2801	tags=81%, list=21%, signal=103%	
VALINE, LEUCINE, AND ISOLEUCINE DEGRADATION%PATHWHIZ%PW000051	VALINE, LEUCINE, AND ISOLEUCINE DEGRADATION%PATHWHIZ%PW000051		27	-0.660758	-1.8585209	0.0	0.019283654	0.907	2801	tags=81%, list=21%, signal=103%	
3-HYDROXYISOBUTYRIC ACID DEHYDROGENASE DEFICIENCY%SMPDB%SMP0000521	3-HYDROXYISOBUTYRIC ACID DEHYDROGENASE DEFICIENCY%SMPDB%SMP0000521		27	-0.660758	-1.8561496	0.0018018018	0.019785983	0.916	2801	tags=81%, list=21%, signal=103%	
3-HYDROXYISOBUTYRIC ACIDURIA%PATHWHIZ%PW000498	3-HYDROXYISOBUTYRIC ACIDURIA%PATHWHIZ%PW000498		27	-0.660758	-1.8514802	0.0	0.020908259	0.928	2801	tags=81%, list=21%, signal=103%	
ISOVALERIC ACIDEMIA%PATHWHIZ%PW000500	ISOVALERIC ACIDEMIA%PATHWHIZ%PW000500		27	-0.660758	-1.8510523	0.0017513135	0.020835841	0.928	2801	tags=81%, list=21%, signal=103%	
MAPLE SYRUP URINE DISEASE%PATHWHIZ%PW000064	MAPLE SYRUP URINE DISEASE%PATHWHIZ%PW000064		27	-0.660758	-1.8497982	0.0	0.021001605	0.93	2801	tags=81%, list=21%, signal=103%	
2-METHYL-3-HYDROXYBUTYRYL-COA DEHYDROGENASE DEFICIENCY%PATHWHIZ%PW000061	2-METHYL-3-HYDROXYBUTYRYL-COA DEHYDROGENASE DEFICIENCY%PATHWHIZ%PW000061		27	-0.660758	-1.8476318	0.0	0.021315038	0.935	2801	tags=81%, list=21%, signal=103%	
COMPLEX I BIOGENESIS%REACTOME DATABASE ID RELEASE 93%6799198	COMPLEX I BIOGENESIS%REACTOME DATABASE ID RELEASE 93%6799198		54	-0.5696027	-1.8457745	0.0	0.021737436	0.939	4197	tags=69%, list=31%, signal=99%	
PYRUVATE METABOLISM%REACTOME%R-HSA-70268.10	PYRUVATE METABOLISM%REACTOME%R-HSA-70268.10		40	-0.5999895	-1.8425723	0.0034188034	0.02262256	0.948	3577	tags=58%, list=26%, signal=78%	
LIPID MODIFICATION%GOBP%GO:0030258	LIPID MODIFICATION%GOBP%GO:0030258		108	-0.49966452	-1.8417404	0.0	0.02279824	0.95	2801	tags=38%, list=21%, signal=47%	
ISOVALERIC ACIDURIA%PATHWHIZ%PW000091	ISOVALERIC ACIDURIA%PATHWHIZ%PW000091		27	-0.660758	-1.8406147	0.0	0.023022467	0.953	2801	tags=81%, list=21%, signal=103%	
LYMPHOCYTE PROLIFERATION%GOBP%GO:0046651	LYMPHOCYTE PROLIFERATION%GOBP%GO:0046651		29	-0.64733285	-1.8394449	0.0	0.02326513	0.956	1569	tags=38%, list=12%, signal=43%	
METHYLMALONATE SEMIALDEHYDE DEHYDROGENASE DEFICIENCY%SMPDB%SMP0000384	METHYLMALONATE SEMIALDEHYDE DEHYDROGENASE DEFICIENCY%SMPDB%SMP0000384		27	-0.660758	-1.8372904	0.0018181818	0.02368584	0.959	2801	tags=81%, list=21%, signal=103%	
PROPIONIC ACIDEMIA%PATHWHIZ%PW000062	PROPIONIC ACIDEMIA%PATHWHIZ%PW000062		27	-0.660758	-1.837014	0.0017006802	0.02361942	0.96	2801	tags=81%, list=21%, signal=103%	
MITOCHONDRIAL ELECTRON TRANSPORT, NADH TO UBIQUINONE%GOBP%GO:0006120	MITOCHONDRIAL ELECTRON TRANSPORT, NADH TO UBIQUINONE%GOBP%GO:0006120		35	-0.61843497	-1.8341858	0.0017825312	0.024288438	0.963	4069	tags=74%, list=30%, signal=106%	
3-METHYLGLUTACONIC ACIDURIA TYPE III%SMPDB%SMP0000140	3-METHYLGLUTACONIC ACIDURIA TYPE III%SMPDB%SMP0000140		27	-0.660758	-1.8272278	0.0	0.026712947	0.975	2801	tags=81%, list=21%, signal=103%	
ISOBUTYRYL-COA DEHYDROGENASE DEFICIENCY%SMPDB%SMP0000523	ISOBUTYRYL-COA DEHYDROGENASE DEFICIENCY%SMPDB%SMP0000523		27	-0.660758	-1.8266554	0.0017793594	0.026724482	0.975	2801	tags=81%, list=21%, signal=103%	
PEROXISOMAL LIPID METABOLISM%REACTOME DATABASE ID RELEASE 93%390918	PEROXISOMAL LIPID METABOLISM%REACTOME DATABASE ID RELEASE 93%390918		21	-0.67729515	-1.8251089	0.0	0.027042234	0.976	1035	tags=19%, list=8%, signal=21%	
ACETYL-COA METABOLIC PROCESS%GOBP%GO:0006084	ACETYL-COA METABOLIC PROCESS%GOBP%GO:0006084		21	-0.7002395	-1.8210585	0.0018416207	0.028227605	0.978	2197	tags=62%, list=16%, signal=74%	
TRIGLYCERIDE BIOSYNTHETIC PROCESS%GOBP%GO:0019432	TRIGLYCERIDE BIOSYNTHETIC PROCESS%GOBP%GO:0019432		16	-0.7238711	-1.8200557	0.0037807184	0.028352028	0.979	747	tags=38%, list=6%, signal=40%	
PID_EPHRINB_REV_PATHWAY%MSIGDB_C2%PID_EPHRINB_REV_PATHWAY	PID_EPHRINB_REV_PATHWAY%MSIGDB_C2%PID_EPHRINB_REV_PATHWAY		22	-0.67334694	-1.8156917	0.0077220076	0.029792178	0.985	1515	tags=32%, list=11%, signal=36%	
SULFUR COMPOUND BIOSYNTHETIC PROCESS%GOBP%GO:0044272	SULFUR COMPOUND BIOSYNTHETIC PROCESS%GOBP%GO:0044272		81	-0.52110285	-1.8150327	0.0017730496	0.029856147	0.985	2197	tags=42%, list=16%, signal=50%	
PID_CD8_TCR_PATHWAY%MSIGDB_C2%PID_CD8_TCR_PATHWAY	PID_CD8_TCR_PATHWAY%MSIGDB_C2%PID_CD8_TCR_PATHWAY		42	-0.5898799	-1.8094832	0.0	0.032127157	0.989	1757	tags=33%, list=13%, signal=38%	
POSITIVE REGULATION OF FATTY ACID METABOLIC PROCESS%GOBP%GO:0045923	POSITIVE REGULATION OF FATTY ACID METABOLIC PROCESS%GOBP%GO:0045923		30	-0.62978524	-1.8052734	0.0	0.033649314	0.99	1287	tags=47%, list=9%, signal=51%	
LYMPHOCYTE ACTIVATION INVOLVED IN IMMUNE RESPONSE%GOBP%GO:0002285	LYMPHOCYTE ACTIVATION INVOLVED IN IMMUNE RESPONSE%GOBP%GO:0002285		72	-0.5285981	-1.803627	0.0	0.03415087	0.991	1131	tags=26%, list=8%, signal=29%	
REGULATION OF FATTY ACID METABOLIC PROCESS%GOBP%GO:0019217	REGULATION OF FATTY ACID METABOLIC PROCESS%GOBP%GO:0019217		69	-0.53331566	-1.8006024	0.0017921147	0.0352775	0.992	1643	tags=32%, list=12%, signal=36%	
TRIGLYCERIDE METABOLIC PROCESS%GOBP%GO:0006641	TRIGLYCERIDE METABOLIC PROCESS%GOBP%GO:0006641		36	-0.60731643	-1.7996167	0.0018348624	0.035512395	0.992	1496	tags=39%, list=11%, signal=44%	
LYMPHOCYTE DIFFERENTIATION%GOBP%GO:0030098	LYMPHOCYTE DIFFERENTIATION%GOBP%GO:0030098		142	-0.47272855	-1.7946069	0.0	0.037573863	0.997	1159	tags=25%, list=9%, signal=27%	
LEIGH SYNDROME%SMPDB%SMP0000196	LEIGH SYNDROME%SMPDB%SMP0000196		20	-0.6691855	-1.7909026	0.0034722222	0.039135315	0.998	1615	tags=45%, list=12%, signal=51%	
CARDIAC MUSCLE CELL DEVELOPMENT%GOBP%GO:0055013	CARDIAC MUSCLE CELL DEVELOPMENT%GOBP%GO:0055013		22	-0.66063094	-1.788562	0.001814882	0.040026583	0.998	808	tags=27%, list=6%, signal=29%	
DISEASES OF IMMUNE SYSTEM%REACTOME%R-HSA-5260271.5	DISEASES OF IMMUNE SYSTEM%REACTOME%R-HSA-5260271.5		28	-0.6379481	-1.7859092	0.0	0.04107141	0.998	497	tags=18%, list=4%, signal=18%	
TRANSCRIPTIONAL REGULATION OF BROWN AND BEIGE ADIPOCYTE DIFFERENTIATION BY EBF2%REACTOME%R-HSA-9844594.1	TRANSCRIPTIONAL REGULATION OF BROWN AND BEIGE ADIPOCYTE DIFFERENTIATION BY EBF2%REACTOME%R-HSA-9844594.1		29	-0.6230447	-1.785655	0.0053956835	0.04098808	0.998	988	tags=28%, list=7%, signal=30%	
BRANCHED-CHAIN AMINO ACID CATABOLISM%REACTOME%R-HSA-70895.8	BRANCHED-CHAIN AMINO ACID CATABOLISM%REACTOME%R-HSA-70895.8		21	-0.6663403	-1.7839887	0.003690037	0.04155563	0.998	2773	tags=76%, list=20%, signal=96%	
PRIMARY HYPEROXALURIA II, PH2%SMPDB%SMP0000558	PRIMARY HYPEROXALURIA II, PH2%SMPDB%SMP0000558		20	-0.6691855	-1.7794427	0.0074626864	0.043833807	0.999	1615	tags=45%, list=12%, signal=51%	
FATTY ACID AND LIPOPROTEIN TRANSPORT IN HEPATOCYTES%WIKIPATHWAYS_20250810%WP5323%HOMO SAPIENS	FATTY ACID AND LIPOPROTEIN TRANSPORT IN HEPATOCYTES%WIKIPATHWAYS_20250810%WP5323%HOMO SAPIENS		23	-0.6691555	-1.7780641	0.0019120459	0.044282082	0.999	1505	tags=35%, list=11%, signal=39%	
ANTIMICROBIAL PEPTIDES%REACTOME DATABASE ID RELEASE 93%6803157	ANTIMICROBIAL PEPTIDES%REACTOME DATABASE ID RELEASE 93%6803157		24	-0.6447751	-1.7779168	0.0018181818	0.044088118	0.999	727	tags=38%, list=5%, signal=40%	
TRICARBOXYLIC ACID CYCLE%GOBP%GO:0006099	TRICARBOXYLIC ACID CYCLE%GOBP%GO:0006099		25	-0.6518578	-1.7747425	0.0056818184	0.045449436	0.999	2631	tags=60%, list=19%, signal=74%	
TRANSCRIPTIONAL REGULATION OF BROWN AND BEIGE ADIPOCYTE DIFFERENTIATION%REACTOME%R-HSA-9843743.1	TRANSCRIPTIONAL REGULATION OF BROWN AND BEIGE ADIPOCYTE DIFFERENTIATION%REACTOME%R-HSA-9843743.1		29	-0.6230447	-1.7738781	0.003539823	0.045603734	0.999	988	tags=28%, list=7%, signal=30%	
DEFECTS IN TOLL-LIKE RECEPTOR CASCADES%REACTOME%R-HSA-5602358.5	DEFECTS IN TOLL-LIKE RECEPTOR CASCADES%REACTOME%R-HSA-5602358.5		28	-0.6379481	-1.7721468	0.003552398	0.046223536	0.999	497	tags=18%, list=4%, signal=18%	
REGULATION OF PYRUVATE METABOLISM%REACTOME DATABASE ID RELEASE 93%9861718	REGULATION OF PYRUVATE METABOLISM%REACTOME DATABASE ID RELEASE 93%9861718		28	-0.6334153	-1.7714934	0.0035906644	0.046239447	0.999	2366	tags=50%, list=17%, signal=60%	
REGULATION OF LIPID CATABOLIC PROCESS%GOBP%GO:0050994	REGULATION OF LIPID CATABOLIC PROCESS%GOBP%GO:0050994		42	-0.5838815	-1.7689308	0.003502627	0.047349807	1.0	1643	tags=43%, list=12%, signal=49%	
AMINO ACID METABOLISM%WIKIPATHWAYS_20250810%WP3925%HOMO SAPIENS	AMINO ACID METABOLISM%WIKIPATHWAYS_20250810%WP3925%HOMO SAPIENS		50	-0.56388795	-1.7687906	0.0017035775	0.047156185	1.0	2582	tags=44%, list=19%, signal=54%	
REGULATION OF FATTY ACID OXIDATION%GOBP%GO:0046320	REGULATION OF FATTY ACID OXIDATION%GOBP%GO:0046320		25	-0.6542404	-1.7672691	0.0	0.047699094	1.0	950	tags=36%, list=7%, signal=39%	
EPHRIN B REVERSE SIGNALING%PATHWAY INTERACTION DATABASE NCI-NATURE CURATED DATA%EPHRIN B REVERSE SIGNALING	EPHRIN B REVERSE SIGNALING%PATHWAY INTERACTION DATABASE NCI-NATURE CURATED DATA%EPHRIN B REVERSE SIGNALING		25	-0.6475264	-1.7662574	0.0	0.047928445	1.0	1671	tags=36%, list=12%, signal=41%	
RIBONUCLEOSIDE TRIPHOSPHATE BIOSYNTHETIC PROCESS%GOBP%GO:0009201	RIBONUCLEOSIDE TRIPHOSPHATE BIOSYNTHETIC PROCESS%GOBP%GO:0009201		72	-0.52107126	-1.7641779	0.0016835016	0.048762716	1.0	4523	tags=69%, list=33%, signal=104%	
MITOCHONDRIAL PROTEIN IMPORT%REACTOME DATABASE ID RELEASE 93%1268020	MITOCHONDRIAL PROTEIN IMPORT%REACTOME DATABASE ID RELEASE 93%1268020		59	-0.5322036	-1.7600086	0.0	0.051033266	1.0	3303	tags=47%, list=24%, signal=62%	
OMEGA 3 FATTY ACIDS IN SENESCENCE%WIKIPATHWAYS_20250810%WP5432%HOMO SAPIENS	OMEGA 3 FATTY ACIDS IN SENESCENCE%WIKIPATHWAYS_20250810%WP5432%HOMO SAPIENS		17	-0.70106643	-1.7587072	0.0073260074	0.051557254	1.0	2011	tags=65%, list=15%, signal=76%	
BRANCHED-CHAIN AMINO ACID METABOLIC PROCESS%GOBP%GO:0009081	BRANCHED-CHAIN AMINO ACID METABOLIC PROCESS%GOBP%GO:0009081		24	-0.64845115	-1.7585483	0.0036697248	0.05132282	1.0	3029	tags=75%, list=22%, signal=96%	
PYRUVATE DEHYDROGENASE COMPLEX DEFICIENCY%PATHWHIZ%PW000117	PYRUVATE DEHYDROGENASE COMPLEX DEFICIENCY%PATHWHIZ%PW000117		20	-0.6691855	-1.7571083	0.0055762082	0.05189506	1.0	1615	tags=45%, list=12%, signal=51%	
NONALCOHOLIC FATTY LIVER DISEASE%WIKIPATHWAYS_20250810%WP4396%HOMO SAPIENS	NONALCOHOLIC FATTY LIVER DISEASE%WIKIPATHWAYS_20250810%WP4396%HOMO SAPIENS		121	-0.47351947	-1.7552145	0.0016420361	0.05273934	1.0	3559	tags=51%, list=26%, signal=69%	
PYRUVATE DECARBOXYLASE E1 COMPONENT DEFICIENCY (PDHE1 DEFICIENCY)%SMPDB%SMP0000334	PYRUVATE DECARBOXYLASE E1 COMPONENT DEFICIENCY (PDHE1 DEFICIENCY)%SMPDB%SMP0000334		20	-0.6691855	-1.7510754	0.007017544	0.055022556	1.0	1615	tags=45%, list=12%, signal=51%	
PYRUVATE KINASE DEFICIENCY%PATHWHIZ%PW000535	PYRUVATE KINASE DEFICIENCY%PATHWHIZ%PW000535		20	-0.6691855	-1.7474492	0.0054545454	0.05735279	1.0	1615	tags=45%, list=12%, signal=51%	
EXPRESSION OF BMAL (ARNTL), CLOCK, AND NPAS2%REACTOME%R-HSA-9931509.1	EXPRESSION OF BMAL (ARNTL), CLOCK, AND NPAS2%REACTOME%R-HSA-9931509.1		34	-0.58229	-1.7460979	0.0034305318	0.05789496	1.0	1380	tags=21%, list=10%, signal=23%	
REGULATION OF INTERLEUKIN-12 PRODUCTION%GOBP%GO:0032655	REGULATION OF INTERLEUKIN-12 PRODUCTION%GOBP%GO:0032655		41	-0.56581265	-1.745519	0.0036101083	0.05802663	1.0	1131	tags=29%, list=8%, signal=32%	
MITOCHONDRIAL COMPLEX I ASSEMBLY MODEL OXPHOS SYSTEM%WIKIPATHWAYS_20250810%WP4324%HOMO SAPIENS	MITOCHONDRIAL COMPLEX I ASSEMBLY MODEL OXPHOS SYSTEM%WIKIPATHWAYS_20250810%WP4324%HOMO SAPIENS		39	-0.572787	-1.7441927	0.0051457975	0.0585537	1.0	4714	tags=79%, list=35%, signal=122%	
REGULATION OF MACROPHAGE DERIVED FOAM CELL DIFFERENTIATION%GOBP%GO:0010743	REGULATION OF MACROPHAGE DERIVED FOAM CELL DIFFERENTIATION%GOBP%GO:0010743		28	-0.60830134	-1.7415669	0.0035650623	0.060157944	1.0	1254	tags=43%, list=9%, signal=47%	
NAD METABOLISM IN ONCOGENE INDUCED SENESCENCE AND MITOCHONDRIAL DYSFUNCTION ASSOCIATED SENESCENCE%WIKIPATHWAYS_20250810%WP5046%HOMO SAPIENS	NAD METABOLISM IN ONCOGENE INDUCED SENESCENCE AND MITOCHONDRIAL DYSFUNCTION ASSOCIATED SENESCENCE%WIKIPATHWAYS_20250810%WP5046%HOMO SAPIENS		16	-0.68063873	-1.7409478	0.0073937154	0.060176928	1.0	1380	tags=31%, list=10%, signal=35%	
T CELL ACTIVATION%GOBP%GO:0042110	T CELL ACTIVATION%GOBP%GO:0042110		163	-0.45407248	-1.7399364	0.0015772871	0.060585737	1.0	1261	tags=26%, list=9%, signal=29%	
WARBURG EFFECT%SMPDB%SMP0087270	WARBURG EFFECT%SMPDB%SMP0087270		42	-0.5559057	-1.738928	0.0017391305	0.06102811	1.0	2582	tags=45%, list=19%, signal=56%	
B CELL ACTIVATION%GOBP%GO:0042113	B CELL ACTIVATION%GOBP%GO:0042113		96	-0.48599854	-1.7333442	0.0	0.06438185	1.0	1131	tags=21%, list=8%, signal=23%	
PYRUVATE METABOLISM%PATHWHIZ%PW000054	PYRUVATE METABOLISM%PATHWHIZ%PW000054		20	-0.6691855	-1.7312211	0.0053380784	0.0654588	1.0	1615	tags=45%, list=12%, signal=51%	
MITOCHONDRIAL TRANSLATION TERMINATION%REACTOME%R-HSA-5419276.5	MITOCHONDRIAL TRANSLATION TERMINATION%REACTOME%R-HSA-5419276.5		89	-0.4947445	-1.7290908	0.0	0.066578306	1.0	3420	tags=52%, list=25%, signal=69%	
T CELL DIFFERENTIATION%GOBP%GO:0030217	T CELL DIFFERENTIATION%GOBP%GO:0030217		90	-0.4962044	-1.7262805	0.0	0.06822718	1.0	1002	tags=28%, list=7%, signal=30%	
G ALPHA (Q) SIGNALLING EVENTS%REACTOME%R-HSA-416476.8	G ALPHA (Q) SIGNALLING EVENTS%REACTOME%R-HSA-416476.8		126	-0.46623564	-1.7248662	0.0016778524	0.0689923	1.0	1560	tags=28%, list=12%, signal=31%	
PURINE RIBONUCLEOTIDE BIOSYNTHETIC PROCESS%GOBP%GO:0009152	PURINE RIBONUCLEOTIDE BIOSYNTHETIC PROCESS%GOBP%GO:0009152		98	-0.48792535	-1.7247201	0.0	0.06867548	1.0	3559	tags=52%, list=26%, signal=70%	
MITOCHONDRIAL RIBOSOME-ASSOCIATED QUALITY CONTROL%REACTOME%R-HSA-9937383.1	MITOCHONDRIAL RIBOSOME-ASSOCIATED QUALITY CONTROL%REACTOME%R-HSA-9937383.1		87	-0.49076366	-1.7242664	0.0	0.068689734	1.0	3420	tags=51%, list=25%, signal=67%	
MITOCHONDRIAL TRANSLATION INITIATION%REACTOME DATABASE ID RELEASE 93%5368286	MITOCHONDRIAL TRANSLATION INITIATION%REACTOME DATABASE ID RELEASE 93%5368286		88	-0.49470353	-1.7222548	0.0016835016	0.069916144	1.0	3483	tags=51%, list=26%, signal=68%	
ACTIVATION OF GENE EXPRESSION BY SREBF (SREBP)%REACTOME%R-HSA-2426168.5	ACTIVATION OF GENE EXPRESSION BY SREBF (SREBP)%REACTOME%R-HSA-2426168.5		40	-0.5569288	-1.7212619	0.0052173915	0.07034313	1.0	3855	tags=52%, list=28%, signal=73%	
CITRIC ACID CYCLE (TCA CYCLE)%REACTOME DATABASE ID RELEASE 93%71403	CITRIC ACID CYCLE (TCA CYCLE)%REACTOME DATABASE ID RELEASE 93%71403		31	-0.5926045	-1.7197729	0.0	0.071097925	1.0	2631	tags=52%, list=19%, signal=64%	
AMINO ACID CATABOLIC PROCESS%GOBP%GO:0009063	AMINO ACID CATABOLIC PROCESS%GOBP%GO:0009063		70	-0.50816923	-1.7181334	0.0033898305	0.0720227	1.0	1638	tags=33%, list=12%, signal=37%	
TH17 CELL DIFFERENTIATION PATHWAY%WIKIPATHWAYS_20250810%WP5130%HOMO SAPIENS	TH17 CELL DIFFERENTIATION PATHWAY%WIKIPATHWAYS_20250810%WP5130%HOMO SAPIENS		50	-0.53624827	-1.7151192	0.0034129692	0.07405551	1.0	1274	tags=30%, list=9%, signal=33%	
MITOCHONDRIAL TRANSLATION ELONGATION%REACTOME%R-HSA-5389840.3	MITOCHONDRIAL TRANSLATION ELONGATION%REACTOME%R-HSA-5389840.3		88	-0.49088266	-1.7093222	0.0	0.07880967	1.0	3420	tags=51%, list=25%, signal=68%	
IMMUNOREGULATORY INTERACTIONS BETWEEN A LYMPHOID AND A NON-LYMPHOID CELL%REACTOME%R-HSA-198933.9	IMMUNOREGULATORY INTERACTIONS BETWEEN A LYMPHOID AND A NON-LYMPHOID CELL%REACTOME%R-HSA-198933.9		88	-0.48727143	-1.7087703	0.0	0.0788862	1.0	994	tags=28%, list=7%, signal=30%	
LIPID METABOLISM PATHWAY%WIKIPATHWAYS_20250810%WP3965%HOMO SAPIENS	LIPID METABOLISM PATHWAY%WIKIPATHWAYS_20250810%WP3965%HOMO SAPIENS		17	-0.6643348	-1.7083902	0.009025271	0.07882712	1.0	2197	tags=35%, list=16%, signal=42%	
NUCLEOSIDE TRIPHOSPHATE BIOSYNTHETIC PROCESS%GOBP%GO:0009142	NUCLEOSIDE TRIPHOSPHATE BIOSYNTHETIC PROCESS%GOBP%GO:0009142		77	-0.49852479	-1.7082751	0.0	0.07853541	1.0	4523	tags=66%, list=33%, signal=99%	
T CELL SELECTION%GOBP%GO:0045058	T CELL SELECTION%GOBP%GO:0045058		25	-0.6128099	-1.7077426	0.0068259384	0.07852824	1.0	1002	tags=40%, list=7%, signal=43%	
POSITIVE REGULATION OF MEMBRANE PERMEABILITY%GOBP%GO:1905710	POSITIVE REGULATION OF MEMBRANE PERMEABILITY%GOBP%GO:1905710		17	-0.67760783	-1.7066145	0.0053956835	0.07919819	1.0	2044	tags=47%, list=15%, signal=55%	
NON-KETOTIC HYPERGLYCINEMIA%PATHWHIZ%PW000209	NON-KETOTIC HYPERGLYCINEMIA%PATHWHIZ%PW000209		19	-0.6550867	-1.7059715	0.006837607	0.07937221	1.0	1371	tags=42%, list=10%, signal=47%	
FATTY ACID TRANSPORT%GOBP%GO:0015908	FATTY ACID TRANSPORT%GOBP%GO:0015908		41	-0.56718034	-1.7033939	0.008576329	0.081163	1.0	1677	tags=32%, list=12%, signal=36%	
LXR-MEDIATED SIGNALING%REACTOME DATABASE ID RELEASE 93%9024446	LXR-MEDIATED SIGNALING%REACTOME DATABASE ID RELEASE 93%9024446		40	-0.56325686	-1.7028178	0.0	0.0812307	1.0	1505	tags=25%, list=11%, signal=28%	
PURINE NUCLEOTIDE BIOSYNTHETIC PROCESS%GOBP%GO:0006164	PURINE NUCLEOTIDE BIOSYNTHETIC PROCESS%GOBP%GO:0006164		119	-0.463218	-1.7018256	0.0	0.08170176	1.0	3559	tags=51%, list=26%, signal=69%	
REGULATION OF SUPEROXIDE METABOLIC PROCESS%GOBP%GO:0090322	REGULATION OF SUPEROXIDE METABOLIC PROCESS%GOBP%GO:0090322		18	-0.66702527	-1.7018092	0.0088495575	0.08131556	1.0	371	tags=22%, list=3%, signal=23%	
DIHYDROPYRIMIDINE DEHYDROGENASE DEFICIENCY (DHPD)%SMPDB%SMP0000179	DIHYDROPYRIMIDINE DEHYDROGENASE DEFICIENCY (DHPD)%SMPDB%SMP0000179		19	-0.6550867	-1.7002004	0.0037383179	0.082213216	1.0	1371	tags=42%, list=10%, signal=47%	
MITOCHONDRIAL BIOGENESIS%REACTOME%R-HSA-1592230.4	MITOCHONDRIAL BIOGENESIS%REACTOME%R-HSA-1592230.4		85	-0.48724186	-1.6987195	0.0034013605	0.08316474	1.0	3855	tags=45%, list=28%, signal=62%	
HYPERGLYCINEMIA, NON-KETOTIC%SMPDB%SMP0000485	HYPERGLYCINEMIA, NON-KETOTIC%SMPDB%SMP0000485		19	-0.6550867	-1.6971223	0.008992806	0.084131464	1.0	1371	tags=42%, list=10%, signal=47%	
IRAK4 DEFICIENCY (TLR2 4)%REACTOME%R-HSA-5603041.4	IRAK4 DEFICIENCY (TLR2 4)%REACTOME%R-HSA-5603041.4		15	-0.69163364	-1.6969242	0.005597015	0.08389635	1.0	497	tags=27%, list=4%, signal=28%	
SARCOSINEMIA%SMPDB%SMP0000244	SARCOSINEMIA%SMPDB%SMP0000244		19	-0.6550867	-1.6949148	0.0053667263	0.085292295	1.0	1371	tags=42%, list=10%, signal=47%	
B CELL RECEPTOR SIGNALING PATHWAY%GOBP%GO:0050853	B CELL RECEPTOR SIGNALING PATHWAY%GOBP%GO:0050853		27	-0.6025176	-1.6939224	0.009398496	0.085894875	1.0	938	tags=37%, list=7%, signal=40%	
3-PHOSPHOGLYCERATE DEHYDROGENASE DEFICIENCY%SMPDB%SMP0000721	3-PHOSPHOGLYCERATE DEHYDROGENASE DEFICIENCY%SMPDB%SMP0000721		19	-0.6550867	-1.6939138	0.0076045627	0.08549707	1.0	1371	tags=42%, list=10%, signal=47%	
TRANSCRIPTION FACTOR REGULATION IN ADIPOGENESIS%WIKIPATHWAYS_20250810%WP3599%HOMO SAPIENS	TRANSCRIPTION FACTOR REGULATION IN ADIPOGENESIS%WIKIPATHWAYS_20250810%WP3599%HOMO SAPIENS		19	-0.6476806	-1.6934116	0.007246377	0.085554086	1.0	883	tags=42%, list=7%, signal=45%	
POSITIVE REGULATION OF CELL KILLING%GOBP%GO:0031343	POSITIVE REGULATION OF CELL KILLING%GOBP%GO:0031343		40	-0.5544125	-1.6910385	0.001754386	0.08734681	1.0	699	tags=23%, list=5%, signal=24%	
EXTRAFOLLICULAR AND FOLLICULAR B CELL ACTIVATION BY SARS COV 2%WIKIPATHWAYS_20250810%WP5218%HOMO SAPIENS	EXTRAFOLLICULAR AND FOLLICULAR B CELL ACTIVATION BY SARS COV 2%WIKIPATHWAYS_20250810%WP5218%HOMO SAPIENS		46	-0.5467125	-1.6907933	0.0050933785	0.08715767	1.0	1232	tags=35%, list=9%, signal=38%	
POSITIVE REGULATION OF MITOCHONDRIAL MEMBRANE PERMEABILITY%GOBP%GO:0035794	POSITIVE REGULATION OF MITOCHONDRIAL MEMBRANE PERMEABILITY%GOBP%GO:0035794		15	-0.6899697	-1.6904427	0.0075901328	0.08705613	1.0	2044	tags=53%, list=15%, signal=63%	
REGULATION OF MEMBRANE PERMEABILITY%GOBP%GO:0090559	REGULATION OF MEMBRANE PERMEABILITY%GOBP%GO:0090559		39	-0.547935	-1.6904293	0.0071301246	0.08665762	1.0	2044	tags=33%, list=15%, signal=39%	
OXIDATIVE PHOSPHORYLATION%WIKIPATHWAYS_20250810%WP623%HOMO SAPIENS	OXIDATIVE PHOSPHORYLATION%WIKIPATHWAYS_20250810%WP623%HOMO SAPIENS		41	-0.55140173	-1.690286	0.0054545454	0.08640633	1.0	4714	tags=76%, list=35%, signal=116%	
ALPHA-BETA T CELL ACTIVATION%GOBP%GO:0046631	ALPHA-BETA T CELL ACTIVATION%GOBP%GO:0046631		51	-0.535485	-1.6896986	0.0	0.086546406	1.0	1261	tags=27%, list=9%, signal=30%	
RIBOSOMAL SMALL SUBUNIT BIOGENESIS%GOBP%GO:0042274	RIBOSOMAL SMALL SUBUNIT BIOGENESIS%GOBP%GO:0042274		96	-0.47187924	-1.688473	0.0	0.08728196	1.0	4240	tags=50%, list=31%, signal=72%	
REGULATION OF ENDOTHELIAL CELL DIFFERENTIATION%GOBP%GO:0045601	REGULATION OF ENDOTHELIAL CELL DIFFERENTIATION%GOBP%GO:0045601		25	-0.6164801	-1.6884321	0.0054545454	0.086920716	1.0	1414	tags=32%, list=10%, signal=36%	
CARDIAC CELL DEVELOPMENT%GOBP%GO:0055006	CARDIAC CELL DEVELOPMENT%GOBP%GO:0055006		27	-0.6142075	-1.6872177	0.016216217	0.08764056	1.0	1747	tags=30%, list=13%, signal=34%	
GLYCINE AND SERINE METABOLISM%SMPDB%SMP0000004	GLYCINE AND SERINE METABOLISM%SMPDB%SMP0000004		19	-0.6550867	-1.685228	0.005291005	0.089024745	1.0	1371	tags=42%, list=10%, signal=47%	
GLUCONEOGENESIS%GOBP%GO:0006094	GLUCONEOGENESIS%GOBP%GO:0006094		27	-0.59873956	-1.6849184	0.0054545454	0.088931	1.0	747	tags=19%, list=6%, signal=20%	
FOXA2 AND FOXA3 TRANSCRIPTION FACTOR NETWORKS%PATHWAY INTERACTION DATABASE NCI-NATURE CURATED DATA%FOXA2 AND FOXA3 TRANSCRIPTION FACTOR NETWORKS	FOXA2 AND FOXA3 TRANSCRIPTION FACTOR NETWORKS%PATHWAY INTERACTION DATABASE NCI-NATURE CURATED DATA%FOXA2 AND FOXA3 TRANSCRIPTION FACTOR NETWORKS		21	-0.6474319	-1.6841916	0.006756757	0.08926565	1.0	792	tags=29%, list=6%, signal=30%	
DIMETHYLGLYCINE DEHYDROGENASE DEFICIENCY%SMPDB%SMP0000484	DIMETHYLGLYCINE DEHYDROGENASE DEFICIENCY%SMPDB%SMP0000484		19	-0.6550867	-1.6839508	0.0037105752	0.089055255	1.0	1371	tags=42%, list=10%, signal=47%	
MITOCHONDRIAL TRANSLATION%REACTOME%R-HSA-5368287.5	MITOCHONDRIAL TRANSLATION%REACTOME%R-HSA-5368287.5		97	-0.4762036	-1.6797203	0.0017241379	0.09264871	1.0	3483	tags=49%, list=26%, signal=66%	
ORGAN OR TISSUE SPECIFIC IMMUNE RESPONSE%GOBP%GO:0002251	ORGAN OR TISSUE SPECIFIC IMMUNE RESPONSE%GOBP%GO:0002251		16	-0.6874503	-1.6778686	0.0075046904	0.09396849	1.0	2114	tags=56%, list=16%, signal=67%	
SYNTHESIS OF VERY LONG-CHAIN FATTY ACYL-COAS%REACTOME%R-HSA-75876.10	SYNTHESIS OF VERY LONG-CHAIN FATTY ACYL-COAS%REACTOME%R-HSA-75876.10		23	-0.6208828	-1.6769942	0.009041592	0.09445051	1.0	1855	tags=43%, list=14%, signal=50%	
REGULATION OF PEPTIDE TRANSPORT%GOBP%GO:0090087	REGULATION OF PEPTIDE TRANSPORT%GOBP%GO:0090087		84	-0.48203132	-1.676874	0.0016722408	0.09415273	1.0	1928	tags=31%, list=14%, signal=36%	
WARBURG EFFECT%PATHWHIZ%PW000630	WARBURG EFFECT%PATHWHIZ%PW000630		44	-0.54648924	-1.675964	0.0051369863	0.09465067	1.0	2593	tags=48%, list=19%, signal=59%	
REGULATION OF SYSTEMIC ARTERIAL BLOOD PRESSURE MEDIATED BY A CHEMICAL SIGNAL%GOBP%GO:0003044	REGULATION OF SYSTEMIC ARTERIAL BLOOD PRESSURE MEDIATED BY A CHEMICAL SIGNAL%GOBP%GO:0003044		24	-0.61026335	-1.6756248	0.011131725	0.09459206	1.0	570	tags=33%, list=4%, signal=35%	
REGULATION OF LEUKOCYTE APOPTOTIC PROCESS%GOBP%GO:2000106	REGULATION OF LEUKOCYTE APOPTOTIC PROCESS%GOBP%GO:2000106		45	-0.52603066	-1.6724265	0.010291595	0.097321816	1.0	1459	tags=33%, list=11%, signal=37%	
SERINE FAMILY AMINO ACID METABOLIC PROCESS%GOBP%GO:0009069	SERINE FAMILY AMINO ACID METABOLIC PROCESS%GOBP%GO:0009069		20	-0.6403638	-1.6723262	0.008787346	0.09697543	1.0	703	tags=25%, list=5%, signal=26%	
DIMETHYLGLYCINE DEHYDROGENASE DEFICIENCY%SMPDB%SMP0000242	DIMETHYLGLYCINE DEHYDROGENASE DEFICIENCY%SMPDB%SMP0000242		19	-0.6550867	-1.6693774	0.010869565	0.0994239	1.0	1371	tags=42%, list=10%, signal=47%	
VITAMIN B12 METABOLISM%WIKIPATHWAYS_20250810%WP1533%HOMO SAPIENS	VITAMIN B12 METABOLISM%WIKIPATHWAYS_20250810%WP1533%HOMO SAPIENS		28	-0.589778	-1.6688402	0.010398613	0.09956584	1.0	2267	tags=43%, list=17%, signal=51%	
PID_TCR_PATHWAY%MSIGDB_C2%PID_TCR_PATHWAY	PID_TCR_PATHWAY%MSIGDB_C2%PID_TCR_PATHWAY		51	-0.5306795	-1.6664215	0.005042017	0.10159667	1.0	2107	tags=37%, list=16%, signal=44%	
GRANULOCYTE MIGRATION%GOBP%GO:0097530	GRANULOCYTE MIGRATION%GOBP%GO:0097530		45	-0.5308899	-1.6627026	0.015873017	0.105029464	1.0	836	tags=29%, list=6%, signal=31%	
REGULATION OF LYMPHOCYTE APOPTOTIC PROCESS%GOBP%GO:0070228	REGULATION OF LYMPHOCYTE APOPTOTIC PROCESS%GOBP%GO:0070228		26	-0.6003214	-1.6588124	0.013059702	0.108646534	1.0	1459	tags=38%, list=11%, signal=43%	
IFN-ALPHA%IOB%IFN-ALPHA	IFN-ALPHA%IOB%IFN-ALPHA		29	-0.58548856	-1.6570218	0.012455516	0.11035412	1.0	2792	tags=45%, list=21%, signal=56%	
POSITIVE REGULATION OF MORPHOGENESIS OF AN EPITHELIUM%GOBP%GO:1905332	POSITIVE REGULATION OF MORPHOGENESIS OF AN EPITHELIUM%GOBP%GO:1905332		19	-0.64099324	-1.6559573	0.010928961	0.11106979	1.0	1328	tags=42%, list=10%, signal=47%	
LEUKOCYTE ACTIVATION INVOLVED IN IMMUNE RESPONSE%GOBP%GO:0002366	LEUKOCYTE ACTIVATION INVOLVED IN IMMUNE RESPONSE%GOBP%GO:0002366		105	-0.4624529	-1.6554774	0.0	0.111147	1.0	1458	tags=27%, list=11%, signal=30%	
DISULFIRAM ACTION PATHWAY%PATHWHIZ%PW000431	DISULFIRAM ACTION PATHWAY%PATHWHIZ%PW000431		17	-0.65469694	-1.6548058	0.0103270225	0.11141764	1.0	2534	tags=53%, list=19%, signal=65%	
POSITIVE REGULATION OF ANTIGEN RECEPTOR-MEDIATED SIGNALING PATHWAY%GOBP%GO:0050857	POSITIVE REGULATION OF ANTIGEN RECEPTOR-MEDIATED SIGNALING PATHWAY%GOBP%GO:0050857		19	-0.64685774	-1.6535203	0.006993007	0.11219975	1.0	1254	tags=42%, list=9%, signal=46%	
MITOCHONDRIAL GENE EXPRESSION%GOBP%GO:0140053	MITOCHONDRIAL GENE EXPRESSION%GOBP%GO:0140053		141	-0.44243562	-1.6478792	0.0	0.11810306	1.0	4196	tags=50%, list=31%, signal=72%	
REGULATION OF PEPTIDE HORMONE SECRETION%GOBP%GO:0090276	REGULATION OF PEPTIDE HORMONE SECRETION%GOBP%GO:0090276		81	-0.48258317	-1.6477288	0.0017452007	0.11777681	1.0	1928	tags=31%, list=14%, signal=36%	
REGULATION OF B CELL RECEPTOR SIGNALING PATHWAY%GOBP%GO:0050855	REGULATION OF B CELL RECEPTOR SIGNALING PATHWAY%GOBP%GO:0050855		16	-0.6641051	-1.6469377	0.013937282	0.11824992	1.0	1757	tags=56%, list=13%, signal=65%	
CHEMOKINE SIGNALING%WIKIPATHWAYS_20250810%WP3929%HOMO SAPIENS	CHEMOKINE SIGNALING%WIKIPATHWAYS_20250810%WP3929%HOMO SAPIENS		106	-0.45370895	-1.6460906	0.0	0.11871089	1.0	888	tags=18%, list=7%, signal=19%	
CELL ACTIVATION INVOLVED IN IMMUNE RESPONSE%GOBP%GO:0002263	CELL ACTIVATION INVOLVED IN IMMUNE RESPONSE%GOBP%GO:0002263		109	-0.4528018	-1.6452327	0.0016611295	0.11931815	1.0	1458	tags=26%, list=11%, signal=29%	
DENDRITIC CELL CHEMOTAXIS%GOBP%GO:0002407	DENDRITIC CELL CHEMOTAXIS%GOBP%GO:0002407		15	-0.658685	-1.6443441	0.021238938	0.11987298	1.0	836	tags=47%, list=6%, signal=50%	
POSITIVE REGULATION OF CYTOSOLIC CALCIUM ION CONCENTRATION%GOBP%GO:0007204	POSITIVE REGULATION OF CYTOSOLIC CALCIUM ION CONCENTRATION%GOBP%GO:0007204		80	-0.47462666	-1.6425725	0.0	0.12142686	1.0	1057	tags=26%, list=8%, signal=28%	
CELL CHEMOTAXIS%GOBP%GO:0060326	CELL CHEMOTAXIS%GOBP%GO:0060326		124	-0.44519174	-1.6418415	0.001618123	0.121774495	1.0	886	tags=25%, list=7%, signal=27%	
FLT3 SIGNALING%REACTOME%R-HSA-9607240.8	FLT3 SIGNALING%REACTOME%R-HSA-9607240.8		36	-0.5512332	-1.6411117	0.010733453	0.12209687	1.0	2792	tags=47%, list=21%, signal=59%	
COMPLEX IV ASSEMBLY%REACTOME%R-HSA-9864848.2	COMPLEX IV ASSEMBLY%REACTOME%R-HSA-9864848.2		34	-0.5594546	-1.6402898	0.0051993066	0.12246683	1.0	3415	tags=56%, list=25%, signal=75%	
REGULATION OF PEPTIDE SECRETION%GOBP%GO:0002791	REGULATION OF PEPTIDE SECRETION%GOBP%GO:0002791		82	-0.46824092	-1.6376513	0.0033167496	0.12537698	1.0	1928	tags=30%, list=14%, signal=35%	
REGULATION OF TOLL-LIKE RECEPTOR SIGNALING PATHWAY%GOBP%GO:0034121	REGULATION OF TOLL-LIKE RECEPTOR SIGNALING PATHWAY%GOBP%GO:0034121		25	-0.5922661	-1.6371604	0.016666668	0.12546338	1.0	2368	tags=36%, list=17%, signal=44%	
HEXOSE BIOSYNTHETIC PROCESS%GOBP%GO:0019319	HEXOSE BIOSYNTHETIC PROCESS%GOBP%GO:0019319		30	-0.57708275	-1.6341847	0.01119403	0.12846842	1.0	1432	tags=23%, list=11%, signal=26%	
HALLMARK_BILE_ACID_METABOLISM%MSIGDBHALLMARK%HALLMARK_BILE_ACID_METABOLISM	HALLMARK_BILE_ACID_METABOLISM%MSIGDBHALLMARK%HALLMARK_BILE_ACID_METABOLISM		71	-0.47880125	-1.6340852	0.003649635	0.12810107	1.0	1035	tags=20%, list=8%, signal=21%	
BIOCARTA_EIF4_PATHWAY%MSIGDB_C2%BIOCARTA_EIF4_PATHWAY	BIOCARTA_EIF4_PATHWAY%MSIGDB_C2%BIOCARTA_EIF4_PATHWAY		20	-0.61809653	-1.6333184	0.02226345	0.12851204	1.0	2212	tags=35%, list=16%, signal=42%	
MONONUCLEAR CELL DIFFERENTIATION%GOBP%GO:1903131	MONONUCLEAR CELL DIFFERENTIATION%GOBP%GO:1903131		184	-0.42072123	-1.6332928	0.0015432099	0.12804227	1.0	1159	tags=23%, list=9%, signal=25%	
GPCRS CLASS A RHODOPSIN LIKE%WIKIPATHWAYS_20250810%WP455%HOMO SAPIENS	GPCRS CLASS A RHODOPSIN LIKE%WIKIPATHWAYS_20250810%WP455%HOMO SAPIENS		91	-0.46167853	-1.629733	0.0034904014	0.1318309	1.0	1560	tags=38%, list=12%, signal=43%	
ADAPTIVE IMMUNE RESPONSE%GOBP%GO:0002250	ADAPTIVE IMMUNE RESPONSE%GOBP%GO:0002250		109	-0.44498795	-1.6287141	0.0016891892	0.13267933	1.0	1158	tags=29%, list=9%, signal=32%	
TRIGLYCERIDE METABOLISM%REACTOME%R-HSA-8979227.2	TRIGLYCERIDE METABOLISM%REACTOME%R-HSA-8979227.2		26	-0.5853187	-1.627812	0.01598579	0.13324177	1.0	1496	tags=31%, list=11%, signal=35%	
NEGATIVE REGULATION OF FLT3%REACTOME DATABASE ID RELEASE 93%9706369	NEGATIVE REGULATION OF FLT3%REACTOME DATABASE ID RELEASE 93%9706369		15	-0.6631823	-1.6274884	0.011320755	0.13310939	1.0	2554	tags=60%, list=19%, signal=74%	
MITOCHONDRIAL RESPIRATORY CHAIN COMPLEX ASSEMBLY%GOBP%GO:0033108	MITOCHONDRIAL RESPIRATORY CHAIN COMPLEX ASSEMBLY%GOBP%GO:0033108		63	-0.49414107	-1.6266294	0.008445946	0.13367714	1.0	3415	tags=46%, list=25%, signal=61%	
REGULATION OF SYSTEMIC ARTERIAL BLOOD PRESSURE BY HORMONE%GOBP%GO:0001990	REGULATION OF SYSTEMIC ARTERIAL BLOOD PRESSURE BY HORMONE%GOBP%GO:0001990		17	-0.6471949	-1.625527	0.015414258	0.13458653	1.0	570	tags=35%, list=4%, signal=37%	
REGULATION OF AEROBIC RESPIRATION%GOBP%GO:1903715	REGULATION OF AEROBIC RESPIRATION%GOBP%GO:1903715		21	-0.6094257	-1.624668	0.019572955	0.13521038	1.0	2578	tags=43%, list=19%, signal=53%	
POSITIVE REGULATION OF INTERLEUKIN-12 PRODUCTION%GOBP%GO:0032735	POSITIVE REGULATION OF INTERLEUKIN-12 PRODUCTION%GOBP%GO:0032735		26	-0.59528023	-1.6245344	0.014732965	0.13487184	1.0	1819	tags=38%, list=13%, signal=44%	
FORMATION OF ATP BY CHEMIOSMOTIC COUPLING%REACTOME DATABASE ID RELEASE 93%163210	FORMATION OF ATP BY CHEMIOSMOTIC COUPLING%REACTOME DATABASE ID RELEASE 93%163210		17	-0.63531655	-1.6226832	0.02169982	0.13674009	1.0	2822	tags=65%, list=21%, signal=82%	
POSITIVE REGULATION OF LEUKOCYTE MEDIATED CYTOTOXICITY%GOBP%GO:0001912	POSITIVE REGULATION OF LEUKOCYTE MEDIATED CYTOTOXICITY%GOBP%GO:0001912		38	-0.5359609	-1.6224147	0.014414415	0.13661265	1.0	699	tags=21%, list=5%, signal=22%	
MYELOID CELL DEVELOPMENT%GOBP%GO:0061515	MYELOID CELL DEVELOPMENT%GOBP%GO:0061515		30	-0.5757492	-1.6206926	0.010657194	0.1383363	1.0	1048	tags=23%, list=8%, signal=25%	
MITOCHONDRIAL TRANSLATION%GOBP%GO:0032543	MITOCHONDRIAL TRANSLATION%GOBP%GO:0032543		107	-0.45189127	-1.6184722	0.0017094017	0.14063378	1.0	3730	tags=49%, list=28%, signal=67%	
LONG-CHAIN FATTY ACID METABOLIC PROCESS%GOBP%GO:0001676	LONG-CHAIN FATTY ACID METABOLIC PROCESS%GOBP%GO:0001676		70	-0.47851408	-1.6181382	0.0	0.14056863	1.0	1213	tags=23%, list=9%, signal=25%	
INTERLEUKIN RECEPTOR SHC SIGNALING%REACTOME DATABASE ID RELEASE 93%912526	INTERLEUKIN RECEPTOR SHC SIGNALING%REACTOME DATABASE ID RELEASE 93%912526		22	-0.61249423	-1.615902	0.030852994	0.14297372	1.0	1757	tags=41%, list=13%, signal=47%	
SULFUR COMPOUND METABOLIC PROCESS%GOBP%GO:0006790	SULFUR COMPOUND METABOLIC PROCESS%GOBP%GO:0006790		187	-0.41608784	-1.6142408	0.0	0.14449309	1.0	2071	tags=32%, list=15%, signal=37%	
IMMUNE INFILTRATION IN PANCREATIC CANCER%WIKIPATHWAYS_20250810%WP5285%HOMO SAPIENS	IMMUNE INFILTRATION IN PANCREATIC CANCER%WIKIPATHWAYS_20250810%WP5285%HOMO SAPIENS		19	-0.6293871	-1.6138539	0.026455026	0.14443603	1.0	857	tags=42%, list=6%, signal=45%	
POSITIVE T CELL SELECTION%GOBP%GO:0043368	POSITIVE T CELL SELECTION%GOBP%GO:0043368		18	-0.6196764	-1.6125251	0.017374517	0.14561106	1.0	1002	tags=39%, list=7%, signal=42%	
MITOCHONDRIAL ELECTRON TRANSPORT CHAIN%SMPDB%SMP0000355	MITOCHONDRIAL ELECTRON TRANSPORT CHAIN%SMPDB%SMP0000355		18	-0.6224475	-1.6114972	0.02451839	0.14648992	1.0	2822	tags=61%, list=21%, signal=77%	
GRANULOCYTE CHEMOTAXIS%GOBP%GO:0071621	GRANULOCYTE CHEMOTAXIS%GOBP%GO:0071621		41	-0.5342541	-1.6112882	0.008503402	0.14627197	1.0	836	tags=32%, list=6%, signal=34%	
COMPLEX III ASSEMBLY%REACTOME%R-HSA-9865881.2	COMPLEX III ASSEMBLY%REACTOME%R-HSA-9865881.2		19	-0.6209362	-1.6103065	0.018998273	0.14714609	1.0	3645	tags=63%, list=27%, signal=86%	
POSITIVE REGULATION OF ADAPTIVE IMMUNE RESPONSE BASED ON SOMATIC RECOMBINATION OF IMMUNE RECEPTORS BUILT FROM IMMUNOGLOBULIN SUPERFAMILY DOMAINS%GOBP%GO:0002824	POSITIVE REGULATION OF ADAPTIVE IMMUNE RESPONSE BASED ON SOMATIC RECOMBINATION OF IMMUNE RECEPTORS BUILT FROM IMMUNOGLOBULIN SUPERFAMILY DOMAINS%GOBP%GO:0002824		70	-0.48061106	-1.609868	0.0017152659	0.14723316	1.0	1131	tags=19%, list=8%, signal=20%	
RIBOSE PHOSPHATE BIOSYNTHETIC PROCESS%GOBP%GO:0046390	RIBOSE PHOSPHATE BIOSYNTHETIC PROCESS%GOBP%GO:0046390		114	-0.43857166	-1.6060987	0.0016155089	0.15183954	1.0	3584	tags=49%, list=26%, signal=66%	
NEUTRAL LIPID BIOSYNTHETIC PROCESS%GOBP%GO:0046460	NEUTRAL LIPID BIOSYNTHETIC PROCESS%GOBP%GO:0046460		21	-0.60756934	-1.6058798	0.02014652	0.15160534	1.0	747	tags=29%, list=6%, signal=30%	
MODULATORS OF TCR SIGNALING AND T CELL ACTIVATION%WIKIPATHWAYS_20250810%WP5072%HOMO SAPIENS	MODULATORS OF TCR SIGNALING AND T CELL ACTIVATION%WIKIPATHWAYS_20250810%WP5072%HOMO SAPIENS		49	-0.50983304	-1.6040667	0.0067681894	0.15357141	1.0	813	tags=20%, list=6%, signal=22%	
NATURAL KILLER CELL ACTIVATION%GOBP%GO:0030101	NATURAL KILLER CELL ACTIVATION%GOBP%GO:0030101		28	-0.5700103	-1.603922	0.014184397	0.15325776	1.0	1159	tags=32%, list=9%, signal=35%	
ANTIGEN RECEPTOR-MEDIATED SIGNALING PATHWAY%GOBP%GO:0050851	ANTIGEN RECEPTOR-MEDIATED SIGNALING PATHWAY%GOBP%GO:0050851		101	-0.4470323	-1.6032001	0.005328597	0.15364441	1.0	1720	tags=30%, list=13%, signal=34%	
ACYLGLYCEROL BIOSYNTHETIC PROCESS%GOBP%GO:0046463	ACYLGLYCEROL BIOSYNTHETIC PROCESS%GOBP%GO:0046463		21	-0.60756934	-1.6029967	0.030195381	0.1533492	1.0	747	tags=29%, list=6%, signal=30%	
MYELOID LEUKOCYTE MIGRATION%GOBP%GO:0097529	MYELOID LEUKOCYTE MIGRATION%GOBP%GO:0097529		62	-0.4839438	-1.6027913	0.0033112583	0.15309735	1.0	886	tags=26%, list=7%, signal=27%	
T CELL ACTIVATION INVOLVED IN IMMUNE RESPONSE%GOBP%GO:0002286	T CELL ACTIVATION INVOLVED IN IMMUNE RESPONSE%GOBP%GO:0002286		44	-0.5177034	-1.6013473	0.014134276	0.15452112	1.0	1002	tags=27%, list=7%, signal=29%	
NEUTRAL LIPID METABOLIC PROCESS%GOBP%GO:0006638	NEUTRAL LIPID METABOLIC PROCESS%GOBP%GO:0006638		59	-0.4872152	-1.5985734	0.012345679	0.15768006	1.0	1496	tags=31%, list=11%, signal=34%	
CD4-POSITIVE, ALPHA-BETA T CELL DIFFERENTIATION INVOLVED IN IMMUNE RESPONSE%GOBP%GO:0002294	CD4-POSITIVE, ALPHA-BETA T CELL DIFFERENTIATION INVOLVED IN IMMUNE RESPONSE%GOBP%GO:0002294		28	-0.5582748	-1.5976324	0.013816926	0.15843222	1.0	1002	tags=29%, list=7%, signal=31%	
DETECTION OF CHEMICAL STIMULUS INVOLVED IN SENSORY PERCEPTION%GOBP%GO:0050907	DETECTION OF CHEMICAL STIMULUS INVOLVED IN SENSORY PERCEPTION%GOBP%GO:0050907		18	-0.6229607	-1.5954453	0.02636204	0.16095398	1.0	953	tags=33%, list=7%, signal=36%	
CHEMOKINE RECEPTORS BIND CHEMOKINES%REACTOME%R-HSA-380108.6	CHEMOKINE RECEPTORS BIND CHEMOKINES%REACTOME%R-HSA-380108.6		34	-0.54328114	-1.5949321	0.009057971	0.16118033	1.0	836	tags=38%, list=6%, signal=41%	
BLOOD COAGULATION%PANTHER PATHWAY%P00011	BLOOD COAGULATION%PANTHER PATHWAY%P00011		16	-0.64212686	-1.5944918	0.025830258	0.16125047	1.0	1536	tags=38%, list=11%, signal=42%	
PROTEIN LOCALIZATION%REACTOME%R-HSA-9609507.4	PROTEIN LOCALIZATION%REACTOME%R-HSA-9609507.4		142	-0.42761022	-1.5928714	0.0	0.163126	1.0	3229	tags=36%, list=24%, signal=47%	
BIOCARTA_VEGF_PATHWAY%MSIGDB_C2%BIOCARTA_VEGF_PATHWAY	BIOCARTA_VEGF_PATHWAY%MSIGDB_C2%BIOCARTA_VEGF_PATHWAY		22	-0.5984018	-1.5924026	0.023465704	0.16324747	1.0	1746	tags=32%, list=13%, signal=36%	
RETINOIC ACID RECEPTORS-MEDIATED SIGNALING%PATHWAY INTERACTION DATABASE NCI-NATURE CURATED DATA%RETINOIC ACID RECEPTORS-MEDIATED SIGNALING	RETINOIC ACID RECEPTORS-MEDIATED SIGNALING%PATHWAY INTERACTION DATABASE NCI-NATURE CURATED DATA%RETINOIC ACID RECEPTORS-MEDIATED SIGNALING		29	-0.54863805	-1.5920287	0.017953321	0.16325611	1.0	4648	tags=59%, list=34%, signal=89%	
TCR SIGNALING IN NAIVE CD4+ T CELLS%PATHWAY INTERACTION DATABASE NCI-NATURE CURATED DATA%TCR SIGNALING IN NAIVE CD4+ T CELLS	TCR SIGNALING IN NAIVE CD4+ T CELLS%PATHWAY INTERACTION DATABASE NCI-NATURE CURATED DATA%TCR SIGNALING IN NAIVE CD4+ T CELLS		64	-0.47958457	-1.591868	0.008695652	0.16291709	1.0	2107	tags=34%, list=16%, signal=41%	
PEPTIDE GPCRS%WIKIPATHWAYS_20250810%WP24%HOMO SAPIENS	PEPTIDE GPCRS%WIKIPATHWAYS_20250810%WP24%HOMO SAPIENS		34	-0.5383214	-1.590722	0.023941068	0.16414669	1.0	727	tags=38%, list=5%, signal=40%	
LEUCINE ISOLEUCINE AND VALINE METABOLISM%WIKIPATHWAYS_20250810%WP4686%HOMO SAPIENS	LEUCINE ISOLEUCINE AND VALINE METABOLISM%WIKIPATHWAYS_20250810%WP4686%HOMO SAPIENS		16	-0.6478312	-1.590567	0.016759777	0.16383274	1.0	2773	tags=81%, list=20%, signal=102%	
PID_HIF2PATHWAY%MSIGDB_C2%PID_HIF2PATHWAY	PID_HIF2PATHWAY%MSIGDB_C2%PID_HIF2PATHWAY		23	-0.587121	-1.59051	0.016697587	0.16335498	1.0	1952	tags=43%, list=14%, signal=51%	
IMMUNE RESPONSE-ACTIVATING CELL SURFACE RECEPTOR SIGNALING PATHWAY%GOBP%GO:0002429	IMMUNE RESPONSE-ACTIVATING CELL SURFACE RECEPTOR SIGNALING PATHWAY%GOBP%GO:0002429		171	-0.41559556	-1.5888001	0.0015527951	0.1652151	1.0	1720	tags=27%, list=13%, signal=31%	
REGULATION OF HORMONE SECRETION%GOBP%GO:0046883	REGULATION OF HORMONE SECRETION%GOBP%GO:0046883		102	-0.44172978	-1.5885043	0.006546645	0.16505887	1.0	1928	tags=31%, list=14%, signal=36%	
SELENIUM MICRONUTRIENT NETWORK%WIKIPATHWAYS_20250810%WP15%HOMO SAPIENS	SELENIUM MICRONUTRIENT NETWORK%WIKIPATHWAYS_20250810%WP15%HOMO SAPIENS		49	-0.4967605	-1.5882833	0.016157988	0.16486163	1.0	2463	tags=35%, list=18%, signal=42%	
POSITIVE REGULATION OF LEUKOCYTE MEDIATED IMMUNITY%GOBP%GO:0002705	POSITIVE REGULATION OF LEUKOCYTE MEDIATED IMMUNITY%GOBP%GO:0002705		85	-0.45824695	-1.5874574	0.008650519	0.16551994	1.0	1292	tags=20%, list=10%, signal=22%	
POSITIVE REGULATION OF IMMUNE EFFECTOR PROCESS%GOBP%GO:0002699	POSITIVE REGULATION OF IMMUNE EFFECTOR PROCESS%GOBP%GO:0002699		152	-0.41961113	-1.5872009	0.0	0.16536443	1.0	1680	tags=22%, list=12%, signal=25%	
SIGNALING BY ROBO RECEPTORS%REACTOME DATABASE ID RELEASE 93%376176	SIGNALING BY ROBO RECEPTORS%REACTOME DATABASE ID RELEASE 93%376176		185	-0.41071633	-1.5861608	0.0	0.16639571	1.0	3368	tags=46%, list=25%, signal=61%	
METABOLIC REPROGRAMMING IN PANCREATIC CANCER%WIKIPATHWAYS_20250810%WP5220%HOMO SAPIENS	METABOLIC REPROGRAMMING IN PANCREATIC CANCER%WIKIPATHWAYS_20250810%WP5220%HOMO SAPIENS		26	-0.5811409	-1.5852401	0.01858736	0.16719177	1.0	2563	tags=46%, list=19%, signal=57%	
TRANSCRIPTIONAL ACTIVATION OF MITOCHONDRIAL BIOGENESIS%REACTOME%R-HSA-2151201.4	TRANSCRIPTIONAL ACTIVATION OF MITOCHONDRIAL BIOGENESIS%REACTOME%R-HSA-2151201.4		50	-0.5051712	-1.5843756	0.0051107327	0.16801734	1.0	4274	tags=50%, list=32%, signal=73%	
ALPHA-BETA T CELL DIFFERENTIATION INVOLVED IN IMMUNE RESPONSE%GOBP%GO:0002293	ALPHA-BETA T CELL DIFFERENTIATION INVOLVED IN IMMUNE RESPONSE%GOBP%GO:0002293		29	-0.5493101	-1.5805378	0.026269702	0.17308816	1.0	1002	tags=28%, list=7%, signal=30%	
REGULATION OF OXIDATIVE PHOSPHORYLATION%GOBP%GO:0002082	REGULATION OF OXIDATIVE PHOSPHORYLATION%GOBP%GO:0002082		15	-0.6338216	-1.5803859	0.023255814	0.17277536	1.0	2002	tags=33%, list=15%, signal=39%	
PPAR SIGNALING%WIKIPATHWAYS_20250810%WP3942%HOMO SAPIENS	PPAR SIGNALING%WIKIPATHWAYS_20250810%WP3942%HOMO SAPIENS		29	-0.55888754	-1.580221	0.019264448	0.17247692	1.0	1703	tags=38%, list=13%, signal=43%	
RESPONSE TO ALKALOID%GOBP%GO:0043279	RESPONSE TO ALKALOID%GOBP%GO:0043279		17	-0.6092145	-1.5798708	0.03041825	0.17252156	1.0	2568	tags=41%, list=19%, signal=51%	
MONOSACCHARIDE BIOSYNTHETIC PROCESS%GOBP%GO:0046364	MONOSACCHARIDE BIOSYNTHETIC PROCESS%GOBP%GO:0046364		32	-0.550461	-1.57976	0.015625	0.17215113	1.0	1432	tags=22%, list=11%, signal=24%	
TRANSLATIONAL INITIATION%GOBP%GO:0006413	TRANSLATIONAL INITIATION%GOBP%GO:0006413		56	-0.48131186	-1.5792934	0.017793594	0.17228091	1.0	4574	tags=54%, list=34%, signal=81%	
ACYLGLYCEROL METABOLIC PROCESS%GOBP%GO:0006639	ACYLGLYCEROL METABOLIC PROCESS%GOBP%GO:0006639		59	-0.4872152	-1.5784401	0.015306123	0.17299661	1.0	1496	tags=31%, list=11%, signal=34%	
OMEGA 6 FATTY ACIDS IN SENESCENCE%WIKIPATHWAYS_20250810%WP5424%HOMO SAPIENS	OMEGA 6 FATTY ACIDS IN SENESCENCE%WIKIPATHWAYS_20250810%WP5424%HOMO SAPIENS		23	-0.5781269	-1.5780059	0.020408163	0.17308849	1.0	1400	tags=48%, list=10%, signal=53%	
HALLMARK_FATTY_ACID_METABOLISM%MSIGDBHALLMARK%HALLMARK_FATTY_ACID_METABOLISM	HALLMARK_FATTY_ACID_METABOLISM%MSIGDBHALLMARK%HALLMARK_FATTY_ACID_METABOLISM		102	-0.43485278	-1.5777842	0.006546645	0.1728502	1.0	2992	tags=41%, list=22%, signal=52%	
REGULATION OF SPROUTING ANGIOGENESIS%GOBP%GO:1903670	REGULATION OF SPROUTING ANGIOGENESIS%GOBP%GO:1903670		37	-0.5300567	-1.5768292	0.021390375	0.17371157	1.0	1414	tags=32%, list=10%, signal=36%	
POSITIVE REGULATION OF LIPID METABOLIC PROCESS%GOBP%GO:0045834	POSITIVE REGULATION OF LIPID METABOLIC PROCESS%GOBP%GO:0045834		88	-0.44902766	-1.5765126	0.004754358	0.17365357	1.0	1287	tags=27%, list=9%, signal=30%	
FOXO-MEDIATED TRANSCRIPTION OF OXIDATIVE STRESS, METABOLIC AND NEURONAL GENES%REACTOME%R-HSA-9615017.2	FOXO-MEDIATED TRANSCRIPTION OF OXIDATIVE STRESS, METABOLIC AND NEURONAL GENES%REACTOME%R-HSA-9615017.2		20	-0.60154104	-1.5753981	0.017667845	0.17479807	1.0	2024	tags=30%, list=15%, signal=35%	
POSITIVE REGULATION OF INFLAMMATORY RESPONSE%GOBP%GO:0050729	POSITIVE REGULATION OF INFLAMMATORY RESPONSE%GOBP%GO:0050729		116	-0.43323314	-1.5751233	0.001669449	0.17462376	1.0	2303	tags=36%, list=17%, signal=43%	
NEGATIVE REGULATION OF NON-CANONICAL NF-KAPPAB SIGNAL TRANSDUCTION%GOBP%GO:1901223	NEGATIVE REGULATION OF NON-CANONICAL NF-KAPPAB SIGNAL TRANSDUCTION%GOBP%GO:1901223		21	-0.58346385	-1.5750792	0.030131826	0.1741451	1.0	967	tags=19%, list=7%, signal=20%	
RIBONUCLEOTIDE BIOSYNTHETIC PROCESS%GOBP%GO:0009260	RIBONUCLEOTIDE BIOSYNTHETIC PROCESS%GOBP%GO:0009260		109	-0.43338534	-1.5738386	0.0034423408	0.17541648	1.0	3584	tags=49%, list=26%, signal=66%	
REGULATION OF CELL FATE COMMITMENT%GOBP%GO:0010453	REGULATION OF CELL FATE COMMITMENT%GOBP%GO:0010453		28	-0.54973197	-1.5736368	0.023255814	0.17517303	1.0	1626	tags=29%, list=12%, signal=32%	
CD4-POSITIVE, ALPHA-BETA T CELL ACTIVATION%GOBP%GO:0035710	CD4-POSITIVE, ALPHA-BETA T CELL ACTIVATION%GOBP%GO:0035710		35	-0.52850807	-1.5735937	0.01831502	0.1747176	1.0	1261	tags=29%, list=9%, signal=31%	
IMMUNE RESPONSE-REGULATING CELL SURFACE RECEPTOR SIGNALING PATHWAY%GOBP%GO:0002768	IMMUNE RESPONSE-REGULATING CELL SURFACE RECEPTOR SIGNALING PATHWAY%GOBP%GO:0002768		191	-0.4049784	-1.5735328	0.0015503876	0.17424427	1.0	1720	tags=27%, list=13%, signal=30%	
REGULATION OF NON-CANONICAL NF-KAPPAB SIGNAL TRANSDUCTION%GOBP%GO:1901222	REGULATION OF NON-CANONICAL NF-KAPPAB SIGNAL TRANSDUCTION%GOBP%GO:1901222		59	-0.48065695	-1.5731786	0.015151516	0.17425524	1.0	967	tags=17%, list=7%, signal=18%	
REGULATION OF PHAGOCYTOSIS%GOBP%GO:0050764	REGULATION OF PHAGOCYTOSIS%GOBP%GO:0050764		71	-0.4676926	-1.5730577	0.006980803	0.17390247	1.0	1671	tags=34%, list=12%, signal=38%	
TAXIS%GOBP%GO:0042330	TAXIS%GOBP%GO:0042330		192	-0.39946285	-1.5711522	0.0	0.17619993	1.0	1198	tags=24%, list=9%, signal=26%	
REGULATION OF SYSTEMIC ARTERIAL BLOOD PRESSURE%GOBP%GO:0003073	REGULATION OF SYSTEMIC ARTERIAL BLOOD PRESSURE%GOBP%GO:0003073		38	-0.5225452	-1.5688598	0.026455026	0.17911018	1.0	570	tags=24%, list=4%, signal=25%	
CARDIAC MUSCLE CELL DIFFERENTIATION%GOBP%GO:0055007	CARDIAC MUSCLE CELL DIFFERENTIATION%GOBP%GO:0055007		35	-0.5274596	-1.5683774	0.020689655	0.17932351	1.0	808	tags=20%, list=6%, signal=21%	
T-HELPER CELL DIFFERENTIATION%GOBP%GO:0042093	T-HELPER CELL DIFFERENTIATION%GOBP%GO:0042093		28	-0.5582748	-1.5662867	0.021276595	0.18180431	1.0	1002	tags=29%, list=7%, signal=31%	
PROTEIN-RNA COMPLEX ASSEMBLY%GOBP%GO:0022618	PROTEIN-RNA COMPLEX ASSEMBLY%GOBP%GO:0022618		179	-0.40693006	-1.5660515	0.0016260162	0.18162443	1.0	4574	tags=49%, list=34%, signal=73%	
CHEMOTAXIS%GOBP%GO:0006935	CHEMOTAXIS%GOBP%GO:0006935		192	-0.39946285	-1.5641963	0.0	0.18394473	1.0	1198	tags=24%, list=9%, signal=26%	
INTERLEUKIN-7 SIGNALING%REACTOME DATABASE ID RELEASE 93%1266695	INTERLEUKIN-7 SIGNALING%REACTOME DATABASE ID RELEASE 93%1266695		20	-0.59406364	-1.5628271	0.037523452	0.18557915	1.0	2083	tags=50%, list=15%, signal=59%	
PROTEINOGENIC AMINO ACID CATABOLIC PROCESS%GOBP%GO:0170040	PROTEINOGENIC AMINO ACID CATABOLIC PROCESS%GOBP%GO:0170040		49	-0.4911488	-1.562764	0.013582343	0.1851521	1.0	1533	tags=29%, list=11%, signal=32%	
PEPTIDE LIGAND-BINDING RECEPTORS%REACTOME DATABASE ID RELEASE 93%375276	PEPTIDE LIGAND-BINDING RECEPTORS%REACTOME DATABASE ID RELEASE 93%375276		84	-0.45612973	-1.5624405	0.005076142	0.1850696	1.0	836	tags=30%, list=6%, signal=32%	
CYTOPLASMIC TRANSLATIONAL INITIATION%GOBP%GO:0002183	CYTOPLASMIC TRANSLATIONAL INITIATION%GOBP%GO:0002183		37	-0.5196477	-1.5596579	0.029565217	0.18890795	1.0	4574	tags=59%, list=34%, signal=90%	
CHOLESTEROL METABOLISM WITH BLOCH AND KANDUTSCH RUSSELL PATHWAYS%WIKIPATHWAYS_20250810%WP4718%HOMO SAPIENS	CHOLESTEROL METABOLISM WITH BLOCH AND KANDUTSCH RUSSELL PATHWAYS%WIKIPATHWAYS_20250810%WP4718%HOMO SAPIENS		39	-0.5136982	-1.5593873	0.015706806	0.18871914	1.0	2262	tags=41%, list=17%, signal=49%	
NEGATIVE REGULATION OF LEUKOCYTE APOPTOTIC PROCESS%GOBP%GO:2000107	NEGATIVE REGULATION OF LEUKOCYTE APOPTOTIC PROCESS%GOBP%GO:2000107		23	-0.56930816	-1.5580904	0.040852576	0.1901954	1.0	1232	tags=35%, list=9%, signal=38%	
NEURAL RETINA DEVELOPMENT%GOBP%GO:0003407	NEURAL RETINA DEVELOPMENT%GOBP%GO:0003407		18	-0.60984045	-1.5565648	0.02851711	0.19204485	1.0	25	tags=11%, list=0%, signal=11%	
ENERGY METABOLISM%WIKIPATHWAYS_20250810%WP1541%HOMO SAPIENS	ENERGY METABOLISM%WIKIPATHWAYS_20250810%WP1541%HOMO SAPIENS		38	-0.5164244	-1.5565065	0.016483517	0.19158901	1.0	3520	tags=39%, list=26%, signal=53%	
ALPHA-BETA T CELL DIFFERENTIATION%GOBP%GO:0046632	ALPHA-BETA T CELL DIFFERENTIATION%GOBP%GO:0046632		36	-0.5225243	-1.5557424	0.015570934	0.19226022	1.0	1002	tags=25%, list=7%, signal=27%	
RETINA MORPHOGENESIS IN CAMERA-TYPE EYE%GOBP%GO:0060042	RETINA MORPHOGENESIS IN CAMERA-TYPE EYE%GOBP%GO:0060042		18	-0.6160082	-1.5535163	0.040780142	0.1953955	1.0	25	tags=11%, list=0%, signal=11%	
INFLAMMATORY BOWEL DISEASE SIGNALING%WIKIPATHWAYS_20250810%WP5198%HOMO SAPIENS	INFLAMMATORY BOWEL DISEASE SIGNALING%WIKIPATHWAYS_20250810%WP5198%HOMO SAPIENS		26	-0.55438596	-1.5534635	0.03130435	0.19489993	1.0	1059	tags=31%, list=8%, signal=33%	
RUNX1 REGULATES GENES INVOLVED IN MEGAKARYOCYTE DIFFERENTIATION AND PLATELET FUNCTION%REACTOME DATABASE ID RELEASE 93%8936459	RUNX1 REGULATES GENES INVOLVED IN MEGAKARYOCYTE DIFFERENTIATION AND PLATELET FUNCTION%REACTOME DATABASE ID RELEASE 93%8936459		41	-0.5183948	-1.5527107	0.02166065	0.1956086	1.0	1184	tags=22%, list=9%, signal=24%	
AMIDE BIOSYNTHETIC PROCESS%GOBP%GO:0043604	AMIDE BIOSYNTHETIC PROCESS%GOBP%GO:0043604		103	-0.43076336	-1.5526665	0.005033557	0.19513473	1.0	1855	tags=26%, list=14%, signal=30%	
REGULATION OF CELLULAR RESPIRATION%GOBP%GO:0043457	REGULATION OF CELLULAR RESPIRATION%GOBP%GO:0043457		27	-0.5453255	-1.5481457	0.029143898	0.20180309	1.0	2578	tags=37%, list=19%, signal=46%	
POSITIVE REGULATION OF ADAPTIVE IMMUNE RESPONSE%GOBP%GO:0002821	POSITIVE REGULATION OF ADAPTIVE IMMUNE RESPONSE%GOBP%GO:0002821		77	-0.44806528	-1.548062	0.010695187	0.20138161	1.0	1666	tags=21%, list=12%, signal=24%	
DISRUPTION OF ANATOMICAL STRUCTURE IN ANOTHER ORGANISM%GOBP%GO:0141060	DISRUPTION OF ANATOMICAL STRUCTURE IN ANOTHER ORGANISM%GOBP%GO:0141060		24	-0.5665297	-1.5480229	0.02292769	0.20085375	1.0	261	tags=21%, list=2%, signal=21%	
ALPHA-BETA T CELL ACTIVATION INVOLVED IN IMMUNE RESPONSE%GOBP%GO:0002287	ALPHA-BETA T CELL ACTIVATION INVOLVED IN IMMUNE RESPONSE%GOBP%GO:0002287		29	-0.5493101	-1.5477123	0.02460457	0.20079356	1.0	1002	tags=28%, list=7%, signal=30%	
TOLL-LIKE RECEPTOR SIGNALING PATHWAY%GOBP%GO:0002224	TOLL-LIKE RECEPTOR SIGNALING PATHWAY%GOBP%GO:0002224		40	-0.50513613	-1.5476418	0.025337838	0.2003285	1.0	2101	tags=25%, list=16%, signal=29%	
16P11 2 PROXIMAL DELETION SYNDROME%WIKIPATHWAYS_20250810%WP4949%HOMO SAPIENS	16P11 2 PROXIMAL DELETION SYNDROME%WIKIPATHWAYS_20250810%WP4949%HOMO SAPIENS		49	-0.4907563	-1.5469143	0.01821192	0.200947	1.0	3364	tags=43%, list=25%, signal=57%	
NOTCH4 INTRACELLULAR DOMAIN REGULATES TRANSCRIPTION%REACTOME DATABASE ID RELEASE 93%9013695	NOTCH4 INTRACELLULAR DOMAIN REGULATES TRANSCRIPTION%REACTOME DATABASE ID RELEASE 93%9013695		19	-0.5968153	-1.5459665	0.03508772	0.2019581	1.0	1301	tags=26%, list=10%, signal=29%	
DICARBOXYLIC ACID METABOLIC PROCESS%GOBP%GO:0043648	DICARBOXYLIC ACID METABOLIC PROCESS%GOBP%GO:0043648		62	-0.46866512	-1.5453664	0.01836394	0.20241563	1.0	2631	tags=39%, list=19%, signal=48%	
TAR SYNDROME%WIKIPATHWAYS_20250810%WP5362%HOMO SAPIENS	TAR SYNDROME%WIKIPATHWAYS_20250810%WP5362%HOMO SAPIENS		47	-0.4932734	-1.5446258	0.015929203	0.20305312	1.0	699	tags=15%, list=5%, signal=16%	
PID_TOLL_ENDOGENOUS_PATHWAY%MSIGDB_C2%PID_TOLL_ENDOGENOUS_PATHWAY	PID_TOLL_ENDOGENOUS_PATHWAY%MSIGDB_C2%PID_TOLL_ENDOGENOUS_PATHWAY		18	-0.5975521	-1.5433367	0.012477718	0.20454274	1.0	1131	tags=22%, list=8%, signal=24%	
DEFENSE RESPONSE TO BACTERIUM%GOBP%GO:0042742	DEFENSE RESPONSE TO BACTERIUM%GOBP%GO:0042742		117	-0.42246816	-1.5431689	0.004702194	0.20427093	1.0	1397	tags=26%, list=10%, signal=28%	
REGULATION OF MITOCHONDRIAL MEMBRANE PERMEABILITY%GOBP%GO:0046902	REGULATION OF MITOCHONDRIAL MEMBRANE PERMEABILITY%GOBP%GO:0046902		29	-0.548927	-1.5426713	0.026086956	0.2045448	1.0	2044	tags=34%, list=15%, signal=41%	
NUCLEOTIDE BINDING OLIGOMERIZATION DOMAIN NOD PATHWAY%WIKIPATHWAYS_20250810%WP1433%HOMO SAPIENS	NUCLEOTIDE BINDING OLIGOMERIZATION DOMAIN NOD PATHWAY%WIKIPATHWAYS_20250810%WP1433%HOMO SAPIENS		27	-0.55196476	-1.5425056	0.02972028	0.20422053	1.0	3022	tags=52%, list=22%, signal=67%	
INTERLEUKIN-2 FAMILY SIGNALING%REACTOME%R-HSA-451927.7	INTERLEUKIN-2 FAMILY SIGNALING%REACTOME%R-HSA-451927.7		37	-0.51055646	-1.5424372	0.018581081	0.20380355	1.0	2405	tags=43%, list=18%, signal=52%	
L-AMINO ACID CATABOLIC PROCESS%GOBP%GO:0170035	L-AMINO ACID CATABOLIC PROCESS%GOBP%GO:0170035		49	-0.48437953	-1.540831	0.022184301	0.20596276	1.0	1533	tags=29%, list=11%, signal=32%	
REGULATION OF MUSCLE HYPERTROPHY%GOBP%GO:0014743	REGULATION OF MUSCLE HYPERTROPHY%GOBP%GO:0014743		32	-0.52866006	-1.5400279	0.033043478	0.20678312	1.0	689	tags=19%, list=5%, signal=20%	
LOCOMOTION%GOBP%GO:0040011	LOCOMOTION%GOBP%GO:0040011		195	-0.39590624	-1.5383832	0.001572327	0.209064	1.0	1198	tags=24%, list=9%, signal=26%	
CARDIOCYTE DIFFERENTIATION%GOBP%GO:0035051	CARDIOCYTE DIFFERENTIATION%GOBP%GO:0035051		49	-0.4870574	-1.5377549	0.019607844	0.2095713	1.0	2784	tags=37%, list=21%, signal=46%	
REGULATORY CIRCUITS OF STAT3 SIGNALING%WIKIPATHWAYS_20250810%WP4538%HOMO SAPIENS	REGULATORY CIRCUITS OF STAT3 SIGNALING%WIKIPATHWAYS_20250810%WP4538%HOMO SAPIENS		63	-0.46452767	-1.5347246	0.018998273	0.21436904	1.0	2212	tags=33%, list=16%, signal=40%	
T CELL DIFFERENTIATION INVOLVED IN IMMUNE RESPONSE%GOBP%GO:0002292	T CELL DIFFERENTIATION INVOLVED IN IMMUNE RESPONSE%GOBP%GO:0002292		30	-0.53082806	-1.5333642	0.02389706	0.21600738	1.0	1002	tags=27%, list=7%, signal=29%	
POSITIVE REGULATION OF T CELL RECEPTOR SIGNALING PATHWAY%GOBP%GO:0050862	POSITIVE REGULATION OF T CELL RECEPTOR SIGNALING PATHWAY%GOBP%GO:0050862		15	-0.62642485	-1.5331928	0.030357143	0.21576358	1.0	559	tags=33%, list=4%, signal=35%	
INFECTION WITH MYCOBACTERIUM TUBERCULOSIS%REACTOME DATABASE ID RELEASE 93%9635486	INFECTION WITH MYCOBACTERIUM TUBERCULOSIS%REACTOME DATABASE ID RELEASE 93%9635486		25	-0.5651001	-1.532167	0.032075472	0.21690239	1.0	2013	tags=24%, list=15%, signal=28%	
LEPTIN%NETPATH%LEPTIN	LEPTIN%NETPATH%LEPTIN		41	-0.49794844	-1.5317158	0.02538071	0.2170308	1.0	929	tags=20%, list=7%, signal=21%	
ANGIOPOIETIN LIKE PROTEIN 8 REGULATORY PATHWAY%WIKIPATHWAYS_20250810%WP3915%HOMO SAPIENS	ANGIOPOIETIN LIKE PROTEIN 8 REGULATORY PATHWAY%WIKIPATHWAYS_20250810%WP3915%HOMO SAPIENS		103	-0.43534556	-1.5314554	0.0049586776	0.21685351	1.0	1136	tags=17%, list=8%, signal=18%	
CELL KILLING%GOBP%GO:0001906	CELL KILLING%GOBP%GO:0001906		55	-0.48204035	-1.5310906	0.010380623	0.21698628	1.0	1416	tags=29%, list=10%, signal=32%	
INNATE IMMUNE RESPONSE-ACTIVATING SIGNALING PATHWAY%GOBP%GO:0002758	INNATE IMMUNE RESPONSE-ACTIVATING SIGNALING PATHWAY%GOBP%GO:0002758		116	-0.4244957	-1.5309347	0.013445378	0.21667641	1.0	1822	tags=22%, list=13%, signal=25%	
ALPHA-AMINO ACID CATABOLIC PROCESS%GOBP%GO:1901606	ALPHA-AMINO ACID CATABOLIC PROCESS%GOBP%GO:1901606		58	-0.4629427	-1.5303193	0.010291595	0.21713014	1.0	1533	tags=28%, list=11%, signal=31%	
MITOCHONDRIAL TRANSPORT%GOBP%GO:0006839	MITOCHONDRIAL TRANSPORT%GOBP%GO:0006839		60	-0.45971638	-1.5293313	0.011666667	0.21823607	1.0	2044	tags=28%, list=15%, signal=33%	
REGULATION OF PLATELET-DERIVED GROWTH FACTOR RECEPTOR SIGNALING PATHWAY%GOBP%GO:0010640	REGULATION OF PLATELET-DERIVED GROWTH FACTOR RECEPTOR SIGNALING PATHWAY%GOBP%GO:0010640		21	-0.57114303	-1.5291004	0.03874539	0.2180967	1.0	411	tags=19%, list=3%, signal=20%	
PATTERN RECOGNITION RECEPTOR SIGNALING PATHWAY%GOBP%GO:0002221	PATTERN RECOGNITION RECEPTOR SIGNALING PATHWAY%GOBP%GO:0002221		104	-0.42800114	-1.5255872	0.010186757	0.22376329	1.0	1131	tags=16%, list=8%, signal=18%	
LONG-CHAIN FATTY-ACYL-COA BIOSYNTHETIC PROCESS%GOBP%GO:0035338	LONG-CHAIN FATTY-ACYL-COA BIOSYNTHETIC PROCESS%GOBP%GO:0035338		18	-0.58909136	-1.5252434	0.04456328	0.2236955	1.0	1855	tags=50%, list=14%, signal=58%	
REGULATION OF ANTIGEN RECEPTOR-MEDIATED SIGNALING PATHWAY%GOBP%GO:0050854	REGULATION OF ANTIGEN RECEPTOR-MEDIATED SIGNALING PATHWAY%GOBP%GO:0050854		61	-0.46907076	-1.524305	0.01983471	0.22482751	1.0	1772	tags=33%, list=13%, signal=38%	
ANTIBACTERIAL HUMORAL RESPONSE%GOBP%GO:0019731	ANTIBACTERIAL HUMORAL RESPONSE%GOBP%GO:0019731		18	-0.6063459	-1.5242289	0.03888889	0.22437993	1.0	1700	tags=50%, list=13%, signal=57%	
RELATIONSHIP BETWEEN INFLAMMATION COX 2 AND EGFR%WIKIPATHWAYS_20250810%WP4483%HOMO SAPIENS	RELATIONSHIP BETWEEN INFLAMMATION COX 2 AND EGFR%WIKIPATHWAYS_20250810%WP4483%HOMO SAPIENS		16	-0.6001692	-1.5242127	0.042201836	0.22382177	1.0	1746	tags=31%, list=13%, signal=36%	
REGULATION OF MUSCLE ADAPTATION%GOBP%GO:0043502	REGULATION OF MUSCLE ADAPTATION%GOBP%GO:0043502		37	-0.5082988	-1.5217835	0.029513888	0.22762187	1.0	689	tags=16%, list=5%, signal=17%	
AMP ACTIVATED PROTEIN KINASE SIGNALING%WIKIPATHWAYS_20250810%WP1403%HOMO SAPIENS	AMP ACTIVATED PROTEIN KINASE SIGNALING%WIKIPATHWAYS_20250810%WP1403%HOMO SAPIENS		50	-0.4855704	-1.5213505	0.018932875	0.22779585	1.0	868	tags=20%, list=6%, signal=21%	
PROTEIN-RNA COMPLEX ORGANIZATION%GOBP%GO:0071826	PROTEIN-RNA COMPLEX ORGANIZATION%GOBP%GO:0071826		188	-0.39346078	-1.5200969	0.0016051364	0.2295758	1.0	4574	tags=49%, list=34%, signal=73%	
FOXO-MEDIATED TRANSCRIPTION%REACTOME%R-HSA-9614085.3	FOXO-MEDIATED TRANSCRIPTION%REACTOME%R-HSA-9614085.3		54	-0.47022077	-1.5198581	0.017006803	0.22941281	1.0	2024	tags=26%, list=15%, signal=30%	
CELLULAR RESPONSE TO ALKALOID%GOBP%GO:0071312	CELLULAR RESPONSE TO ALKALOID%GOBP%GO:0071312		16	-0.6110842	-1.5193678	0.044692736	0.22961777	1.0	2568	tags=44%, list=19%, signal=54%	
REGULATION OF CARDIAC MUSCLE HYPERTROPHY%GOBP%GO:0010611	REGULATION OF CARDIAC MUSCLE HYPERTROPHY%GOBP%GO:0010611		32	-0.52866006	-1.5176954	0.035650622	0.23191114	1.0	689	tags=19%, list=5%, signal=20%	
CD4-POSITIVE, ALPHA-BETA T CELL DIFFERENTIATION%GOBP%GO:0043367	CD4-POSITIVE, ALPHA-BETA T CELL DIFFERENTIATION%GOBP%GO:0043367		31	-0.53098106	-1.517114	0.020257827	0.23229429	1.0	1002	tags=26%, list=7%, signal=28%	
MITOCHONDRIAL GENE EXPRESSION%WIKIPATHWAYS_20250810%WP391%HOMO SAPIENS	MITOCHONDRIAL GENE EXPRESSION%WIKIPATHWAYS_20250810%WP391%HOMO SAPIENS		19	-0.5955854	-1.5155376	0.041904762	0.2345606	1.0	4524	tags=63%, list=33%, signal=95%	
RETINOL METABOLIC PROCESS%GOBP%GO:0042572	RETINOL METABOLIC PROCESS%GOBP%GO:0042572		15	-0.6329603	-1.5152116	0.033450704	0.23460385	1.0	2140	tags=53%, list=16%, signal=63%	
REGULATION OF CHOLESTEROL BIOSYNTHESIS BY SREBP (SREBF)%REACTOME DATABASE ID RELEASE 93%1655829	REGULATION OF CHOLESTEROL BIOSYNTHESIS BY SREBP (SREBF)%REACTOME DATABASE ID RELEASE 93%1655829		53	-0.46881774	-1.5147548	0.023178808	0.23479018	1.0	3855	tags=45%, list=28%, signal=63%	
GLUCOSE METABOLIC PROCESS%GOBP%GO:0006006	GLUCOSE METABOLIC PROCESS%GOBP%GO:0006006		57	-0.46136922	-1.5141265	0.016949153	0.23542099	1.0	1612	tags=23%, list=12%, signal=26%	
LONG-TERM MEMORY%GOBP%GO:0007616	LONG-TERM MEMORY%GOBP%GO:0007616		17	-0.5954665	-1.5128632	0.040968344	0.2372924	1.0	1799	tags=35%, list=13%, signal=41%	
LEUKOCYTE CHEMOTAXIS%GOBP%GO:0030595	LEUKOCYTE CHEMOTAXIS%GOBP%GO:0030595		81	-0.436432	-1.5115176	0.020618556	0.23915723	1.0	886	tags=25%, list=7%, signal=26%	
ATP METABOLIC PROCESS%GOBP%GO:0046034	ATP METABOLIC PROCESS%GOBP%GO:0046034		114	-0.41681787	-1.5103893	0.009852217	0.24062787	1.0	3559	tags=43%, list=26%, signal=58%	
NUCLEUS LOCALIZATION%GOBP%GO:0051647	NUCLEUS LOCALIZATION%GOBP%GO:0051647		23	-0.56138456	-1.5100235	0.054151624	0.24067539	1.0	1920	tags=39%, list=14%, signal=46%	
PID_HNF3B_PATHWAY%MSIGDB_C2%PID_HNF3B_PATHWAY	PID_HNF3B_PATHWAY%MSIGDB_C2%PID_HNF3B_PATHWAY		18	-0.5877095	-1.509971	0.033210333	0.24017476	1.0	714	tags=22%, list=5%, signal=23%	
EFFECTS OF PIP2 HYDROLYSIS%REACTOME DATABASE ID RELEASE 93%114508	EFFECTS OF PIP2 HYDROLYSIS%REACTOME DATABASE ID RELEASE 93%114508		24	-0.5523292	-1.5090443	0.04121864	0.24129479	1.0	2111	tags=42%, list=16%, signal=49%	
TRANSCRIPTIONAL REGULATION OF MEMORY B CELL DIFFERENTIATION%WIKIPATHWAYS_20250810%WP5491%HOMO SAPIENS	TRANSCRIPTIONAL REGULATION OF MEMORY B CELL DIFFERENTIATION%WIKIPATHWAYS_20250810%WP5491%HOMO SAPIENS		33	-0.5153155	-1.5069388	0.03368794	0.24467205	1.0	1789	tags=33%, list=13%, signal=38%	
KILLING OF CELLS OF ANOTHER ORGANISM%GOBP%GO:0031640	KILLING OF CELLS OF ANOTHER ORGANISM%GOBP%GO:0031640		20	-0.5824764	-1.5068569	0.054329373	0.24423361	1.0	1242	tags=35%, list=9%, signal=38%	
ANATOMICAL STRUCTURE MATURATION%GOBP%GO:0071695	ANATOMICAL STRUCTURE MATURATION%GOBP%GO:0071695		78	-0.43426824	-1.5062288	0.015254238	0.24476081	1.0	1500	tags=22%, list=11%, signal=24%	
BILE ACID BIOSYNTHETIC PROCESS%GOBP%GO:0006699	BILE ACID BIOSYNTHETIC PROCESS%GOBP%GO:0006699		21	-0.5686381	-1.5059682	0.050816696	0.24460629	1.0	64	tags=10%, list=0%, signal=10%	
REGULATION OF MRNA PROCESSING%GOBP%GO:0050684	REGULATION OF MRNA PROCESSING%GOBP%GO:0050684		111	-0.41278768	-1.505636	0.0065897857	0.24457061	1.0	4413	tags=44%, list=33%, signal=65%	
DISRUPTION OF CELL IN ANOTHER ORGANISM%GOBP%GO:0141061	DISRUPTION OF CELL IN ANOTHER ORGANISM%GOBP%GO:0141061		20	-0.5824764	-1.5051588	0.041818183	0.24487083	1.0	1242	tags=35%, list=9%, signal=38%	
15Q25 COPY NUMBER VARIATION%WIKIPATHWAYS_20250810%WP5408%HOMO SAPIENS	15Q25 COPY NUMBER VARIATION%WIKIPATHWAYS_20250810%WP5408%HOMO SAPIENS		31	-0.5258215	-1.503879	0.032608695	0.24659462	1.0	2323	tags=35%, list=17%, signal=43%	
REGULATION OF T-HELPER 17 TYPE IMMUNE RESPONSE%GOBP%GO:2000316	REGULATION OF T-HELPER 17 TYPE IMMUNE RESPONSE%GOBP%GO:2000316		23	-0.5590392	-1.5027572	0.022988506	0.24814127	1.0	771	tags=26%, list=6%, signal=28%	
GLYCOLYSIS AND GLUCONEOGENESIS%WIKIPATHWAYS_20250810%WP534%HOMO SAPIENS	GLYCOLYSIS AND GLUCONEOGENESIS%WIKIPATHWAYS_20250810%WP534%HOMO SAPIENS		25	-0.5428037	-1.5022924	0.040925268	0.24841441	1.0	2923	tags=48%, list=22%, signal=61%	
SARS-COV-1-HOST INTERACTIONS%REACTOME DATABASE ID RELEASE 93%9692914	SARS-COV-1-HOST INTERACTIONS%REACTOME DATABASE ID RELEASE 93%9692914		89	-0.4338276	-1.5015653	0.016891891	0.24914244	1.0	3067	tags=43%, list=23%, signal=55%	
PYRUVATE METABOLIC PROCESS%GOBP%GO:0006090	PYRUVATE METABOLIC PROCESS%GOBP%GO:0006090		45	-0.48386788	-1.5005172	0.020066889	0.2505733	1.0	2557	tags=33%, list=19%, signal=41%	
POSITIVE CHEMOTAXIS%GOBP%GO:0050918	POSITIVE CHEMOTAXIS%GOBP%GO:0050918		17	-0.5982207	-1.4996345	0.05615942	0.2517254	1.0	499	tags=29%, list=4%, signal=30%	
CLASS A 1 (RHODOPSIN-LIKE RECEPTORS)%REACTOME%R-HSA-373076.10	CLASS A 1 (RHODOPSIN-LIKE RECEPTORS)%REACTOME%R-HSA-373076.10		157	-0.39301094	-1.4984275	0.011513158	0.2534514	1.0	869	tags=24%, list=6%, signal=26%	
16P12 2 COPY NUMBER VARIATION SYNDROME 520KB %WIKIPATHWAYS_20250810%WP5510%HOMO SAPIENS	16P12 2 COPY NUMBER VARIATION SYNDROME 520KB %WIKIPATHWAYS_20250810%WP5510%HOMO SAPIENS		42	-0.487481	-1.4981241	0.034602076	0.2534098	1.0	3645	tags=48%, list=27%, signal=65%	
MITOCHONDRIAL TRANSMEMBRANE TRANSPORT%GOBP%GO:1990542	MITOCHONDRIAL TRANSMEMBRANE TRANSPORT%GOBP%GO:1990542		22	-0.5617597	-1.4953343	0.047186933	0.25815544	1.0	3165	tags=50%, list=23%, signal=65%	
POSITIVE REGULATION OF NON-CANONICAL NF-KAPPAB SIGNAL TRANSDUCTION%GOBP%GO:1901224	POSITIVE REGULATION OF NON-CANONICAL NF-KAPPAB SIGNAL TRANSDUCTION%GOBP%GO:1901224		40	-0.48272076	-1.4949727	0.037099496	0.2582017	1.0	796	tags=18%, list=6%, signal=19%	
RIBOSOMAL LARGE SUBUNIT BIOGENESIS%GOBP%GO:0042273	RIBOSOMAL LARGE SUBUNIT BIOGENESIS%GOBP%GO:0042273		67	-0.4427651	-1.4939616	0.025	0.2595089	1.0	4322	tags=48%, list=32%, signal=70%	
CELLULAR DEFENSE RESPONSE%GOBP%GO:0006968	CELLULAR DEFENSE RESPONSE%GOBP%GO:0006968		34	-0.5049393	-1.4909512	0.029574862	0.26502877	1.0	1002	tags=32%, list=7%, signal=35%	
MITOCHONDRIAL COMPLEX IV ASSEMBLY%WIKIPATHWAYS_20250810%WP4922%HOMO SAPIENS	MITOCHONDRIAL COMPLEX IV ASSEMBLY%WIKIPATHWAYS_20250810%WP4922%HOMO SAPIENS		22	-0.5735495	-1.490404	0.056985293	0.26556793	1.0	3348	tags=59%, list=25%, signal=78%	
REGULATION OF PRODUCTION OF MOLECULAR MEDIATOR OF IMMUNE RESPONSE%GOBP%GO:0002700	REGULATION OF PRODUCTION OF MOLECULAR MEDIATOR OF IMMUNE RESPONSE%GOBP%GO:0002700		94	-0.41920337	-1.4903708	0.01056338	0.264993	1.0	2052	tags=26%, list=15%, signal=30%	
EGFR TYROSINE KINASE INHIBITOR RESISTANCE%WIKIPATHWAYS_20250810%WP4806%HOMO SAPIENS	EGFR TYROSINE KINASE INHIBITOR RESISTANCE%WIKIPATHWAYS_20250810%WP4806%HOMO SAPIENS		71	-0.43530014	-1.4902372	0.015151516	0.26460534	1.0	2114	tags=27%, list=16%, signal=32%	
POSITIVE REGULATION OF COLD-INDUCED THERMOGENESIS%GOBP%GO:0120162	POSITIVE REGULATION OF COLD-INDUCED THERMOGENESIS%GOBP%GO:0120162		84	-0.4305638	-1.4900206	0.010309278	0.26438692	1.0	902	tags=23%, list=7%, signal=24%	
TCR%NETPATH%TCR	TCR%NETPATH%TCR		178	-0.38453662	-1.4893227	0.004761905	0.26516372	1.0	2554	tags=27%, list=19%, signal=33%	
RORA,B,C AND NR1D1 (REV-ERBA) REGULATE GENE EXPRESSION%REACTOME%R-HSA-9933387.1	RORA,B,C AND NR1D1 (REV-ERBA) REGULATE GENE EXPRESSION%REACTOME%R-HSA-9933387.1		24	-0.55540293	-1.4883124	0.055009823	0.26659977	1.0	1539	tags=21%, list=11%, signal=23%	
HEART LOOPING%GOBP%GO:0001947	HEART LOOPING%GOBP%GO:0001947		30	-0.5177359	-1.4872642	0.039215688	0.2680787	1.0	17	tags=7%, list=0%, signal=7%	
PURINE RIBONUCLEOSIDE TRIPHOSPHATE METABOLIC PROCESS%GOBP%GO:0009205	PURINE RIBONUCLEOSIDE TRIPHOSPHATE METABOLIC PROCESS%GOBP%GO:0009205		130	-0.40028435	-1.4867783	0.008196721	0.26842228	1.0	4081	tags=46%, list=30%, signal=65%	
T CELL ANTIGEN RECEPTOR TCR PATHWAY DURING STAPHYLOCOCCUS AUREUS INFECTION%WIKIPATHWAYS_20250810%WP3863%HOMO SAPIENS	T CELL ANTIGEN RECEPTOR TCR PATHWAY DURING STAPHYLOCOCCUS AUREUS INFECTION%WIKIPATHWAYS_20250810%WP3863%HOMO SAPIENS		47	-0.4786383	-1.4855876	0.032312926	0.27013573	1.0	917	tags=23%, list=7%, signal=25%	
MITOCHONDRIAL RESPIRATORY CHAIN COMPLEX I ASSEMBLY%GOBP%GO:0032981	MITOCHONDRIAL RESPIRATORY CHAIN COMPLEX I ASSEMBLY%GOBP%GO:0032981		26	-0.53151935	-1.4849129	0.057301294	0.27093154	1.0	3233	tags=50%, list=24%, signal=66%	
CYTOKINE CYTOKINE RECEPTOR INTERACTION%WIKIPATHWAYS_20250810%WP5473%HOMO SAPIENS	CYTOKINE CYTOKINE RECEPTOR INTERACTION%WIKIPATHWAYS_20250810%WP5473%HOMO SAPIENS		139	-0.40091908	-1.484826	0.006451613	0.27045217	1.0	1410	tags=29%, list=10%, signal=32%	
POSITIVE REGULATION OF PHAGOCYTOSIS%GOBP%GO:0050766	POSITIVE REGULATION OF PHAGOCYTOSIS%GOBP%GO:0050766		51	-0.46447715	-1.484203	0.034653466	0.27104402	1.0	1216	tags=29%, list=9%, signal=32%	
LEUKOCYTE MIGRATION%GOBP%GO:0050900	LEUKOCYTE MIGRATION%GOBP%GO:0050900		136	-0.39910278	-1.4841293	0.0048076925	0.27053022	1.0	888	tags=22%, list=7%, signal=23%	
LEUKOCYTE HOMEOSTASIS%GOBP%GO:0001776	LEUKOCYTE HOMEOSTASIS%GOBP%GO:0001776		35	-0.4965089	-1.4833025	0.042881645	0.2714776	1.0	1459	tags=26%, list=11%, signal=29%	
PYROPTOTIC INFLAMMATORY RESPONSE%GOBP%GO:0070269	PYROPTOTIC INFLAMMATORY RESPONSE%GOBP%GO:0070269		28	-0.5285479	-1.481057	0.053742804	0.2754668	1.0	2303	tags=46%, list=17%, signal=56%	
CYTOPROTECTION BY HMOX1%REACTOME%R-HSA-9707564.5	CYTOPROTECTION BY HMOX1%REACTOME%R-HSA-9707564.5		47	-0.46685448	-1.4809049	0.035842296	0.27512783	1.0	3855	tags=49%, list=28%, signal=68%	
MATURATION OF TCA ENZYMES AND REGULATION OF TCA CYCLE%REACTOME DATABASE ID RELEASE 93%9854311	MATURATION OF TCA ENZYMES AND REGULATION OF TCA CYCLE%REACTOME DATABASE ID RELEASE 93%9854311		17	-0.59542876	-1.476742	0.05185185	0.28302783	1.0	2466	tags=47%, list=18%, signal=57%	
FERTILIZATION%GOBP%GO:0009566	FERTILIZATION%GOBP%GO:0009566		47	-0.46687946	-1.4763575	0.03259005	0.28309837	1.0	1305	tags=23%, list=10%, signal=26%	
RHO GTPASES ACTIVATE NADPH OXIDASES%REACTOME%R-HSA-5668599.9	RHO GTPASES ACTIVATE NADPH OXIDASES%REACTOME%R-HSA-5668599.9		18	-0.5714522	-1.4761863	0.061511423	0.2828445	1.0	2212	tags=39%, list=16%, signal=46%	
DENDRITIC CELL MIGRATION%GOBP%GO:0036336	DENDRITIC CELL MIGRATION%GOBP%GO:0036336		19	-0.5620355	-1.476151	0.060150377	0.28225172	1.0	1155	tags=42%, list=9%, signal=46%	
GROWTH HORMONE RECEPTOR SIGNALING PATHWAY%GOBP%GO:0060396	GROWTH HORMONE RECEPTOR SIGNALING PATHWAY%GOBP%GO:0060396		17	-0.592541	-1.4759568	0.049910873	0.28200817	1.0	3149	tags=53%, list=23%, signal=69%	
CELLULAR RESPONSE TO GROWTH HORMONE STIMULUS%GOBP%GO:0071378	CELLULAR RESPONSE TO GROWTH HORMONE STIMULUS%GOBP%GO:0071378		17	-0.592541	-1.4758977	0.062381852	0.28147557	1.0	3149	tags=53%, list=23%, signal=69%	
CELECOXIB ACTION PATHWAY%SMPDB%SMP0000096	CELECOXIB ACTION PATHWAY%SMPDB%SMP0000096		22	-0.5591659	-1.4758661	0.04895105	0.28090978	1.0	1155	tags=41%, list=9%, signal=45%	
SIGNALING BY RETINOIC ACID%REACTOME%R-HSA-5362517.5	SIGNALING BY RETINOIC ACID%REACTOME%R-HSA-5362517.5		36	-0.49682307	-1.4734275	0.037996545	0.28530416	1.0	2197	tags=53%, list=16%, signal=63%	
ESTROGEN RECEPTOR SIGNALING PATHWAY%GOBP%GO:0030520	ESTROGEN RECEPTOR SIGNALING PATHWAY%GOBP%GO:0030520		16	-0.58638716	-1.4733951	0.0596745	0.28471246	1.0	2572	tags=38%, list=19%, signal=46%	
NADH DEHYDROGENASE COMPLEX ASSEMBLY%GOBP%GO:0010257	NADH DEHYDROGENASE COMPLEX ASSEMBLY%GOBP%GO:0010257		26	-0.53151935	-1.4733636	0.041353382	0.28413036	1.0	3233	tags=50%, list=24%, signal=66%	
LEUKOCYTE PROLIFERATION%GOBP%GO:0070661	LEUKOCYTE PROLIFERATION%GOBP%GO:0070661		36	-0.49890348	-1.4723531	0.037366547	0.28560054	1.0	1569	tags=33%, list=12%, signal=38%	
SYNTHESIS OF BILE ACIDS AND BILE SALTS VIA 7ALPHA-HYDROXYCHOLESTEROL%REACTOME%R-HSA-193368.4	SYNTHESIS OF BILE ACIDS AND BILE SALTS VIA 7ALPHA-HYDROXYCHOLESTEROL%REACTOME%R-HSA-193368.4		17	-0.59136003	-1.4715093	0.06481481	0.28665808	1.0	64	tags=12%, list=0%, signal=12%	
PID_RETINOIC_ACID_PATHWAY%MSIGDB_C2%PID_RETINOIC_ACID_PATHWAY	PID_RETINOIC_ACID_PATHWAY%MSIGDB_C2%PID_RETINOIC_ACID_PATHWAY		21	-0.56553864	-1.4711851	0.05244123	0.2866956	1.0	4648	tags=57%, list=34%, signal=87%	
ADIPOGENESIS%REACTOME%R-HSA-9843745.1	ADIPOGENESIS%REACTOME%R-HSA-9843745.1		105	-0.40393195	-1.4700809	0.015544041	0.28838754	1.0	988	tags=13%, list=7%, signal=14%	
MITOCHONDRIAL FATTY ACID BETA-OXIDATION%REACTOME DATABASE ID RELEASE 93%77289	MITOCHONDRIAL FATTY ACID BETA-OXIDATION%REACTOME DATABASE ID RELEASE 93%77289		33	-0.50740486	-1.4686303	0.038664322	0.2907987	1.0	2163	tags=39%, list=16%, signal=47%	
GLYCEROL METABOLISM INCLUDING LINKED IMDS%WIKIPATHWAYS_20250810%WP5570%HOMO SAPIENS	GLYCEROL METABOLISM INCLUDING LINKED IMDS%WIKIPATHWAYS_20250810%WP5570%HOMO SAPIENS		16	-0.6055978	-1.4677285	0.054446463	0.2920494	1.0	1703	tags=31%, list=13%, signal=36%	
POSITIVE REGULATION OF SPROUTING ANGIOGENESIS%GOBP%GO:1903672	POSITIVE REGULATION OF SPROUTING ANGIOGENESIS%GOBP%GO:1903672		18	-0.5783163	-1.4664404	0.07272727	0.29429463	1.0	1344	tags=39%, list=10%, signal=43%	
REGULATION OF KETONE METABOLIC PROCESS%GOBP%GO:0010565	REGULATION OF KETONE METABOLIC PROCESS%GOBP%GO:0010565		91	-0.41958314	-1.4661686	0.019607844	0.29426235	1.0	1721	tags=26%, list=13%, signal=30%	
ACTIVATION OF INNATE IMMUNE RESPONSE%GOBP%GO:0002218	ACTIVATION OF INNATE IMMUNE RESPONSE%GOBP%GO:0002218		140	-0.38864133	-1.4655364	0.0032310179	0.29487744	1.0	1822	tags=19%, list=13%, signal=21%	
REGULATION OF MRNA SPLICING, VIA SPLICEOSOME%GOBP%GO:0048024	REGULATION OF MRNA SPLICING, VIA SPLICEOSOME%GOBP%GO:0048024		91	-0.41627946	-1.4652319	0.013422819	0.29485768	1.0	4413	tags=46%, list=33%, signal=68%	
AMINO ACID BIOSYNTHETIC PROCESS%GOBP%GO:0008652	AMINO ACID BIOSYNTHETIC PROCESS%GOBP%GO:0008652		44	-0.48044124	-1.4647204	0.039115645	0.29531214	1.0	1704	tags=30%, list=13%, signal=34%	
DETERMINATION OF HEART LEFT/RIGHT ASYMMETRY%GOBP%GO:0061371	DETERMINATION OF HEART LEFT/RIGHT ASYMMETRY%GOBP%GO:0061371		32	-0.4995729	-1.4605588	0.039215688	0.30342695	1.0	17	tags=6%, list=0%, signal=6%	
NEGATIVE REGULATION OF LIPID CATABOLIC PROCESS%GOBP%GO:0050995	NEGATIVE REGULATION OF LIPID CATABOLIC PROCESS%GOBP%GO:0050995		19	-0.5652918	-1.4599221	0.053475935	0.30408216	1.0	1600	tags=42%, list=12%, signal=48%	
KSRP (KHSRP) BINDS AND DESTABILIZES MRNA%REACTOME%R-HSA-450604.4	KSRP (KHSRP) BINDS AND DESTABILIZES MRNA%REACTOME%R-HSA-450604.4		17	-0.57412803	-1.4593481	0.07414105	0.3047452	1.0	2961	tags=53%, list=22%, signal=68%	
REGULATION OF LEUKOCYTE MEDIATED IMMUNITY%GOBP%GO:0002703	REGULATION OF LEUKOCYTE MEDIATED IMMUNITY%GOBP%GO:0002703		146	-0.38580438	-1.4584309	0.007898894	0.30595583	1.0	1450	tags=21%, list=11%, signal=23%	
BILE ACID METABOLIC PROCESS%GOBP%GO:0008206	BILE ACID METABOLIC PROCESS%GOBP%GO:0008206		26	-0.5249285	-1.4570466	0.043327555	0.3083422	1.0	64	tags=8%, list=0%, signal=8%	
PURINE NUCLEOSIDE TRIPHOSPHATE METABOLIC PROCESS%GOBP%GO:0009144	PURINE NUCLEOSIDE TRIPHOSPHATE METABOLIC PROCESS%GOBP%GO:0009144		133	-0.39530107	-1.4570166	0.0080515295	0.30774483	1.0	3559	tags=41%, list=26%, signal=55%	
7 OXO C AND 7 BETA HC PATHWAYS%WIKIPATHWAYS_20250810%WP5064%HOMO SAPIENS	7 OXO C AND 7 BETA HC PATHWAYS%WIKIPATHWAYS_20250810%WP5064%HOMO SAPIENS		19	-0.5471312	-1.4563959	0.059479553	0.3084906	1.0	2	tags=5%, list=0%, signal=5%	
FORMATION OF THE EMBRYONIC STEM CELL BAF (ESBAF) COMPLEX%REACTOME DATABASE ID RELEASE 93%9933946	FORMATION OF THE EMBRYONIC STEM CELL BAF (ESBAF) COMPLEX%REACTOME DATABASE ID RELEASE 93%9933946		19	-0.55828863	-1.4563907	0.08442777	0.3078299	1.0	195	tags=11%, list=1%, signal=11%	
MITOCHONDRIAL MEMBRANE ORGANIZATION%GOBP%GO:0007006	MITOCHONDRIAL MEMBRANE ORGANIZATION%GOBP%GO:0007006		76	-0.4330197	-1.4562161	0.026936026	0.3075374	1.0	2796	tags=30%, list=21%, signal=38%	
POSITIVE REGULATION OF PRODUCTION OF MOLECULAR MEDIATOR OF IMMUNE RESPONSE%GOBP%GO:0002702	POSITIVE REGULATION OF PRODUCTION OF MOLECULAR MEDIATOR OF IMMUNE RESPONSE%GOBP%GO:0002702		71	-0.43163973	-1.4538747	0.025553662	0.31195173	1.0	1680	tags=21%, list=12%, signal=24%	
REGULATION OF ACUTE INFLAMMATORY RESPONSE%GOBP%GO:0002673	REGULATION OF ACUTE INFLAMMATORY RESPONSE%GOBP%GO:0002673		21	-0.55286103	-1.4534613	0.07794677	0.31206432	1.0	698	tags=29%, list=5%, signal=30%	
FORMATION OF NEURONAL PROGENITOR AND NEURONAL BAF (NPBAF AND NBAF)%REACTOME DATABASE ID RELEASE 93%9934037	FORMATION OF NEURONAL PROGENITOR AND NEURONAL BAF (NPBAF AND NBAF)%REACTOME DATABASE ID RELEASE 93%9934037		23	-0.54046535	-1.451972	0.03860294	0.31468484	1.0	746	tags=13%, list=6%, signal=14%	
HEXOSE METABOLIC PROCESS%GOBP%GO:0019318	HEXOSE METABOLIC PROCESS%GOBP%GO:0019318		81	-0.4263334	-1.4516807	0.024793388	0.31467775	1.0	1612	tags=21%, list=12%, signal=24%	
MONOSACCHARIDE METABOLIC PROCESS%GOBP%GO:0005996	MONOSACCHARIDE METABOLIC PROCESS%GOBP%GO:0005996		91	-0.41400224	-1.4512631	0.019704433	0.3149485	1.0	1612	tags=20%, list=12%, signal=22%	
CALCIUM-MEDIATED SIGNALING%GOBP%GO:0019722	CALCIUM-MEDIATED SIGNALING%GOBP%GO:0019722		98	-0.4036729	-1.4486978	0.020373514	0.32007247	1.0	1122	tags=21%, list=8%, signal=23%	
AMINO ACID METABOLIC PROCESS%GOBP%GO:0006520	AMINO ACID METABOLIC PROCESS%GOBP%GO:0006520		194	-0.37526587	-1.4483877	0.0047244094	0.32010996	1.0	1738	tags=23%, list=13%, signal=26%	
PID_SHP2_PATHWAY%MSIGDB_C2%PID_SHP2_PATHWAY	PID_SHP2_PATHWAY%MSIGDB_C2%PID_SHP2_PATHWAY		43	-0.46765092	-1.4483699	0.061705988	0.3194662	1.0	1746	tags=28%, list=13%, signal=32%	
LXRS REGULATE GENE EXPRESSION LINKED TO CHOLESTEROL TRANSPORT AND EFFLUX%REACTOME DATABASE ID RELEASE 93%9029569	LXRS REGULATE GENE EXPRESSION LINKED TO CHOLESTEROL TRANSPORT AND EFFLUX%REACTOME DATABASE ID RELEASE 93%9029569		33	-0.49350247	-1.446936	0.055944055	0.32203254	1.0	4485	tags=52%, list=33%, signal=77%	
CARBOHYDRATE BIOSYNTHETIC PROCESS%GOBP%GO:0016051	CARBOHYDRATE BIOSYNTHETIC PROCESS%GOBP%GO:0016051		61	-0.4362607	-1.4466454	0.04308797	0.3220134	1.0	1432	tags=18%, list=11%, signal=20%	
ADAPTIVE IMMUNE RESPONSE BASED ON SOMATIC RECOMBINATION OF IMMUNE RECEPTORS BUILT FROM IMMUNOGLOBULIN SUPERFAMILY DOMAINS%GOBP%GO:0002460	ADAPTIVE IMMUNE RESPONSE BASED ON SOMATIC RECOMBINATION OF IMMUNE RECEPTORS BUILT FROM IMMUNOGLOBULIN SUPERFAMILY DOMAINS%GOBP%GO:0002460		78	-0.42269707	-1.4457576	0.016977929	0.32335573	1.0	1158	tags=28%, list=9%, signal=31%	
PRE-MRNA SPLICING%REACTOME DATABASE ID RELEASE 93%72163	PRE-MRNA SPLICING%REACTOME DATABASE ID RELEASE 93%72163		196	-0.36917487	-1.4456872	0.00304414	0.32282588	1.0	5014	tags=47%, list=37%, signal=74%	
PARKINSON 39 S DISEASE PATHWAY%WIKIPATHWAYS_20250810%WP2371%HOMO SAPIENS	PARKINSON 39 S DISEASE PATHWAY%WIKIPATHWAYS_20250810%WP2371%HOMO SAPIENS		29	-0.51101834	-1.4431489	0.06137184	0.3278928	1.0	2861	tags=45%, list=21%, signal=57%	
4 HYDROXYTAMOXIFEN DEXAMETHASONE AND RETINOIC ACIDS REGULATION OF P27 EXPRESSION%WIKIPATHWAYS_20250810%WP3879%HOMO SAPIENS	4 HYDROXYTAMOXIFEN DEXAMETHASONE AND RETINOIC ACIDS REGULATION OF P27 EXPRESSION%WIKIPATHWAYS_20250810%WP3879%HOMO SAPIENS		20	-0.54387856	-1.4421889	0.065836295	0.3294302	1.0	821	tags=20%, list=6%, signal=21%	
CELL MATURATION%GOBP%GO:0048469	CELL MATURATION%GOBP%GO:0048469		59	-0.44288117	-1.4420979	0.033444814	0.32893398	1.0	1500	tags=22%, list=11%, signal=25%	
PID_P38_ALPHA_BETA_DOWNSTREAM_PATHWAY%MSIGDB_C2%PID_P38_ALPHA_BETA_DOWNSTREAM_PATHWAY	PID_P38_ALPHA_BETA_DOWNSTREAM_PATHWAY%MSIGDB_C2%PID_P38_ALPHA_BETA_DOWNSTREAM_PATHWAY		24	-0.520777	-1.4406879	0.068100356	0.3313397	1.0	3787	tags=54%, list=28%, signal=75%	
PID_PI3KCI_PATHWAY%MSIGDB_C2%PID_PI3KCI_PATHWAY	PID_PI3KCI_PATHWAY%MSIGDB_C2%PID_PI3KCI_PATHWAY		36	-0.4828539	-1.4404526	0.0511883	0.3312225	1.0	888	tags=22%, list=7%, signal=24%	
WHITE FAT CELL DIFFERENTIATION%WIKIPATHWAYS_20250810%WP4149%HOMO SAPIENS	WHITE FAT CELL DIFFERENTIATION%WIKIPATHWAYS_20250810%WP4149%HOMO SAPIENS		27	-0.5081917	-1.4373548	0.07233273	0.3379679	1.0	2277	tags=37%, list=17%, signal=44%	
FORMATION OF WDR5-CONTAINING HISTONE-MODIFYING COMPLEXES%REACTOME%R-HSA-9772755.2	FORMATION OF WDR5-CONTAINING HISTONE-MODIFYING COMPLEXES%REACTOME%R-HSA-9772755.2		37	-0.47725347	-1.436875	0.05	0.3383834	1.0	6018	tags=73%, list=44%, signal=131%	
THYMIC STROMAL LYMPHOPOIETIN TSLP SIGNALING%WIKIPATHWAYS_20250810%WP2203%HOMO SAPIENS	THYMIC STROMAL LYMPHOPOIETIN TSLP SIGNALING%WIKIPATHWAYS_20250810%WP2203%HOMO SAPIENS		31	-0.50435966	-1.4365891	0.045126352	0.3383274	1.0	929	tags=19%, list=7%, signal=21%	
INACTIVATION OF CSF3 (G-CSF) SIGNALING%REACTOME%R-HSA-9705462.2	INACTIVATION OF CSF3 (G-CSF) SIGNALING%REACTOME%R-HSA-9705462.2		23	-0.52451015	-1.4361595	0.053913042	0.3385688	1.0	2792	tags=43%, list=21%, signal=55%	
DETECTION OF CHEMICAL STIMULUS%GOBP%GO:0009593	DETECTION OF CHEMICAL STIMULUS%GOBP%GO:0009593		43	-0.46596682	-1.4357594	0.06866197	0.3388124	1.0	953	tags=23%, list=7%, signal=25%	
T CELL RECEPTOR SIGNALING PATHWAY%GOBP%GO:0050852	T CELL RECEPTOR SIGNALING PATHWAY%GOBP%GO:0050852		81	-0.42176345	-1.4344381	0.0323741	0.34117648	1.0	1720	tags=28%, list=13%, signal=32%	
POSITIVE REGULATION OF PEPTIDYL-SERINE PHOSPHORYLATION%GOBP%GO:0033138	POSITIVE REGULATION OF PEPTIDYL-SERINE PHOSPHORYLATION%GOBP%GO:0033138		15	-0.57691294	-1.4342964	0.075046904	0.34085393	1.0	2301	tags=27%, list=17%, signal=32%	
REGULATION OF LEUKOCYTE MEDIATED CYTOTOXICITY%GOBP%GO:0001910	REGULATION OF LEUKOCYTE MEDIATED CYTOTOXICITY%GOBP%GO:0001910		62	-0.4338151	-1.4329098	0.03259005	0.34330148	1.0	1414	tags=23%, list=10%, signal=25%	
CRISTAE FORMATION%REACTOME%R-HSA-8949613.3	CRISTAE FORMATION%REACTOME%R-HSA-8949613.3		28	-0.5018215	-1.431278	0.060763888	0.34633487	1.0	2822	tags=46%, list=21%, signal=59%	
DEFECTS IN VITAMIN AND COFACTOR METABOLISM%REACTOME DATABASE ID RELEASE 93%3296482	DEFECTS IN VITAMIN AND COFACTOR METABOLISM%REACTOME DATABASE ID RELEASE 93%3296482		20	-0.5527946	-1.4310278	0.056985293	0.34617907	1.0	2773	tags=50%, list=20%, signal=63%	
REGULATION OF VASCULAR ENDOTHELIAL GROWTH FACTOR PRODUCTION%GOBP%GO:0010574	REGULATION OF VASCULAR ENDOTHELIAL GROWTH FACTOR PRODUCTION%GOBP%GO:0010574		24	-0.52871317	-1.4299955	0.0626087	0.34797633	1.0	1633	tags=38%, list=12%, signal=43%	
G ALPHA (I) SIGNALLING EVENTS%REACTOME%R-HSA-418594.9	G ALPHA (I) SIGNALLING EVENTS%REACTOME%R-HSA-418594.9		198	-0.3689359	-1.4297104	0.0064	0.3478739	1.0	1733	tags=25%, list=13%, signal=29%	
ANTIMICROBIAL HUMORAL RESPONSE%GOBP%GO:0019730	ANTIMICROBIAL HUMORAL RESPONSE%GOBP%GO:0019730		47	-0.44950578	-1.4296726	0.04973357	0.34725997	1.0	1397	tags=34%, list=10%, signal=38%	
HEME SIGNALING%REACTOME%R-HSA-9707616.4	HEME SIGNALING%REACTOME%R-HSA-9707616.4		45	-0.46418494	-1.4293902	0.036842104	0.34719494	1.0	2437	tags=24%, list=18%, signal=30%	
EPIGENETIC REGULATION OF GENE EXPRESSION BY MLL3 AND MLL4 COMPLEXES%REACTOME%R-HSA-9818564.1	EPIGENETIC REGULATION OF GENE EXPRESSION BY MLL3 AND MLL4 COMPLEXES%REACTOME%R-HSA-9818564.1		81	-0.41030648	-1.4293277	0.017006803	0.3466046	1.0	1496	tags=19%, list=11%, signal=21%	
NUCLEOTIDE BIOSYNTHETIC PROCESS%GOBP%GO:0009165	NUCLEOTIDE BIOSYNTHETIC PROCESS%GOBP%GO:0009165		145	-0.3782562	-1.4288625	0.0228385	0.3470696	1.0	3584	tags=45%, list=26%, signal=60%	
DIFFERENTIATION OF WHITE AND BROWN ADIPOCYTE%WIKIPATHWAYS_20250810%WP2895%HOMO SAPIENS	DIFFERENTIATION OF WHITE AND BROWN ADIPOCYTE%WIKIPATHWAYS_20250810%WP2895%HOMO SAPIENS		21	-0.53937113	-1.4284306	0.082417585	0.34736314	1.0	713	tags=29%, list=5%, signal=30%	
MONOCARBOXYLIC ACID TRANSPORT%GOBP%GO:0015718	MONOCARBOXYLIC ACID TRANSPORT%GOBP%GO:0015718		72	-0.42208773	-1.4281951	0.038720537	0.3472353	1.0	1677	tags=28%, list=12%, signal=32%	
CARDIOMYOCYTE SIGNALING CONVERGING ON TITIN%WIKIPATHWAYS_20250810%WP5344%HOMO SAPIENS	CARDIOMYOCYTE SIGNALING CONVERGING ON TITIN%WIKIPATHWAYS_20250810%WP5344%HOMO SAPIENS		18	-0.5535934	-1.4275391	0.08856089	0.34811473	1.0	471	tags=11%, list=3%, signal=11%	
INTERFERON TYPE I SIGNALING%WIKIPATHWAYS_20250810%WP585%HOMO SAPIENS	INTERFERON TYPE I SIGNALING%WIKIPATHWAYS_20250810%WP585%HOMO SAPIENS		48	-0.45131293	-1.4266968	0.04222973	0.34929487	1.0	2745	tags=31%, list=20%, signal=39%	
POLYSACCHARIDE CATABOLIC PROCESS%GOBP%GO:0000272	POLYSACCHARIDE CATABOLIC PROCESS%GOBP%GO:0000272		20	-0.5381731	-1.4247881	0.072222225	0.35307053	1.0	428	tags=15%, list=3%, signal=15%	
POSITIVE REGULATION OF HIPPO SIGNALING%GOBP%GO:0035332	POSITIVE REGULATION OF HIPPO SIGNALING%GOBP%GO:0035332		15	-0.5868987	-1.4239731	0.08768657	0.3543445	1.0	3394	tags=47%, list=25%, signal=62%	
IL4%NETPATH%IL4	IL4%NETPATH%IL4		34	-0.47783136	-1.4230646	0.0433213	0.355876	1.0	2745	tags=29%, list=20%, signal=37%	
MLL4 AND MLL3 COMPLEXES REGULATE EXPRESSION OF PPARG TARGET GENES IN ADIPOGENESIS AND HEPATIC STEATOSIS%REACTOME DATABASE ID RELEASE 93%9841922	MLL4 AND MLL3 COMPLEXES REGULATE EXPRESSION OF PPARG TARGET GENES IN ADIPOGENESIS AND HEPATIC STEATOSIS%REACTOME DATABASE ID RELEASE 93%9841922		81	-0.41030648	-1.422635	0.032094594	0.3561723	1.0	1496	tags=19%, list=11%, signal=21%	
PHASE I - FUNCTIONALIZATION OF COMPOUNDS%REACTOME%R-HSA-211945.8	PHASE I - FUNCTIONALIZATION OF COMPOUNDS%REACTOME%R-HSA-211945.8		68	-0.41958877	-1.4216275	0.034542315	0.35801882	1.0	2307	tags=38%, list=17%, signal=46%	
ATP-DEPENDENT CHROMATIN REMODELERS%REACTOME DATABASE ID RELEASE 93%9932444	ATP-DEPENDENT CHROMATIN REMODELERS%REACTOME DATABASE ID RELEASE 93%9932444		29	-0.5018245	-1.4212412	0.057591625	0.3582664	1.0	746	tags=10%, list=6%, signal=11%	
ENDOCRINE PROCESS%GOBP%GO:0050886	ENDOCRINE PROCESS%GOBP%GO:0050886		22	-0.5243886	-1.4211042	0.08058608	0.35784596	1.0	1570	tags=41%, list=12%, signal=46%	
NEGATIVE REGULATION OF TRANSLATIONAL INITIATION%GOBP%GO:0045947	NEGATIVE REGULATION OF TRANSLATIONAL INITIATION%GOBP%GO:0045947		21	-0.5416567	-1.419108	0.08097929	0.3620612	1.0	3087	tags=38%, list=23%, signal=49%	
POSITIVE REGULATION OF FATTY ACID BIOSYNTHETIC PROCESS%GOBP%GO:0045723	POSITIVE REGULATION OF FATTY ACID BIOSYNTHETIC PROCESS%GOBP%GO:0045723		17	-0.55654895	-1.4152108	0.08056042	0.37093014	1.0	1643	tags=47%, list=12%, signal=53%	
HEMATOPOIETIC STEM CELL DIFFERENTIATION%WIKIPATHWAYS_20250810%WP2849%HOMO SAPIENS	HEMATOPOIETIC STEM CELL DIFFERENTIATION%WIKIPATHWAYS_20250810%WP2849%HOMO SAPIENS		35	-0.4769769	-1.4145634	0.07823129	0.37187314	1.0	1183	tags=34%, list=9%, signal=37%	
DETECTION OF LIGHT STIMULUS%GOBP%GO:0009583	DETECTION OF LIGHT STIMULUS%GOBP%GO:0009583		21	-0.5375344	-1.4137387	0.07042254	0.37324455	1.0	3780	tags=57%, list=28%, signal=79%	
POSITIVE REGULATION OF T CELL MEDIATED CYTOTOXICITY%GOBP%GO:0001916	POSITIVE REGULATION OF T CELL MEDIATED CYTOTOXICITY%GOBP%GO:0001916		20	-0.52918214	-1.4131413	0.08912656	0.37393293	1.0	274	tags=15%, list=2%, signal=15%	
TRANS SULFURATION ONE CARBON METABOLISM AND RELATED PATHWAYS%WIKIPATHWAYS_20250810%WP2525%HOMO SAPIENS	TRANS SULFURATION ONE CARBON METABOLISM AND RELATED PATHWAYS%WIKIPATHWAYS_20250810%WP2525%HOMO SAPIENS		36	-0.47114393	-1.4105479	0.06118881	0.37958425	1.0	2019	tags=36%, list=15%, signal=42%	
CARBOHYDRATE TRANSPORT%GOBP%GO:0008643	CARBOHYDRATE TRANSPORT%GOBP%GO:0008643		32	-0.48493645	-1.4102219	0.06428572	0.3795686	1.0	426	tags=16%, list=3%, signal=16%	
EPIGENETIC REGULATION OF ADIPOGENESIS GENES BY MLL3 AND MLL4 COMPLEXES%REACTOME DATABASE ID RELEASE 93%9851695	EPIGENETIC REGULATION OF ADIPOGENESIS GENES BY MLL3 AND MLL4 COMPLEXES%REACTOME DATABASE ID RELEASE 93%9851695		81	-0.41030648	-1.4096165	0.040783033	0.38044587	1.0	1496	tags=19%, list=11%, signal=21%	
VERY LONG-CHAIN FATTY ACID METABOLIC PROCESS%GOBP%GO:0000038	VERY LONG-CHAIN FATTY ACID METABOLIC PROCESS%GOBP%GO:0000038		28	-0.50910103	-1.4090832	0.073555164	0.38110703	1.0	1943	tags=36%, list=14%, signal=42%	
PLATELET AGGREGATION (PLUG FORMATION)%REACTOME%R-HSA-76009.4	PLATELET AGGREGATION (PLUG FORMATION)%REACTOME%R-HSA-76009.4		28	-0.5070045	-1.4079825	0.074074075	0.3831814	1.0	1338	tags=21%, list=10%, signal=24%	
POSITIVE REGULATION OF CARDIAC MUSCLE HYPERTROPHY%GOBP%GO:0010613	POSITIVE REGULATION OF CARDIAC MUSCLE HYPERTROPHY%GOBP%GO:0010613		21	-0.52072996	-1.4072173	0.08471455	0.38433743	1.0	525	tags=19%, list=4%, signal=20%	
SWI SNF CHROMATIN REMODELERS%REACTOME%R-HSA-9932451.1	SWI SNF CHROMATIN REMODELERS%REACTOME%R-HSA-9932451.1		29	-0.5018245	-1.407022	0.07155026	0.384091	1.0	746	tags=10%, list=6%, signal=11%	
ENDOGENOUS TLR SIGNALING%PATHWAY INTERACTION DATABASE NCI-NATURE CURATED DATA%ENDOGENOUS TLR SIGNALING	ENDOGENOUS TLR SIGNALING%PATHWAY INTERACTION DATABASE NCI-NATURE CURATED DATA%ENDOGENOUS TLR SIGNALING		23	-0.51073134	-1.4037547	0.08477842	0.39177302	1.0	1131	tags=22%, list=8%, signal=24%	
REGULATION OF CELL KILLING%GOBP%GO:0031341	REGULATION OF CELL KILLING%GOBP%GO:0031341		69	-0.42384276	-1.403574	0.04040404	0.39147812	1.0	1414	tags=25%, list=10%, signal=27%	
METABOLISM OF WATER-SOLUBLE VITAMINS AND COFACTORS%REACTOME DATABASE ID RELEASE 93%196849	METABOLISM OF WATER-SOLUBLE VITAMINS AND COFACTORS%REACTOME DATABASE ID RELEASE 93%196849		106	-0.39257514	-1.4034874	0.025553662	0.39096102	1.0	1191	tags=21%, list=9%, signal=23%	
LYMPHOCYTE HOMEOSTASIS%GOBP%GO:0002260	LYMPHOCYTE HOMEOSTASIS%GOBP%GO:0002260		25	-0.51100075	-1.4033899	0.10507881	0.39042717	1.0	1459	tags=24%, list=11%, signal=27%	
BIOCARTA_MTOR_PATHWAY%MSIGDB_C2%BIOCARTA_MTOR_PATHWAY	BIOCARTA_MTOR_PATHWAY%MSIGDB_C2%BIOCARTA_MTOR_PATHWAY		17	-0.5585838	-1.4028116	0.08174905	0.3912452	1.0	801	tags=18%, list=6%, signal=19%	
PEROXISOMAL PROTEIN IMPORT%REACTOME%R-HSA-9033241.5	PEROXISOMAL PROTEIN IMPORT%REACTOME%R-HSA-9033241.5		52	-0.43756634	-1.4024477	0.053380784	0.3913492	1.0	2644	tags=31%, list=20%, signal=38%	
POSITIVE REGULATION OF MUSCLE HYPERTROPHY%GOBP%GO:0014742	POSITIVE REGULATION OF MUSCLE HYPERTROPHY%GOBP%GO:0014742		21	-0.52072996	-1.4012516	0.07992203	0.39366052	1.0	525	tags=19%, list=4%, signal=20%	
ORGANIC ACID BIOSYNTHETIC PROCESS%GOBP%GO:0016053	ORGANIC ACID BIOSYNTHETIC PROCESS%GOBP%GO:0016053		175	-0.36187705	-1.4009717	0.021035599	0.39361694	1.0	1826	tags=26%, list=13%, signal=30%	
U12 DEPENDENT SPLICING%REACTOME%R-HSA-72165.3	U12 DEPENDENT SPLICING%REACTOME%R-HSA-72165.3		49	-0.44282246	-1.4000297	0.05123675	0.39530224	1.0	5314	tags=61%, list=39%, signal=100%	
REGULATION OF FATTY ACID BIOSYNTHETIC PROCESS%GOBP%GO:0042304	REGULATION OF FATTY ACID BIOSYNTHETIC PROCESS%GOBP%GO:0042304		36	-0.46519068	-1.39962	0.068716094	0.3955885	1.0	1643	tags=31%, list=12%, signal=35%	
HUMORAL IMMUNE RESPONSE%GOBP%GO:0006959	HUMORAL IMMUNE RESPONSE%GOBP%GO:0006959		98	-0.39087236	-1.3994255	0.033840947	0.39526105	1.0	1397	tags=29%, list=10%, signal=32%	
POSITIVE REGULATION OF MACROPHAGE DERIVED FOAM CELL DIFFERENTIATION%GOBP%GO:0010744	POSITIVE REGULATION OF MACROPHAGE DERIVED FOAM CELL DIFFERENTIATION%GOBP%GO:0010744		16	-0.5552608	-1.3982294	0.092843324	0.39765742	1.0	570	tags=31%, list=4%, signal=33%	
T CELL ACTIVATION SARS COV 2%WIKIPATHWAYS_20250810%WP5098%HOMO SAPIENS	T CELL ACTIVATION SARS COV 2%WIKIPATHWAYS_20250810%WP5098%HOMO SAPIENS		62	-0.4247195	-1.3975236	0.04639175	0.3987032	1.0	917	tags=23%, list=7%, signal=24%	
REGULATION OF LIPOPOLYSACCHARIDE-MEDIATED SIGNALING PATHWAY%GOBP%GO:0031664	REGULATION OF LIPOPOLYSACCHARIDE-MEDIATED SIGNALING PATHWAY%GOBP%GO:0031664		21	-0.5321618	-1.3973817	0.089090906	0.39831328	1.0	1757	tags=29%, list=13%, signal=33%	
METABOLISM OF COFACTORS%REACTOME%R-HSA-8978934.6	METABOLISM OF COFACTORS%REACTOME%R-HSA-8978934.6		24	-0.5130959	-1.3962394	0.09245283	0.4005117	1.0	3961	tags=50%, list=29%, signal=71%	
SULFUR COMPOUND CATABOLIC PROCESS%GOBP%GO:0044273	SULFUR COMPOUND CATABOLIC PROCESS%GOBP%GO:0044273		25	-0.50181514	-1.3957868	0.06909091	0.4008597	1.0	2617	tags=40%, list=19%, signal=49%	
T CELL MEDIATED IMMUNITY%GOBP%GO:0002456	T CELL MEDIATED IMMUNITY%GOBP%GO:0002456		15	-0.568857	-1.3956406	0.07964602	0.4004677	1.0	1158	tags=27%, list=9%, signal=29%	
NEGATIVE REGULATION OF MAP KINASE ACTIVITY%GOBP%GO:0043407	NEGATIVE REGULATION OF MAP KINASE ACTIVITY%GOBP%GO:0043407		16	-0.5672809	-1.3954364	0.10095238	0.4002993	1.0	2091	tags=38%, list=15%, signal=44%	
REGULATION OF ADIPOSE TISSUE DEVELOPMENT%GOBP%GO:1904177	REGULATION OF ADIPOSE TISSUE DEVELOPMENT%GOBP%GO:1904177		15	-0.5694113	-1.394495	0.123844735	0.4019163	1.0	1380	tags=27%, list=10%, signal=30%	
CARDIAC MUSCLE TISSUE DEVELOPMENT%GOBP%GO:0048738	CARDIAC MUSCLE TISSUE DEVELOPMENT%GOBP%GO:0048738		80	-0.41090143	-1.3942682	0.042372882	0.4017505	1.0	808	tags=15%, list=6%, signal=16%	
SHP2 SIGNALING%PATHWAY INTERACTION DATABASE NCI-NATURE CURATED DATA%SHP2 SIGNALING	SHP2 SIGNALING%PATHWAY INTERACTION DATABASE NCI-NATURE CURATED DATA%SHP2 SIGNALING		52	-0.4414345	-1.3923765	0.06506849	0.4058267	1.0	1746	tags=25%, list=13%, signal=29%	
LEUKOCYTE DEGRANULATION%GOBP%GO:0043299	LEUKOCYTE DEGRANULATION%GOBP%GO:0043299		18	-0.54004115	-1.3923595	0.108571425	0.40512222	1.0	1671	tags=39%, list=12%, signal=44%	
POSITIVE REGULATION OF CYTOKINE PRODUCTION INVOLVED IN IMMUNE RESPONSE%GOBP%GO:0002720	POSITIVE REGULATION OF CYTOKINE PRODUCTION INVOLVED IN IMMUNE RESPONSE%GOBP%GO:0002720		44	-0.4486811	-1.3916831	0.075675674	0.40608445	1.0	1388	tags=23%, list=10%, signal=25%	
REGULATION OF MYELOID LEUKOCYTE MEDIATED IMMUNITY%GOBP%GO:0002886	REGULATION OF MYELOID LEUKOCYTE MEDIATED IMMUNITY%GOBP%GO:0002886		31	-0.4823692	-1.3913751	0.064631954	0.40616357	1.0	1450	tags=29%, list=11%, signal=32%	
T CELL ACTIVATION%PANTHER PATHWAY%P00053	T CELL ACTIVATION%PANTHER PATHWAY%P00053		60	-0.4268102	-1.3901374	0.040139616	0.4085968	1.0	821	tags=18%, list=6%, signal=19%	
GLUCAN CATABOLIC PROCESS%GOBP%GO:0009251	GLUCAN CATABOLIC PROCESS%GOBP%GO:0009251		20	-0.5381731	-1.3899715	0.09357798	0.40829593	1.0	428	tags=15%, list=3%, signal=15%	
POSITIVE REGULATION OF LYMPHOCYTE MEDIATED IMMUNITY%GOBP%GO:0002708	POSITIVE REGULATION OF LYMPHOCYTE MEDIATED IMMUNITY%GOBP%GO:0002708		71	-0.41003704	-1.3899431	0.03284072	0.4076185	1.0	1292	tags=18%, list=10%, signal=20%	
REGULATION OF PROTEIN SECRETION%GOBP%GO:0050708	REGULATION OF PROTEIN SECRETION%GOBP%GO:0050708		129	-0.37730083	-1.3886352	0.029268293	0.41036144	1.0	1901	tags=25%, list=14%, signal=29%	
LISTERIA MONOCYTOGENES ENTRY INTO HOST CELLS%REACTOME DATABASE ID RELEASE 93%8876384	LISTERIA MONOCYTOGENES ENTRY INTO HOST CELLS%REACTOME DATABASE ID RELEASE 93%8876384		16	-0.55529517	-1.3883258	0.110091746	0.41044265	1.0	2554	tags=38%, list=19%, signal=46%	
NAD METABOLISM%WIKIPATHWAYS_20250810%WP3644%HOMO SAPIENS	NAD METABOLISM%WIKIPATHWAYS_20250810%WP3644%HOMO SAPIENS		15	-0.5739208	-1.3875489	0.11151737	0.41174152	1.0	1597	tags=40%, list=12%, signal=45%	
REGULATION OF T-HELPER 1 TYPE IMMUNE RESPONSE%GOBP%GO:0002825	REGULATION OF T-HELPER 1 TYPE IMMUNE RESPONSE%GOBP%GO:0002825		16	-0.55689895	-1.3872592	0.10166359	0.41177717	1.0	790	tags=44%, list=6%, signal=46%	
CARDIOGENESIS%REACTOME%R-HSA-9733709.1	CARDIOGENESIS%REACTOME%R-HSA-9733709.1		20	-0.52605504	-1.3868399	0.08465608	0.41210547	1.0	389	tags=15%, list=3%, signal=15%	
NUCLEOTIDE-LIKE (PURINERGIC) RECEPTORS%REACTOME DATABASE ID RELEASE 93%418038	NUCLEOTIDE-LIKE (PURINERGIC) RECEPTORS%REACTOME DATABASE ID RELEASE 93%418038		15	-0.56254745	-1.3847486	0.1205036	0.41680297	1.0	693	tags=40%, list=5%, signal=42%	
ORGANIC ACID TRANSPORT%GOBP%GO:0015849	ORGANIC ACID TRANSPORT%GOBP%GO:0015849		157	-0.3614252	-1.3842735	0.020967742	0.41723463	1.0	1677	tags=22%, list=12%, signal=25%	
TRANSCRIPTIONAL REGULATION BY MECP2%REACTOME%R-HSA-8986944.4	TRANSCRIPTIONAL REGULATION BY MECP2%REACTOME%R-HSA-8986944.4		43	-0.4465697	-1.384185	0.053819444	0.41671133	1.0	1417	tags=21%, list=10%, signal=23%	
CLEAR CELL RENAL CELL CARCINOMA PATHWAYS%WIKIPATHWAYS_20250810%WP4018%HOMO SAPIENS	CLEAR CELL RENAL CELL CARCINOMA PATHWAYS%WIKIPATHWAYS_20250810%WP4018%HOMO SAPIENS		59	-0.4236098	-1.3833151	0.057491288	0.4182116	1.0	1614	tags=22%, list=12%, signal=25%	
REGULATION OF REACTIVE OXYGEN SPECIES METABOLIC PROCESS%GOBP%GO:2000377	REGULATION OF REACTIVE OXYGEN SPECIES METABOLIC PROCESS%GOBP%GO:2000377		87	-0.39517713	-1.3828622	0.036484245	0.41867903	1.0	2074	tags=24%, list=15%, signal=28%	
SELECTIVE EXPRESSION OF CHEMOKINE RECEPTORS DURING T CELL POLARIZATION%WIKIPATHWAYS_20250810%WP4494%HOMO SAPIENS	SELECTIVE EXPRESSION OF CHEMOKINE RECEPTORS DURING T CELL POLARIZATION%WIKIPATHWAYS_20250810%WP4494%HOMO SAPIENS		15	-0.56327814	-1.3822559	0.08974359	0.4194499	1.0	857	tags=33%, list=6%, signal=36%	
SUDDEN INFANT DEATH SYNDROME SIDS SUSCEPTIBILITY PATHWAYS%WIKIPATHWAYS_20250810%WP706%HOMO SAPIENS	SUDDEN INFANT DEATH SYNDROME SIDS SUSCEPTIBILITY PATHWAYS%WIKIPATHWAYS_20250810%WP706%HOMO SAPIENS		80	-0.4000418	-1.3821499	0.035472974	0.41898087	1.0	2114	tags=29%, list=16%, signal=34%	
VASODILATION%GOBP%GO:0042311	VASODILATION%GOBP%GO:0042311		20	-0.5216746	-1.381914	0.110526316	0.4188263	1.0	471	tags=20%, list=3%, signal=21%	
REGULATION OF INSULIN SECRETION%GOBP%GO:0050796	REGULATION OF INSULIN SECRETION%GOBP%GO:0050796		70	-0.4149602	-1.3810171	0.04809287	0.42046311	1.0	1901	tags=27%, list=14%, signal=31%	
FOLATE METABOLISM%WIKIPATHWAYS_20250810%WP176%HOMO SAPIENS	FOLATE METABOLISM%WIKIPATHWAYS_20250810%WP176%HOMO SAPIENS		37	-0.4739099	-1.3809688	0.06830122	0.41985652	1.0	2404	tags=41%, list=18%, signal=49%	
CARBOXYLIC ACID BIOSYNTHETIC PROCESS%GOBP%GO:0046394	CARBOXYLIC ACID BIOSYNTHETIC PROCESS%GOBP%GO:0046394		171	-0.36078906	-1.3806906	0.022580646	0.41981623	1.0	1826	tags=26%, list=13%, signal=30%	
GLUCAN METABOLIC PROCESS%GOBP%GO:0044042	GLUCAN METABOLIC PROCESS%GOBP%GO:0044042		34	-0.47412083	-1.3805774	0.07204117	0.41934508	1.0	428	tags=12%, list=3%, signal=12%	
STEROL REGULATORY ELEMENT BINDING PROTEINS SREBP SIGNALING%WIKIPATHWAYS_20250810%WP1982%HOMO SAPIENS	STEROL REGULATORY ELEMENT BINDING PROTEINS SREBP SIGNALING%WIKIPATHWAYS_20250810%WP1982%HOMO SAPIENS		52	-0.4335347	-1.3802099	0.045138888	0.4195837	1.0	1853	tags=23%, list=14%, signal=27%	
B CELL DIFFERENTIATION%GOBP%GO:0030183	B CELL DIFFERENTIATION%GOBP%GO:0030183		59	-0.42175227	-1.3798761	0.05514706	0.41970474	1.0	2083	tags=25%, list=15%, signal=30%	
DIACYLGLYCEROL METABOLIC PROCESS%GOBP%GO:0046339	DIACYLGLYCEROL METABOLIC PROCESS%GOBP%GO:0046339		19	-0.5344149	-1.3793393	0.10746812	0.42036936	1.0	2111	tags=42%, list=16%, signal=50%	
PID_ERBB1_INTERNALIZATION_PATHWAY%MSIGDB_C2%PID_ERBB1_INTERNALIZATION_PATHWAY	PID_ERBB1_INTERNALIZATION_PATHWAY%MSIGDB_C2%PID_ERBB1_INTERNALIZATION_PATHWAY		33	-0.47220948	-1.3792107	0.096491225	0.41996223	1.0	2554	tags=27%, list=19%, signal=34%	
EMBRYONIC HEART TUBE MORPHOGENESIS%GOBP%GO:0003143	EMBRYONIC HEART TUBE MORPHOGENESIS%GOBP%GO:0003143		34	-0.4581616	-1.3780318	0.067736186	0.42229408	1.0	17	tags=6%, list=0%, signal=6%	
INTERLEUKIN SIGNALING PATHWAY%PANTHER PATHWAY%P00036	INTERLEUKIN SIGNALING PATHWAY%PANTHER PATHWAY%P00036		72	-0.40337023	-1.3779038	0.049541283	0.42191973	1.0	1917	tags=22%, list=14%, signal=26%	
ALPHA-AMINO ACID METABOLIC PROCESS%GOBP%GO:1901605	ALPHA-AMINO ACID METABOLIC PROCESS%GOBP%GO:1901605		130	-0.37286758	-1.3775531	0.029268293	0.42207664	1.0	1704	tags=23%, list=13%, signal=26%	
CALCIUM REGULATION IN CARDIAC CELLS%WIKIPATHWAYS_20250810%WP536%HOMO SAPIENS	CALCIUM REGULATION IN CARDIAC CELLS%WIKIPATHWAYS_20250810%WP536%HOMO SAPIENS		86	-0.39307347	-1.3764896	0.046901174	0.4241223	1.0	1799	tags=22%, list=13%, signal=25%	
CARBOXYLIC ACID TRANSPORT%GOBP%GO:0046942	CARBOXYLIC ACID TRANSPORT%GOBP%GO:0046942		156	-0.36285076	-1.3760973	0.021207178	0.4244347	1.0	1677	tags=22%, list=12%, signal=25%	
ACYLGLYCEROL HOMEOSTASIS%GOBP%GO:0055090	ACYLGLYCEROL HOMEOSTASIS%GOBP%GO:0055090		24	-0.5031815	-1.3732107	0.09490334	0.43128234	1.0	1380	tags=25%, list=10%, signal=28%	
CHOLESTEROL BIOSYNTHESIS PATHWAY IN HEPATOCYTES%WIKIPATHWAYS_20250810%WP5329%HOMO SAPIENS	CHOLESTEROL BIOSYNTHESIS PATHWAY IN HEPATOCYTES%WIKIPATHWAYS_20250810%WP5329%HOMO SAPIENS		35	-0.46231163	-1.3727769	0.08791209	0.4317121	1.0	2262	tags=40%, list=17%, signal=48%	
FORMATION OF FIBRIN CLOT (CLOTTING CASCADE)%REACTOME DATABASE ID RELEASE 93%140877	FORMATION OF FIBRIN CLOT (CLOTTING CASCADE)%REACTOME DATABASE ID RELEASE 93%140877		22	-0.50814503	-1.3725613	0.10076046	0.43154114	1.0	1536	tags=27%, list=11%, signal=31%	
TRABECULA MORPHOGENESIS%GOBP%GO:0061383	TRABECULA MORPHOGENESIS%GOBP%GO:0061383		21	-0.5156731	-1.3700259	0.08912656	0.4375507	1.0	2052	tags=33%, list=15%, signal=39%	
SPLICEOSOMAL COMPLEX ASSEMBLY%GOBP%GO:0000245	SPLICEOSOMAL COMPLEX ASSEMBLY%GOBP%GO:0000245		65	-0.4055989	-1.3696079	0.05811966	0.43793377	1.0	4435	tags=49%, list=33%, signal=73%	
BETA-CATENIN PHOSPHORYLATION CASCADE%REACTOME%R-HSA-196299.3	BETA-CATENIN PHOSPHORYLATION CASCADE%REACTOME%R-HSA-196299.3		17	-0.53854376	-1.3693789	0.115248226	0.43779656	1.0	918	tags=18%, list=7%, signal=19%	
NUCLEAR EVENTS STIMULATED BY ALK SIGNALING IN CANCER%REACTOME DATABASE ID RELEASE 93%9725371	NUCLEAR EVENTS STIMULATED BY ALK SIGNALING IN CANCER%REACTOME DATABASE ID RELEASE 93%9725371		32	-0.46726352	-1.3681237	0.083769634	0.44032443	1.0	1757	tags=31%, list=13%, signal=36%	
REGULATION OF MITF-M-DEPENDENT GENES INVOLVED IN CELL CYCLE AND PROLIFERATION%REACTOME DATABASE ID RELEASE 93%9825892	REGULATION OF MITF-M-DEPENDENT GENES INVOLVED IN CELL CYCLE AND PROLIFERATION%REACTOME DATABASE ID RELEASE 93%9825892		16	-0.5576467	-1.366678	0.09541985	0.44358236	1.0	988	tags=25%, list=7%, signal=27%	
RIBOSOMAL SMALL SUBUNIT ASSEMBLY%GOBP%GO:0000028	RIBOSOMAL SMALL SUBUNIT ASSEMBLY%GOBP%GO:0000028		18	-0.53531456	-1.3654811	0.11673152	0.44609183	1.0	4239	tags=56%, list=31%, signal=81%	
RESPONSE TO PURINE-CONTAINING COMPOUND%GOBP%GO:0014074	RESPONSE TO PURINE-CONTAINING COMPOUND%GOBP%GO:0014074		58	-0.4213699	-1.3648477	0.07023411	0.44714308	1.0	693	tags=17%, list=5%, signal=18%	
POSITIVE REGULATION OF INTERLEUKIN-10 PRODUCTION%GOBP%GO:0032733	POSITIVE REGULATION OF INTERLEUKIN-10 PRODUCTION%GOBP%GO:0032733		25	-0.4950464	-1.3648268	0.09059233	0.44643337	1.0	1680	tags=28%, list=12%, signal=32%	
REGULATION OF IMMUNOGLOBULIN PRODUCTION%GOBP%GO:0002637	REGULATION OF IMMUNOGLOBULIN PRODUCTION%GOBP%GO:0002637		36	-0.4588083	-1.3638662	0.08791209	0.44833633	1.0	1680	tags=22%, list=12%, signal=25%	
FORMATION OF THE BETA-CATENIN:TCF TRANSACTIVATING COMPLEX%REACTOME DATABASE ID RELEASE 93%201722	FORMATION OF THE BETA-CATENIN:TCF TRANSACTIVATING COMPLEX%REACTOME DATABASE ID RELEASE 93%201722		37	-0.45750135	-1.3627121	0.08422939	0.45084032	1.0	1185	tags=19%, list=9%, signal=21%	
PID_IL2_STAT5_PATHWAY%MSIGDB_C2%PID_IL2_STAT5_PATHWAY	PID_IL2_STAT5_PATHWAY%MSIGDB_C2%PID_IL2_STAT5_PATHWAY		24	-0.49985442	-1.3626696	0.101265825	0.4501913	1.0	1274	tags=25%, list=9%, signal=28%	
REGULATION OF VASOCONSTRICTION%GOBP%GO:0019229	REGULATION OF VASOCONSTRICTION%GOBP%GO:0019229		23	-0.49715608	-1.362017	0.122262776	0.45119062	1.0	884	tags=22%, list=7%, signal=23%	
NUCLEAR RNA DECAY%REACTOME%R-HSA-9930044.1	NUCLEAR RNA DECAY%REACTOME%R-HSA-9930044.1		35	-0.46714684	-1.361954	0.099644125	0.45058447	1.0	4181	tags=46%, list=31%, signal=66%	
POSITIVE REGULATION OF T CELL MEDIATED IMMUNITY%GOBP%GO:0002711	POSITIVE REGULATION OF T CELL MEDIATED IMMUNITY%GOBP%GO:0002711		45	-0.44191316	-1.3614904	0.066086955	0.45105174	1.0	1131	tags=18%, list=8%, signal=19%	
HEART TRABECULA MORPHOGENESIS%GOBP%GO:0061384	HEART TRABECULA MORPHOGENESIS%GOBP%GO:0061384		18	-0.53625256	-1.3611606	0.11645102	0.45117256	1.0	2052	tags=33%, list=15%, signal=39%	
SUMOYLATION OF TRANSCRIPTION COFACTORS%REACTOME DATABASE ID RELEASE 93%3899300	SUMOYLATION OF TRANSCRIPTION COFACTORS%REACTOME DATABASE ID RELEASE 93%3899300		41	-0.43817037	-1.3607745	0.088809945	0.4514612	1.0	2574	tags=24%, list=19%, signal=30%	
LONG-CHAIN FATTY-ACYL-COA METABOLIC PROCESS%GOBP%GO:0035336	LONG-CHAIN FATTY-ACYL-COA METABOLIC PROCESS%GOBP%GO:0035336		23	-0.50534976	-1.3604262	0.10193322	0.4516068	1.0	1855	tags=39%, list=14%, signal=45%	
CANONICAL NF-KAPPAB SIGNAL TRANSDUCTION%GOBP%GO:0007249	CANONICAL NF-KAPPAB SIGNAL TRANSDUCTION%GOBP%GO:0007249		31	-0.47649786	-1.3603911	0.09107468	0.4509647	1.0	1724	tags=23%, list=13%, signal=26%	
STRESS-ACTIVATED MAPK CASCADE%GOBP%GO:0051403	STRESS-ACTIVATED MAPK CASCADE%GOBP%GO:0051403		15	-0.54679275	-1.3593674	0.13345522	0.45300338	1.0	2350	tags=27%, list=17%, signal=32%	
TRIGLYCERIDE HOMEOSTASIS%GOBP%GO:0070328	TRIGLYCERIDE HOMEOSTASIS%GOBP%GO:0070328		24	-0.5031815	-1.3586142	0.077634014	0.45436132	1.0	1380	tags=25%, list=10%, signal=28%	
LEUKOCYTE CELL-CELL ADHESION%GOBP%GO:0007159	LEUKOCYTE CELL-CELL ADHESION%GOBP%GO:0007159		44	-0.43029323	-1.3584276	0.07599309	0.4540743	1.0	1002	tags=30%, list=7%, signal=32%	
LYMPHOCYTE COSTIMULATION%GOBP%GO:0031294	LYMPHOCYTE COSTIMULATION%GOBP%GO:0031294		33	-0.45775083	-1.3583633	0.09824561	0.4535039	1.0	2406	tags=36%, list=18%, signal=44%	
T CELL RECEPTOR SIGNALING%WIKIPATHWAYS_20250810%WP69%HOMO SAPIENS	T CELL RECEPTOR SIGNALING%WIKIPATHWAYS_20250810%WP69%HOMO SAPIENS		64	-0.4074729	-1.3580883	0.048076924	0.45344636	1.0	992	tags=17%, list=7%, signal=18%	
22Q11 2 DISTAL CNV%WIKIPATHWAYS_20250810%WP5546%HOMO SAPIENS	22Q11 2 DISTAL CNV%WIKIPATHWAYS_20250810%WP5546%HOMO SAPIENS		95	-0.3835056	-1.357434	0.04682274	0.4544999	1.0	3268	tags=44%, list=24%, signal=58%	
POSITIVE REGULATION OF NF-KAPPAB TRANSCRIPTION FACTOR ACTIVITY%GOBP%GO:0051092	POSITIVE REGULATION OF NF-KAPPAB TRANSCRIPTION FACTOR ACTIVITY%GOBP%GO:0051092		66	-0.40905198	-1.3569537	0.06375839	0.4551688	1.0	1254	tags=15%, list=9%, signal=17%	
REGULATION OF SYNAPSE ASSEMBLY%GOBP%GO:0051963	REGULATION OF SYNAPSE ASSEMBLY%GOBP%GO:0051963		61	-0.41372105	-1.3568898	0.061946902	0.4545911	1.0	2002	tags=28%, list=15%, signal=33%	
PHOSPHATIDIC ACID METABOLIC PROCESS%GOBP%GO:0046473	PHOSPHATIDIC ACID METABOLIC PROCESS%GOBP%GO:0046473		28	-0.4843171	-1.3568039	0.11	0.45407006	1.0	2167	tags=39%, list=16%, signal=47%	
PROTEIN INSERTION INTO MITOCHONDRIAL INNER MEMBRANE%GOBP%GO:0045039	PROTEIN INSERTION INTO MITOCHONDRIAL INNER MEMBRANE%GOBP%GO:0045039		16	-0.5381149	-1.354522	0.13562387	0.45974338	1.0	2737	tags=31%, list=20%, signal=39%	
NEUROINFLAMMATION AND GLUTAMATERGIC SIGNALING%WIKIPATHWAYS_20250810%WP5083%HOMO SAPIENS	NEUROINFLAMMATION AND GLUTAMATERGIC SIGNALING%WIKIPATHWAYS_20250810%WP5083%HOMO SAPIENS		83	-0.38854742	-1.3544688	0.053264603	0.45912963	1.0	1629	tags=23%, list=12%, signal=26%	
EGF RECEPTOR SIGNALING PATHWAY%PANTHER PATHWAY%P00018	EGF RECEPTOR SIGNALING PATHWAY%PANTHER PATHWAY%P00018		81	-0.39150178	-1.3543633	0.049833886	0.458678	1.0	2212	tags=22%, list=16%, signal=26%	
ADIPOGENESIS%WIKIPATHWAYS_20250810%WP236%HOMO SAPIENS	ADIPOGENESIS%WIKIPATHWAYS_20250810%WP236%HOMO SAPIENS		93	-0.38614684	-1.354059	0.041025642	0.45879483	1.0	1583	tags=23%, list=12%, signal=25%	
NUTRIENT STORAGE%GOBP%GO:0170062	NUTRIENT STORAGE%GOBP%GO:0170062		29	-0.47141927	-1.3537483	0.12262522	0.45892444	1.0	519	tags=17%, list=4%, signal=18%	
PHOTOTRANSDUCTION%GOBP%GO:0007602	PHOTOTRANSDUCTION%GOBP%GO:0007602		15	-0.55568504	-1.3536156	0.11257035	0.4585443	1.0	1153	tags=27%, list=9%, signal=29%	
D-GLUCOSE TRANSMEMBRANE TRANSPORT%GOBP%GO:1904659	D-GLUCOSE TRANSMEMBRANE TRANSPORT%GOBP%GO:1904659		20	-0.5104241	-1.3536029	0.11028037	0.45782045	1.0	426	tags=15%, list=3%, signal=15%	
GLYPICAN 1 NETWORK%PATHWAY INTERACTION DATABASE NCI-NATURE CURATED DATA%GLYPICAN 1 NETWORK	GLYPICAN 1 NETWORK%PATHWAY INTERACTION DATABASE NCI-NATURE CURATED DATA%GLYPICAN 1 NETWORK		23	-0.49979112	-1.3534003	0.113879	0.4576899	1.0	1671	tags=35%, list=12%, signal=40%	
REGULATION OF RECEPTOR SIGNALING PATHWAY VIA STAT%GOBP%GO:1904892	REGULATION OF RECEPTOR SIGNALING PATHWAY VIA STAT%GOBP%GO:1904892		53	-0.41919953	-1.3529261	0.06554622	0.4582637	1.0	1175	tags=21%, list=9%, signal=23%	
RRNA PROCESSING%GOBP%GO:0006364	RRNA PROCESSING%GOBP%GO:0006364		154	-0.36198428	-1.3527972	0.026645768	0.45786822	1.0	4240	tags=42%, list=31%, signal=60%	
DISORDERS OF BILE ACID SYNTHESIS AND BILIARY TRANSPORT%WIKIPATHWAYS_20250810%WP5176%HOMO SAPIENS	DISORDERS OF BILE ACID SYNTHESIS AND BILIARY TRANSPORT%WIKIPATHWAYS_20250810%WP5176%HOMO SAPIENS		15	-0.55552894	-1.3519698	0.13368984	0.45942932	1.0	64	tags=13%, list=0%, signal=13%	
PROTEINOGENIC AMINO ACID METABOLIC PROCESS%GOBP%GO:0170039	PROTEINOGENIC AMINO ACID METABOLIC PROCESS%GOBP%GO:0170039		105	-0.37956107	-1.3514379	0.058430716	0.46019533	1.0	1533	tags=20%, list=11%, signal=22%	
ALPHA-AMINO ACID BIOSYNTHETIC PROCESS%GOBP%GO:1901607	ALPHA-AMINO ACID BIOSYNTHETIC PROCESS%GOBP%GO:1901607		41	-0.44335368	-1.3513895	0.09913044	0.45959353	1.0	1704	tags=27%, list=13%, signal=31%	
ADHERENS JUNCTION ORGANIZATION%GOBP%GO:0034332	ADHERENS JUNCTION ORGANIZATION%GOBP%GO:0034332		27	-0.48179075	-1.3508689	0.1059246	0.46026805	1.0	1261	tags=22%, list=9%, signal=24%	
PID_IL23_PATHWAY%MSIGDB_C2%PID_IL23_PATHWAY	PID_IL23_PATHWAY%MSIGDB_C2%PID_IL23_PATHWAY		22	-0.5070678	-1.3506461	0.13019891	0.46016985	1.0	785	tags=32%, list=6%, signal=34%	
REGULATION OF B CELL PROLIFERATION%GOBP%GO:0030888	REGULATION OF B CELL PROLIFERATION%GOBP%GO:0030888		36	-0.45497072	-1.3492539	0.09625668	0.46316364	1.0	1836	tags=31%, list=14%, signal=35%	
SENSORY PERCEPTION OF CHEMICAL STIMULUS%GOBP%GO:0007606	SENSORY PERCEPTION OF CHEMICAL STIMULUS%GOBP%GO:0007606		32	-0.4610124	-1.3487837	0.08885018	0.46365687	1.0	953	tags=19%, list=7%, signal=20%	
NEGATIVE REGULATION OF EXTRINSIC APOPTOTIC SIGNALING PATHWAY IN ABSENCE OF LIGAND%GOBP%GO:2001240	NEGATIVE REGULATION OF EXTRINSIC APOPTOTIC SIGNALING PATHWAY IN ABSENCE OF LIGAND%GOBP%GO:2001240		19	-0.51146597	-1.3481975	0.12347826	0.46458447	1.0	1193	tags=21%, list=9%, signal=23%	
CELL SURFACE PATTERN RECOGNITION RECEPTOR SIGNALING PATHWAY%GOBP%GO:0002752	CELL SURFACE PATTERN RECOGNITION RECEPTOR SIGNALING PATHWAY%GOBP%GO:0002752		36	-0.44867802	-1.3475285	0.096551724	0.4656622	1.0	761	tags=19%, list=6%, signal=21%	
NUCLEAR MIGRATION%GOBP%GO:0007097	NUCLEAR MIGRATION%GOBP%GO:0007097		19	-0.52415144	-1.3474083	0.10296684	0.46522534	1.0	1920	tags=37%, list=14%, signal=43%	
DEACTIVATION OF THE BETA-CATENIN TRANSACTIVATING COMPLEX%REACTOME%R-HSA-3769402.5	DEACTIVATION OF THE BETA-CATENIN TRANSACTIVATING COMPLEX%REACTOME%R-HSA-3769402.5		39	-0.44197023	-1.3473258	0.09031199	0.46467525	1.0	4087	tags=44%, list=30%, signal=62%	
REGULATION OF RESPONSE TO OXIDATIVE STRESS%GOBP%GO:1902882	REGULATION OF RESPONSE TO OXIDATIVE STRESS%GOBP%GO:1902882		19	-0.51669127	-1.3465409	0.13123845	0.46614772	1.0	95	tags=11%, list=1%, signal=11%	
POSITIVE REGULATION OF NEUTROPHIL MIGRATION%GOBP%GO:1902624	POSITIVE REGULATION OF NEUTROPHIL MIGRATION%GOBP%GO:1902624		23	-0.49916202	-1.3445894	0.12477396	0.4709659	1.0	738	tags=26%, list=5%, signal=28%	
BIOCARTA_PPARA_PATHWAY%MSIGDB_C2%BIOCARTA_PPARA_PATHWAY	BIOCARTA_PPARA_PATHWAY%MSIGDB_C2%BIOCARTA_PPARA_PATHWAY		36	-0.4432963	-1.3442823	0.09893993	0.47103348	1.0	976	tags=14%, list=7%, signal=15%	
REGULATION OF COLD-INDUCED THERMOGENESIS%GOBP%GO:0120161	REGULATION OF COLD-INDUCED THERMOGENESIS%GOBP%GO:0120161		130	-0.36223528	-1.3436724	0.043062203	0.47188663	1.0	985	tags=18%, list=7%, signal=19%	
ALCOHOL METABOLIC PROCESS%GOBP%GO:0006066	ALCOHOL METABOLIC PROCESS%GOBP%GO:0006066		167	-0.35111466	-1.3433778	0.03652968	0.47194085	1.0	2744	tags=32%, list=20%, signal=39%	
B CELL ACTIVATION INVOLVED IN IMMUNE RESPONSE%GOBP%GO:0002312	B CELL ACTIVATION INVOLVED IN IMMUNE RESPONSE%GOBP%GO:0002312		27	-0.49165562	-1.3432806	0.11891892	0.47145775	1.0	1421	tags=22%, list=10%, signal=25%	
T CELL RECEPTOR AND CO STIMULATORY SIGNALING%WIKIPATHWAYS_20250810%WP2583%HOMO SAPIENS	T CELL RECEPTOR AND CO STIMULATORY SIGNALING%WIKIPATHWAYS_20250810%WP2583%HOMO SAPIENS		20	-0.5140383	-1.3423226	0.11545293	0.47338772	1.0	2093	tags=30%, list=15%, signal=35%	
HALLMARK_ADIPOGENESIS%MSIGDBHALLMARK%HALLMARK_ADIPOGENESIS	HALLMARK_ADIPOGENESIS%MSIGDBHALLMARK%HALLMARK_ADIPOGENESIS		160	-0.3508987	-1.3419057	0.045101088	0.47377637	1.0	2325	tags=30%, list=17%, signal=36%	
REGULATION OF ALPHA-BETA T CELL PROLIFERATION%GOBP%GO:0046640	REGULATION OF ALPHA-BETA T CELL PROLIFERATION%GOBP%GO:0046640		20	-0.5097428	-1.3418658	0.11130742	0.47314793	1.0	1307	tags=25%, list=10%, signal=28%	
REGULATION OF GLUCOSE METABOLIC PROCESS%GOBP%GO:0010906	REGULATION OF GLUCOSE METABOLIC PROCESS%GOBP%GO:0010906		56	-0.40948915	-1.3409292	0.08888889	0.4750296	1.0	1629	tags=21%, list=12%, signal=24%	
NETWORK MAP OF SARS COV 2 SIGNALING%WIKIPATHWAYS_20250810%WP5115%HOMO SAPIENS	NETWORK MAP OF SARS COV 2 SIGNALING%WIKIPATHWAYS_20250810%WP5115%HOMO SAPIENS		173	-0.35333318	-1.3408747	0.028037382	0.47443613	1.0	929	tags=17%, list=7%, signal=18%	
L-AMINO ACID METABOLIC PROCESS%GOBP%GO:0170033	L-AMINO ACID METABOLIC PROCESS%GOBP%GO:0170033		109	-0.36968637	-1.3401617	0.06065574	0.47572353	1.0	1533	tags=20%, list=11%, signal=23%	
AGE RELATED MACULAR DEGENERATION%WIKIPATHWAYS_20250810%WP5526%HOMO SAPIENS	AGE RELATED MACULAR DEGENERATION%WIKIPATHWAYS_20250810%WP5526%HOMO SAPIENS		15	-0.5451053	-1.338174	0.12593985	0.48070335	1.0	1380	tags=13%, list=10%, signal=15%	
PURINE RIBONUCLEOTIDE METABOLIC PROCESS%GOBP%GO:0009150	PURINE RIBONUCLEOTIDE METABOLIC PROCESS%GOBP%GO:0009150		181	-0.3442138	-1.3376472	0.025954198	0.48143566	1.0	2936	tags=34%, list=22%, signal=43%	
DETECTION OF STIMULUS INVOLVED IN SENSORY PERCEPTION%GOBP%GO:0050906	DETECTION OF STIMULUS INVOLVED IN SENSORY PERCEPTION%GOBP%GO:0050906		42	-0.44009325	-1.3372868	0.085409254	0.48166698	1.0	2878	tags=45%, list=21%, signal=57%	
POSITIVE REGULATION OF DEVELOPMENTAL GROWTH%GOBP%GO:0048639	POSITIVE REGULATION OF DEVELOPMENTAL GROWTH%GOBP%GO:0048639		56	-0.40961528	-1.3363065	0.07329843	0.48363793	1.0	1735	tags=29%, list=13%, signal=33%	
NEGATIVE REGULATION OF REACTIVE OXYGEN SPECIES METABOLIC PROCESS%GOBP%GO:2000378	NEGATIVE REGULATION OF REACTIVE OXYGEN SPECIES METABOLIC PROCESS%GOBP%GO:2000378		19	-0.5107503	-1.336165	0.12307692	0.483284	1.0	1893	tags=32%, list=14%, signal=37%	
LIPID STORAGE%GOBP%GO:0019915	LIPID STORAGE%GOBP%GO:0019915		29	-0.47141927	-1.3355204	0.109848484	0.48442602	1.0	519	tags=17%, list=4%, signal=18%	
CHILD SYNDROME%PATHWHIZ%PW000096	CHILD SYNDROME%PATHWHIZ%PW000096		21	-0.49035874	-1.3344266	0.12769784	0.48686668	1.0	3915	tags=57%, list=29%, signal=80%	
SINGLE FERTILIZATION%GOBP%GO:0007338	SINGLE FERTILIZATION%GOBP%GO:0007338		41	-0.44190666	-1.3343498	0.10204082	0.4863209	1.0	1236	tags=20%, list=9%, signal=21%	
SOMATIC CELL DNA RECOMBINATION%GOBP%GO:0016444	SOMATIC CELL DNA RECOMBINATION%GOBP%GO:0016444		21	-0.49060225	-1.3333997	0.12021858	0.48825943	1.0	2367	tags=24%, list=17%, signal=29%	
IL2 SIGNALING EVENTS MEDIATED BY STAT5%PATHWAY INTERACTION DATABASE NCI-NATURE CURATED DATA%IL2 SIGNALING EVENTS MEDIATED BY STAT5	IL2 SIGNALING EVENTS MEDIATED BY STAT5%PATHWAY INTERACTION DATABASE NCI-NATURE CURATED DATA%IL2 SIGNALING EVENTS MEDIATED BY STAT5		26	-0.48688763	-1.3333535	0.12177122	0.48765454	1.0	1626	tags=27%, list=12%, signal=31%	
NEGATIVE REGULATION OF RECEPTOR SIGNALING PATHWAY VIA STAT%GOBP%GO:1904893	NEGATIVE REGULATION OF RECEPTOR SIGNALING PATHWAY VIA STAT%GOBP%GO:1904893		18	-0.52237844	-1.3328054	0.13736264	0.4884574	1.0	1175	tags=28%, list=9%, signal=30%	
LONG-CHAIN FATTY ACID BIOSYNTHETIC PROCESS%GOBP%GO:0042759	LONG-CHAIN FATTY ACID BIOSYNTHETIC PROCESS%GOBP%GO:0042759		16	-0.53382003	-1.3326963	0.12137681	0.48802102	1.0	2011	tags=50%, list=15%, signal=59%	
REGULATION OF BLOOD PRESSURE%GOBP%GO:0008217	REGULATION OF BLOOD PRESSURE%GOBP%GO:0008217		68	-0.3912383	-1.33253	0.08166666	0.4877564	1.0	879	tags=19%, list=6%, signal=20%	
FLUVASTATIN ACTION PATHWAY%PATHWHIZ%PW000274	FLUVASTATIN ACTION PATHWAY%PATHWHIZ%PW000274		21	-0.49035874	-1.3325279	0.13090909	0.48701575	1.0	3915	tags=57%, list=29%, signal=80%	
VASCULAR PROCESS IN CIRCULATORY SYSTEM%GOBP%GO:0003018	VASCULAR PROCESS IN CIRCULATORY SYSTEM%GOBP%GO:0003018		150	-0.35250723	-1.3315545	0.03548387	0.48900008	1.0	1637	tags=23%, list=12%, signal=26%	
POSITIVE REGULATION OF SMALL MOLECULE METABOLIC PROCESS%GOBP%GO:0062013	POSITIVE REGULATION OF SMALL MOLECULE METABOLIC PROCESS%GOBP%GO:0062013		105	-0.36871934	-1.331041	0.053691275	0.48970655	1.0	1643	tags=24%, list=12%, signal=27%	
SYNTHESIS OF BILE ACIDS AND BILE SALTS%REACTOME%R-HSA-192105.4	SYNTHESIS OF BILE ACIDS AND BILE SALTS%REACTOME%R-HSA-192105.4		26	-0.48001948	-1.3309478	0.12614259	0.48923287	1.0	64	tags=8%, list=0%, signal=8%	
RRNA METABOLIC PROCESS%GOBP%GO:0016072	RRNA METABOLIC PROCESS%GOBP%GO:0016072		185	-0.33893743	-1.3302097	0.040498443	0.4905611	1.0	4181	tags=38%, list=31%, signal=55%	
BIOCARTA_NUCLEARRS_PATHWAY%MSIGDB_C2%BIOCARTA_NUCLEARRS_PATHWAY	BIOCARTA_NUCLEARRS_PATHWAY%MSIGDB_C2%BIOCARTA_NUCLEARRS_PATHWAY		19	-0.5168841	-1.3291658	0.1420765	0.4927693	1.0	2242	tags=58%, list=17%, signal=69%	
BICARBONATE TRANSPORT%GOBP%GO:0015701	BICARBONATE TRANSPORT%GOBP%GO:0015701		19	-0.51653373	-1.3287779	0.1271777	0.49309635	1.0	1481	tags=37%, list=11%, signal=41%	
POSITIVE REGULATION OF ENDOTHELIAL CELL PROLIFERATION%GOBP%GO:0001938	POSITIVE REGULATION OF ENDOTHELIAL CELL PROLIFERATION%GOBP%GO:0001938		60	-0.39869717	-1.328745	0.07734807	0.49245065	1.0	1626	tags=27%, list=12%, signal=30%	
IL2%NETPATH%IL2	IL2%NETPATH%IL2		57	-0.41252157	-1.3286264	0.09531773	0.4920271	1.0	2554	tags=30%, list=19%, signal=37%	
RESPONSE TO GROWTH HORMONE%GOBP%GO:0060416	RESPONSE TO GROWTH HORMONE%GOBP%GO:0060416		20	-0.50308585	-1.3274292	0.12862319	0.49465808	1.0	3149	tags=45%, list=23%, signal=59%	
SIGNALLING TO RAS%REACTOME%R-HSA-167044.6	SIGNALLING TO RAS%REACTOME%R-HSA-167044.6		15	-0.54252875	-1.3273654	0.13676731	0.49411088	1.0	2212	tags=40%, list=16%, signal=48%	
INTERLEUKIN-3, INTERLEUKIN-5 AND GM-CSF SIGNALING%REACTOME DATABASE ID RELEASE 93%512988	INTERLEUKIN-3, INTERLEUKIN-5 AND GM-CSF SIGNALING%REACTOME DATABASE ID RELEASE 93%512988		39	-0.43915138	-1.3273009	0.09450172	0.49355057	1.0	2792	tags=41%, list=21%, signal=52%	
SMITH-LEMLI-OPITZ SYNDROME (SLOS)%PATHWHIZ%PW000095	SMITH-LEMLI-OPITZ SYNDROME (SLOS)%PATHWHIZ%PW000095		21	-0.49035874	-1.3261662	0.12477064	0.49607804	1.0	3915	tags=57%, list=29%, signal=80%	
POSITIVE REGULATION OF LIPID BIOSYNTHETIC PROCESS%GOBP%GO:0046889	POSITIVE REGULATION OF LIPID BIOSYNTHETIC PROCESS%GOBP%GO:0046889		66	-0.389039	-1.3253833	0.077186964	0.49753627	1.0	1807	tags=26%, list=13%, signal=30%	
SARS-COV-2-HOST INTERACTIONS%REACTOME%R-HSA-9705683.4	SARS-COV-2-HOST INTERACTIONS%REACTOME%R-HSA-9705683.4		168	-0.3460517	-1.3245401	0.040387724	0.49919692	1.0	3131	tags=30%, list=23%, signal=39%	
NUCLEAR RECEPTORS%WIKIPATHWAYS_20250810%WP170%HOMO SAPIENS	NUCLEAR RECEPTORS%WIKIPATHWAYS_20250810%WP170%HOMO SAPIENS		22	-0.4876834	-1.3245116	0.13976705	0.49853373	1.0	1969	tags=36%, list=15%, signal=42%	
DEVELOPMENTAL MATURATION%GOBP%GO:0021700	DEVELOPMENTAL MATURATION%GOBP%GO:0021700		99	-0.37626943	-1.3244722	0.050251257	0.49789754	1.0	3149	tags=35%, list=23%, signal=46%	
CANNABINOID RECEPTOR SIGNALING%WIKIPATHWAYS_20250810%WP3869%HOMO SAPIENS	CANNABINOID RECEPTOR SIGNALING%WIKIPATHWAYS_20250810%WP3869%HOMO SAPIENS		20	-0.5023686	-1.3244159	0.13661203	0.49728385	1.0	2212	tags=35%, list=16%, signal=42%	
POSITIVE REGULATION OF INTRINSIC APOPTOTIC SIGNALING PATHWAY%GOBP%GO:2001244	POSITIVE REGULATION OF INTRINSIC APOPTOTIC SIGNALING PATHWAY%GOBP%GO:2001244		40	-0.4338776	-1.3244071	0.115384616	0.49655917	1.0	2795	tags=33%, list=21%, signal=41%	
REGULATION OF CHOLESTEROL METABOLIC PROCESS%GOBP%GO:0090181	REGULATION OF CHOLESTEROL METABOLIC PROCESS%GOBP%GO:0090181		33	-0.45394844	-1.3231206	0.097103916	0.4995446	1.0	2893	tags=42%, list=21%, signal=54%	
PPARA ACTIVATES GENE EXPRESSION%REACTOME%R-HSA-1989781.6	PPARA ACTIVATES GENE EXPRESSION%REACTOME%R-HSA-1989781.6		103	-0.36515194	-1.3228282	0.06521739	0.49965718	1.0	1910	tags=17%, list=14%, signal=19%	
EPIGENETIC REGULATION BY WDR5-CONTAINING HISTONE MODIFYING COMPLEXES%REACTOME DATABASE ID RELEASE 93%9917777	EPIGENETIC REGULATION BY WDR5-CONTAINING HISTONE MODIFYING COMPLEXES%REACTOME DATABASE ID RELEASE 93%9917777		110	-0.36804354	-1.3228233	0.055	0.49893084	1.0	4179	tags=38%, list=31%, signal=55%	
ALENDRONATE ACTION PATHWAY%PATHWHIZ%PW000137	ALENDRONATE ACTION PATHWAY%PATHWHIZ%PW000137		21	-0.49035874	-1.3226409	0.14150943	0.49867696	1.0	3915	tags=57%, list=29%, signal=80%	
ESTABLISHMENT OF ENDOTHELIAL BARRIER%GOBP%GO:0061028	ESTABLISHMENT OF ENDOTHELIAL BARRIER%GOBP%GO:0061028		23	-0.4894678	-1.3225024	0.1252236	0.49831644	1.0	3468	tags=48%, list=26%, signal=64%	
NUCLEOTIDE-BINDING DOMAIN, LEUCINE RICH REPEAT CONTAINING RECEPTOR (NLR) SIGNALING PATHWAYS%REACTOME%R-HSA-168643.3	NUCLEOTIDE-BINDING DOMAIN, LEUCINE RICH REPEAT CONTAINING RECEPTOR (NLR) SIGNALING PATHWAYS%REACTOME%R-HSA-168643.3		50	-0.40522632	-1.3201426	0.090121314	0.50432014	1.0	3106	tags=34%, list=23%, signal=44%	
RIBONUCLEOTIDE METABOLIC PROCESS%GOBP%GO:0009259	RIBONUCLEOTIDE METABOLIC PROCESS%GOBP%GO:0009259		197	-0.3352265	-1.319796	0.03267974	0.5045436	1.0	3584	tags=39%, list=26%, signal=52%	
RIBOSOME ASSEMBLY%GOBP%GO:0042255	RIBOSOME ASSEMBLY%GOBP%GO:0042255		55	-0.40680417	-1.3193237	0.101265825	0.5050981	1.0	4239	tags=45%, list=31%, signal=66%	
POSITIVE REGULATION OF VASCULAR ENDOTHELIAL GROWTH FACTOR PRODUCTION%GOBP%GO:0010575	POSITIVE REGULATION OF VASCULAR ENDOTHELIAL GROWTH FACTOR PRODUCTION%GOBP%GO:0010575		23	-0.4922151	-1.3187221	0.1393298	0.5059808	1.0	1633	tags=35%, list=12%, signal=39%	
POSITIVE REGULATION OF LEUKOCYTE APOPTOTIC PROCESS%GOBP%GO:2000108	POSITIVE REGULATION OF LEUKOCYTE APOPTOTIC PROCESS%GOBP%GO:2000108		17	-0.52331454	-1.3181802	0.13957597	0.5067783	1.0	1459	tags=41%, list=11%, signal=46%	
DAP12 INTERACTIONS%REACTOME DATABASE ID RELEASE 93%2172127	DAP12 INTERACTIONS%REACTOME DATABASE ID RELEASE 93%2172127		33	-0.45018652	-1.3176044	0.116838485	0.5077089	1.0	678	tags=18%, list=5%, signal=19%	
NEUTROPHIL ACTIVATION%GOBP%GO:0042119	NEUTROPHIL ACTIVATION%GOBP%GO:0042119		19	-0.51728624	-1.3172952	0.1459854	0.50781924	1.0	1399	tags=32%, list=10%, signal=35%	
EMBRYONIC HEART TUBE DEVELOPMENT%GOBP%GO:0035050	EMBRYONIC HEART TUBE DEVELOPMENT%GOBP%GO:0035050		36	-0.43799224	-1.3163904	0.11334552	0.5097656	1.0	1137	tags=11%, list=8%, signal=12%	
INFLUENCE OF LAMINOPATHIES ON WNT SIGNALING%WIKIPATHWAYS_20250810%WP4844%HOMO SAPIENS	INFLUENCE OF LAMINOPATHIES ON WNT SIGNALING%WIKIPATHWAYS_20250810%WP4844%HOMO SAPIENS		28	-0.46090734	-1.3161722	0.11785095	0.5097027	1.0	714	tags=18%, list=5%, signal=19%	
METABOLISM OF VITAMINS AND COFACTORS%REACTOME%R-HSA-196854.8	METABOLISM OF VITAMINS AND COFACTORS%REACTOME%R-HSA-196854.8		161	-0.34532547	-1.3150891	0.036363635	0.51213473	1.0	1191	tags=18%, list=9%, signal=20%	
NRP1 TRIGGERED SIGNALING IN PANCREATIC CANCER %WIKIPATHWAYS_20250810%WP5144%HOMO SAPIENS	NRP1 TRIGGERED SIGNALING IN PANCREATIC CANCER %WIKIPATHWAYS_20250810%WP5144%HOMO SAPIENS		42	-0.4285775	-1.3148571	0.1133829	0.51202846	1.0	1212	tags=17%, list=9%, signal=18%	
PRAVASTATIN ACTION PATHWAY%SMPDB%SMP0000089	PRAVASTATIN ACTION PATHWAY%SMPDB%SMP0000089		21	-0.49035874	-1.3147986	0.14054054	0.5114377	1.0	3915	tags=57%, list=29%, signal=80%	
HALLMARK_MTORC1_SIGNALING%MSIGDBHALLMARK%HALLMARK_MTORC1_SIGNALING	HALLMARK_MTORC1_SIGNALING%MSIGDBHALLMARK%HALLMARK_MTORC1_SIGNALING		148	-0.34490648	-1.314634	0.047463175	0.51117104	1.0	1466	tags=17%, list=11%, signal=19%	
HIPPO SIGNALING REGULATION%WIKIPATHWAYS_20250810%WP4540%HOMO SAPIENS	HIPPO SIGNALING REGULATION%WIKIPATHWAYS_20250810%WP4540%HOMO SAPIENS		60	-0.40124363	-1.3142296	0.08163265	0.51163775	1.0	1652	tags=22%, list=12%, signal=25%	
CELL SURFACE INTERACTIONS AT THE VASCULAR WALL%REACTOME DATABASE ID RELEASE 93%202733	CELL SURFACE INTERACTIONS AT THE VASCULAR WALL%REACTOME DATABASE ID RELEASE 93%202733		99	-0.3711642	-1.3134753	0.0752	0.51304454	1.0	1422	tags=21%, list=10%, signal=24%	
PRION DISEASE PATHWAY%WIKIPATHWAYS_20250810%WP3995%HOMO SAPIENS	PRION DISEASE PATHWAY%WIKIPATHWAYS_20250810%WP3995%HOMO SAPIENS		25	-0.48004222	-1.3132156	0.119266056	0.51301974	1.0	1276	tags=16%, list=9%, signal=18%	
NEGATIVE REGULATION OF SIGNAL TRANSDUCTION IN ABSENCE OF LIGAND%GOBP%GO:1901099	NEGATIVE REGULATION OF SIGNAL TRANSDUCTION IN ABSENCE OF LIGAND%GOBP%GO:1901099		19	-0.51146597	-1.3130533	0.1423221	0.51274765	1.0	1193	tags=21%, list=9%, signal=23%	
CIRCADIAN CLOCK%REACTOME%R-HSA-9909396.2	CIRCADIAN CLOCK%REACTOME%R-HSA-9909396.2		105	-0.36459392	-1.3129735	0.06634304	0.5122469	1.0	3962	tags=35%, list=29%, signal=49%	
SULFUR COMPOUND TRANSPORT%GOBP%GO:0072348	SULFUR COMPOUND TRANSPORT%GOBP%GO:0072348		40	-0.4338756	-1.31271	0.10966543	0.5122963	1.0	1911	tags=25%, list=14%, signal=29%	
MEVALONIC ACIDURIA%SMPDB%SMP0000510	MEVALONIC ACIDURIA%SMPDB%SMP0000510		21	-0.49035874	-1.3126739	0.14157706	0.5116637	1.0	3915	tags=57%, list=29%, signal=80%	
DESMOSTEROLOSIS%PATHWHIZ%PW000097	DESMOSTEROLOSIS%PATHWHIZ%PW000097		21	-0.49035874	-1.3126659	0.14602588	0.5109371	1.0	3915	tags=57%, list=29%, signal=80%	
CONSTITUTIVE SIGNALING BY LIGAND-RESPONSIVE EGFR CANCER VARIANTS%REACTOME%R-HSA-1236382.3	CONSTITUTIVE SIGNALING BY LIGAND-RESPONSIVE EGFR CANCER VARIANTS%REACTOME%R-HSA-1236382.3		17	-0.50913155	-1.3121564	0.14311926	0.5117208	1.0	2554	tags=35%, list=19%, signal=43%	
NUCLEAR RECEPTORS IN LIPID METABOLISM AND TOXICITY%WIKIPATHWAYS_20250810%WP299%HOMO SAPIENS	NUCLEAR RECEPTORS IN LIPID METABOLISM AND TOXICITY%WIKIPATHWAYS_20250810%WP299%HOMO SAPIENS		19	-0.5168841	-1.3119413	0.14236706	0.51156723	1.0	2242	tags=58%, list=17%, signal=69%	
SECONDARY ALCOHOL METABOLIC PROCESS%GOBP%GO:1902652	SECONDARY ALCOHOL METABOLIC PROCESS%GOBP%GO:1902652		65	-0.39281157	-1.3115072	0.07785467	0.51206815	1.0	2672	tags=32%, list=20%, signal=40%	
IBANDRONATE ACTION PATHWAY%SMPDB%SMP0000079	IBANDRONATE ACTION PATHWAY%SMPDB%SMP0000079		21	-0.49035874	-1.3112433	0.13957597	0.5120659	1.0	3915	tags=57%, list=29%, signal=80%	
PROSTAGLANDIN AND LEUKOTRIENE METABOLISM IN SENESCENCE %WIKIPATHWAYS_20250810%WP5122%HOMO SAPIENS	PROSTAGLANDIN AND LEUKOTRIENE METABOLISM IN SENESCENCE %WIKIPATHWAYS_20250810%WP5122%HOMO SAPIENS		21	-0.50053144	-1.3109499	0.16098484	0.512205	1.0	1746	tags=38%, list=13%, signal=44%	
GROWTH HORMONE SIGNALING PATHWAY%PATHWHIZ%PW064811	GROWTH HORMONE SIGNALING PATHWAY%PATHWHIZ%PW064811		19	-0.48983264	-1.3101635	0.1329588	0.5137329	1.0	1757	tags=32%, list=13%, signal=36%	
PAMIDRONATE ACTION PATHWAY%PATHWHIZ%PW000273	PAMIDRONATE ACTION PATHWAY%PATHWHIZ%PW000273		21	-0.49035874	-1.3099385	0.13774598	0.5136175	1.0	3915	tags=57%, list=29%, signal=80%	
PYRIMIDINE-CONTAINING COMPOUND CATABOLIC PROCESS%GOBP%GO:0072529	PYRIMIDINE-CONTAINING COMPOUND CATABOLIC PROCESS%GOBP%GO:0072529		21	-0.49308032	-1.3097122	0.12321428	0.5135768	1.0	1286	tags=24%, list=9%, signal=26%	
VASCULAR ENDOTHELIAL GROWTH FACTOR RECEPTOR SIGNALING PATHWAY%GOBP%GO:0048010	VASCULAR ENDOTHELIAL GROWTH FACTOR RECEPTOR SIGNALING PATHWAY%GOBP%GO:0048010		28	-0.46706897	-1.3092312	0.13089006	0.51421547	1.0	2490	tags=39%, list=18%, signal=48%	
T CELL COSTIMULATION%GOBP%GO:0031295	T CELL COSTIMULATION%GOBP%GO:0031295		32	-0.4462726	-1.3092234	0.12230216	0.5134983	1.0	2406	tags=34%, list=18%, signal=42%	
REGULATION OF TRIGLYCERIDE METABOLIC PROCESS%GOBP%GO:0090207	REGULATION OF TRIGLYCERIDE METABOLIC PROCESS%GOBP%GO:0090207		26	-0.4703521	-1.3071257	0.12455516	0.51899153	1.0	1539	tags=31%, list=11%, signal=35%	
MONONUCLEAR CELL MIGRATION%GOBP%GO:0071674	MONONUCLEAR CELL MIGRATION%GOBP%GO:0071674		68	-0.38856024	-1.3070284	0.08680555	0.51851666	1.0	886	tags=25%, list=7%, signal=27%	
CHOLESTERYL ESTER STORAGE DISEASE%SMPDB%SMP0000508	CHOLESTERYL ESTER STORAGE DISEASE%SMPDB%SMP0000508		21	-0.49035874	-1.3067117	0.13669065	0.5186952	1.0	3915	tags=57%, list=29%, signal=80%	
REGULATION OF CYTOKINE PRODUCTION INVOLVED IN IMMUNE RESPONSE%GOBP%GO:0002718	REGULATION OF CYTOKINE PRODUCTION INVOLVED IN IMMUNE RESPONSE%GOBP%GO:0002718		61	-0.3952389	-1.3066564	0.09965636	0.5181291	1.0	2356	tags=30%, list=17%, signal=36%	
ANTIMICROBIAL HUMORAL IMMUNE RESPONSE MEDIATED BY ANTIMICROBIAL PEPTIDE%GOBP%GO:0061844	ANTIMICROBIAL HUMORAL IMMUNE RESPONSE MEDIATED BY ANTIMICROBIAL PEPTIDE%GOBP%GO:0061844		34	-0.44241932	-1.3063686	0.12633452	0.5182122	1.0	473	tags=21%, list=3%, signal=21%	
MODULATION OF PROCESS OF ANOTHER ORGANISM%GOBP%GO:0035821	MODULATION OF PROCESS OF ANOTHER ORGANISM%GOBP%GO:0035821		86	-0.37724528	-1.3063598	0.07431341	0.5175008	1.0	1101	tags=14%, list=8%, signal=15%	
SIGNALING BY ERYTHROPOIETIN%REACTOME DATABASE ID RELEASE 93%9006335	SIGNALING BY ERYTHROPOIETIN%REACTOME DATABASE ID RELEASE 93%9006335		22	-0.4807458	-1.3061863	0.15285452	0.5172688	1.0	4344	tags=59%, list=32%, signal=87%	
NICOTINAMIDE NUCLEOTIDE METABOLIC PROCESS%GOBP%GO:0046496	NICOTINAMIDE NUCLEOTIDE METABOLIC PROCESS%GOBP%GO:0046496		78	-0.3767745	-1.3056246	0.081850536	0.518126	1.0	2582	tags=24%, list=19%, signal=30%	
POSITIVE REGULATION OF INTERLEUKIN-2 PRODUCTION%GOBP%GO:0032743	POSITIVE REGULATION OF INTERLEUKIN-2 PRODUCTION%GOBP%GO:0032743		24	-0.47831503	-1.305179	0.13483146	0.51866156	1.0	1186	tags=29%, list=9%, signal=32%	
NEGATIVE REGULATION OF RNA SPLICING%GOBP%GO:0033119	NEGATIVE REGULATION OF RNA SPLICING%GOBP%GO:0033119		20	-0.49612525	-1.3051527	0.1614679	0.5180017	1.0	4299	tags=50%, list=32%, signal=73%	
RESPIRATORY BURST%GOBP%GO:0045730	RESPIRATORY BURST%GOBP%GO:0045730		15	-0.53474146	-1.3042744	0.15957446	0.5199315	1.0	2053	tags=53%, list=15%, signal=63%	
TARGETED THERAPY IN BREAST CANCER%WIKIPATHWAYS_20250810%WP5496%HOMO SAPIENS	TARGETED THERAPY IN BREAST CANCER%WIKIPATHWAYS_20250810%WP5496%HOMO SAPIENS		20	-0.49612457	-1.3042662	0.11627907	0.51923066	1.0	821	tags=20%, list=6%, signal=21%	
ROSUVASTATIN ACTION PATHWAY%SMPDB%SMP0000092	ROSUVASTATIN ACTION PATHWAY%SMPDB%SMP0000092		21	-0.49035874	-1.3038489	0.13345522	0.5197272	1.0	3915	tags=57%, list=29%, signal=80%	
TRANSCRIPTIONAL REGULATION BY RUNX1%REACTOME DATABASE ID RELEASE 93%8878171	TRANSCRIPTIONAL REGULATION BY RUNX1%REACTOME DATABASE ID RELEASE 93%8878171		151	-0.34539708	-1.3036808	0.053882726	0.51948243	1.0	1877	tags=18%, list=14%, signal=21%	
NUCLEOSIDE TRIPHOSPHATE METABOLIC PROCESS%GOBP%GO:0009141	NUCLEOSIDE TRIPHOSPHATE METABOLIC PROCESS%GOBP%GO:0009141		146	-0.3446744	-1.3036704	0.037037037	0.51879185	1.0	4081	tags=42%, list=30%, signal=60%	
OLEFINIC COMPOUND METABOLIC PROCESS%GOBP%GO:0120254	OLEFINIC COMPOUND METABOLIC PROCESS%GOBP%GO:0120254		69	-0.38645512	-1.3024455	0.0952381	0.5216624	1.0	2140	tags=35%, list=16%, signal=41%	
REGULATION OF LIPID METABOLISM BY PPARALPHA%REACTOME%R-HSA-400206.8	REGULATION OF LIPID METABOLISM BY PPARALPHA%REACTOME%R-HSA-400206.8		104	-0.3636079	-1.3024148	0.06699347	0.5210222	1.0	1910	tags=16%, list=14%, signal=19%	
CARBOHYDRATE TRANSMEMBRANE TRANSPORT%GOBP%GO:0034219	CARBOHYDRATE TRANSMEMBRANE TRANSPORT%GOBP%GO:0034219		31	-0.44784504	-1.3021209	0.14690265	0.52114516	1.0	426	tags=13%, list=3%, signal=13%	
PROTEIN TRANSMEMBRANE TRANSPORT%GOBP%GO:0071806	PROTEIN TRANSMEMBRANE TRANSPORT%GOBP%GO:0071806		53	-0.4091745	-1.301866	0.0990991	0.52117753	1.0	3303	tags=40%, list=24%, signal=52%	
SOMATIC DIVERSIFICATION OF IMMUNE RECEPTORS VIA GERMLINE RECOMBINATION WITHIN A SINGLE LOCUS%GOBP%GO:0002562	SOMATIC DIVERSIFICATION OF IMMUNE RECEPTORS VIA GERMLINE RECOMBINATION WITHIN A SINGLE LOCUS%GOBP%GO:0002562		21	-0.49060225	-1.3013403	0.13344887	0.521994	1.0	2367	tags=24%, list=17%, signal=29%	
POSITIVE REGULATION OF MRNA SPLICING, VIA SPLICEOSOME%GOBP%GO:0048026	POSITIVE REGULATION OF MRNA SPLICING, VIA SPLICEOSOME%GOBP%GO:0048026		18	-0.49944243	-1.3012812	0.15009381	0.5214608	1.0	3612	tags=50%, list=27%, signal=68%	
CERIVASTATIN ACTION PATHWAY%PATHWHIZ%PW000271	CERIVASTATIN ACTION PATHWAY%PATHWHIZ%PW000271		21	-0.49035874	-1.3010565	0.1544256	0.52135056	1.0	3915	tags=57%, list=29%, signal=80%	
NEGATIVE REGULATION OF MET ACTIVITY%REACTOME%R-HSA-6807004.4	NEGATIVE REGULATION OF MET ACTIVITY%REACTOME%R-HSA-6807004.4		18	-0.498957	-1.3008293	0.15520282	0.5212885	1.0	2554	tags=39%, list=19%, signal=48%	
CELLULAR RESPONSE TO PEPTIDE HORMONE STIMULUS%GOBP%GO:0071375	CELLULAR RESPONSE TO PEPTIDE HORMONE STIMULUS%GOBP%GO:0071375		144	-0.34375787	-1.300766	0.051242236	0.5207517	1.0	908	tags=14%, list=7%, signal=15%	
REGULATION OF ENDOCYTOSIS%GOBP%GO:0030100	REGULATION OF ENDOCYTOSIS%GOBP%GO:0030100		195	-0.3358394	-1.3001846	0.0381558	0.52173495	1.0	1671	tags=22%, list=12%, signal=24%	
CONSTITUTIVE SIGNALING BY ABERRANT PI3K IN CANCER%REACTOME%R-HSA-2219530.3	CONSTITUTIVE SIGNALING BY ABERRANT PI3K IN CANCER%REACTOME%R-HSA-2219530.3		57	-0.406936	-1.3000175	0.10677966	0.52152085	1.0	1870	tags=33%, list=14%, signal=39%	
SIMVASTATIN ACTION PATHWAY%PATHWHIZ%PW000127	SIMVASTATIN ACTION PATHWAY%PATHWHIZ%PW000127		21	-0.49035874	-1.2998719	0.1489726	0.52123946	1.0	3915	tags=57%, list=29%, signal=80%	
REGULATION OF PHOSPHATIDYLINOSITOL 3-KINASE/PROTEIN KINASE B SIGNAL TRANSDUCTION%GOBP%GO:0051896	REGULATION OF PHOSPHATIDYLINOSITOL 3-KINASE/PROTEIN KINASE B SIGNAL TRANSDUCTION%GOBP%GO:0051896		187	-0.3329503	-1.2996272	0.02954899	0.5212698	1.0	1797	tags=22%, list=13%, signal=25%	
NEGATIVE REGULATION OF THE PI3K AKT NETWORK%REACTOME DATABASE ID RELEASE 93%199418	NEGATIVE REGULATION OF THE PI3K AKT NETWORK%REACTOME DATABASE ID RELEASE 93%199418		90	-0.37113178	-1.2992579	0.087314665	0.521616	1.0	2093	tags=28%, list=15%, signal=33%	
CARGO RECOGNITION FOR CLATHRIN-MEDIATED ENDOCYTOSIS%REACTOME%R-HSA-8856825.5	CARGO RECOGNITION FOR CLATHRIN-MEDIATED ENDOCYTOSIS%REACTOME%R-HSA-8856825.5		89	-0.36560762	-1.2992566	0.09274874	0.5209047	1.0	1566	tags=19%, list=12%, signal=21%	
TRANSLATION FACTORS%WIKIPATHWAYS_20250810%WP107%HOMO SAPIENS	TRANSLATION FACTORS%WIKIPATHWAYS_20250810%WP107%HOMO SAPIENS		41	-0.430094	-1.2989085	0.12897822	0.52125245	1.0	3140	tags=37%, list=23%, signal=47%	
POSITIVE REGULATION OF TYPE II INTERFERON PRODUCTION%GOBP%GO:0032729	POSITIVE REGULATION OF TYPE II INTERFERON PRODUCTION%GOBP%GO:0032729		43	-0.41643566	-1.297988	0.12755102	0.5233247	1.0	1720	tags=35%, list=13%, signal=40%	
ZOLEDRONATE ACTION PATHWAY%PATHWHIZ%PW000270	ZOLEDRONATE ACTION PATHWAY%PATHWHIZ%PW000270		21	-0.49035874	-1.2978107	0.14847943	0.52311087	1.0	3915	tags=57%, list=29%, signal=80%	
ATORVASTATIN ACTION PATHWAY%SMPDB%SMP0000131	ATORVASTATIN ACTION PATHWAY%SMPDB%SMP0000131		21	-0.49035874	-1.2975006	0.16888046	0.5232529	1.0	3915	tags=57%, list=29%, signal=80%	
G-CSF%IOB%G-CSF	G-CSF%IOB%G-CSF		28	-0.45861307	-1.2973033	0.13541667	0.52310556	1.0	2792	tags=39%, list=21%, signal=49%	
REGULATION OF CARBOHYDRATE METABOLIC PROCESS%GOBP%GO:0006109	REGULATION OF CARBOHYDRATE METABOLIC PROCESS%GOBP%GO:0006109		110	-0.355731	-1.2970276	0.056896552	0.5232107	1.0	1629	tags=17%, list=12%, signal=19%	
BIOCARTA_GH_PATHWAY%MSIGDB_C2%BIOCARTA_GH_PATHWAY	BIOCARTA_GH_PATHWAY%MSIGDB_C2%BIOCARTA_GH_PATHWAY		20	-0.49217483	-1.2956315	0.15572232	0.5264662	1.0	1757	tags=30%, list=13%, signal=34%	
PI5P, PP2A AND IER3 REGULATE PI3K AKT SIGNALING%REACTOME DATABASE ID RELEASE 93%6811558	PI5P, PP2A AND IER3 REGULATE PI3K AKT SIGNALING%REACTOME DATABASE ID RELEASE 93%6811558		83	-0.36981198	-1.2948436	0.086440675	0.52805275	1.0	1870	tags=27%, list=14%, signal=31%	
LEUKOCYTE MEDIATED CYTOTOXICITY%GOBP%GO:0001909	LEUKOCYTE MEDIATED CYTOTOXICITY%GOBP%GO:0001909		35	-0.44010475	-1.2939186	0.12864494	0.5301988	1.0	593	tags=20%, list=4%, signal=21%	
HYPER-IGD SYNDROME%SMPDB%SMP0000509	HYPER-IGD SYNDROME%SMPDB%SMP0000509		21	-0.49035874	-1.2939144	0.14385965	0.5294948	1.0	3915	tags=57%, list=29%, signal=80%	
OOCYTE DIFFERENTIATION%GOBP%GO:0009994	OOCYTE DIFFERENTIATION%GOBP%GO:0009994		17	-0.5165862	-1.2937329	0.16074766	0.52935934	1.0	3050	tags=47%, list=23%, signal=61%	
PID_HES_HEY_PATHWAY%MSIGDB_C2%PID_HES_HEY_PATHWAY	PID_HES_HEY_PATHWAY%MSIGDB_C2%PID_HES_HEY_PATHWAY		33	-0.43785477	-1.2919644	0.14625229	0.5338559	1.0	988	tags=18%, list=7%, signal=20%	
RISEDRONATE ACTION PATHWAY%PATHWHIZ%PW000272	RISEDRONATE ACTION PATHWAY%PATHWHIZ%PW000272		21	-0.49035874	-1.2915459	0.14611006	0.534425	1.0	3915	tags=57%, list=29%, signal=80%	
REGULATION OF PEPTIDYL-SERINE PHOSPHORYLATION%GOBP%GO:0033135	REGULATION OF PEPTIDYL-SERINE PHOSPHORYLATION%GOBP%GO:0033135		23	-0.47488564	-1.29152	0.15357766	0.5337823	1.0	2424	tags=26%, list=18%, signal=32%	
WOLMAN DISEASE%PATHWHIZ%PW000487	WOLMAN DISEASE%PATHWHIZ%PW000487		21	-0.49035874	-1.2912273	0.15742397	0.53397983	1.0	3915	tags=57%, list=29%, signal=80%	
REPRODUCTION%REACTOME%R-HSA-1474165.7	REPRODUCTION%REACTOME%R-HSA-1474165.7		77	-0.3796853	-1.2910565	0.083478265	0.5337862	1.0	2311	tags=29%, list=17%, signal=34%	
STEROID BIOSYNTHESIS%PATHWHIZ%PW000050	STEROID BIOSYNTHESIS%PATHWHIZ%PW000050		21	-0.49035874	-1.2898726	0.1849711	0.5365216	1.0	3915	tags=57%, list=29%, signal=80%	
ESTABLISHMENT OF MITOCHONDRION LOCALIZATION, MICROTUBULE-MEDIATED%GOBP%GO:0034643	ESTABLISHMENT OF MITOCHONDRION LOCALIZATION, MICROTUBULE-MEDIATED%GOBP%GO:0034643		15	-0.5255655	-1.2894535	0.16604477	0.53701085	1.0	1407	tags=27%, list=10%, signal=30%	
SIGNALING BY CSF3 (G-CSF)%REACTOME%R-HSA-9674555.4	SIGNALING BY CSF3 (G-CSF)%REACTOME%R-HSA-9674555.4		28	-0.45806032	-1.2887167	0.15129152	0.5384629	1.0	2792	tags=36%, list=21%, signal=45%	
LYSOSOMAL ACID LIPASE DEFICIENCY (WOLMAN DISEASE)%PATHWHIZ%PW000099	LYSOSOMAL ACID LIPASE DEFICIENCY (WOLMAN DISEASE)%PATHWHIZ%PW000099		21	-0.49035874	-1.2885559	0.1569343	0.5382122	1.0	3915	tags=57%, list=29%, signal=80%	
RESPONSE TO FATTY ACID%GOBP%GO:0070542	RESPONSE TO FATTY ACID%GOBP%GO:0070542		20	-0.48671138	-1.2881014	0.16071428	0.53883874	1.0	883	tags=25%, list=7%, signal=27%	
PROTEIN LOCALIZATION TO MITOCHONDRION%GOBP%GO:0070585	PROTEIN LOCALIZATION TO MITOCHONDRION%GOBP%GO:0070585		60	-0.39201245	-1.2877886	0.09028961	0.5391244	1.0	3303	tags=35%, list=24%, signal=46%	
SIGNALING BY LIGAND-RESPONSIVE EGFR VARIANTS IN CANCER%REACTOME%R-HSA-5637815.3	SIGNALING BY LIGAND-RESPONSIVE EGFR VARIANTS IN CANCER%REACTOME%R-HSA-5637815.3		17	-0.50913155	-1.2875816	0.15575221	0.53907925	1.0	2554	tags=35%, list=19%, signal=43%	
SARS-COV-1 INFECTION%REACTOME DATABASE ID RELEASE 93%9678108	SARS-COV-1 INFECTION%REACTOME DATABASE ID RELEASE 93%9678108		132	-0.3450393	-1.2873129	0.06752411	0.5391039	1.0	3067	tags=33%, list=23%, signal=43%	
INTRACELLULAR SIGNALLING THROUGH ADENOSINE RECEPTOR A2A AND ADENOSINE%SMPDB%SMP0000320	INTRACELLULAR SIGNALLING THROUGH ADENOSINE RECEPTOR A2A AND ADENOSINE%SMPDB%SMP0000320		35	-0.43596247	-1.2872789	0.13333334	0.5384882	1.0	4524	tags=51%, list=33%, signal=77%	
MYELOID LEUKOCYTE MEDIATED IMMUNITY%GOBP%GO:0002444	MYELOID LEUKOCYTE MEDIATED IMMUNITY%GOBP%GO:0002444		26	-0.46378735	-1.2862726	0.1521739	0.54074454	1.0	593	tags=23%, list=4%, signal=24%	
LOVASTATIN ACTION PATHWAY%SMPDB%SMP0000099	LOVASTATIN ACTION PATHWAY%SMPDB%SMP0000099		21	-0.49035874	-1.2860894	0.1436673	0.54053724	1.0	3915	tags=57%, list=29%, signal=80%	
HALLMARK_INFLAMMATORY_RESPONSE%MSIGDBHALLMARK%HALLMARK_INFLAMMATORY_RESPONSE	HALLMARK_INFLAMMATORY_RESPONSE%MSIGDBHALLMARK%HALLMARK_INFLAMMATORY_RESPONSE		151	-0.3414133	-1.28564	0.048543688	0.541191	1.0	1186	tags=23%, list=9%, signal=24%	
IL4-MEDIATED SIGNALING EVENTS%PATHWAY INTERACTION DATABASE NCI-NATURE CURATED DATA%IL4-MEDIATED SIGNALING EVENTS	IL4-MEDIATED SIGNALING EVENTS%PATHWAY INTERACTION DATABASE NCI-NATURE CURATED DATA%IL4-MEDIATED SIGNALING EVENTS		48	-0.40638828	-1.2851467	0.10880829	0.5419031	1.0	2792	tags=33%, list=21%, signal=42%	
INTERMEDIATE FILAMENT ORGANIZATION%GOBP%GO:0045109	INTERMEDIATE FILAMENT ORGANIZATION%GOBP%GO:0045109		17	-0.5063781	-1.284928	0.14776632	0.5418655	1.0	211	tags=18%, list=2%, signal=18%	
GLYCOGEN METABOLISM%REACTOME%R-HSA-8982491.3	GLYCOGEN METABOLISM%REACTOME%R-HSA-8982491.3		26	-0.45433667	-1.283582	0.14680484	0.5450382	1.0	2990	tags=42%, list=22%, signal=54%	
REGULATION OF INTERLEUKIN-17 PRODUCTION%GOBP%GO:0032660	REGULATION OF INTERLEUKIN-17 PRODUCTION%GOBP%GO:0032660		22	-0.4747465	-1.2828442	0.15355086	0.5464141	1.0	790	tags=18%, list=6%, signal=19%	
RXR AND RAR HETERODIMERIZATION WITH OTHER NUCLEAR RECEPTOR%PATHWAY INTERACTION DATABASE NCI-NATURE CURATED DATA%RXR AND RAR HETERODIMERIZATION WITH OTHER NUCLEAR RECEPTOR	RXR AND RAR HETERODIMERIZATION WITH OTHER NUCLEAR RECEPTOR%PATHWAY INTERACTION DATABASE NCI-NATURE CURATED DATA%RXR AND RAR HETERODIMERIZATION WITH OTHER NUCLEAR RECEPTOR		25	-0.45939744	-1.2826082	0.14867257	0.5464321	1.0	2531	tags=36%, list=19%, signal=44%	
DETECTION OF STIMULUS%GOBP%GO:0051606	DETECTION OF STIMULUS%GOBP%GO:0051606		112	-0.35282713	-1.2814465	0.08603896	0.5491985	1.0	1229	tags=19%, list=9%, signal=20%	
ESTABLISHMENT OF PROTEIN LOCALIZATION TO MITOCHONDRION%GOBP%GO:0072655	ESTABLISHMENT OF PROTEIN LOCALIZATION TO MITOCHONDRION%GOBP%GO:0072655		68	-0.3841403	-1.2811843	0.10233393	0.54928017	1.0	3303	tags=34%, list=24%, signal=44%	
REGULATION OF MAP KINASE ACTIVITY%GOBP%GO:0043405	REGULATION OF MAP KINASE ACTIVITY%GOBP%GO:0043405		54	-0.39608443	-1.2806046	0.11631945	0.5503478	1.0	1799	tags=24%, list=13%, signal=28%	
HALLMARK_PEROXISOME%MSIGDBHALLMARK%HALLMARK_PEROXISOME	HALLMARK_PEROXISOME%MSIGDBHALLMARK%HALLMARK_PEROXISOME		71	-0.3786387	-1.2803493	0.115517244	0.55038434	1.0	3019	tags=31%, list=22%, signal=40%	
POLYSACCHARIDE METABOLIC PROCESS%GOBP%GO:0005976	POLYSACCHARIDE METABOLIC PROCESS%GOBP%GO:0005976		39	-0.4283516	-1.2802106	0.13595706	0.5501283	1.0	428	tags=10%, list=3%, signal=11%	
PID_S1P_S1P1_PATHWAY%MSIGDB_C2%PID_S1P_S1P1_PATHWAY	PID_S1P_S1P1_PATHWAY%MSIGDB_C2%PID_S1P_S1P1_PATHWAY		17	-0.5049718	-1.2799052	0.1696113	0.55031043	1.0	2870	tags=41%, list=21%, signal=52%	
NUCLEOBASE METABOLIC PROCESS%GOBP%GO:0009112	NUCLEOBASE METABOLIC PROCESS%GOBP%GO:0009112		18	-0.49594477	-1.2798598	0.18181819	0.5497418	1.0	3137	tags=39%, list=23%, signal=51%	
VASCULAR ENDOTHELIAL GROWTH FACTOR SIGNALING PATHWAY%GOBP%GO:0038084	VASCULAR ENDOTHELIAL GROWTH FACTOR SIGNALING PATHWAY%GOBP%GO:0038084		16	-0.50874245	-1.2796953	0.16755792	0.5495117	1.0	851	tags=31%, list=6%, signal=33%	
REGULATION OF MITOCHONDRIAL MEMBRANE POTENTIAL%GOBP%GO:0051881	REGULATION OF MITOCHONDRIAL MEMBRANE POTENTIAL%GOBP%GO:0051881		35	-0.43523663	-1.279261	0.13745704	0.5500951	1.0	1794	tags=23%, list=13%, signal=26%	
KLEEFSTRA SYNDROME%WIKIPATHWAYS_20250810%WP5351%HOMO SAPIENS	KLEEFSTRA SYNDROME%WIKIPATHWAYS_20250810%WP5351%HOMO SAPIENS		21	-0.48513407	-1.2790544	0.1842576	0.5499889	1.0	5851	tags=67%, list=43%, signal=117%	
PURINE-CONTAINING COMPOUND CATABOLIC PROCESS%GOBP%GO:0072523	PURINE-CONTAINING COMPOUND CATABOLIC PROCESS%GOBP%GO:0072523		69	-0.37502152	-1.2787132	0.09769094	0.55028456	1.0	2667	tags=30%, list=20%, signal=38%	
DISORDERS OF DEVELOPMENTAL BIOLOGY%REACTOME DATABASE ID RELEASE 93%9675151	DISORDERS OF DEVELOPMENTAL BIOLOGY%REACTOME DATABASE ID RELEASE 93%9675151		15	-0.5186937	-1.2772468	0.16789667	0.5539699	1.0	4447	tags=53%, list=33%, signal=79%	
PID_RXR_VDR_PATHWAY%MSIGDB_C2%PID_RXR_VDR_PATHWAY	PID_RXR_VDR_PATHWAY%MSIGDB_C2%PID_RXR_VDR_PATHWAY		18	-0.4941203	-1.2770778	0.16376306	0.55373317	1.0	2531	tags=33%, list=19%, signal=41%	
POSITIVE REGULATION OF MRNA PROCESSING%GOBP%GO:0050685	POSITIVE REGULATION OF MRNA PROCESSING%GOBP%GO:0050685		21	-0.48010522	-1.2765064	0.15799257	0.5547915	1.0	4299	tags=52%, list=32%, signal=77%	
HYPERCHOLESTEROLEMIA%PATHWHIZ%PW000221	HYPERCHOLESTEROLEMIA%PATHWHIZ%PW000221		21	-0.49035874	-1.2759019	0.16304348	0.5559133	1.0	3915	tags=57%, list=29%, signal=80%	
SIRT1 NEGATIVELY REGULATES RRNA EXPRESSION%REACTOME%R-HSA-427359.4	SIRT1 NEGATIVELY REGULATES RRNA EXPRESSION%REACTOME%R-HSA-427359.4		17	-0.4994977	-1.2756418	0.16726619	0.5559894	1.0	1523	tags=35%, list=11%, signal=40%	
TRANSCRIPTION INITIATION-COUPLED CHROMATIN REMODELING%GOBP%GO:0045815	TRANSCRIPTION INITIATION-COUPLED CHROMATIN REMODELING%GOBP%GO:0045815		49	-0.40033153	-1.2754023	0.1271777	0.55597717	1.0	4697	tags=51%, list=35%, signal=78%	
PID_GLYPICAN_1PATHWAY%MSIGDB_C2%PID_GLYPICAN_1PATHWAY	PID_GLYPICAN_1PATHWAY%MSIGDB_C2%PID_GLYPICAN_1PATHWAY		20	-0.4921666	-1.2753079	0.16758747	0.5555388	1.0	1198	tags=30%, list=9%, signal=33%	
CHONDRODYSPLASIA PUNCTATA II, X-LINKED DOMINANT (CDPX2)%SMPDB%SMP0000388	CHONDRODYSPLASIA PUNCTATA II, X-LINKED DOMINANT (CDPX2)%SMPDB%SMP0000388		21	-0.49035874	-1.2739556	0.17668489	0.55882174	1.0	3915	tags=57%, list=29%, signal=80%	
MATURATION OF SSU-RRNA%GOBP%GO:0030490	MATURATION OF SSU-RRNA%GOBP%GO:0030490		43	-0.40158203	-1.2738254	0.11260504	0.5584929	1.0	4765	tags=49%, list=35%, signal=75%	
HALLMARK_PI3K_AKT_MTOR_SIGNALING%MSIGDBHALLMARK%HALLMARK_PI3K_AKT_MTOR_SIGNALING	HALLMARK_PI3K_AKT_MTOR_SIGNALING%MSIGDBHALLMARK%HALLMARK_PI3K_AKT_MTOR_SIGNALING		77	-0.36918205	-1.2732561	0.11398964	0.5594204	1.0	1789	tags=16%, list=13%, signal=18%	
MITOCHONDRION TRANSPORT ALONG MICROTUBULE%GOBP%GO:0047497	MITOCHONDRION TRANSPORT ALONG MICROTUBULE%GOBP%GO:0047497		15	-0.5255655	-1.2731816	0.19210054	0.5589151	1.0	1407	tags=27%, list=10%, signal=30%	
CLASS I PEROXISOMAL MEMBRANE PROTEIN IMPORT%REACTOME DATABASE ID RELEASE 93%9603798	CLASS I PEROXISOMAL MEMBRANE PROTEIN IMPORT%REACTOME DATABASE ID RELEASE 93%9603798		19	-0.4887228	-1.2729785	0.1498195	0.55882263	1.0	3592	tags=42%, list=27%, signal=57%	
VEGF SIGNALING PATHWAY%PANTHER PATHWAY%P00056	VEGF SIGNALING PATHWAY%PANTHER PATHWAY%P00056		57	-0.3889562	-1.2726269	0.13227513	0.55922085	1.0	2235	tags=26%, list=16%, signal=31%	
ACIDIC AMINO ACID TRANSPORT%GOBP%GO:0015800	ACIDIC AMINO ACID TRANSPORT%GOBP%GO:0015800		21	-0.48324388	-1.2724118	0.19886364	0.5591704	1.0	1574	tags=29%, list=12%, signal=32%	
THERMOGENESIS%WIKIPATHWAYS_20250810%WP4321%HOMO SAPIENS	THERMOGENESIS%WIKIPATHWAYS_20250810%WP4321%HOMO SAPIENS		81	-0.36902204	-1.2719996	0.10482529	0.55972946	1.0	929	tags=12%, list=7%, signal=13%	
PHAGOCYTOSIS%GOBP%GO:0006909	PHAGOCYTOSIS%GOBP%GO:0006909		98	-0.35217208	-1.2718675	0.08768971	0.5594042	1.0	1379	tags=21%, list=10%, signal=24%	
TRANSCRIPTIONAL REGULATION OF WHITE ADIPOCYTE DIFFERENTIATION%REACTOME DATABASE ID RELEASE 93%381340	TRANSCRIPTIONAL REGULATION OF WHITE ADIPOCYTE DIFFERENTIATION%REACTOME DATABASE ID RELEASE 93%381340		81	-0.37266243	-1.2716653	0.102564104	0.55936855	1.0	4136	tags=38%, list=31%, signal=55%	
HIF-2-ALPHA TRANSCRIPTION FACTOR NETWORK%PATHWAY INTERACTION DATABASE NCI-NATURE CURATED DATA%HIF-2-ALPHA TRANSCRIPTION FACTOR NETWORK	HIF-2-ALPHA TRANSCRIPTION FACTOR NETWORK%PATHWAY INTERACTION DATABASE NCI-NATURE CURATED DATA%HIF-2-ALPHA TRANSCRIPTION FACTOR NETWORK		32	-0.43567765	-1.271088	0.14874552	0.56038684	1.0	1952	tags=34%, list=14%, signal=40%	
REGUCALCIN IN PROXIMAL TUBULE EPITHELIAL KIDNEY CELLS%WIKIPATHWAYS_20250810%WP4838%HOMO SAPIENS	REGUCALCIN IN PROXIMAL TUBULE EPITHELIAL KIDNEY CELLS%WIKIPATHWAYS_20250810%WP4838%HOMO SAPIENS		22	-0.4635366	-1.270908	0.15970962	0.5602031	1.0	2213	tags=32%, list=16%, signal=38%	
IN UTERO EMBRYONIC DEVELOPMENT%GOBP%GO:0001701	IN UTERO EMBRYONIC DEVELOPMENT%GOBP%GO:0001701		38	-0.42057496	-1.2701564	0.13754646	0.5616741	1.0	389	tags=13%, list=3%, signal=14%	
POSITIVE REGULATION OF ENDOCYTOSIS%GOBP%GO:0045807	POSITIVE REGULATION OF ENDOCYTOSIS%GOBP%GO:0045807		106	-0.35258812	-1.2699723	0.08306189	0.5614946	1.0	1216	tags=20%, list=9%, signal=22%	
FGF SIGNALING PATHWAY%PANTHER PATHWAY%P00021	FGF SIGNALING PATHWAY%PANTHER PATHWAY%P00021		60	-0.38617563	-1.2696371	0.09913044	0.5618539	1.0	2212	tags=22%, list=16%, signal=26%	
POSITIVE REGULATION OF AXONOGENESIS%GOBP%GO:0050772	POSITIVE REGULATION OF AXONOGENESIS%GOBP%GO:0050772		34	-0.4344516	-1.2694508	0.14901257	0.5617153	1.0	1735	tags=29%, list=13%, signal=34%	
POSITIVE REGULATION OF PROTEIN SECRETION%GOBP%GO:0050714	POSITIVE REGULATION OF PROTEIN SECRETION%GOBP%GO:0050714		73	-0.3759487	-1.2692012	0.10017271	0.5617676	1.0	2052	tags=26%, list=15%, signal=31%	
GLYCOGEN SYNTHESIS AND DEGRADATION%WIKIPATHWAYS_20250810%WP500%HOMO SAPIENS	GLYCOGEN SYNTHESIS AND DEGRADATION%WIKIPATHWAYS_20250810%WP500%HOMO SAPIENS		28	-0.44833872	-1.26847	0.14834206	0.5631814	1.0	2557	tags=29%, list=19%, signal=35%	
APOPTOTIC FACTOR-MEDIATED RESPONSE%REACTOME DATABASE ID RELEASE 93%111471	APOPTOTIC FACTOR-MEDIATED RESPONSE%REACTOME DATABASE ID RELEASE 93%111471		18	-0.49298254	-1.2683642	0.19101124	0.56280184	1.0	2861	tags=44%, list=21%, signal=56%	
BLOOD VESSEL DIAMETER MAINTENANCE%GOBP%GO:0097746	BLOOD VESSEL DIAMETER MAINTENANCE%GOBP%GO:0097746		56	-0.38778245	-1.2680076	0.1130137	0.5631293	1.0	884	tags=16%, list=7%, signal=17%	
POSITIVE REGULATION OF GENE EXPRESSION, EPIGENETIC%GOBP%GO:0141137	POSITIVE REGULATION OF GENE EXPRESSION, EPIGENETIC%GOBP%GO:0141137		52	-0.3996415	-1.2680064	0.13620071	0.5624326	1.0	4706	tags=52%, list=35%, signal=79%	
PROTEIN-DNA COMPLEX DISASSEMBLY%GOBP%GO:0032986	PROTEIN-DNA COMPLEX DISASSEMBLY%GOBP%GO:0032986		20	-0.48394158	-1.2675537	0.18214285	0.5630808	1.0	5043	tags=60%, list=37%, signal=95%	
REGULATION OF MORPHOGENESIS OF AN EPITHELIUM%GOBP%GO:1905330	REGULATION OF MORPHOGENESIS OF AN EPITHELIUM%GOBP%GO:1905330		33	-0.4320244	-1.266925	0.15716752	0.56426716	1.0	1328	tags=27%, list=10%, signal=30%	
PID_IL1_PATHWAY%MSIGDB_C2%PID_IL1_PATHWAY	PID_IL1_PATHWAY%MSIGDB_C2%PID_IL1_PATHWAY		24	-0.45914045	-1.2668762	0.16753022	0.5637339	1.0	847	tags=13%, list=6%, signal=13%	
PEPTIDYL-TYROSINE PHOSPHORYLATION%GOBP%GO:0018108	PEPTIDYL-TYROSINE PHOSPHORYLATION%GOBP%GO:0018108		41	-0.41565052	-1.2666844	0.13953489	0.56360537	1.0	1757	tags=29%, list=13%, signal=34%	
PLATELET ACTIVATION%GOBP%GO:0030168	PLATELET ACTIVATION%GOBP%GO:0030168		70	-0.37717342	-1.2663732	0.113673806	0.5638319	1.0	1183	tags=17%, list=9%, signal=19%	
RETINOIC ACID METABOLIC PROCESS%GOBP%GO:0042573	RETINOIC ACID METABOLIC PROCESS%GOBP%GO:0042573		16	-0.5104101	-1.2662736	0.17570093	0.56342626	1.0	752	tags=38%, list=6%, signal=40%	
CARBOHYDRATE CATABOLIC PROCESS%GOBP%GO:0016052	CARBOHYDRATE CATABOLIC PROCESS%GOBP%GO:0016052		78	-0.3703729	-1.266125	0.11129568	0.5631502	1.0	635	tags=10%, list=5%, signal=11%	
HIV-1 NEF: NEGATIVE EFFECTOR OF FAS AND TNF-ALPHA%PATHWAY INTERACTION DATABASE NCI-NATURE CURATED DATA%HIV-1 NEF: NEGATIVE EFFECTOR OF FAS AND TNF-ALPHA	HIV-1 NEF: NEGATIVE EFFECTOR OF FAS AND TNF-ALPHA%PATHWAY INTERACTION DATABASE NCI-NATURE CURATED DATA%HIV-1 NEF: NEGATIVE EFFECTOR OF FAS AND TNF-ALPHA		33	-0.42863548	-1.2655813	0.15826087	0.56407154	1.0	2213	tags=21%, list=16%, signal=25%	
SIGNALING BY NODAL%REACTOME DATABASE ID RELEASE 93%1181150	SIGNALING BY NODAL%REACTOME DATABASE ID RELEASE 93%1181150		16	-0.5033554	-1.2655753	0.18014705	0.56339693	1.0	1172	tags=19%, list=9%, signal=21%	
INNATE IMMUNE RESPONSE ACTIVATING CELL SURFACE RECEPTOR SIGNALING PATHWAY%GOBP%GO:0002220	INNATE IMMUNE RESPONSE ACTIVATING CELL SURFACE RECEPTOR SIGNALING PATHWAY%GOBP%GO:0002220		49	-0.40001273	-1.2650237	0.13074204	0.5643504	1.0	888	tags=16%, list=7%, signal=17%	
CHLORIDE TRANSPORT%GOBP%GO:0006821	CHLORIDE TRANSPORT%GOBP%GO:0006821		57	-0.38870975	-1.2648063	0.122719735	0.5643393	1.0	1606	tags=26%, list=12%, signal=30%	
POSITIVE REGULATION OF DNA-BINDING TRANSCRIPTION FACTOR ACTIVITY%GOBP%GO:0051091	POSITIVE REGULATION OF DNA-BINDING TRANSCRIPTION FACTOR ACTIVITY%GOBP%GO:0051091		90	-0.35526663	-1.2641313	0.10051993	0.56566197	1.0	1254	tags=13%, list=9%, signal=15%	
PROTEIN-CONTAINING COMPLEX REMODELING%GOBP%GO:0034367	PROTEIN-CONTAINING COMPLEX REMODELING%GOBP%GO:0034367		22	-0.47133946	-1.2625521	0.16225749	0.5696163	1.0	954	tags=27%, list=7%, signal=29%	
INORGANIC ANION TRANSPORT%GOBP%GO:0015698	INORGANIC ANION TRANSPORT%GOBP%GO:0015698		75	-0.36846843	-1.2622905	0.12903225	0.5697019	1.0	1606	tags=23%, list=12%, signal=26%	
APOPTOSIS RELATED NETWORK DUE TO ALTERED NOTCH3 IN OVARIAN CANCER%WIKIPATHWAYS_20250810%WP2864%HOMO SAPIENS	APOPTOSIS RELATED NETWORK DUE TO ALTERED NOTCH3 IN OVARIAN CANCER%WIKIPATHWAYS_20250810%WP2864%HOMO SAPIENS		37	-0.41870132	-1.2620724	0.15490533	0.5696669	1.0	1847	tags=27%, list=14%, signal=31%	
LEUKOCYTE MEDIATED IMMUNITY%GOBP%GO:0002443	LEUKOCYTE MEDIATED IMMUNITY%GOBP%GO:0002443		96	-0.35601607	-1.2620196	0.11382114	0.56912553	1.0	1416	tags=23%, list=10%, signal=25%	
IL3-MEDIATED SIGNALING EVENTS%PATHWAY INTERACTION DATABASE NCI-NATURE CURATED DATA%IL3-MEDIATED SIGNALING EVENTS	IL3-MEDIATED SIGNALING EVENTS%PATHWAY INTERACTION DATABASE NCI-NATURE CURATED DATA%IL3-MEDIATED SIGNALING EVENTS		22	-0.46445912	-1.2619975	0.16851851	0.56851125	1.0	4344	tags=55%, list=32%, signal=80%	
PROTEIN AUTOPHOSPHORYLATION%GOBP%GO:0046777	PROTEIN AUTOPHOSPHORYLATION%GOBP%GO:0046777		99	-0.354368	-1.2611657	0.09813875	0.5703456	1.0	2371	tags=27%, list=17%, signal=33%	
REGULATION OF RECEPTOR SIGNALING PATHWAY VIA JAK-STAT%GOBP%GO:0046425	REGULATION OF RECEPTOR SIGNALING PATHWAY VIA JAK-STAT%GOBP%GO:0046425		45	-0.405156	-1.2599859	0.14835165	0.5732939	1.0	908	tags=18%, list=7%, signal=19%	
MRNA DECAY BY 3' TO 5' EXORIBONUCLEASE%REACTOME%R-HSA-429958.5	MRNA DECAY BY 3' TO 5' EXORIBONUCLEASE%REACTOME%R-HSA-429958.5		16	-0.50162035	-1.2584153	0.19160584	0.57743394	1.0	4831	tags=63%, list=36%, signal=97%	
ANTIGEN PROCESSING AND PRESENTATION OF ENDOGENOUS ANTIGEN%GOBP%GO:0019883	ANTIGEN PROCESSING AND PRESENTATION OF ENDOGENOUS ANTIGEN%GOBP%GO:0019883		20	-0.47070736	-1.2581007	0.17192982	0.57765114	1.0	144	tags=10%, list=1%, signal=10%	
IL23-MEDIATED SIGNALING EVENTS%PATHWAY INTERACTION DATABASE NCI-NATURE CURATED DATA%IL23-MEDIATED SIGNALING EVENTS	IL23-MEDIATED SIGNALING EVENTS%PATHWAY INTERACTION DATABASE NCI-NATURE CURATED DATA%IL23-MEDIATED SIGNALING EVENTS		26	-0.44440812	-1.2579192	0.17985612	0.57753253	1.0	785	tags=27%, list=6%, signal=29%	
CARDIAC MUSCLE CONTRACTION%GOBP%GO:0060048	CARDIAC MUSCLE CONTRACTION%GOBP%GO:0060048		47	-0.39682242	-1.2578121	0.14237855	0.577194	1.0	1492	tags=26%, list=11%, signal=29%	
REGULATION OF T CELL APOPTOTIC PROCESS%GOBP%GO:0070232	REGULATION OF T CELL APOPTOTIC PROCESS%GOBP%GO:0070232		17	-0.5042421	-1.2578086	0.18097015	0.57651097	1.0	1459	tags=35%, list=11%, signal=40%	
U2-TYPE PRESPLICEOSOME ASSEMBLY%GOBP%GO:1903241	U2-TYPE PRESPLICEOSOME ASSEMBLY%GOBP%GO:1903241		24	-0.45691237	-1.2576095	0.16428572	0.57645625	1.0	5314	tags=67%, list=39%, signal=109%	
NEGATIVE REGULATION OF PHOSPHATIDYLINOSITOL 3-KINASE/PROTEIN KINASE B SIGNAL TRANSDUCTION%GOBP%GO:0051898	NEGATIVE REGULATION OF PHOSPHATIDYLINOSITOL 3-KINASE/PROTEIN KINASE B SIGNAL TRANSDUCTION%GOBP%GO:0051898		42	-0.4067245	-1.2574806	0.135506	0.5761714	1.0	1741	tags=26%, list=13%, signal=30%	
PID_IL3_PATHWAY%MSIGDB_C2%PID_IL3_PATHWAY	PID_IL3_PATHWAY%MSIGDB_C2%PID_IL3_PATHWAY		17	-0.48952416	-1.2572603	0.19178082	0.5761235	1.0	988	tags=24%, list=7%, signal=25%	
REGULATION OF NATURAL KILLER CELL MEDIATED IMMUNITY%GOBP%GO:0002715	REGULATION OF NATURAL KILLER CELL MEDIATED IMMUNITY%GOBP%GO:0002715		37	-0.41012266	-1.2565801	0.15662651	0.57744145	1.0	1414	tags=24%, list=10%, signal=27%	
DEADENYLATION-DEPENDENT MRNA DECAY%REACTOME%R-HSA-429914.4	DEADENYLATION-DEPENDENT MRNA DECAY%REACTOME%R-HSA-429914.4		55	-0.3811809	-1.2563936	0.14333333	0.5772778	1.0	5073	tags=49%, list=37%, signal=78%	
PEPTIDYL-CYSTEINE MODIFICATION%GOBP%GO:0018198	PEPTIDYL-CYSTEINE MODIFICATION%GOBP%GO:0018198		17	-0.4965118	-1.2562522	0.18264015	0.5770159	1.0	1025	tags=18%, list=8%, signal=19%	
PHOSPHATIDIC ACID BIOSYNTHETIC PROCESS%GOBP%GO:0006654	PHOSPHATIDIC ACID BIOSYNTHETIC PROCESS%GOBP%GO:0006654		26	-0.455402	-1.2557931	0.14444445	0.57764935	1.0	2111	tags=35%, list=16%, signal=41%	
CLATHRIN-MEDIATED ENDOCYTOSIS%REACTOME DATABASE ID RELEASE 93%8856828	CLATHRIN-MEDIATED ENDOCYTOSIS%REACTOME DATABASE ID RELEASE 93%8856828		126	-0.33678877	-1.2557219	0.101472996	0.57717913	1.0	2013	tags=19%, list=15%, signal=22%	
SECONDARY ALCOHOL BIOSYNTHETIC PROCESS%GOBP%GO:1902653	SECONDARY ALCOHOL BIOSYNTHETIC PROCESS%GOBP%GO:1902653		29	-0.4380581	-1.2555381	0.17676768	0.5769849	1.0	2262	tags=31%, list=17%, signal=37%	
REGULATION OF CARDIAC CONDUCTION%GOBP%GO:1903779	REGULATION OF CARDIAC CONDUCTION%GOBP%GO:1903779		18	-0.48979023	-1.2550673	0.19713262	0.577702	1.0	2607	tags=33%, list=19%, signal=41%	
HALLMARK_MYC_TARGETS_V1%MSIGDBHALLMARK%HALLMARK_MYC_TARGETS_V1	HALLMARK_MYC_TARGETS_V1%MSIGDBHALLMARK%HALLMARK_MYC_TARGETS_V1		149	-0.33090863	-1.2544479	0.074257426	0.57887036	1.0	4324	tags=44%, list=32%, signal=64%	
REGULATION OF TUBE DIAMETER%GOBP%GO:0035296	REGULATION OF TUBE DIAMETER%GOBP%GO:0035296		56	-0.38778245	-1.253117	0.14162348	0.5821808	1.0	884	tags=16%, list=7%, signal=17%	
REGULATION OF CELLULAR RESPONSE TO INSULIN STIMULUS%GOBP%GO:1900076	REGULATION OF CELLULAR RESPONSE TO INSULIN STIMULUS%GOBP%GO:1900076		47	-0.3935944	-1.2525226	0.14685315	0.58327013	1.0	1380	tags=19%, list=10%, signal=21%	
PURINERGIC SIGNALING%WIKIPATHWAYS_20250810%WP4900%HOMO SAPIENS	PURINERGIC SIGNALING%WIKIPATHWAYS_20250810%WP4900%HOMO SAPIENS		23	-0.45591974	-1.2515895	0.18933824	0.5853956	1.0	693	tags=26%, list=5%, signal=27%	
APOPTOTIC CLEAVAGE OF CELLULAR PROTEINS%REACTOME DATABASE ID RELEASE 93%111465	APOPTOTIC CLEAVAGE OF CELLULAR PROTEINS%REACTOME DATABASE ID RELEASE 93%111465		33	-0.42826828	-1.2509104	0.16838488	0.58687973	1.0	1544	tags=21%, list=11%, signal=24%	
REGULATION OF TUBE SIZE%GOBP%GO:0035150	REGULATION OF TUBE SIZE%GOBP%GO:0035150		56	-0.38778245	-1.2507719	0.12780656	0.5865827	1.0	884	tags=16%, list=7%, signal=17%	
LIPID CATABOLIC PROCESS%GOBP%GO:0016042	LIPID CATABOLIC PROCESS%GOBP%GO:0016042		167	-0.32855153	-1.2505184	0.07272727	0.5866232	1.0	2045	tags=27%, list=15%, signal=31%	
HIGH LAMINAR FLOW SHEAR STRESS ACTIVATES SIGNALING BY PIEZO1 AND PECAM1:CDH5:KDR IN ENDOTHELIAL CELLS%REACTOME DATABASE ID RELEASE 93%9856530	HIGH LAMINAR FLOW SHEAR STRESS ACTIVATES SIGNALING BY PIEZO1 AND PECAM1:CDH5:KDR IN ENDOTHELIAL CELLS%REACTOME DATABASE ID RELEASE 93%9856530		59	-0.37800384	-1.2504314	0.1356784	0.58620185	1.0	1240	tags=17%, list=9%, signal=19%	
CLASS I PI3K SIGNALING EVENTS%PATHWAY INTERACTION DATABASE NCI-NATURE CURATED DATA%CLASS I PI3K SIGNALING EVENTS	CLASS I PI3K SIGNALING EVENTS%PATHWAY INTERACTION DATABASE NCI-NATURE CURATED DATA%CLASS I PI3K SIGNALING EVENTS		43	-0.40289235	-1.248872	0.15254237	0.5903495	1.0	2405	tags=28%, list=18%, signal=34%	
DEGRADATION OF BETA-CATENIN BY THE DESTRUCTION COMPLEX%REACTOME%R-HSA-195253.4	DEGRADATION OF BETA-CATENIN BY THE DESTRUCTION COMPLEX%REACTOME%R-HSA-195253.4		69	-0.3737684	-1.2488043	0.12521441	0.58988315	1.0	2013	tags=17%, list=15%, signal=20%	
DOWNSTREAM SIGNALING IN NAIVE CD8+ T CELLS%PATHWAY INTERACTION DATABASE NCI-NATURE CURATED DATA%DOWNSTREAM SIGNALING IN NAIVE CD8+ T CELLS	DOWNSTREAM SIGNALING IN NAIVE CD8+ T CELLS%PATHWAY INTERACTION DATABASE NCI-NATURE CURATED DATA%DOWNSTREAM SIGNALING IN NAIVE CD8+ T CELLS		43	-0.40020308	-1.2487324	0.13485114	0.5893951	1.0	1939	tags=33%, list=14%, signal=38%	
STRIATED MUSCLE TISSUE DEVELOPMENT%GOBP%GO:0014706	STRIATED MUSCLE TISSUE DEVELOPMENT%GOBP%GO:0014706		111	-0.3459552	-1.2478592	0.0952381	0.5913748	1.0	877	tags=14%, list=6%, signal=14%	
NUCLEOSIDE MONOPHOSPHATE METABOLIC PROCESS%GOBP%GO:0009123	NUCLEOSIDE MONOPHOSPHATE METABOLIC PROCESS%GOBP%GO:0009123		34	-0.42501524	-1.2476177	0.16302522	0.59138334	1.0	1200	tags=24%, list=9%, signal=26%	
RETINA DEVELOPMENT IN CAMERA-TYPE EYE%GOBP%GO:0060041	RETINA DEVELOPMENT IN CAMERA-TYPE EYE%GOBP%GO:0060041		42	-0.41013074	-1.2469672	0.16117851	0.59265244	1.0	2439	tags=21%, list=18%, signal=26%	
PRIMARY ALCOHOL METABOLIC PROCESS%GOBP%GO:0034308	PRIMARY ALCOHOL METABOLIC PROCESS%GOBP%GO:0034308		44	-0.3949445	-1.2467059	0.15547703	0.5927807	1.0	1794	tags=34%, list=13%, signal=39%	
HEXOSE TRANSMEMBRANE TRANSPORT%GOBP%GO:0008645	HEXOSE TRANSMEMBRANE TRANSPORT%GOBP%GO:0008645		23	-0.4606194	-1.2466841	0.18014705	0.5921675	1.0	426	tags=13%, list=3%, signal=13%	
POSITIVE REGULATION OF FILOPODIUM ASSEMBLY%GOBP%GO:0051491	POSITIVE REGULATION OF FILOPODIUM ASSEMBLY%GOBP%GO:0051491		19	-0.48457727	-1.2465676	0.18430656	0.5917846	1.0	160	tags=11%, list=1%, signal=11%	
PROTEIN-LIPID COMPLEX REMODELING%GOBP%GO:0034368	PROTEIN-LIPID COMPLEX REMODELING%GOBP%GO:0034368		21	-0.47158808	-1.2464675	0.19148937	0.59137124	1.0	954	tags=29%, list=7%, signal=31%	
NEURAL CREST DIFFERENTIATION%WIKIPATHWAYS_20250810%WP2064%HOMO SAPIENS	NEURAL CREST DIFFERENTIATION%WIKIPATHWAYS_20250810%WP2064%HOMO SAPIENS		57	-0.38241303	-1.2454726	0.13937283	0.5937174	1.0	2134	tags=26%, list=16%, signal=31%	
CELL SURFACE RECEPTOR SIGNALING PATHWAY VIA JAK-STAT%GOBP%GO:0007259	CELL SURFACE RECEPTOR SIGNALING PATHWAY VIA JAK-STAT%GOBP%GO:0007259		37	-0.4103301	-1.2448905	0.16366906	0.5947913	1.0	908	tags=19%, list=7%, signal=20%	
BIOCARTA_CASPASE_PATHWAY%MSIGDB_C2%BIOCARTA_CASPASE_PATHWAY	BIOCARTA_CASPASE_PATHWAY%MSIGDB_C2%BIOCARTA_CASPASE_PATHWAY		17	-0.49857715	-1.2446531	0.20855615	0.59486794	1.0	2861	tags=41%, list=21%, signal=52%	
ANGIOTENSIN_II-STIMULATED_SIGNALING_THROUGH_G_PROTEINS_AND_BETA-ARRESTIN%PANTHER PATHWAY%P05911	ANGIOTENSIN_II-STIMULATED_SIGNALING_THROUGH_G_PROTEINS_AND_BETA-ARRESTIN%PANTHER PATHWAY%P05911		28	-0.43611196	-1.2441354	0.18214937	0.59581256	1.0	1489	tags=21%, list=11%, signal=24%	
INNER MITOCHONDRIAL MEMBRANE ORGANIZATION%GOBP%GO:0007007	INNER MITOCHONDRIAL MEMBRANE ORGANIZATION%GOBP%GO:0007007		34	-0.42335343	-1.2438159	0.1728188	0.5961232	1.0	2796	tags=29%, list=21%, signal=37%	
ESTABLISHMENT OF MITOCHONDRION LOCALIZATION%GOBP%GO:0051654	ESTABLISHMENT OF MITOCHONDRION LOCALIZATION%GOBP%GO:0051654		18	-0.48707524	-1.2435423	0.19001919	0.59626675	1.0	1407	tags=22%, list=10%, signal=25%	
PYRIMIDINE DEOXYRIBONUCLEOTIDE METABOLIC PROCESS%GOBP%GO:0009219	PYRIMIDINE DEOXYRIBONUCLEOTIDE METABOLIC PROCESS%GOBP%GO:0009219		21	-0.47127295	-1.2430962	0.20930232	0.5969558	1.0	1286	tags=24%, list=9%, signal=26%	
TGF-BETA SIGNALING PATHWAY%PANTHER PATHWAY%P00052	TGF-BETA SIGNALING PATHWAY%PANTHER PATHWAY%P00052		68	-0.36702168	-1.2426252	0.12582782	0.5976691	1.0	2212	tags=25%, list=16%, signal=30%	
FATTY ACID BIOSYNTHETIC PROCESS%GOBP%GO:0006633	FATTY ACID BIOSYNTHETIC PROCESS%GOBP%GO:0006633		73	-0.36890563	-1.2425188	0.12048193	0.5972871	1.0	2064	tags=37%, list=15%, signal=43%	
REGULATION OF T CELL DIFFERENTIATION%GOBP%GO:0045580	REGULATION OF T CELL DIFFERENTIATION%GOBP%GO:0045580		111	-0.3434814	-1.2424878	0.101639345	0.5966907	1.0	1626	tags=21%, list=12%, signal=23%	
CXCR4%IOB%CXCR4	CXCR4%IOB%CXCR4		62	-0.37646234	-1.2419622	0.12588653	0.5976233	1.0	992	tags=16%, list=7%, signal=17%	
APOPTOTIC NUCLEAR CHANGES%GOBP%GO:0030262	APOPTOTIC NUCLEAR CHANGES%GOBP%GO:0030262		16	-0.50181097	-1.2419106	0.19629629	0.59709346	1.0	290	tags=13%, list=2%, signal=13%	
STRESS-ACTIVATED PROTEIN KINASE SIGNALING CASCADE%GOBP%GO:0031098	STRESS-ACTIVATED PROTEIN KINASE SIGNALING CASCADE%GOBP%GO:0031098		17	-0.48739454	-1.2417188	0.2054054	0.59699285	1.0	2350	tags=24%, list=17%, signal=28%	
PID_TCPTP_PATHWAY%MSIGDB_C2%PID_TCPTP_PATHWAY	PID_TCPTP_PATHWAY%MSIGDB_C2%PID_TCPTP_PATHWAY		33	-0.4227956	-1.2412641	0.17540687	0.5977006	1.0	851	tags=21%, list=6%, signal=23%	
REGULATION OF ALTERNATIVE MRNA SPLICING, VIA SPLICEOSOME%GOBP%GO:0000381	REGULATION OF ALTERNATIVE MRNA SPLICING, VIA SPLICEOSOME%GOBP%GO:0000381		59	-0.3792504	-1.2404053	0.16783217	0.59963	1.0	4299	tags=44%, list=32%, signal=64%	
PID_IL27_PATHWAY%MSIGDB_C2%PID_IL27_PATHWAY	PID_IL27_PATHWAY%MSIGDB_C2%PID_IL27_PATHWAY		15	-0.49194872	-1.2402983	0.21280603	0.5992622	1.0	942	tags=27%, list=7%, signal=29%	
MONOSACCHARIDE TRANSMEMBRANE TRANSPORT%GOBP%GO:0015749	MONOSACCHARIDE TRANSMEMBRANE TRANSPORT%GOBP%GO:0015749		25	-0.4482924	-1.240155	0.19133574	0.59901386	1.0	426	tags=12%, list=3%, signal=12%	
REGULATION OF LYMPHOCYTE DIFFERENTIATION%GOBP%GO:0045619	REGULATION OF LYMPHOCYTE DIFFERENTIATION%GOBP%GO:0045619		132	-0.3323187	-1.2395724	0.09561128	0.60009676	1.0	1232	tags=17%, list=9%, signal=19%	
MYELOID LEUKOCYTE DIFFERENTIATION%GOBP%GO:0002573	MYELOID LEUKOCYTE DIFFERENTIATION%GOBP%GO:0002573		75	-0.3643646	-1.2394277	0.125	0.59985733	1.0	1739	tags=24%, list=13%, signal=27%	
ADENYLATE CYCLASE-INHIBITING G PROTEIN-COUPLED RECEPTOR SIGNALING PATHWAY%GOBP%GO:0007193	ADENYLATE CYCLASE-INHIBITING G PROTEIN-COUPLED RECEPTOR SIGNALING PATHWAY%GOBP%GO:0007193		45	-0.39892024	-1.2393906	0.16871704	0.5992818	1.0	471	tags=20%, list=3%, signal=21%	
IL1-MEDIATED SIGNALING EVENTS%PATHWAY INTERACTION DATABASE NCI-NATURE CURATED DATA%IL1-MEDIATED SIGNALING EVENTS	IL1-MEDIATED SIGNALING EVENTS%PATHWAY INTERACTION DATABASE NCI-NATURE CURATED DATA%IL1-MEDIATED SIGNALING EVENTS		31	-0.43874905	-1.23933	0.18871252	0.59880054	1.0	847	tags=13%, list=6%, signal=14%	
FCGR3A-MEDIATED IL10 SYNTHESIS%REACTOME%R-HSA-9664323.3	FCGR3A-MEDIATED IL10 SYNTHESIS%REACTOME%R-HSA-9664323.3		31	-0.42035592	-1.2387652	0.1845878	0.5998579	1.0	888	tags=16%, list=7%, signal=17%	
MONOCARBOXYLIC ACID BIOSYNTHETIC PROCESS%GOBP%GO:0072330	MONOCARBOXYLIC ACID BIOSYNTHETIC PROCESS%GOBP%GO:0072330		105	-0.342111	-1.2384621	0.10406504	0.6001432	1.0	2064	tags=29%, list=15%, signal=33%	
BIOCARTA_CTLA4_PATHWAY%MSIGDB_C2%BIOCARTA_CTLA4_PATHWAY	BIOCARTA_CTLA4_PATHWAY%MSIGDB_C2%BIOCARTA_CTLA4_PATHWAY		16	-0.49880654	-1.238334	0.18045112	0.5998394	1.0	917	tags=38%, list=7%, signal=40%	
REGULATION OF DNA STRAND ELONGATION%GOBP%GO:0060382	REGULATION OF DNA STRAND ELONGATION%GOBP%GO:0060382		17	-0.4815487	-1.2382919	0.18165468	0.5992911	1.0	2727	tags=24%, list=20%, signal=29%	
REGULATION OF TLR BY ENDOGENOUS LIGAND%REACTOME DATABASE ID RELEASE 93%5686938	REGULATION OF TLR BY ENDOGENOUS LIGAND%REACTOME DATABASE ID RELEASE 93%5686938		16	-0.49511155	-1.2376609	0.22181146	0.6005797	1.0	546	tags=31%, list=4%, signal=33%	
IRON ION TRANSPORT%GOBP%GO:0006826	IRON ION TRANSPORT%GOBP%GO:0006826		32	-0.42135105	-1.237276	0.17162873	0.6010622	1.0	262	tags=9%, list=2%, signal=10%	
PLASMA LIPOPROTEIN PARTICLE REMODELING%GOBP%GO:0034369	PLASMA LIPOPROTEIN PARTICLE REMODELING%GOBP%GO:0034369		21	-0.47158808	-1.2369837	0.21402878	0.6013187	1.0	954	tags=29%, list=7%, signal=31%	
UNFOLDED PROTEIN RESPONSE%WIKIPATHWAYS_20250810%WP4925%HOMO SAPIENS	UNFOLDED PROTEIN RESPONSE%WIKIPATHWAYS_20250810%WP4925%HOMO SAPIENS		16	-0.48793098	-1.2368908	0.18959108	0.6009258	1.0	1177	tags=19%, list=9%, signal=21%	
EYE PHOTORECEPTOR CELL DIFFERENTIATION%GOBP%GO:0001754	EYE PHOTORECEPTOR CELL DIFFERENTIATION%GOBP%GO:0001754		15	-0.49779278	-1.2363834	0.22550832	0.60181147	1.0	330	tags=13%, list=2%, signal=14%	
RESPONSE TO PEPTIDE HORMONE%GOBP%GO:0043434	RESPONSE TO PEPTIDE HORMONE%GOBP%GO:0043434		174	-0.31940562	-1.2361774	0.09076175	0.601764	1.0	908	tags=13%, list=7%, signal=13%	
BACTERIAL INFECTION PATHWAYS%REACTOME%R-HSA-9824439.2	BACTERIAL INFECTION PATHWAYS%REACTOME%R-HSA-9824439.2		58	-0.37949744	-1.2361742	0.14384748	0.6010974	1.0	2292	tags=22%, list=17%, signal=27%	
NEGATIVE REGULATION OF PHAGOCYTOSIS%GOBP%GO:0050765	NEGATIVE REGULATION OF PHAGOCYTOSIS%GOBP%GO:0050765		15	-0.5042054	-1.2355595	0.22105263	0.6022864	1.0	1450	tags=27%, list=11%, signal=30%	
DISORDERS OF MITOCHONDRIAL HOMEOSTATIS DYNAMICS PROTEIN IMPORT AND QUALITY CONTROL%WIKIPATHWAYS_20250810%WP5504%HOMO SAPIENS	DISORDERS OF MITOCHONDRIAL HOMEOSTATIS DYNAMICS PROTEIN IMPORT AND QUALITY CONTROL%WIKIPATHWAYS_20250810%WP5504%HOMO SAPIENS		50	-0.3848775	-1.2351857	0.15953948	0.60272914	1.0	2737	tags=28%, list=20%, signal=35%	
POSITIVE REGULATION OF LEUKOCYTE CELL-CELL ADHESION%GOBP%GO:1903039	POSITIVE REGULATION OF LEUKOCYTE CELL-CELL ADHESION%GOBP%GO:1903039		194	-0.31649598	-1.2351054	0.078125	0.60229456	1.0	1818	tags=23%, list=13%, signal=26%	
REGULATION OF HETEROTYPIC CELL-CELL ADHESION%GOBP%GO:0034114	REGULATION OF HETEROTYPIC CELL-CELL ADHESION%GOBP%GO:0034114		15	-0.50634855	-1.2348614	0.21157324	0.60235983	1.0	411	tags=20%, list=3%, signal=21%	
VITAMIN D RECEPTOR PATHWAY%WIKIPATHWAYS_20250810%WP2877%HOMO SAPIENS	VITAMIN D RECEPTOR PATHWAY%WIKIPATHWAYS_20250810%WP2877%HOMO SAPIENS		102	-0.34194875	-1.2347043	0.11940298	0.6021407	1.0	1642	tags=27%, list=12%, signal=31%	
PROTEIN LOCALIZATION TO CHROMATIN%GOBP%GO:0071168	PROTEIN LOCALIZATION TO CHROMATIN%GOBP%GO:0071168		25	-0.45056853	-1.2343343	0.19117647	0.60260797	1.0	1745	tags=16%, list=13%, signal=18%	
POSITIVE REGULATION OF T CELL ACTIVATION%GOBP%GO:0050870	POSITIVE REGULATION OF T CELL ACTIVATION%GOBP%GO:0050870		174	-0.32361615	-1.233625	0.08744038	0.60411024	1.0	1818	tags=23%, list=13%, signal=26%	
POSITIVE REGULATION OF PROTEIN SERINE/THREONINE KINASE ACTIVITY%GOBP%GO:0071902	POSITIVE REGULATION OF PROTEIN SERINE/THREONINE KINASE ACTIVITY%GOBP%GO:0071902		44	-0.3944575	-1.2334288	0.1508772	0.6040582	1.0	1644	tags=20%, list=12%, signal=23%	
CHOLESTEROL BIOSYNTHETIC PROCESS%GOBP%GO:0006695	CHOLESTEROL BIOSYNTHETIC PROCESS%GOBP%GO:0006695		29	-0.4380581	-1.2326851	0.17132217	0.6056682	1.0	2262	tags=31%, list=17%, signal=37%	
MYELOID CELL DIFFERENTIATION%GOBP%GO:0030099	MYELOID CELL DIFFERENTIATION%GOBP%GO:0030099		149	-0.3304433	-1.23238	0.1	0.6058684	1.0	2277	tags=25%, list=17%, signal=30%	
PID_VEGFR1_PATHWAY%MSIGDB_C2%PID_VEGFR1_PATHWAY	PID_VEGFR1_PATHWAY%MSIGDB_C2%PID_VEGFR1_PATHWAY		19	-0.46681494	-1.2318875	0.19963032	0.60672814	1.0	886	tags=21%, list=7%, signal=22%	
REGULATION OF LYMPHOCYTE MEDIATED IMMUNITY%GOBP%GO:0002706	REGULATION OF LYMPHOCYTE MEDIATED IMMUNITY%GOBP%GO:0002706		113	-0.3385563	-1.2309728	0.118421055	0.6088578	1.0	1414	tags=18%, list=10%, signal=20%	
GROWTH HORMONE RECEPTOR SIGNALING%REACTOME DATABASE ID RELEASE 93%982772	GROWTH HORMONE RECEPTOR SIGNALING%REACTOME DATABASE ID RELEASE 93%982772		18	-0.49242362	-1.2307539	0.21828358	0.60881937	1.0	1757	tags=39%, list=13%, signal=45%	
POSITIVE REGULATION OF CELL-MATRIX ADHESION%GOBP%GO:0001954	POSITIVE REGULATION OF CELL-MATRIX ADHESION%GOBP%GO:0001954		40	-0.40753245	-1.2306607	0.18867925	0.60845166	1.0	1865	tags=25%, list=14%, signal=29%	
TETRAHYDROFOLATE METABOLIC PROCESS%GOBP%GO:0046653	TETRAHYDROFOLATE METABOLIC PROCESS%GOBP%GO:0046653		15	-0.50061446	-1.2298005	0.20347826	0.61045086	1.0	1191	tags=27%, list=9%, signal=29%	
REGULATION OF BIOLOGICAL PROCESS INVOLVED IN SYMBIOTIC INTERACTION%GOBP%GO:0043903	REGULATION OF BIOLOGICAL PROCESS INVOLVED IN SYMBIOTIC INTERACTION%GOBP%GO:0043903		24	-0.45521832	-1.2296684	0.18890814	0.6102118	1.0	371	tags=13%, list=3%, signal=13%	
S1P1 PATHWAY%PATHWAY INTERACTION DATABASE NCI-NATURE CURATED DATA%S1P1 PATHWAY	S1P1 PATHWAY%PATHWAY INTERACTION DATABASE NCI-NATURE CURATED DATA%S1P1 PATHWAY		19	-0.47044805	-1.2293091	0.20588236	0.61066884	1.0	3370	tags=37%, list=25%, signal=49%	
CELL FATE DETERMINATION%GOBP%GO:0001709	CELL FATE DETERMINATION%GOBP%GO:0001709		15	-0.49923664	-1.2292639	0.20779221	0.61013484	1.0	3203	tags=33%, list=24%, signal=44%	
REGULATION OF INSULIN RECEPTOR SIGNALING PATHWAY%GOBP%GO:0046626	REGULATION OF INSULIN RECEPTOR SIGNALING PATHWAY%GOBP%GO:0046626		41	-0.39861184	-1.2290282	0.1708126	0.61024576	1.0	2549	tags=27%, list=19%, signal=33%	
POSITIVE REGULATION OF B CELL ACTIVATION%GOBP%GO:0050871	POSITIVE REGULATION OF B CELL ACTIVATION%GOBP%GO:0050871		47	-0.38440427	-1.2289673	0.16526139	0.60976434	1.0	1836	tags=19%, list=14%, signal=22%	
FOLIC ACID-CONTAINING COMPOUND METABOLIC PROCESS%GOBP%GO:0006760	FOLIC ACID-CONTAINING COMPOUND METABOLIC PROCESS%GOBP%GO:0006760		21	-0.45882708	-1.2283581	0.2079395	0.61095613	1.0	1637	tags=24%, list=12%, signal=27%	
CHOLESTEROL METABOLIC PROCESS%GOBP%GO:0008203	CHOLESTEROL METABOLIC PROCESS%GOBP%GO:0008203		59	-0.373286	-1.2282639	0.15878378	0.61056983	1.0	2284	tags=25%, list=17%, signal=30%	
REGULATION OF MUSCLE CELL APOPTOTIC PROCESS%GOBP%GO:0010660	REGULATION OF MUSCLE CELL APOPTOTIC PROCESS%GOBP%GO:0010660		30	-0.43324503	-1.2277893	0.17944251	0.6113992	1.0	2142	tags=37%, list=16%, signal=43%	
ARACHIDONATE METABOLISM%REACTOME DATABASE ID RELEASE 93%2142753	ARACHIDONATE METABOLISM%REACTOME DATABASE ID RELEASE 93%2142753		38	-0.4056954	-1.2275107	0.19400352	0.61156195	1.0	1400	tags=32%, list=10%, signal=35%	
REGULATION OF NEURONAL SYNAPTIC PLASTICITY%GOBP%GO:0048168	REGULATION OF NEURONAL SYNAPTIC PLASTICITY%GOBP%GO:0048168		26	-0.4319528	-1.2275088	0.1988743	0.61089754	1.0	355	tags=12%, list=3%, signal=12%	
REGULATION OF MITF-M-DEPENDENT GENES INVOLVED IN PIGMENTATION%REACTOME DATABASE ID RELEASE 93%9824585	REGULATION OF MITF-M-DEPENDENT GENES INVOLVED IN PIGMENTATION%REACTOME DATABASE ID RELEASE 93%9824585		34	-0.4136788	-1.2272702	0.19454545	0.61090267	1.0	1216	tags=15%, list=9%, signal=16%	
AMYLOID FIBER FORMATION%REACTOME%R-HSA-977225.8	AMYLOID FIBER FORMATION%REACTOME%R-HSA-977225.8		47	-0.39080924	-1.2272322	0.18887015	0.61034226	1.0	2013	tags=23%, list=15%, signal=27%	
REGULATION OF CIRCADIAN RHYTHM%GOBP%GO:0042752	REGULATION OF CIRCADIAN RHYTHM%GOBP%GO:0042752		85	-0.3523756	-1.2271194	0.13531353	0.61003685	1.0	976	tags=12%, list=7%, signal=13%	
POSITIVE REGULATION OF INTERLEUKIN-17 PRODUCTION%GOBP%GO:0032740	POSITIVE REGULATION OF INTERLEUKIN-17 PRODUCTION%GOBP%GO:0032740		17	-0.49512723	-1.2267475	0.19604316	0.6105207	1.0	573	tags=18%, list=4%, signal=18%	
ENTEROCYTE CHOLESTEROL METABOLISM%WIKIPATHWAYS_20250810%WP5333%HOMO SAPIENS	ENTEROCYTE CHOLESTEROL METABOLISM%WIKIPATHWAYS_20250810%WP5333%HOMO SAPIENS		30	-0.42483276	-1.2265843	0.19056262	0.61030823	1.0	2613	tags=33%, list=19%, signal=41%	
METALLOPROTEASE DUBS%REACTOME DATABASE ID RELEASE 93%5689901	METALLOPROTEASE DUBS%REACTOME DATABASE ID RELEASE 93%5689901		21	-0.46263397	-1.225945	0.19642857	0.6115918	1.0	2013	tags=29%, list=15%, signal=34%	
DEFENSE RESPONSE TO GRAM-NEGATIVE BACTERIUM%GOBP%GO:0050829	DEFENSE RESPONSE TO GRAM-NEGATIVE BACTERIUM%GOBP%GO:0050829		34	-0.4193449	-1.2257543	0.19458544	0.6115382	1.0	353	tags=18%, list=3%, signal=18%	
PLATELET HOMEOSTASIS%REACTOME DATABASE ID RELEASE 93%418346	PLATELET HOMEOSTASIS%REACTOME DATABASE ID RELEASE 93%418346		68	-0.367174	-1.2256002	0.12280702	0.6113498	1.0	2212	tags=28%, list=16%, signal=33%	
IL-7%NETPATH%IL-7	IL-7%NETPATH%IL-7		19	-0.46199062	-1.2247409	0.21755028	0.61336386	1.0	1059	tags=21%, list=8%, signal=23%	
DEVELOPMENT AND HETEROGENEITY OF THE ILC FAMILY%WIKIPATHWAYS_20250810%WP3893%HOMO SAPIENS	DEVELOPMENT AND HETEROGENEITY OF THE ILC FAMILY%WIKIPATHWAYS_20250810%WP3893%HOMO SAPIENS		21	-0.46010324	-1.2239308	0.20761904	0.6153033	1.0	1159	tags=29%, list=9%, signal=31%	
NUCLEAR RECEPTOR TRANSCRIPTION PATHWAY%REACTOME DATABASE ID RELEASE 93%383280	NUCLEAR RECEPTOR TRANSCRIPTION PATHWAY%REACTOME DATABASE ID RELEASE 93%383280		35	-0.4183986	-1.2237126	0.18309858	0.6152362	1.0	1109	tags=20%, list=8%, signal=22%	
REGULATION OF PROTEIN EXPORT FROM NUCLEUS%GOBP%GO:0046825	REGULATION OF PROTEIN EXPORT FROM NUCLEUS%GOBP%GO:0046825		25	-0.4462856	-1.2227715	0.18448275	0.61751485	1.0	1794	tags=28%, list=13%, signal=32%	
IL1%NETPATH%IL1	IL1%NETPATH%IL1		36	-0.40280008	-1.222585	0.16637169	0.61743885	1.0	847	tags=11%, list=6%, signal=12%	
T CELL MODULATION AND DESMOPLASIA IN PANCREATIC CANCER%WIKIPATHWAYS_20250810%WP5078%HOMO SAPIENS	T CELL MODULATION AND DESMOPLASIA IN PANCREATIC CANCER%WIKIPATHWAYS_20250810%WP5078%HOMO SAPIENS		29	-0.42836526	-1.2218261	0.21335807	0.6191584	1.0	917	tags=24%, list=7%, signal=26%	
DETERMINATION OF LEFT/RIGHT SYMMETRY%GOBP%GO:0007368	DETERMINATION OF LEFT/RIGHT SYMMETRY%GOBP%GO:0007368		54	-0.3824989	-1.2218156	0.1754386	0.61852175	1.0	1306	tags=15%, list=10%, signal=16%	
LEFT/RIGHT PATTERN FORMATION%GOBP%GO:0060972	LEFT/RIGHT PATTERN FORMATION%GOBP%GO:0060972		55	-0.3802203	-1.2215824	0.14558059	0.6185794	1.0	1306	tags=15%, list=10%, signal=16%	
GLIOBLASTOMA SIGNALING%WIKIPATHWAYS_20250810%WP2261%HOMO SAPIENS	GLIOBLASTOMA SIGNALING%WIKIPATHWAYS_20250810%WP2261%HOMO SAPIENS		67	-0.3638995	-1.2213652	0.17310925	0.61861247	1.0	2093	tags=22%, list=15%, signal=26%	
BCR%NETPATH%BCR	BCR%NETPATH%BCR		82	-0.3557837	-1.2209926	0.13781513	0.6191013	1.0	1232	tags=21%, list=9%, signal=23%	
PYRIMIDINE DEOXYRIBONUCLEOTIDE CATABOLIC PROCESS%GOBP%GO:0009223	PYRIMIDINE DEOXYRIBONUCLEOTIDE CATABOLIC PROCESS%GOBP%GO:0009223		15	-0.49719185	-1.2206767	0.23007247	0.6193586	1.0	1286	tags=27%, list=9%, signal=29%	
NEURON MATURATION%GOBP%GO:0042551	NEURON MATURATION%GOBP%GO:0042551		21	-0.45266637	-1.2198371	0.19964029	0.6212265	1.0	1500	tags=24%, list=11%, signal=27%	
CARDIAC PROGENITOR DIFFERENTIATION%WIKIPATHWAYS_20250810%WP2406%HOMO SAPIENS	CARDIAC PROGENITOR DIFFERENTIATION%WIKIPATHWAYS_20250810%WP2406%HOMO SAPIENS		24	-0.44954312	-1.2196398	0.20855615	0.6211122	1.0	1198	tags=29%, list=9%, signal=32%	
REGULATION OF DENDRITE MORPHOGENESIS%GOBP%GO:0048814	REGULATION OF DENDRITE MORPHOGENESIS%GOBP%GO:0048814		31	-0.42543817	-1.2193037	0.20426288	0.62148374	1.0	729	tags=16%, list=5%, signal=17%	
POSITIVE REGULATION OF CELL JUNCTION ASSEMBLY%GOBP%GO:1901890	POSITIVE REGULATION OF CELL JUNCTION ASSEMBLY%GOBP%GO:1901890		55	-0.37483352	-1.2191556	0.15410958	0.621279	1.0	1422	tags=22%, list=10%, signal=24%	
HALLMARK_ALLOGRAFT_REJECTION%MSIGDBHALLMARK%HALLMARK_ALLOGRAFT_REJECTION	HALLMARK_ALLOGRAFT_REJECTION%MSIGDBHALLMARK%HALLMARK_ALLOGRAFT_REJECTION		141	-0.32856277	-1.2185627	0.09733124	0.6224276	1.0	1292	tags=24%, list=10%, signal=26%	
BMP SIGNALING PATHWAY%GOBP%GO:0030509	BMP SIGNALING PATHWAY%GOBP%GO:0030509		39	-0.39248344	-1.2184967	0.17540687	0.6219451	1.0	1747	tags=26%, list=13%, signal=29%	
REGULATION OF T-HELPER 17 CELL DIFFERENTIATION%GOBP%GO:2000319	REGULATION OF T-HELPER 17 CELL DIFFERENTIATION%GOBP%GO:2000319		19	-0.46762025	-1.2181721	0.2195122	0.6222747	1.0	771	tags=21%, list=6%, signal=22%	
T CELL DIFFERENTIATION IN THYMUS%GOBP%GO:0033077	T CELL DIFFERENTIATION IN THYMUS%GOBP%GO:0033077		18	-0.47402906	-1.2172755	0.23709369	0.6243644	1.0	813	tags=28%, list=6%, signal=30%	
CELLULAR RESPONSE TO BIOTIC STIMULUS%GOBP%GO:0071216	CELLULAR RESPONSE TO BIOTIC STIMULUS%GOBP%GO:0071216		128	-0.3257632	-1.2167891	0.10474632	0.62521124	1.0	1186	tags=15%, list=9%, signal=16%	
NEGATIVE REGULATION OF G PROTEIN-COUPLED RECEPTOR SIGNALING PATHWAY%GOBP%GO:0045744	NEGATIVE REGULATION OF G PROTEIN-COUPLED RECEPTOR SIGNALING PATHWAY%GOBP%GO:0045744		40	-0.3988636	-1.2165396	0.18804921	0.6252972	1.0	2002	tags=40%, list=15%, signal=47%	
PYRIMIDINE-CONTAINING COMPOUND METABOLIC PROCESS%GOBP%GO:0072527	PYRIMIDINE-CONTAINING COMPOUND METABOLIC PROCESS%GOBP%GO:0072527		55	-0.38034996	-1.2163498	0.14141414	0.62519556	1.0	1286	tags=18%, list=9%, signal=20%	
MRNA SPLICE SITE RECOGNITION%GOBP%GO:0006376	MRNA SPLICE SITE RECOGNITION%GOBP%GO:0006376		29	-0.4292677	-1.2158928	0.19736843	0.62590504	1.0	4401	tags=48%, list=32%, signal=71%	
UBIQUINONE BIOSYNTHETIC PROCESS%GOBP%GO:0006744	UBIQUINONE BIOSYNTHETIC PROCESS%GOBP%GO:0006744		17	-0.48062158	-1.2146695	0.2181146	0.6290388	1.0	3559	tags=47%, list=26%, signal=64%	
PI3K AKT MTOR SIGNALING AND THERAPEUTIC OPPORTUNITIES IN PROSTATE CANCER%WIKIPATHWAYS_20250810%WP3844%HOMO SAPIENS	PI3K AKT MTOR SIGNALING AND THERAPEUTIC OPPORTUNITIES IN PROSTATE CANCER%WIKIPATHWAYS_20250810%WP3844%HOMO SAPIENS		25	-0.4399864	-1.2143158	0.2	0.6295096	1.0	2549	tags=28%, list=19%, signal=34%	
MTORC1-MEDIATED SIGNALLING%REACTOME DATABASE ID RELEASE 93%166208	MTORC1-MEDIATED SIGNALLING%REACTOME DATABASE ID RELEASE 93%166208		22	-0.45720086	-1.2138629	0.20582524	0.6302652	1.0	2890	tags=27%, list=21%, signal=35%	
PHOSPHORYLATED BMAL1:CLOCK (ARNTL:CLOCK) ACTIVATES EXPRESSION OF CORE CLOCK GENES%REACTOME DATABASE ID RELEASE 93%9931510	PHOSPHORYLATED BMAL1:CLOCK (ARNTL:CLOCK) ACTIVATES EXPRESSION OF CORE CLOCK GENES%REACTOME DATABASE ID RELEASE 93%9931510		20	-0.45565268	-1.2133644	0.21787709	0.63118476	1.0	3668	tags=45%, list=27%, signal=62%	
THYROID HORMONES PRODUCTION AND PERIPHERAL DOWNSTREAM SIGNALING EFFECTS%WIKIPATHWAYS_20250810%WP4746%HOMO SAPIENS	THYROID HORMONES PRODUCTION AND PERIPHERAL DOWNSTREAM SIGNALING EFFECTS%WIKIPATHWAYS_20250810%WP4746%HOMO SAPIENS		67	-0.36578122	-1.2131532	0.16298811	0.6311467	1.0	1786	tags=18%, list=13%, signal=21%	
NAD+ METABOLIC PROCESS%GOBP%GO:0019674	NAD+ METABOLIC PROCESS%GOBP%GO:0019674		28	-0.42960185	-1.2128112	0.19475655	0.6315167	1.0	1597	tags=25%, list=12%, signal=28%	
TP53 REGULATES METABOLIC GENES%REACTOME%R-HSA-5628897.6	TP53 REGULATES METABOLIC GENES%REACTOME%R-HSA-5628897.6		69	-0.36032873	-1.2123108	0.15630253	0.632408	1.0	3833	tags=38%, list=28%, signal=52%	
PAUSING AND RECOVERY OF TAT-MEDIATED HIV ELONGATION%REACTOME%R-HSA-167238.4	PAUSING AND RECOVERY OF TAT-MEDIATED HIV ELONGATION%REACTOME%R-HSA-167238.4		30	-0.42055634	-1.211996	0.19584055	0.63270116	1.0	4664	tags=57%, list=34%, signal=86%	
SIGNAL TRANSDUCTION THROUGH IL1R%WIKIPATHWAYS_20250810%WP4496%HOMO SAPIENS	SIGNAL TRANSDUCTION THROUGH IL1R%WIKIPATHWAYS_20250810%WP4496%HOMO SAPIENS		25	-0.4303502	-1.2113816	0.23550087	0.6339422	1.0	847	tags=16%, list=6%, signal=17%	
REGULATION OF ADAPTIVE IMMUNE RESPONSE%GOBP%GO:0002819	REGULATION OF ADAPTIVE IMMUNE RESPONSE%GOBP%GO:0002819		130	-0.3287632	-1.2113408	0.12199037	0.6334126	1.0	1666	tags=19%, list=12%, signal=22%	
REGULATION OF ADAPTIVE IMMUNE RESPONSE BASED ON SOMATIC RECOMBINATION OF IMMUNE RECEPTORS BUILT FROM IMMUNOGLOBULIN SUPERFAMILY DOMAINS%GOBP%GO:0002822	REGULATION OF ADAPTIVE IMMUNE RESPONSE BASED ON SOMATIC RECOMBINATION OF IMMUNE RECEPTORS BUILT FROM IMMUNOGLOBULIN SUPERFAMILY DOMAINS%GOBP%GO:0002822		117	-0.33236519	-1.2108431	0.13001606	0.63429815	1.0	1414	tags=17%, list=10%, signal=19%	
REGULATION OF PH%GOBP%GO:0006885	REGULATION OF PH%GOBP%GO:0006885		70	-0.35460907	-1.210539	0.15232974	0.63454807	1.0	1736	tags=17%, list=13%, signal=20%	
WNT SIGNALING NETPATH%WIKIPATHWAYS_20250810%WP363%HOMO SAPIENS	WNT SIGNALING NETPATH%WIKIPATHWAYS_20250810%WP363%HOMO SAPIENS		40	-0.39450267	-1.2100984	0.18933824	0.6352208	1.0	689	tags=10%, list=5%, signal=11%	
FC RECEPTOR SIGNALING PATHWAY%GOBP%GO:0038093	FC RECEPTOR SIGNALING PATHWAY%GOBP%GO:0038093		43	-0.3907704	-1.2100523	0.19748653	0.6346938	1.0	1170	tags=19%, list=9%, signal=20%	
REGULATION OF VASCULAR PERMEABILITY%GOBP%GO:0043114	REGULATION OF VASCULAR PERMEABILITY%GOBP%GO:0043114		28	-0.4278827	-1.2100365	0.20426288	0.6340779	1.0	1428	tags=29%, list=11%, signal=32%	
REGULATION OF PROTEIN SERINE/THREONINE KINASE ACTIVITY%GOBP%GO:0071900	REGULATION OF PROTEIN SERINE/THREONINE KINASE ACTIVITY%GOBP%GO:0071900		97	-0.34063256	-1.2100194	0.14334472	0.6334775	1.0	2193	tags=24%, list=16%, signal=28%	
METALLO-SULFUR CLUSTER ASSEMBLY%GOBP%GO:0031163	METALLO-SULFUR CLUSTER ASSEMBLY%GOBP%GO:0031163		23	-0.45065567	-1.209837	0.19963032	0.6333689	1.0	5326	tags=74%, list=39%, signal=122%	
REGULATION OF CARBOHYDRATE BIOSYNTHETIC PROCESS%GOBP%GO:0043255	REGULATION OF CARBOHYDRATE BIOSYNTHETIC PROCESS%GOBP%GO:0043255		63	-0.365925	-1.2091483	0.16287215	0.6348984	1.0	2087	tags=21%, list=15%, signal=24%	
QUINONE BIOSYNTHETIC PROCESS%GOBP%GO:1901663	QUINONE BIOSYNTHETIC PROCESS%GOBP%GO:1901663		17	-0.48062158	-1.2089363	0.21146953	0.6349298	1.0	3559	tags=47%, list=26%, signal=64%	
PID_NFAT_TFPATHWAY%MSIGDB_C2%PID_NFAT_TFPATHWAY	PID_NFAT_TFPATHWAY%MSIGDB_C2%PID_NFAT_TFPATHWAY		33	-0.41525435	-1.2087557	0.20572451	0.6348642	1.0	1274	tags=30%, list=9%, signal=33%	
REGULATION OF DNA-BINDING TRANSCRIPTION FACTOR ACTIVITY%GOBP%GO:0051090	REGULATION OF DNA-BINDING TRANSCRIPTION FACTOR ACTIVITY%GOBP%GO:0051090		145	-0.32164803	-1.2075973	0.12519562	0.63778096	1.0	1847	tags=16%, list=14%, signal=18%	
CELLULAR COMPONENT DISASSEMBLY INVOLVED IN EXECUTION PHASE OF APOPTOSIS%GOBP%GO:0006921	CELLULAR COMPONENT DISASSEMBLY INVOLVED IN EXECUTION PHASE OF APOPTOSIS%GOBP%GO:0006921		18	-0.48257267	-1.2074414	0.22836095	0.6376202	1.0	290	tags=11%, list=2%, signal=11%	
PEPTIDYL-TYROSINE MODIFICATION%GOBP%GO:0018212	PEPTIDYL-TYROSINE MODIFICATION%GOBP%GO:0018212		42	-0.3960043	-1.2072945	0.18815331	0.6374303	1.0	1757	tags=29%, list=13%, signal=33%	
NEGATIVE REGULATION OF RESPONSE TO WOUNDING%GOBP%GO:1903035	NEGATIVE REGULATION OF RESPONSE TO WOUNDING%GOBP%GO:1903035		52	-0.37543684	-1.2072921	0.175	0.6367798	1.0	1446	tags=21%, list=11%, signal=24%	
GLUCOCORTICOID RECEPTOR PATHWAY%WIKIPATHWAYS_20250810%WP2880%HOMO SAPIENS	GLUCOCORTICOID RECEPTOR PATHWAY%WIKIPATHWAYS_20250810%WP2880%HOMO SAPIENS		49	-0.38296837	-1.2071886	0.18644068	0.6364381	1.0	2005	tags=31%, list=15%, signal=36%	
POSITIVE REGULATION OF CELL MIGRATION INVOLVED IN SPROUTING ANGIOGENESIS%GOBP%GO:0090050	POSITIVE REGULATION OF CELL MIGRATION INVOLVED IN SPROUTING ANGIOGENESIS%GOBP%GO:0090050		18	-0.4714397	-1.2068309	0.22820038	0.6368729	1.0	2028	tags=33%, list=15%, signal=39%	
FCERI MEDIATED CA+2 MOBILIZATION%REACTOME%R-HSA-2871809.3	FCERI MEDIATED CA+2 MOBILIZATION%REACTOME%R-HSA-2871809.3		25	-0.44037637	-1.2065561	0.21869159	0.6370805	1.0	888	tags=16%, list=7%, signal=17%	
NITRIC OXIDE STIMULATES GUANYLATE CYCLASE%REACTOME%R-HSA-392154.3	NITRIC OXIDE STIMULATES GUANYLATE CYCLASE%REACTOME%R-HSA-392154.3		18	-0.47243527	-1.206296	0.21785714	0.63726956	1.0	1972	tags=39%, list=15%, signal=45%	
PID_ARF6_PATHWAY%MSIGDB_C2%PID_ARF6_PATHWAY	PID_ARF6_PATHWAY%MSIGDB_C2%PID_ARF6_PATHWAY		29	-0.4224094	-1.2059377	0.19741698	0.63772744	1.0	1932	tags=34%, list=14%, signal=40%	
RIBONUCLEOTIDE CATABOLIC PROCESS%GOBP%GO:0009261	RIBONUCLEOTIDE CATABOLIC PROCESS%GOBP%GO:0009261		50	-0.3807697	-1.2057321	0.17553191	0.6377297	1.0	2585	tags=26%, list=19%, signal=32%	
NEGATIVE REGULATION OF WOUND HEALING%GOBP%GO:0061045	NEGATIVE REGULATION OF WOUND HEALING%GOBP%GO:0061045		39	-0.39505598	-1.2050447	0.2030981	0.6391815	1.0	1446	tags=26%, list=11%, signal=29%	
ESTABLISHMENT OF PROTEIN LOCALIZATION TO MITOCHONDRIAL MEMBRANE%GOBP%GO:0090151	ESTABLISHMENT OF PROTEIN LOCALIZATION TO MITOCHONDRIAL MEMBRANE%GOBP%GO:0090151		28	-0.42458445	-1.204761	0.2188065	0.63940346	1.0	3178	tags=32%, list=23%, signal=42%	
MESODERM DEVELOPMENT%GOBP%GO:0007498	MESODERM DEVELOPMENT%GOBP%GO:0007498		40	-0.39795917	-1.2047362	0.19197208	0.6388329	1.0	2017	tags=33%, list=15%, signal=38%	
TAT-MEDIATED HIV ELONGATION ARREST AND RECOVERY%REACTOME DATABASE ID RELEASE 93%167243	TAT-MEDIATED HIV ELONGATION ARREST AND RECOVERY%REACTOME DATABASE ID RELEASE 93%167243		30	-0.42055634	-1.2043661	0.22181146	0.6393557	1.0	4664	tags=57%, list=34%, signal=86%	
PID_PI3KCI_AKT_PATHWAY%MSIGDB_C2%PID_PI3KCI_AKT_PATHWAY	PID_PI3KCI_AKT_PATHWAY%MSIGDB_C2%PID_PI3KCI_AKT_PATHWAY		26	-0.43304294	-1.2041692	0.23119266	0.6393122	1.0	270	tags=8%, list=2%, signal=8%	
SYNAPTIC SIGNALING ASSOCIATED WITH AUTISM SPECTRUM DISORDER%WIKIPATHWAYS_20250810%WP4539%HOMO SAPIENS	SYNAPTIC SIGNALING ASSOCIATED WITH AUTISM SPECTRUM DISORDER%WIKIPATHWAYS_20250810%WP4539%HOMO SAPIENS		39	-0.40085274	-1.2040883	0.20862068	0.6389058	1.0	2093	tags=21%, list=15%, signal=24%	
NEGATIVE REGULATION OF MAPK PATHWAY%REACTOME DATABASE ID RELEASE 93%5675221	NEGATIVE REGULATION OF MAPK PATHWAY%REACTOME DATABASE ID RELEASE 93%5675221		40	-0.39274397	-1.2039778	0.18673648	0.6386166	1.0	2068	tags=30%, list=15%, signal=35%	
PID_IL4_2PATHWAY%MSIGDB_C2%PID_IL4_2PATHWAY	PID_IL4_2PATHWAY%MSIGDB_C2%PID_IL4_2PATHWAY		39	-0.39531645	-1.2030729	0.19618055	0.6407707	1.0	1232	tags=21%, list=9%, signal=22%	
EGFR DOWNREGULATION%REACTOME%R-HSA-182971.8	EGFR DOWNREGULATION%REACTOME%R-HSA-182971.8		25	-0.4321461	-1.2017468	0.21607143	0.64419615	1.0	2554	tags=40%, list=19%, signal=49%	
MYOBLAST DIFFERENTIATION%GOBP%GO:0045445	MYOBLAST DIFFERENTIATION%GOBP%GO:0045445		19	-0.46093905	-1.2016233	0.20996441	0.6438916	1.0	421	tags=11%, list=3%, signal=11%	
VASCULAR TRANSPORT%GOBP%GO:0010232	VASCULAR TRANSPORT%GOBP%GO:0010232		71	-0.35597855	-1.2016188	0.16168717	0.64325076	1.0	690	tags=20%, list=5%, signal=21%	
PID_P38_MKK3_6PATHWAY%MSIGDB_C2%PID_P38_MKK3_6PATHWAY	PID_P38_MKK3_6PATHWAY%MSIGDB_C2%PID_P38_MKK3_6PATHWAY		20	-0.46419767	-1.2012513	0.24865831	0.6438141	1.0	4577	tags=55%, list=34%, signal=83%	
EFFECT OF PROGERIN ON GENES INVOLVED IN PROGERIA%WIKIPATHWAYS_20250810%WP4320%HOMO SAPIENS	EFFECT OF PROGERIN ON GENES INVOLVED IN PROGERIA%WIKIPATHWAYS_20250810%WP4320%HOMO SAPIENS		16	-0.49344876	-1.2011337	0.22537878	0.64349675	1.0	988	tags=13%, list=7%, signal=13%	
PI3K AKT SIGNALING IN CANCER%REACTOME%R-HSA-2219528.4	PI3K AKT SIGNALING IN CANCER%REACTOME%R-HSA-2219528.4		82	-0.3496884	-1.2007374	0.19463088	0.64400685	1.0	2093	tags=27%, list=15%, signal=32%	
REGULATION OF LEUKOCYTE DEGRANULATION%GOBP%GO:0043300	REGULATION OF LEUKOCYTE DEGRANULATION%GOBP%GO:0043300		26	-0.4391195	-1.200337	0.20652173	0.6445183	1.0	1450	tags=31%, list=11%, signal=34%	
COVID 19 STRUCTURAL COVERAGE MAP%WIKIPATHWAYS_20250810%WP5145%HOMO SAPIENS	COVID 19 STRUCTURAL COVERAGE MAP%WIKIPATHWAYS_20250810%WP5145%HOMO SAPIENS		18	-0.4744865	-1.200333	0.21212122	0.64387625	1.0	1368	tags=17%, list=10%, signal=19%	
REGULATION OF CAMP/PKA SIGNAL TRANSDUCTION%GOBP%GO:0141161	REGULATION OF CAMP/PKA SIGNAL TRANSDUCTION%GOBP%GO:0141161		34	-0.40519175	-1.2001166	0.2080292	0.64390105	1.0	2199	tags=41%, list=16%, signal=49%	
CALCIUM ION IMPORT INTO CYTOSOL%GOBP%GO:1902656	CALCIUM ION IMPORT INTO CYTOSOL%GOBP%GO:1902656		15	-0.49933648	-1.1992935	0.24060151	0.64580196	1.0	1209	tags=27%, list=9%, signal=29%	
ALBUTEROL AND BUDESONIDE THERAPY FOR ASTHMA%WIKIPATHWAYS_20250810%WP5503%HOMO SAPIENS	ALBUTEROL AND BUDESONIDE THERAPY FOR ASTHMA%WIKIPATHWAYS_20250810%WP5503%HOMO SAPIENS		16	-0.46935147	-1.1991575	0.23674911	0.64554566	1.0	3871	tags=50%, list=29%, signal=70%	
COENZYME A METABOLIC PROCESS%GOBP%GO:0015936	COENZYME A METABOLIC PROCESS%GOBP%GO:0015936		15	-0.49389648	-1.1980445	0.26275992	0.64830035	1.0	2660	tags=47%, list=20%, signal=58%	
INFLAMMASOMES%REACTOME DATABASE ID RELEASE 93%622312	INFLAMMASOMES%REACTOME DATABASE ID RELEASE 93%622312		21	-0.4574833	-1.1969734	0.23090586	0.6509488	1.0	2511	tags=38%, list=19%, signal=47%	
POSITIVE REGULATION OF CARBOHYDRATE METABOLIC PROCESS%GOBP%GO:0045913	POSITIVE REGULATION OF CARBOHYDRATE METABOLIC PROCESS%GOBP%GO:0045913		50	-0.37301853	-1.1969248	0.19127516	0.65044713	1.0	1629	tags=22%, list=12%, signal=25%	
ALCOHOL BIOSYNTHETIC PROCESS%GOBP%GO:0046165	ALCOHOL BIOSYNTHETIC PROCESS%GOBP%GO:0046165		64	-0.35657686	-1.1961321	0.18363939	0.65224314	1.0	3657	tags=39%, list=27%, signal=53%	
SPECIFICATION OF SYMMETRY%GOBP%GO:0009799	SPECIFICATION OF SYMMETRY%GOBP%GO:0009799		57	-0.36774245	-1.1957629	0.18900344	0.6527211	1.0	1306	tags=14%, list=10%, signal=15%	
SENSORY PERCEPTION OF TASTE%GOBP%GO:0050909	SENSORY PERCEPTION OF TASTE%GOBP%GO:0050909		20	-0.45946404	-1.1947864	0.25	0.65504444	1.0	2396	tags=35%, list=18%, signal=42%	
ERBB SIGNALING%WIKIPATHWAYS_20250810%WP673%HOMO SAPIENS	ERBB SIGNALING%WIKIPATHWAYS_20250810%WP673%HOMO SAPIENS		68	-0.35734698	-1.1945916	0.1886121	0.6550125	1.0	1870	tags=22%, list=14%, signal=25%	
FC-GAMMA RECEPTOR SIGNALING PATHWAY%GOBP%GO:0038094	FC-GAMMA RECEPTOR SIGNALING PATHWAY%GOBP%GO:0038094		26	-0.4354107	-1.194276	0.22586522	0.6553669	1.0	1170	tags=27%, list=9%, signal=29%	
NUCLEOSIDE PHOSPHATE CATABOLIC PROCESS%GOBP%GO:1901292	NUCLEOSIDE PHOSPHATE CATABOLIC PROCESS%GOBP%GO:1901292		91	-0.34073538	-1.1938163	0.16453674	0.6562006	1.0	2667	tags=26%, list=20%, signal=33%	
DNA CATABOLIC PROCESS%GOBP%GO:0006308	DNA CATABOLIC PROCESS%GOBP%GO:0006308		21	-0.45565557	-1.1936704	0.2326923	0.6560095	1.0	311	tags=10%, list=2%, signal=10%	
NUCLEOSOME ORGANIZATION%GOBP%GO:0034728	NUCLEOSOME ORGANIZATION%GOBP%GO:0034728		60	-0.35960257	-1.1935275	0.18612522	0.6557805	1.0	353	tags=7%, list=3%, signal=7%	
CO-INHIBITION BY CTLA4%REACTOME DATABASE ID RELEASE 93%389513	CO-INHIBITION BY CTLA4%REACTOME DATABASE ID RELEASE 93%389513		20	-0.45679197	-1.1934011	0.24150269	0.65554607	1.0	918	tags=20%, list=7%, signal=21%	
IRON-SULFUR CLUSTER ASSEMBLY%GOBP%GO:0016226	IRON-SULFUR CLUSTER ASSEMBLY%GOBP%GO:0016226		23	-0.45065567	-1.1929733	0.22654867	0.6562256	1.0	5326	tags=74%, list=39%, signal=122%	
METABOLISM OF ANGIOTENSINOGEN TO ANGIOTENSINS%REACTOME%R-HSA-2022377.10	METABOLISM OF ANGIOTENSINOGEN TO ANGIOTENSINS%REACTOME%R-HSA-2022377.10		15	-0.48691383	-1.1922746	0.23773585	0.6577598	1.0	502	tags=27%, list=4%, signal=28%	
MTOR SIGNALING PATHWAY%PATHWAY INTERACTION DATABASE NCI-NATURE CURATED DATA%MTOR SIGNALING PATHWAY	MTOR SIGNALING PATHWAY%PATHWAY INTERACTION DATABASE NCI-NATURE CURATED DATA%MTOR SIGNALING PATHWAY		65	-0.3601795	-1.1921248	0.17886178	0.65758824	1.0	2344	tags=23%, list=17%, signal=28%	
POSITIVE REGULATION OF REACTIVE OXYGEN SPECIES METABOLIC PROCESS%GOBP%GO:2000379	POSITIVE REGULATION OF REACTIVE OXYGEN SPECIES METABOLIC PROCESS%GOBP%GO:2000379		46	-0.38222733	-1.1920422	0.1923775	0.65718645	1.0	2212	tags=26%, list=16%, signal=31%	
CALCIUM-DEPENDENT CELL-CELL ADHESION VIA PLASMA MEMBRANE CELL ADHESION MOLECULES%GOBP%GO:0016339	CALCIUM-DEPENDENT CELL-CELL ADHESION VIA PLASMA MEMBRANE CELL ADHESION MOLECULES%GOBP%GO:0016339		30	-0.41105387	-1.1915698	0.22574955	0.6579678	1.0	1261	tags=20%, list=9%, signal=22%	
PROTEIN INSERTION INTO MITOCHONDRIAL MEMBRANE%GOBP%GO:0051204	PROTEIN INSERTION INTO MITOCHONDRIAL MEMBRANE%GOBP%GO:0051204		28	-0.42458445	-1.1913565	0.21265379	0.65797347	1.0	3178	tags=32%, list=23%, signal=42%	
REGULATION OF MORPHOGENESIS OF A BRANCHING STRUCTURE%GOBP%GO:0060688	REGULATION OF MORPHOGENESIS OF A BRANCHING STRUCTURE%GOBP%GO:0060688		24	-0.447919	-1.1908591	0.22743683	0.658879	1.0	1198	tags=25%, list=9%, signal=27%	
HIV ELONGATION ARREST AND RECOVERY%REACTOME DATABASE ID RELEASE 93%167287	HIV ELONGATION ARREST AND RECOVERY%REACTOME DATABASE ID RELEASE 93%167287		32	-0.40921816	-1.1908289	0.21847247	0.6583211	1.0	4960	tags=59%, list=37%, signal=93%	
FAT CELL DIFFERENTIATION%GOBP%GO:0045444	FAT CELL DIFFERENTIATION%GOBP%GO:0045444		61	-0.3555077	-1.1905407	0.20654045	0.6585189	1.0	2548	tags=30%, list=19%, signal=36%	
REGULATION OF PLATELET ACTIVATION%GOBP%GO:0010543	REGULATION OF PLATELET ACTIVATION%GOBP%GO:0010543		44	-0.38643754	-1.1905113	0.19680852	0.6579682	1.0	1446	tags=23%, list=11%, signal=25%	
GPVI-MEDIATED ACTIVATION CASCADE%REACTOME DATABASE ID RELEASE 93%114604	GPVI-MEDIATED ACTIVATION CASCADE%REACTOME DATABASE ID RELEASE 93%114604		31	-0.41042298	-1.1903948	0.22696246	0.6576777	1.0	2053	tags=29%, list=15%, signal=34%	
HALLMARK_APICAL_SURFACE%MSIGDBHALLMARK%HALLMARK_APICAL_SURFACE	HALLMARK_APICAL_SURFACE%MSIGDBHALLMARK%HALLMARK_APICAL_SURFACE		32	-0.40309477	-1.1898865	0.21568628	0.6586593	1.0	1935	tags=28%, list=14%, signal=33%	
TRANSLATION INHIBITORS IN CHRONICALLY ACTIVATED PDGFRA CELLS%WIKIPATHWAYS_20250810%WP4566%HOMO SAPIENS	TRANSLATION INHIBITORS IN CHRONICALLY ACTIVATED PDGFRA CELLS%WIKIPATHWAYS_20250810%WP4566%HOMO SAPIENS		36	-0.40423733	-1.1896895	0.20854701	0.65861773	1.0	2473	tags=25%, list=18%, signal=30%	
NEGATIVE REGULATION OF AMIDE METABOLIC PROCESS%GOBP%GO:0034249	NEGATIVE REGULATION OF AMIDE METABOLIC PROCESS%GOBP%GO:0034249		22	-0.43995678	-1.1893432	0.24740484	0.65904224	1.0	950	tags=18%, list=7%, signal=20%	
CAMERA-TYPE EYE MORPHOGENESIS%GOBP%GO:0048593	CAMERA-TYPE EYE MORPHOGENESIS%GOBP%GO:0048593		39	-0.38387764	-1.1892366	0.20825852	0.6587399	1.0	660	tags=10%, list=5%, signal=11%	
POSITIVE REGULATION OF B CELL PROLIFERATION%GOBP%GO:0030890	POSITIVE REGULATION OF B CELL PROLIFERATION%GOBP%GO:0030890		25	-0.43463072	-1.1892344	0.22018349	0.6580967	1.0	1836	tags=24%, list=14%, signal=28%	
REGULATION OF DENDRITE DEVELOPMENT%GOBP%GO:0050773	REGULATION OF DENDRITE DEVELOPMENT%GOBP%GO:0050773		49	-0.3748808	-1.1890748	0.19499105	0.6579573	1.0	729	tags=14%, list=5%, signal=15%	
RECEPTOR-MEDIATED ENDOCYTOSIS%GOBP%GO:0006898	RECEPTOR-MEDIATED ENDOCYTOSIS%GOBP%GO:0006898		130	-0.32084927	-1.1889573	0.13290113	0.6576857	1.0	1629	tags=18%, list=12%, signal=20%	
NEGATIVE REGULATION OF MRNA SPLICING, VIA SPLICEOSOME%GOBP%GO:0048025	NEGATIVE REGULATION OF MRNA SPLICING, VIA SPLICEOSOME%GOBP%GO:0048025		15	-0.47851655	-1.1888771	0.23818898	0.6573055	1.0	4299	tags=53%, list=32%, signal=78%	
SIGNALING EVENTS MEDIATED BY HDAC CLASS II%PATHWAY INTERACTION DATABASE NCI-NATURE CURATED DATA%SIGNALING EVENTS MEDIATED BY HDAC CLASS II	SIGNALING EVENTS MEDIATED BY HDAC CLASS II%PATHWAY INTERACTION DATABASE NCI-NATURE CURATED DATA%SIGNALING EVENTS MEDIATED BY HDAC CLASS II		33	-0.41062763	-1.1888623	0.21478873	0.6567146	1.0	2028	tags=24%, list=15%, signal=28%	
REGULATION OF T CELL MEDIATED CYTOTOXICITY%GOBP%GO:0001914	REGULATION OF T CELL MEDIATED CYTOTOXICITY%GOBP%GO:0001914		28	-0.42882746	-1.1885494	0.2278481	0.65709645	1.0	1414	tags=21%, list=10%, signal=24%	
TRANSPORT OF MATURE MRNA DERIVED FROM AN INTRON-CONTAINING TRANSCRIPT%REACTOME%R-HSA-159236.5	TRANSPORT OF MATURE MRNA DERIVED FROM AN INTRON-CONTAINING TRANSCRIPT%REACTOME%R-HSA-159236.5		66	-0.35972947	-1.1884849	0.18083182	0.65665805	1.0	4486	tags=44%, list=33%, signal=65%	
RRNA METHYLATION%GOBP%GO:0031167	RRNA METHYLATION%GOBP%GO:0031167		20	-0.46193442	-1.1879913	0.23885918	0.65761745	1.0	4126	tags=50%, list=30%, signal=72%	
CELLULAR RESPONSE TO MOLECULE OF BACTERIAL ORIGIN%GOBP%GO:0071219	CELLULAR RESPONSE TO MOLECULE OF BACTERIAL ORIGIN%GOBP%GO:0071219		110	-0.32835487	-1.1876209	0.14444445	0.65811574	1.0	1186	tags=15%, list=9%, signal=17%	
CHOLESTEROL BIOSYNTHESIS%REACTOME DATABASE ID RELEASE 93%191273	CHOLESTEROL BIOSYNTHESIS%REACTOME DATABASE ID RELEASE 93%191273		26	-0.4261448	-1.187472	0.23518851	0.6579536	1.0	3807	tags=50%, list=28%, signal=69%	
NEGATIVE REGULATION OF NUCLEOTIDE METABOLIC PROCESS%GOBP%GO:0045980	NEGATIVE REGULATION OF NUCLEOTIDE METABOLIC PROCESS%GOBP%GO:0045980		15	-0.48034596	-1.1873658	0.25891182	0.65765333	1.0	775	tags=13%, list=6%, signal=14%	
REGULATION OF KIDNEY DEVELOPMENT%GOBP%GO:0090183	REGULATION OF KIDNEY DEVELOPMENT%GOBP%GO:0090183		18	-0.46296898	-1.1871808	0.25405404	0.6575857	1.0	330	tags=17%, list=2%, signal=17%	
GLYCEROPHOSPHOLIPID BIOSYNTHETIC PATHWAY%WIKIPATHWAYS_20250810%WP2533%HOMO SAPIENS	GLYCEROPHOSPHOLIPID BIOSYNTHETIC PATHWAY%WIKIPATHWAYS_20250810%WP2533%HOMO SAPIENS		25	-0.43629277	-1.1865848	0.24131627	0.65884435	1.0	2391	tags=36%, list=18%, signal=44%	
NEGATIVE REGULATION OF LIPID METABOLIC PROCESS%GOBP%GO:0045833	NEGATIVE REGULATION OF LIPID METABOLIC PROCESS%GOBP%GO:0045833		69	-0.35372436	-1.1853254	0.17697595	0.6621167	1.0	1721	tags=23%, list=13%, signal=26%	
SYNTHESIS OF PC%REACTOME DATABASE ID RELEASE 93%1483191	SYNTHESIS OF PC%REACTOME DATABASE ID RELEASE 93%1483191		23	-0.44211444	-1.1848524	0.238698	0.66289616	1.0	2391	tags=39%, list=18%, signal=47%	
BUTYRATE RESPONSE FACTOR 1 (BRF1) BINDS AND DESTABILIZES MRNA%REACTOME%R-HSA-450385.3	BUTYRATE RESPONSE FACTOR 1 (BRF1) BINDS AND DESTABILIZES MRNA%REACTOME%R-HSA-450385.3		17	-0.46815637	-1.1847464	0.25	0.6625838	1.0	4181	tags=47%, list=31%, signal=68%	
ARYL HYDROCARBON RECEPTOR PATHWAY%WIKIPATHWAYS_20250810%WP2586%HOMO SAPIENS	ARYL HYDROCARBON RECEPTOR PATHWAY%WIKIPATHWAYS_20250810%WP2586%HOMO SAPIENS		35	-0.40855843	-1.1845945	0.23883161	0.6624287	1.0	1789	tags=20%, list=13%, signal=23%	
TRANSPORT ACROSS BLOOD-BRAIN BARRIER%GOBP%GO:0150104	TRANSPORT ACROSS BLOOD-BRAIN BARRIER%GOBP%GO:0150104		71	-0.35597855	-1.1845101	0.18518518	0.66206515	1.0	690	tags=20%, list=5%, signal=21%	
NOTCH1 INTRACELLULAR DOMAIN REGULATES TRANSCRIPTION%REACTOME DATABASE ID RELEASE 93%2122947	NOTCH1 INTRACELLULAR DOMAIN REGULATES TRANSCRIPTION%REACTOME DATABASE ID RELEASE 93%2122947		45	-0.38213593	-1.1838509	0.19646017	0.6635064	1.0	3975	tags=42%, list=29%, signal=60%	
ETHANOL EFFECTS ON HISTONE MODIFICATIONS%WIKIPATHWAYS_20250810%WP3996%HOMO SAPIENS	ETHANOL EFFECTS ON HISTONE MODIFICATIONS%WIKIPATHWAYS_20250810%WP3996%HOMO SAPIENS		23	-0.4482827	-1.1838341	0.27175844	0.6629181	1.0	2028	tags=35%, list=15%, signal=41%	
NEGATIVE REGULATION OF CD4-POSITIVE, ALPHA-BETA T CELL DIFFERENTIATION%GOBP%GO:0043371	NEGATIVE REGULATION OF CD4-POSITIVE, ALPHA-BETA T CELL DIFFERENTIATION%GOBP%GO:0043371		17	-0.4621627	-1.1837969	0.267658	0.6623995	1.0	1626	tags=35%, list=12%, signal=40%	
ANGIOGENESIS%WIKIPATHWAYS_20250810%WP1539%HOMO SAPIENS	ANGIOGENESIS%WIKIPATHWAYS_20250810%WP1539%HOMO SAPIENS		17	-0.47533575	-1.1835011	0.25454545	0.662654	1.0	1198	tags=24%, list=9%, signal=26%	
DETERMINATION OF BILATERAL SYMMETRY%GOBP%GO:0009855	DETERMINATION OF BILATERAL SYMMETRY%GOBP%GO:0009855		57	-0.36774245	-1.1833267	0.19397993	0.66256064	1.0	1306	tags=14%, list=10%, signal=15%	
HOST-MEDIATED SUPPRESSION OF SYMBIONT INVASION%GOBP%GO:0046597	HOST-MEDIATED SUPPRESSION OF SYMBIONT INVASION%GOBP%GO:0046597		15	-0.47896257	-1.1832434	0.26782274	0.6621737	1.0	1656	tags=27%, list=12%, signal=30%	
RRNA PROCESSING IN THE MITOCHONDRION%REACTOME%R-HSA-8868766.4	RRNA PROCESSING IN THE MITOCHONDRION%REACTOME%R-HSA-8868766.4		17	-0.4679988	-1.1829861	0.25092936	0.6623856	1.0	5736	tags=65%, list=42%, signal=112%	
GLYCEROPHOSPHOLIPID BIOSYNTHESIS%REACTOME DATABASE ID RELEASE 93%1483206	GLYCEROPHOSPHOLIPID BIOSYNTHESIS%REACTOME DATABASE ID RELEASE 93%1483206		104	-0.33011422	-1.1828151	0.18167202	0.66226065	1.0	2391	tags=28%, list=18%, signal=34%	
NEGATIVE REGULATION OF INTERLEUKIN-1 PRODUCTION%GOBP%GO:0032692	NEGATIVE REGULATION OF INTERLEUKIN-1 PRODUCTION%GOBP%GO:0032692		21	-0.44007474	-1.1827302	0.25186568	0.6618856	1.0	1706	tags=33%, list=13%, signal=38%	
GLYCOGEN METABOLIC PROCESS%GOBP%GO:0005977	GLYCOGEN METABOLIC PROCESS%GOBP%GO:0005977		33	-0.39465567	-1.1820364	0.21731448	0.663449	1.0	428	tags=9%, list=3%, signal=9%	
INTERLEUKIN-20 FAMILY SIGNALING%REACTOME%R-HSA-8854691.8	INTERLEUKIN-20 FAMILY SIGNALING%REACTOME%R-HSA-8854691.8		15	-0.47506553	-1.1818008	0.23818181	0.66356945	1.0	687	tags=27%, list=5%, signal=28%	
POSITIVE REGULATION OF JNK CASCADE%GOBP%GO:0046330	POSITIVE REGULATION OF JNK CASCADE%GOBP%GO:0046330		73	-0.34430996	-1.1817853	0.19861831	0.66299343	1.0	1772	tags=23%, list=13%, signal=27%	
PID_A6B1_A6B4_INTEGRIN_PATHWAY%MSIGDB_C2%PID_A6B1_A6B4_INTEGRIN_PATHWAY	PID_A6B1_A6B4_INTEGRIN_PATHWAY%MSIGDB_C2%PID_A6B1_A6B4_INTEGRIN_PATHWAY		34	-0.4001099	-1.1813585	0.22654867	0.6637005	1.0	736	tags=15%, list=5%, signal=16%	
REGULATION OF BLOOD CIRCULATION%GOBP%GO:1903522	REGULATION OF BLOOD CIRCULATION%GOBP%GO:1903522		135	-0.31588706	-1.1809068	0.14784053	0.6644329	1.0	1500	tags=19%, list=11%, signal=21%	
ENDOCARDIAL CUSHION MORPHOGENESIS%GOBP%GO:0003203	ENDOCARDIAL CUSHION MORPHOGENESIS%GOBP%GO:0003203		28	-0.42027834	-1.1808307	0.22283609	0.6640309	1.0	2157	tags=29%, list=16%, signal=34%	
TRIGLYCERIDE CATABOLISM%REACTOME%R-HSA-163560.5	TRIGLYCERIDE CATABOLISM%REACTOME%R-HSA-163560.5		16	-0.47101492	-1.1804307	0.25399646	0.66463554	1.0	1451	tags=25%, list=11%, signal=28%	
DNA MODIFICATION%GOBP%GO:0006304	DNA MODIFICATION%GOBP%GO:0006304		24	-0.43215528	-1.1804092	0.23880596	0.66407657	1.0	898	tags=13%, list=7%, signal=13%	
EICOSANOID METABOLISM VIA CYCLOOXYGENASES COX %WIKIPATHWAYS_20250810%WP4719%HOMO SAPIENS	EICOSANOID METABOLISM VIA CYCLOOXYGENASES COX %WIKIPATHWAYS_20250810%WP4719%HOMO SAPIENS		20	-0.4481958	-1.1791537	0.24216028	0.6673451	1.0	1400	tags=25%, list=10%, signal=28%	
REGULATION OF TUMOR NECROSIS FACTOR SUPERFAMILY CYTOKINE PRODUCTION%GOBP%GO:1903555	REGULATION OF TUMOR NECROSIS FACTOR SUPERFAMILY CYTOKINE PRODUCTION%GOBP%GO:1903555		113	-0.3251415	-1.1789689	0.14820847	0.66730434	1.0	1078	tags=17%, list=8%, signal=18%	
EMBRYONIC PLACENTA DEVELOPMENT%GOBP%GO:0001892	EMBRYONIC PLACENTA DEVELOPMENT%GOBP%GO:0001892		16	-0.47487646	-1.1787881	0.24626866	0.66726667	1.0	389	tags=19%, list=3%, signal=19%	
POSITIVE REGULATION OF GRANULOCYTE CHEMOTAXIS%GOBP%GO:0071624	POSITIVE REGULATION OF GRANULOCYTE CHEMOTAXIS%GOBP%GO:0071624		18	-0.45869935	-1.1784823	0.24672897	0.6675798	1.0	738	tags=22%, list=5%, signal=23%	
GLUCOSE HOMEOSTASIS%GOBP%GO:0042593	GLUCOSE HOMEOSTASIS%GOBP%GO:0042593		90	-0.33356714	-1.1783787	0.18927974	0.66723037	1.0	1794	tags=20%, list=13%, signal=23%	
GRANULOCYTE ACTIVATION%GOBP%GO:0036230	GRANULOCYTE ACTIVATION%GOBP%GO:0036230		24	-0.42632765	-1.1772323	0.25043783	0.6700712	1.0	1458	tags=29%, list=11%, signal=33%	
HALLMARK_WNT_BETA_CATENIN_SIGNALING%MSIGDBHALLMARK%HALLMARK_WNT_BETA_CATENIN_SIGNALING	HALLMARK_WNT_BETA_CATENIN_SIGNALING%MSIGDBHALLMARK%HALLMARK_WNT_BETA_CATENIN_SIGNALING		29	-0.41918567	-1.1771951	0.24870466	0.669545	1.0	990	tags=14%, list=7%, signal=15%	
THROMBOXANE A2 RECEPTOR SIGNALING%PATHWAY INTERACTION DATABASE NCI-NATURE CURATED DATA%THROMBOXANE A2 RECEPTOR SIGNALING	THROMBOXANE A2 RECEPTOR SIGNALING%PATHWAY INTERACTION DATABASE NCI-NATURE CURATED DATA%THROMBOXANE A2 RECEPTOR SIGNALING		52	-0.36631164	-1.1771846	0.22162162	0.6689454	1.0	1671	tags=25%, list=12%, signal=28%	
PAUSING AND RECOVERY OF HIV ELONGATION%REACTOME%R-HSA-167290.4	PAUSING AND RECOVERY OF HIV ELONGATION%REACTOME%R-HSA-167290.4		32	-0.40921816	-1.1765338	0.23170732	0.6703378	1.0	4960	tags=59%, list=37%, signal=93%	
BMAL1:CLOCK,NPAS2 ACTIVATES CIRCADIAN EXPRESSION%REACTOME%R-HSA-1368108.8	BMAL1:CLOCK,NPAS2 ACTIVATES CIRCADIAN EXPRESSION%REACTOME%R-HSA-1368108.8		24	-0.4291633	-1.1754997	0.24220183	0.67296743	1.0	1108	tags=21%, list=8%, signal=23%	
CELLULAR HEXOSE TRANSPORT%REACTOME DATABASE ID RELEASE 93%189200	CELLULAR HEXOSE TRANSPORT%REACTOME DATABASE ID RELEASE 93%189200		15	-0.47825667	-1.1753882	0.26838967	0.6726765	1.0	2495	tags=40%, list=18%, signal=49%	
PEROXISOME ORGANIZATION%GOBP%GO:0007031	PEROXISOME ORGANIZATION%GOBP%GO:0007031		32	-0.3985863	-1.1750464	0.22146508	0.67309	1.0	3592	tags=41%, list=27%, signal=55%	
PID_IL2_PI3K_PATHWAY%MSIGDB_C2%PID_IL2_PI3K_PATHWAY	PID_IL2_PI3K_PATHWAY%MSIGDB_C2%PID_IL2_PI3K_PATHWAY		27	-0.41555524	-1.1745816	0.2638889	0.67382294	1.0	1274	tags=19%, list=9%, signal=20%	
INFLAMMATORY RESPONSE PATHWAY%WIKIPATHWAYS_20250810%WP453%HOMO SAPIENS	INFLAMMATORY RESPONSE PATHWAY%WIKIPATHWAYS_20250810%WP453%HOMO SAPIENS		21	-0.44115734	-1.1745043	0.25270757	0.67344624	1.0	2204	tags=38%, list=16%, signal=45%	
REACTIVE OXYGEN SPECIES METABOLIC PROCESS%GOBP%GO:0072593	REACTIVE OXYGEN SPECIES METABOLIC PROCESS%GOBP%GO:0072593		53	-0.36334598	-1.1737895	0.21081081	0.6750419	1.0	2756	tags=34%, list=20%, signal=42%	
BIOCARTA_IGF1MTOR_PATHWAY%MSIGDB_C2%BIOCARTA_IGF1MTOR_PATHWAY	BIOCARTA_IGF1MTOR_PATHWAY%MSIGDB_C2%BIOCARTA_IGF1MTOR_PATHWAY		18	-0.46383107	-1.1734742	0.25524476	0.6753851	1.0	4761	tags=44%, list=35%, signal=68%	
IL3%NETPATH%IL3	IL3%NETPATH%IL3		36	-0.3887816	-1.1729369	0.24398625	0.6763586	1.0	1757	tags=25%, list=13%, signal=29%	
LIPID HOMEOSTASIS%GOBP%GO:0055088	LIPID HOMEOSTASIS%GOBP%GO:0055088		106	-0.32241657	-1.1727523	0.17495711	0.67629164	1.0	1136	tags=15%, list=8%, signal=16%	
VITAMIN TRANSPORT%GOBP%GO:0051180	VITAMIN TRANSPORT%GOBP%GO:0051180		31	-0.40575323	-1.1723939	0.24390244	0.6768087	1.0	2075	tags=29%, list=15%, signal=34%	
MONOATOMIC ANION TRANSPORT%GOBP%GO:0006820	MONOATOMIC ANION TRANSPORT%GOBP%GO:0006820		68	-0.35305852	-1.1722752	0.20613287	0.67653084	1.0	1606	tags=24%, list=12%, signal=27%	
P53 PATHWAY FEEDBACK LOOPS 2%PANTHER PATHWAY%P04398	P53 PATHWAY FEEDBACK LOOPS 2%PANTHER PATHWAY%P04398		37	-0.38867685	-1.1719426	0.23022847	0.6769051	1.0	2266	tags=24%, list=17%, signal=29%	
BLOOD CIRCULATION%GOBP%GO:0008015	BLOOD CIRCULATION%GOBP%GO:0008015		189	-0.30010715	-1.171779	0.153125	0.6767881	1.0	1492	tags=20%, list=11%, signal=22%	
REGULATION OF CALCIUM-MEDIATED SIGNALING%GOBP%GO:0050848	REGULATION OF CALCIUM-MEDIATED SIGNALING%GOBP%GO:0050848		60	-0.3610747	-1.1711578	0.19210978	0.67812365	1.0	999	tags=17%, list=7%, signal=18%	
STRIATED MUSCLE CELL DEVELOPMENT%GOBP%GO:0055002	STRIATED MUSCLE CELL DEVELOPMENT%GOBP%GO:0055002		58	-0.35659072	-1.1708938	0.20593081	0.67836094	1.0	1228	tags=19%, list=9%, signal=21%	
REGULATION OF STEROID METABOLIC PROCESS%GOBP%GO:0019218	REGULATION OF STEROID METABOLIC PROCESS%GOBP%GO:0019218		61	-0.35787773	-1.1707951	0.23688664	0.67803425	1.0	2977	tags=38%, list=22%, signal=48%	
CHROMOSOME ORGANIZATION INVOLVED IN MEIOTIC CELL CYCLE%GOBP%GO:0070192	CHROMOSOME ORGANIZATION INVOLVED IN MEIOTIC CELL CYCLE%GOBP%GO:0070192		23	-0.4298064	-1.1707338	0.26190478	0.67758566	1.0	1675	tags=39%, list=12%, signal=45%	
RECRUITMENT AND ATM-MEDIATED PHOSPHORYLATION OF REPAIR AND SIGNALING PROTEINS AT DNA DOUBLE STRAND BREAKS%REACTOME%R-HSA-5693565.6	RECRUITMENT AND ATM-MEDIATED PHOSPHORYLATION OF REPAIR AND SIGNALING PROTEINS AT DNA DOUBLE STRAND BREAKS%REACTOME%R-HSA-5693565.6		46	-0.37315968	-1.1705402	0.22619048	0.6775731	1.0	2013	tags=20%, list=15%, signal=23%	
HEMOSTASIS%GOBP%GO:0007599	HEMOSTASIS%GOBP%GO:0007599		106	-0.32456815	-1.1704693	0.16721311	0.6771947	1.0	2267	tags=24%, list=17%, signal=28%	
NEGATIVE REGULATION OF HEMOSTASIS%GOBP%GO:1900047	NEGATIVE REGULATION OF HEMOSTASIS%GOBP%GO:1900047		26	-0.41540778	-1.1703166	0.25276753	0.6770541	1.0	1414	tags=27%, list=10%, signal=30%	
MUSCLE TISSUE DEVELOPMENT%GOBP%GO:0060537	MUSCLE TISSUE DEVELOPMENT%GOBP%GO:0060537		121	-0.31754887	-1.170259	0.15878378	0.67659473	1.0	877	tags=12%, list=6%, signal=13%	
FCERI MEDIATED NF-KB ACTIVATION%REACTOME DATABASE ID RELEASE 93%2871837	FCERI MEDIATED NF-KB ACTIVATION%REACTOME DATABASE ID RELEASE 93%2871837		63	-0.35415912	-1.1697985	0.20659722	0.6773968	1.0	4673	tags=40%, list=34%, signal=60%	
POSITIVE REGULATION OF PEPTIDE SECRETION%GOBP%GO:0002793	POSITIVE REGULATION OF PEPTIDE SECRETION%GOBP%GO:0002793		40	-0.38586068	-1.1688111	0.21853147	0.6798883	1.0	1901	tags=25%, list=14%, signal=29%	
POSITIVE REGULATION OF PHOSPHATIDYLINOSITOL 3-KINASE/PROTEIN KINASE B SIGNAL TRANSDUCTION%GOBP%GO:0051897	POSITIVE REGULATION OF PHOSPHATIDYLINOSITOL 3-KINASE/PROTEIN KINASE B SIGNAL TRANSDUCTION%GOBP%GO:0051897		138	-0.31107798	-1.1688108	0.16639209	0.6792661	1.0	1797	tags=20%, list=13%, signal=23%	
NUCLEOSOME DISASSEMBLY%GOBP%GO:0006337	NUCLEOSOME DISASSEMBLY%GOBP%GO:0006337		18	-0.45874283	-1.1688098	0.26771653	0.6786468	1.0	5575	tags=67%, list=41%, signal=113%	
PLACENTA DEVELOPMENT%GOBP%GO:0001890	PLACENTA DEVELOPMENT%GOBP%GO:0001890		36	-0.39385837	-1.1687405	0.24352331	0.67822874	1.0	2524	tags=36%, list=19%, signal=44%	
GLUCONEOGENESIS%PATHWHIZ%PW000152	GLUCONEOGENESIS%PATHWHIZ%PW000152		20	-0.4364005	-1.1684855	0.2774674	0.6783931	1.0	2582	tags=30%, list=19%, signal=37%	
REGULATORY NCRNA-MEDIATED HETEROCHROMATIN FORMATION%GOBP%GO:0031048	REGULATORY NCRNA-MEDIATED HETEROCHROMATIN FORMATION%GOBP%GO:0031048		15	-0.4816171	-1.1678802	0.27083334	0.6796612	1.0	694	tags=13%, list=5%, signal=14%	
GPCRS OTHER%WIKIPATHWAYS_20250810%WP117%HOMO SAPIENS	GPCRS OTHER%WIKIPATHWAYS_20250810%WP117%HOMO SAPIENS		34	-0.3950547	-1.1677977	0.24090122	0.6793206	1.0	2636	tags=41%, list=19%, signal=51%	
NEGATIVE REGULATION OF TRANSLATION%GOBP%GO:0017148	NEGATIVE REGULATION OF TRANSLATION%GOBP%GO:0017148		93	-0.33220482	-1.1675353	0.18923327	0.67953885	1.0	3101	tags=26%, list=23%, signal=33%	
REGULATION OF T CELL MIGRATION%GOBP%GO:2000404	REGULATION OF T CELL MIGRATION%GOBP%GO:2000404		32	-0.3977748	-1.167015	0.23415492	0.68049675	1.0	1002	tags=22%, list=7%, signal=24%	
CARBOHYDRATE HOMEOSTASIS%GOBP%GO:0033500	CARBOHYDRATE HOMEOSTASIS%GOBP%GO:0033500		91	-0.33047017	-1.1668255	0.1890971	0.6804466	1.0	1794	tags=20%, list=13%, signal=23%	
FENOPROFEN ACTION PATHWAY%SMPDB%SMP0000696	FENOPROFEN ACTION PATHWAY%SMPDB%SMP0000696		19	-0.43905592	-1.1660818	0.23826715	0.68214935	1.0	2011	tags=42%, list=15%, signal=49%	
REGULATION OF LIPID LOCALIZATION%GOBP%GO:1905952	REGULATION OF LIPID LOCALIZATION%GOBP%GO:1905952		94	-0.32836074	-1.1656288	0.18561873	0.6829589	1.0	1503	tags=21%, list=11%, signal=24%	
NEGATIVE REGULATION OF VIRAL GENOME REPLICATION%GOBP%GO:0045071	NEGATIVE REGULATION OF VIRAL GENOME REPLICATION%GOBP%GO:0045071		41	-0.38113296	-1.1655029	0.24745762	0.682733	1.0	1101	tags=12%, list=8%, signal=13%	
NEGATIVE REGULATION OF ALPHA-BETA T CELL DIFFERENTIATION%GOBP%GO:0046639	NEGATIVE REGULATION OF ALPHA-BETA T CELL DIFFERENTIATION%GOBP%GO:0046639		20	-0.4386578	-1.1650487	0.25612053	0.683562	1.0	1626	tags=30%, list=12%, signal=34%	
APOPTOSIS MODULATION BY HSP70%WIKIPATHWAYS_20250810%WP384%HOMO SAPIENS	APOPTOSIS MODULATION BY HSP70%WIKIPATHWAYS_20250810%WP384%HOMO SAPIENS		15	-0.4671708	-1.1644402	0.29056603	0.6849317	1.0	3338	tags=47%, list=25%, signal=62%	
NEGATIVE REGULATION OF PURINE NUCLEOTIDE METABOLIC PROCESS%GOBP%GO:1900543	NEGATIVE REGULATION OF PURINE NUCLEOTIDE METABOLIC PROCESS%GOBP%GO:1900543		15	-0.48034596	-1.1637363	0.2939002	0.68651795	1.0	775	tags=13%, list=6%, signal=14%	
PIROXICAM ACTION PATHWAY%SMPDB%SMP0000077	PIROXICAM ACTION PATHWAY%SMPDB%SMP0000077		19	-0.43905592	-1.1631613	0.25235406	0.6877197	1.0	2011	tags=42%, list=15%, signal=49%	
SIGNALING MEDIATED BY P38-ALPHA AND P38-BETA%PATHWAY INTERACTION DATABASE NCI-NATURE CURATED DATA%SIGNALING MEDIATED BY P38-ALPHA AND P38-BETA	SIGNALING MEDIATED BY P38-ALPHA AND P38-BETA%PATHWAY INTERACTION DATABASE NCI-NATURE CURATED DATA%SIGNALING MEDIATED BY P38-ALPHA AND P38-BETA		32	-0.39532626	-1.1631157	0.25177306	0.6872414	1.0	3787	tags=44%, list=28%, signal=61%	
REGULATION OF RNA SPLICING%GOBP%GO:0043484	REGULATION OF RNA SPLICING%GOBP%GO:0043484		159	-0.3075019	-1.1630636	0.1631664	0.68676275	1.0	4597	tags=42%, list=34%, signal=63%	
REGULATION OF AMIDE METABOLIC PROCESS%GOBP%GO:0034248	REGULATION OF AMIDE METABOLIC PROCESS%GOBP%GO:0034248		58	-0.35759154	-1.1626699	0.23883161	0.68734986	1.0	1612	tags=17%, list=12%, signal=19%	
SURFACTANT METABOLISM%REACTOME%R-HSA-5683826.5	SURFACTANT METABOLISM%REACTOME%R-HSA-5683826.5		17	-0.46510467	-1.1625814	0.2788104	0.6869634	1.0	939	tags=29%, list=7%, signal=32%	
POSITIVE REGULATION OF INSULIN SECRETION%GOBP%GO:0032024	POSITIVE REGULATION OF INSULIN SECRETION%GOBP%GO:0032024		34	-0.39383626	-1.1605453	0.24768947	0.6927131	1.0	1901	tags=26%, list=14%, signal=31%	
CELL-CELL ADHESION MEDIATED BY CADHERIN%GOBP%GO:0044331	CELL-CELL ADHESION MEDIATED BY CADHERIN%GOBP%GO:0044331		24	-0.42698002	-1.1601295	0.26047358	0.69336927	1.0	791	tags=21%, list=6%, signal=22%	
MAGNESIUM SALICYLATE ACTION PATHWAY%PATHWHIZ%PW000675	MAGNESIUM SALICYLATE ACTION PATHWAY%PATHWHIZ%PW000675		19	-0.43905592	-1.1600314	0.26768643	0.693062	1.0	2011	tags=42%, list=15%, signal=49%	
POSITIVE REGULATION OF MUSCLE CELL DIFFERENTIATION%GOBP%GO:0051149	POSITIVE REGULATION OF MUSCLE CELL DIFFERENTIATION%GOBP%GO:0051149		39	-0.38693288	-1.1592482	0.26229507	0.6949678	1.0	1301	tags=21%, list=10%, signal=23%	
MATURATION OF 5.8S RRNA FROM TRICISTRONIC RRNA TRANSCRIPT (SSU-RRNA, 5.8S RRNA, LSU-RRNA)%GOBP%GO:0000466	MATURATION OF 5.8S RRNA FROM TRICISTRONIC RRNA TRANSCRIPT (SSU-RRNA, 5.8S RRNA, LSU-RRNA)%GOBP%GO:0000466		19	-0.44437268	-1.1588022	0.2504472	0.69575965	1.0	3434	tags=32%, list=25%, signal=42%	
SUPROFEN ACTION PATHWAY%SMPDB%SMP0000101	SUPROFEN ACTION PATHWAY%SMPDB%SMP0000101		19	-0.43905592	-1.1585704	0.271777	0.695875	1.0	2011	tags=42%, list=15%, signal=49%	
REGULATION OF T CELL MEDIATED IMMUNITY%GOBP%GO:0002709	REGULATION OF T CELL MEDIATED IMMUNITY%GOBP%GO:0002709		69	-0.33902586	-1.1584283	0.20207255	0.6956986	1.0	1414	tags=17%, list=10%, signal=19%	
RESPONSE TO ELEVATED PLATELET CYTOSOLIC CA2+%REACTOME%R-HSA-76005.4	RESPONSE TO ELEVATED PLATELET CYTOSOLIC CA2+%REACTOME%R-HSA-76005.4		110	-0.31782606	-1.1584027	0.18543047	0.69517195	1.0	682	tags=12%, list=5%, signal=12%	
ONCOGENE INDUCED SENESCENCE%REACTOME DATABASE ID RELEASE 93%2559585	ONCOGENE INDUCED SENESCENCE%REACTOME DATABASE ID RELEASE 93%2559585		32	-0.3936013	-1.1572431	0.26235095	0.69818276	1.0	2238	tags=25%, list=17%, signal=30%	
ENDOTHELIAL CELL PROLIFERATION%GOBP%GO:0001935	ENDOTHELIAL CELL PROLIFERATION%GOBP%GO:0001935		19	-0.44523683	-1.1571757	0.28151986	0.6977758	1.0	1422	tags=26%, list=10%, signal=29%	
TRISALICYLATE-CHOLINE ACTION PATHWAY%PATHWHIZ%PW000680	TRISALICYLATE-CHOLINE ACTION PATHWAY%PATHWHIZ%PW000680		19	-0.43905592	-1.1571727	0.27022058	0.69716734	1.0	2011	tags=42%, list=15%, signal=49%	
ETODOLAC ACTION PATHWAY%PATHWHIZ%PW000129	ETODOLAC ACTION PATHWAY%PATHWHIZ%PW000129		19	-0.43905592	-1.1570567	0.2756052	0.69689727	1.0	2011	tags=42%, list=15%, signal=49%	
REGULATION OF CELL JUNCTION ASSEMBLY%GOBP%GO:1901888	REGULATION OF CELL JUNCTION ASSEMBLY%GOBP%GO:1901888		142	-0.30909064	-1.1570054	0.17834395	0.6964394	1.0	1772	tags=18%, list=13%, signal=21%	
NEGATIVE REGULATION OF COAGULATION%GOBP%GO:0050819	NEGATIVE REGULATION OF COAGULATION%GOBP%GO:0050819		27	-0.4116712	-1.1565988	0.2621185	0.6970479	1.0	1414	tags=26%, list=10%, signal=29%	
CELLULAR RESPONSE TO INTERFERON-BETA%GOBP%GO:0035458	CELLULAR RESPONSE TO INTERFERON-BETA%GOBP%GO:0035458		20	-0.43910873	-1.1565026	0.2752809	0.6967455	1.0	1946	tags=30%, list=14%, signal=35%	
ADENYLATE CYCLASE-MODULATING G PROTEIN-COUPLED RECEPTOR SIGNALING PATHWAY%GOBP%GO:0007188	ADENYLATE CYCLASE-MODULATING G PROTEIN-COUPLED RECEPTOR SIGNALING PATHWAY%GOBP%GO:0007188		135	-0.31142887	-1.1564969	0.1738437	0.69614077	1.0	1428	tags=22%, list=11%, signal=25%	
OOCYTE DEVELOPMENT%GOBP%GO:0048599	OOCYTE DEVELOPMENT%GOBP%GO:0048599		16	-0.46810138	-1.1564649	0.3	0.69562894	1.0	3050	tags=44%, list=23%, signal=56%	
MYELOID LEUKOCYTE ACTIVATION%GOBP%GO:0002274	MYELOID LEUKOCYTE ACTIVATION%GOBP%GO:0002274		80	-0.33554778	-1.1563365	0.2184466	0.69541955	1.0	1458	tags=20%, list=11%, signal=22%	
MELOXICAM ACTION PATHWAY%SMPDB%SMP0000106	MELOXICAM ACTION PATHWAY%SMPDB%SMP0000106		19	-0.43905592	-1.1561797	0.29090908	0.695216	1.0	2011	tags=42%, list=15%, signal=49%	
TOLMETIN ACTION PATHWAY%PATHWHIZ%PW000681	TOLMETIN ACTION PATHWAY%PATHWHIZ%PW000681		19	-0.43905592	-1.1560843	0.2851852	0.6948995	1.0	2011	tags=42%, list=15%, signal=49%	
OXIDATIVE STRESS INDUCED SENESCENCE%REACTOME DATABASE ID RELEASE 93%2559580	OXIDATIVE STRESS INDUCED SENESCENCE%REACTOME DATABASE ID RELEASE 93%2559580		69	-0.34321538	-1.1559672	0.20913884	0.6946633	1.0	2238	tags=23%, list=17%, signal=28%	
NEGATIVE REGULATION OF MRNA PROCESSING%GOBP%GO:0050686	NEGATIVE REGULATION OF MRNA PROCESSING%GOBP%GO:0050686		16	-0.45782545	-1.1557528	0.2977941	0.6947371	1.0	4299	tags=50%, list=32%, signal=73%	
RECEPTOR RECYCLING%GOBP%GO:0001881	RECEPTOR RECYCLING%GOBP%GO:0001881		19	-0.4474461	-1.1551883	0.27486438	0.69583726	1.0	1943	tags=32%, list=14%, signal=37%	
POSITIVE REGULATION OF STEROID METABOLIC PROCESS%GOBP%GO:0045940	POSITIVE REGULATION OF STEROID METABOLIC PROCESS%GOBP%GO:0045940		25	-0.42745736	-1.1548594	0.2906137	0.6962072	1.0	2977	tags=48%, list=22%, signal=61%	
AROMATIC AMINO ACID FAMILY CATABOLIC PROCESS%GOBP%GO:0009074	AROMATIC AMINO ACID FAMILY CATABOLIC PROCESS%GOBP%GO:0009074		15	-0.47630376	-1.154647	0.29128015	0.6962163	1.0	518	tags=20%, list=4%, signal=21%	
HYDROGEN PEROXIDE METABOLIC PROCESS%GOBP%GO:0042743	HYDROGEN PEROXIDE METABOLIC PROCESS%GOBP%GO:0042743		19	-0.43262115	-1.1545893	0.2665441	0.6957606	1.0	2401	tags=42%, list=18%, signal=51%	
P53 PATHWAY BY GLUCOSE DEPRIVATION%PANTHER PATHWAY%P04397	P53 PATHWAY BY GLUCOSE DEPRIVATION%PANTHER PATHWAY%P04397		19	-0.44131678	-1.1543323	0.2823741	0.6959738	1.0	2266	tags=16%, list=17%, signal=19%	
REGULATION OF HEART CONTRACTION%GOBP%GO:0008016	REGULATION OF HEART CONTRACTION%GOBP%GO:0008016		119	-0.313057	-1.1542019	0.18121912	0.6957819	1.0	1500	tags=19%, list=11%, signal=22%	
MITOCHONDRIAL RNA METABOLIC PROCESS%GOBP%GO:0000959	MITOCHONDRIAL RNA METABOLIC PROCESS%GOBP%GO:0000959		49	-0.3617001	-1.1540836	0.25913045	0.6955279	1.0	4169	tags=41%, list=31%, signal=59%	
NANOMATERIAL INDUCED APOPTOSIS%WIKIPATHWAYS_20250810%WP2507%HOMO SAPIENS	NANOMATERIAL INDUCED APOPTOSIS%WIKIPATHWAYS_20250810%WP2507%HOMO SAPIENS		15	-0.47712505	-1.1537019	0.29699248	0.6960598	1.0	2861	tags=47%, list=21%, signal=59%	
SALSALATE ACTION PATHWAY%SMPDB%SMP0000707	SALSALATE ACTION PATHWAY%SMPDB%SMP0000707		19	-0.43905592	-1.1534773	0.27592593	0.6961301	1.0	2011	tags=42%, list=15%, signal=49%	
VALDECOXIB ACTION PATHWAY%SMPDB%SMP0000116	VALDECOXIB ACTION PATHWAY%SMPDB%SMP0000116		19	-0.43905592	-1.1534554	0.27919707	0.69558066	1.0	2011	tags=42%, list=15%, signal=49%	
REGULATION OF ADENYLATE CYCLASE ACTIVITY%GOBP%GO:0045761	REGULATION OF ADENYLATE CYCLASE ACTIVITY%GOBP%GO:0045761		18	-0.445438	-1.15306	0.28277153	0.6962301	1.0	735	tags=22%, list=5%, signal=23%	
POSITIVE REGULATION OF TRIGLYCERIDE METABOLIC PROCESS%GOBP%GO:0090208	POSITIVE REGULATION OF TRIGLYCERIDE METABOLIC PROCESS%GOBP%GO:0090208		15	-0.47236353	-1.153004	0.27306274	0.695785	1.0	2009	tags=40%, list=15%, signal=47%	
POSITIVE REGULATION OF NEUTROPHIL CHEMOTAXIS%GOBP%GO:0090023	POSITIVE REGULATION OF NEUTROPHIL CHEMOTAXIS%GOBP%GO:0090023		18	-0.45869935	-1.1527325	0.26486486	0.69606465	1.0	738	tags=22%, list=5%, signal=23%	
NEGATIVE REGULATION OF PRODUCTION OF MOLECULAR MEDIATOR OF IMMUNE RESPONSE%GOBP%GO:0002701	NEGATIVE REGULATION OF PRODUCTION OF MOLECULAR MEDIATOR OF IMMUNE RESPONSE%GOBP%GO:0002701		19	-0.44561294	-1.1523798	0.28675136	0.6965356	1.0	1158	tags=32%, list=9%, signal=34%	
APOPTOTIC EXECUTION PHASE%REACTOME DATABASE ID RELEASE 93%75153	APOPTOTIC EXECUTION PHASE%REACTOME DATABASE ID RELEASE 93%75153		46	-0.37173083	-1.1521679	0.23076923	0.6965365	1.0	1544	tags=17%, list=11%, signal=20%	
TRIACYLGLYCERIDE SYNTHESIS%WIKIPATHWAYS_20250810%WP325%HOMO SAPIENS	TRIACYLGLYCERIDE SYNTHESIS%WIKIPATHWAYS_20250810%WP325%HOMO SAPIENS		15	-0.46949974	-1.1519326	0.3123878	0.69658464	1.0	4216	tags=53%, list=31%, signal=77%	
CARDIAC EPITHELIAL TO MESENCHYMAL TRANSITION%GOBP%GO:0060317	CARDIAC EPITHELIAL TO MESENCHYMAL TRANSITION%GOBP%GO:0060317		18	-0.44348398	-1.1513498	0.27663553	0.6977832	1.0	2052	tags=39%, list=15%, signal=46%	
POSITIVE REGULATION OF PEPTIDE HORMONE SECRETION%GOBP%GO:0090277	POSITIVE REGULATION OF PEPTIDE HORMONE SECRETION%GOBP%GO:0090277		40	-0.38586068	-1.1512303	0.26287743	0.69755495	1.0	1901	tags=25%, list=14%, signal=29%	
MODULATION OF EXCITATORY POSTSYNAPTIC POTENTIAL%GOBP%GO:0098815	MODULATION OF EXCITATORY POSTSYNAPTIC POTENTIAL%GOBP%GO:0098815		20	-0.44484136	-1.1511834	0.27191412	0.69710106	1.0	2371	tags=45%, list=17%, signal=54%	
VEGFR1 SPECIFIC SIGNALS%PATHWAY INTERACTION DATABASE NCI-NATURE CURATED DATA%VEGFR1 SPECIFIC SIGNALS	VEGFR1 SPECIFIC SIGNALS%PATHWAY INTERACTION DATABASE NCI-NATURE CURATED DATA%VEGFR1 SPECIFIC SIGNALS		26	-0.40964535	-1.1510282	0.2833638	0.6969884	1.0	886	tags=15%, list=7%, signal=16%	
REGULATION OF MECP2 EXPRESSION AND ACTIVITY%REACTOME%R-HSA-9022692.2	REGULATION OF MECP2 EXPRESSION AND ACTIVITY%REACTOME%R-HSA-9022692.2		26	-0.42684305	-1.1503276	0.2584071	0.698553	1.0	4040	tags=35%, list=30%, signal=49%	
NEGATIVE REGULATION OF BLOOD COAGULATION%GOBP%GO:0030195	NEGATIVE REGULATION OF BLOOD COAGULATION%GOBP%GO:0030195		26	-0.41540778	-1.1496978	0.27686703	0.6999125	1.0	1414	tags=27%, list=10%, signal=30%	
ARACHIDONIC ACID METABOLISM%SMPDB%SMP0000075	ARACHIDONIC ACID METABOLISM%SMPDB%SMP0000075		19	-0.43905592	-1.1495259	0.28366247	0.69987017	1.0	2011	tags=42%, list=15%, signal=49%	
CD28 CO-STIMULATION%REACTOME DATABASE ID RELEASE 93%389356	CD28 CO-STIMULATION%REACTOME DATABASE ID RELEASE 93%389356		46	-0.36573878	-1.1491663	0.2677686	0.7003933	1.0	918	tags=15%, list=7%, signal=16%	
PHENYLBUTAZONE ACTION PATHWAY%PATHWHIZ%PW000678	PHENYLBUTAZONE ACTION PATHWAY%PATHWHIZ%PW000678		19	-0.43905592	-1.1491361	0.29445508	0.6998966	1.0	2011	tags=42%, list=15%, signal=49%	
GLYCOGENOSIS, TYPE IB%SMPDB%SMP0000573	GLYCOGENOSIS, TYPE IB%SMPDB%SMP0000573		20	-0.4364005	-1.148801	0.287796	0.7002965	1.0	2582	tags=30%, list=19%, signal=37%	
INSULIN SIGNALLING%PATHWHIZ%PW000454	INSULIN SIGNALLING%PATHWHIZ%PW000454		18	-0.44628787	-1.1483773	0.26678142	0.70100117	1.0	1746	tags=28%, list=13%, signal=32%	
INOSITOL PHOSPHATE METABOLIC PROCESS%GOBP%GO:0043647	INOSITOL PHOSPHATE METABOLIC PROCESS%GOBP%GO:0043647		20	-0.44132972	-1.1472282	0.25512105	0.7039701	1.0	3502	tags=45%, list=26%, signal=61%	
FLURBIPROFEN ACTION PATHWAY%SMPDB%SMP0000697	FLURBIPROFEN ACTION PATHWAY%SMPDB%SMP0000697		19	-0.43905592	-1.1469272	0.28651685	0.70426416	1.0	2011	tags=42%, list=15%, signal=49%	
ANTIPYRINE ACTION PATHWAY%SMPDB%SMP0000692	ANTIPYRINE ACTION PATHWAY%SMPDB%SMP0000692		19	-0.43905592	-1.1466486	0.2722323	0.70454043	1.0	2011	tags=42%, list=15%, signal=49%	
SARS COV 2 INNATE IMMUNITY EVASION AND CELL SPECIFIC IMMUNE RESPONSE%WIKIPATHWAYS_20250810%WP5039%HOMO SAPIENS	SARS COV 2 INNATE IMMUNITY EVASION AND CELL SPECIFIC IMMUNE RESPONSE%WIKIPATHWAYS_20250810%WP5039%HOMO SAPIENS		54	-0.35831246	-1.146474	0.2444062	0.704505	1.0	836	tags=13%, list=6%, signal=14%	
REGULATION OF OSTEOBLAST DIFFERENTIATION%GOBP%GO:0045667	REGULATION OF OSTEOBLAST DIFFERENTIATION%GOBP%GO:0045667		80	-0.33070424	-1.1463333	0.22103387	0.7043359	1.0	689	tags=10%, list=5%, signal=10%	
GLYCOGENOSIS, TYPE IA. VON GIERKE DISEASE%SMPDB%SMP0000581	GLYCOGENOSIS, TYPE IA. VON GIERKE DISEASE%SMPDB%SMP0000581		20	-0.4364005	-1.1460084	0.27031803	0.70478845	1.0	2582	tags=30%, list=19%, signal=37%	
PHOSPHOENOLPYRUVATE CARBOXYKINASE DEFICIENCY 1 (PEPCK1)%SMPDB%SMP0000560	PHOSPHOENOLPYRUVATE CARBOXYKINASE DEFICIENCY 1 (PEPCK1)%SMPDB%SMP0000560		20	-0.4364005	-1.1455723	0.2758007	0.70548093	1.0	2582	tags=30%, list=19%, signal=37%	
TRISTETRAPROLIN (TTP, ZFP36) BINDS AND DESTABILIZES MRNA%REACTOME DATABASE ID RELEASE 93%450513	TRISTETRAPROLIN (TTP, ZFP36) BINDS AND DESTABILIZES MRNA%REACTOME DATABASE ID RELEASE 93%450513		17	-0.45593947	-1.145129	0.27419356	0.7062732	1.0	4181	tags=47%, list=31%, signal=68%	
SIGNALING EVENTS MEDIATED BY PTP1B%PATHWAY INTERACTION DATABASE NCI-NATURE CURATED DATA%SIGNALING EVENTS MEDIATED BY PTP1B	SIGNALING EVENTS MEDIATED BY PTP1B%PATHWAY INTERACTION DATABASE NCI-NATURE CURATED DATA%SIGNALING EVENTS MEDIATED BY PTP1B		46	-0.36585903	-1.1449753	0.24268502	0.70610243	1.0	1671	tags=24%, list=12%, signal=27%	
ENDOTHELIAL CELL DIFFERENTIATION%GOBP%GO:0045446	ENDOTHELIAL CELL DIFFERENTIATION%GOBP%GO:0045446		53	-0.3558801	-1.1447322	0.23316061	0.7063006	1.0	3468	tags=42%, list=26%, signal=56%	
TRANSPORT OF INORGANIC CATIONS ANIONS AND AMINO ACIDS OLIGOPEPTIDES%REACTOME DATABASE ID RELEASE 93%425393	TRANSPORT OF INORGANIC CATIONS ANIONS AND AMINO ACIDS OLIGOPEPTIDES%REACTOME DATABASE ID RELEASE 93%425393		73	-0.33880898	-1.1446885	0.22765599	0.7058337	1.0	773	tags=14%, list=6%, signal=14%	
TRIOSEPHOSPHATE ISOMERASE DEFICIENCY%PATHWHIZ%PW000539	TRIOSEPHOSPHATE ISOMERASE DEFICIENCY%PATHWHIZ%PW000539		20	-0.4364005	-1.1439037	0.28875968	0.70763695	1.0	2582	tags=30%, list=19%, signal=37%	
BLOOD BASED NEUROINFLAMMATION MARKERS %WIKIPATHWAYS_20250810%WP5548%HOMO SAPIENS	BLOOD BASED NEUROINFLAMMATION MARKERS %WIKIPATHWAYS_20250810%WP5548%HOMO SAPIENS		15	-0.46479604	-1.1437069	0.29710144	0.70762074	1.0	1834	tags=47%, list=14%, signal=54%	
HALLMARK_CHOLESTEROL_HOMEOSTASIS%MSIGDBHALLMARK%HALLMARK_CHOLESTEROL_HOMEOSTASIS	HALLMARK_CHOLESTEROL_HOMEOSTASIS%MSIGDBHALLMARK%HALLMARK_CHOLESTEROL_HOMEOSTASIS		59	-0.3481803	-1.1436937	0.23603603	0.70704657	1.0	2342	tags=32%, list=17%, signal=39%	
LEPTIN%IOB%LEPTIN	LEPTIN%IOB%LEPTIN		23	-0.42279133	-1.1435889	0.2774674	0.7067783	1.0	929	tags=22%, list=7%, signal=23%	
CELLULAR RESPONSE TO ESTRADIOL STIMULUS%GOBP%GO:0071392	CELLULAR RESPONSE TO ESTRADIOL STIMULUS%GOBP%GO:0071392		17	-0.44135138	-1.143529	0.26984128	0.7063495	1.0	1745	tags=24%, list=13%, signal=27%	
IL2-MEDIATED SIGNALING EVENTS%PATHWAY INTERACTION DATABASE NCI-NATURE CURATED DATA%IL2-MEDIATED SIGNALING EVENTS	IL2-MEDIATED SIGNALING EVENTS%PATHWAY INTERACTION DATABASE NCI-NATURE CURATED DATA%IL2-MEDIATED SIGNALING EVENTS		51	-0.35602272	-1.1435096	0.2268761	0.7058122	1.0	1746	tags=25%, list=13%, signal=29%	
RESPONSE TO LECTIN%GOBP%GO:1990840	RESPONSE TO LECTIN%GOBP%GO:1990840		16	-0.4560543	-1.1434594	0.29444444	0.7053822	1.0	1292	tags=19%, list=10%, signal=21%	
ARF6 SIGNALING EVENTS%PATHWAY INTERACTION DATABASE NCI-NATURE CURATED DATA%ARF6 SIGNALING EVENTS	ARF6 SIGNALING EVENTS%PATHWAY INTERACTION DATABASE NCI-NATURE CURATED DATA%ARF6 SIGNALING EVENTS		34	-0.39518943	-1.1429086	0.26153848	0.70646954	1.0	1932	tags=29%, list=14%, signal=34%	
INSULIN SIGNALING%WIKIPATHWAYS_20250810%WP481%HOMO SAPIENS	INSULIN SIGNALING%WIKIPATHWAYS_20250810%WP481%HOMO SAPIENS		119	-0.31289312	-1.1420583	0.20032841	0.7085157	1.0	883	tags=11%, list=7%, signal=12%	
COOPERATION OF PREFOLDIN AND TRIC CCT IN ACTIN AND TUBULIN FOLDING%REACTOME DATABASE ID RELEASE 93%389958	COOPERATION OF PREFOLDIN AND TRIC CCT IN ACTIN AND TUBULIN FOLDING%REACTOME DATABASE ID RELEASE 93%389958		26	-0.4065581	-1.141688	0.2908745	0.7090487	1.0	2767	tags=42%, list=20%, signal=53%	
POSITIVE REGULATION OF NATURAL KILLER CELL MEDIATED IMMUNITY%GOBP%GO:0002717	POSITIVE REGULATION OF NATURAL KILLER CELL MEDIATED IMMUNITY%GOBP%GO:0002717		20	-0.43371597	-1.1415422	0.28942487	0.70889115	1.0	1292	tags=25%, list=10%, signal=28%	
OXAPROZIN ACTION PATHWAY%PATHWHIZ%PW000262	OXAPROZIN ACTION PATHWAY%PATHWHIZ%PW000262		19	-0.43905592	-1.1415204	0.295972	0.7083667	1.0	2011	tags=42%, list=15%, signal=49%	
CELL-CELL JUNCTION ASSEMBLY%GOBP%GO:0007043	CELL-CELL JUNCTION ASSEMBLY%GOBP%GO:0007043		76	-0.3315404	-1.1414882	0.24113475	0.70785433	1.0	1497	tags=20%, list=11%, signal=22%	
CELLULAR RESPONSE TO INSULIN STIMULUS%GOBP%GO:0032869	CELLULAR RESPONSE TO INSULIN STIMULUS%GOBP%GO:0032869		96	-0.31992593	-1.1412389	0.22184874	0.7080024	1.0	2783	tags=24%, list=21%, signal=30%	
PROTEIN LOCALIZATION TO CELL SURFACE%GOBP%GO:0034394	PROTEIN LOCALIZATION TO CELL SURFACE%GOBP%GO:0034394		23	-0.42318827	-1.1410588	0.27946126	0.7079688	1.0	1492	tags=22%, list=11%, signal=24%	
INTERMEDIATE FILAMENT CYTOSKELETON ORGANIZATION%GOBP%GO:0045104	INTERMEDIATE FILAMENT CYTOSKELETON ORGANIZATION%GOBP%GO:0045104		28	-0.40352398	-1.1410378	0.26344085	0.7074296	1.0	211	tags=11%, list=2%, signal=11%	
TIAPROFENIC ACID ACTION PATHWAY%PATHWHIZ%PW000682	TIAPROFENIC ACID ACTION PATHWAY%PATHWHIZ%PW000682		19	-0.43905592	-1.140855	0.3071161	0.70738095	1.0	2011	tags=42%, list=15%, signal=49%	
ADP METABOLIC PROCESS%GOBP%GO:0046031	ADP METABOLIC PROCESS%GOBP%GO:0046031		33	-0.39203715	-1.1406482	0.26545453	0.70741355	1.0	2923	tags=27%, list=22%, signal=35%	
CARPROFEN ACTION PATHWAY%SMPDB%SMP0000694	CARPROFEN ACTION PATHWAY%SMPDB%SMP0000694		19	-0.43905592	-1.1403432	0.31523642	0.7077425	1.0	2011	tags=42%, list=15%, signal=49%	
HALLMARK_IL2_STAT5_SIGNALING%MSIGDBHALLMARK%HALLMARK_IL2_STAT5_SIGNALING	HALLMARK_IL2_STAT5_SIGNALING%MSIGDBHALLMARK%HALLMARK_IL2_STAT5_SIGNALING		149	-0.30235407	-1.1402675	0.20189275	0.70738786	1.0	1313	tags=17%, list=10%, signal=18%	
PROTEIN HYDROXYLATION%REACTOME DATABASE ID RELEASE 93%9629569	PROTEIN HYDROXYLATION%REACTOME DATABASE ID RELEASE 93%9629569		18	-0.44275677	-1.140155	0.32437277	0.7071119	1.0	2975	tags=44%, list=22%, signal=57%	
LUMIRACOXIB ACTION PATHWAY%SMPDB%SMP0000699	LUMIRACOXIB ACTION PATHWAY%SMPDB%SMP0000699		19	-0.43905592	-1.1401217	0.2973913	0.70661575	1.0	2011	tags=42%, list=15%, signal=49%	
NON-PROTEINOGENIC AMINO ACID METABOLIC PROCESS%GOBP%GO:0170041	NON-PROTEINOGENIC AMINO ACID METABOLIC PROCESS%GOBP%GO:0170041		34	-0.38839188	-1.1400062	0.26846847	0.7063895	1.0	1563	tags=24%, list=12%, signal=27%	
GLYCOGEN STORAGE DISEASE TYPE 1A (GSD1A) OR VON GIERKE DISEASE%SMPDB%SMP0000374	GLYCOGEN STORAGE DISEASE TYPE 1A (GSD1A) OR VON GIERKE DISEASE%SMPDB%SMP0000374		20	-0.4364005	-1.1397579	0.2693727	0.7065553	1.0	2582	tags=30%, list=19%, signal=37%	
LEUKOTRIENE C4 SYNTHESIS DEFICIENCY%PATHWHIZ%PW000118	LEUKOTRIENE C4 SYNTHESIS DEFICIENCY%PATHWHIZ%PW000118		19	-0.43905592	-1.1397157	0.29887217	0.706083	1.0	2011	tags=42%, list=15%, signal=49%	
OTHER SEMAPHORIN INTERACTIONS%REACTOME DATABASE ID RELEASE 93%416700	OTHER SEMAPHORIN INTERACTIONS%REACTOME DATABASE ID RELEASE 93%416700		19	-0.42630726	-1.1394477	0.27985075	0.70636404	1.0	1388	tags=32%, list=10%, signal=35%	
NAPROXEN ACTION PATHWAY%SMPDB%SMP0000120	NAPROXEN ACTION PATHWAY%SMPDB%SMP0000120		19	-0.43905592	-1.1392493	0.28219697	0.7063628	1.0	2011	tags=42%, list=15%, signal=49%	
GLYCOGENOSIS, TYPE IC%SMPDB%SMP0000574	GLYCOGENOSIS, TYPE IC%SMPDB%SMP0000574		20	-0.4364005	-1.139101	0.30809858	0.7062047	1.0	2582	tags=30%, list=19%, signal=37%	
FORMATION OF RNA POL II ELONGATION COMPLEX%REACTOME%R-HSA-112382.4	FORMATION OF RNA POL II ELONGATION COMPLEX%REACTOME%R-HSA-112382.4		57	-0.35020837	-1.1390426	0.23958333	0.7057823	1.0	4763	tags=47%, list=35%, signal=73%	
ETORICOXIB ACTION PATHWAY%SMPDB%SMP0000695	ETORICOXIB ACTION PATHWAY%SMPDB%SMP0000695		19	-0.43905592	-1.1388896	0.28705442	0.7056395	1.0	2011	tags=42%, list=15%, signal=49%	
PID_TXA2PATHWAY%MSIGDB_C2%PID_TXA2PATHWAY	PID_TXA2PATHWAY%MSIGDB_C2%PID_TXA2PATHWAY		35	-0.3834156	-1.138761	0.26923078	0.70545185	1.0	1254	tags=23%, list=9%, signal=25%	
COMPLEMENT SYSTEM%WIKIPATHWAYS_20250810%WP2806%HOMO SAPIENS	COMPLEMENT SYSTEM%WIKIPATHWAYS_20250810%WP2806%HOMO SAPIENS		56	-0.34854627	-1.138236	0.26056337	0.70648485	1.0	1183	tags=23%, list=9%, signal=25%	
REGULATION OF T CELL RECEPTOR SIGNALING PATHWAY%GOBP%GO:0050856	REGULATION OF T CELL RECEPTOR SIGNALING PATHWAY%GOBP%GO:0050856		48	-0.36103904	-1.1379935	0.24655172	0.7066115	1.0	1450	tags=23%, list=11%, signal=26%	
NABUMETONE ACTION PATHWAY%SMPDB%SMP0000114	NABUMETONE ACTION PATHWAY%SMPDB%SMP0000114		19	-0.43905592	-1.1378983	0.29049295	0.7063134	1.0	2011	tags=42%, list=15%, signal=49%	
ACETAMINOPHEN ACTION PATHWAY%SMPDB%SMP0000710	ACETAMINOPHEN ACTION PATHWAY%SMPDB%SMP0000710		19	-0.43905592	-1.1377816	0.28727272	0.7060816	1.0	2011	tags=42%, list=15%, signal=49%	
CELLULAR RESPONSE TO LECTIN%GOBP%GO:1990858	CELLULAR RESPONSE TO LECTIN%GOBP%GO:1990858		16	-0.4560543	-1.1375967	0.3005566	0.7060956	1.0	1292	tags=19%, list=10%, signal=21%	
REGULATION OF MUSCLE SYSTEM PROCESS%GOBP%GO:0090257	REGULATION OF MUSCLE SYSTEM PROCESS%GOBP%GO:0090257		124	-0.30778036	-1.1371189	0.22866894	0.70699644	1.0	1492	tags=17%, list=11%, signal=19%	
REGULATION OF PATTERN RECOGNITION RECEPTOR SIGNALING PATHWAY%GOBP%GO:0062207	REGULATION OF PATTERN RECOGNITION RECEPTOR SIGNALING PATHWAY%GOBP%GO:0062207		146	-0.304137	-1.136701	0.19902913	0.707673	1.0	1724	tags=15%, list=13%, signal=17%	
NEGATIVE REGULATION OF OSTEOBLAST DIFFERENTIATION%GOBP%GO:0045668	NEGATIVE REGULATION OF OSTEOBLAST DIFFERENTIATION%GOBP%GO:0045668		30	-0.39263973	-1.1365434	0.27675277	0.7075505	1.0	689	tags=13%, list=5%, signal=14%	
DIFLUNISAL ACTION PATHWAY%SMPDB%SMP0000289	DIFLUNISAL ACTION PATHWAY%SMPDB%SMP0000289		19	-0.43905592	-1.1362034	0.31393299	0.70802104	1.0	2011	tags=42%, list=15%, signal=49%	
MISCELLANEOUS TRANSPORT AND BINDING EVENTS%REACTOME DATABASE ID RELEASE 93%5223345	MISCELLANEOUS TRANSPORT AND BINDING EVENTS%REACTOME DATABASE ID RELEASE 93%5223345		22	-0.41402096	-1.1360096	0.32	0.708034	1.0	189	tags=9%, list=1%, signal=9%	
PID_MTOR_4PATHWAY%MSIGDB_C2%PID_MTOR_4PATHWAY	PID_MTOR_4PATHWAY%MSIGDB_C2%PID_MTOR_4PATHWAY		56	-0.3531643	-1.1355487	0.2625216	0.70891464	1.0	2344	tags=21%, list=17%, signal=26%	
ROFECOXIB ACTION PATHWAY%SMPDB%SMP0000087	ROFECOXIB ACTION PATHWAY%SMPDB%SMP0000087		19	-0.43905592	-1.1352502	0.27355072	0.70926684	1.0	2011	tags=42%, list=15%, signal=49%	
ESTABLISHMENT OF PROTEIN LOCALIZATION TO PEROXISOME%GOBP%GO:0072663	ESTABLISHMENT OF PROTEIN LOCALIZATION TO PEROXISOME%GOBP%GO:0072663		20	-0.42792103	-1.134259	0.2904412	0.71169996	1.0	3592	tags=50%, list=27%, signal=68%	
KETOROLAC ACTION PATHWAY%SMPDB%SMP0000098	KETOROLAC ACTION PATHWAY%SMPDB%SMP0000098		19	-0.43905592	-1.1341667	0.3018182	0.7114023	1.0	2011	tags=42%, list=15%, signal=49%	
SALICYLATE-SODIUM ACTION PATHWAY%SMPDB%SMP0000708	SALICYLATE-SODIUM ACTION PATHWAY%SMPDB%SMP0000708		19	-0.43905592	-1.1340278	0.2867784	0.7112509	1.0	2011	tags=42%, list=15%, signal=49%	
MEFENAMIC ACID ACTION PATHWAY%PATHWHIZ%PW000261	MEFENAMIC ACID ACTION PATHWAY%PATHWHIZ%PW000261		19	-0.43905592	-1.1336433	0.32342008	0.7118097	1.0	2011	tags=42%, list=15%, signal=49%	
PURINE RIBONUCLEOSIDE DIPHOSPHATE METABOLIC PROCESS%GOBP%GO:0009179	PURINE RIBONUCLEOSIDE DIPHOSPHATE METABOLIC PROCESS%GOBP%GO:0009179		35	-0.38447824	-1.1331944	0.28315413	0.7126281	1.0	2923	tags=26%, list=22%, signal=33%	
TENOXICAM ACTION PATHWAY%SMPDB%SMP0000706	TENOXICAM ACTION PATHWAY%SMPDB%SMP0000706		19	-0.43905592	-1.1329633	0.27027026	0.71275115	1.0	2011	tags=42%, list=15%, signal=49%	
MACROPHAGE STIMULATING PROTEIN MSP SIGNALING%WIKIPATHWAYS_20250810%WP5353%HOMO SAPIENS	MACROPHAGE STIMULATING PROTEIN MSP SIGNALING%WIKIPATHWAYS_20250810%WP5353%HOMO SAPIENS		71	-0.33324423	-1.1329552	0.26298156	0.7121897	1.0	929	tags=14%, list=7%, signal=15%	
PID_HIV_NEF_PATHWAY%MSIGDB_C2%PID_HIV_NEF_PATHWAY	PID_HIV_NEF_PATHWAY%MSIGDB_C2%PID_HIV_NEF_PATHWAY		28	-0.39989367	-1.1325438	0.28067228	0.7128427	1.0	2214	tags=25%, list=16%, signal=30%	
REGULATION OF REGULATED SECRETORY PATHWAY%GOBP%GO:1903305	REGULATION OF REGULATED SECRETORY PATHWAY%GOBP%GO:1903305		64	-0.3397048	-1.1317699	0.2565445	0.7146703	1.0	2098	tags=31%, list=15%, signal=37%	
SENSORY PERCEPTION%GOBP%GO:0007600	SENSORY PERCEPTION%GOBP%GO:0007600		195	-0.29042426	-1.1312823	0.18433931	0.7156399	1.0	1717	tags=21%, list=13%, signal=24%	
CELL SURFACE RECEPTOR SIGNALING PATHWAY VIA STAT%GOBP%GO:0097696	CELL SURFACE RECEPTOR SIGNALING PATHWAY VIA STAT%GOBP%GO:0097696		43	-0.36742756	-1.1301957	0.26929983	0.7184138	1.0	908	tags=19%, list=7%, signal=20%	
RESPONSE TO NUTRIENT%GOBP%GO:0007584	RESPONSE TO NUTRIENT%GOBP%GO:0007584		33	-0.38492176	-1.1300265	0.2875	0.7183483	1.0	1513	tags=21%, list=11%, signal=24%	
IBUPROFEN ACTION PATHWAY%SMPDB%SMP0000086	IBUPROFEN ACTION PATHWAY%SMPDB%SMP0000086		29	-0.39105967	-1.1297652	0.26855123	0.71856064	1.0	2011	tags=34%, list=15%, signal=40%	
REGULATION OF TYPE 2 IMMUNE RESPONSE%GOBP%GO:0002828	REGULATION OF TYPE 2 IMMUNE RESPONSE%GOBP%GO:0002828		16	-0.44935107	-1.1293304	0.29499072	0.71932775	1.0	942	tags=25%, list=7%, signal=27%	
BROMFENAC ACTION PATHWAY%SMPDB%SMP0000102	BROMFENAC ACTION PATHWAY%SMPDB%SMP0000102		19	-0.43905592	-1.1293186	0.29872495	0.7187756	1.0	2011	tags=42%, list=15%, signal=49%	
LUNG FIBROSIS%WIKIPATHWAYS_20250810%WP3624%HOMO SAPIENS	LUNG FIBROSIS%WIKIPATHWAYS_20250810%WP3624%HOMO SAPIENS		41	-0.36926183	-1.1292118	0.25510204	0.71850216	1.0	857	tags=20%, list=6%, signal=21%	
VITAMIN B5 (PANTOTHENATE) METABOLISM%REACTOME%R-HSA-199220.5	VITAMIN B5 (PANTOTHENATE) METABOLISM%REACTOME%R-HSA-199220.5		20	-0.43410468	-1.1290814	0.31560892	0.71830285	1.0	433	tags=15%, list=3%, signal=15%	
GLYCEROLIPID BIOSYNTHETIC PROCESS%GOBP%GO:0045017	GLYCEROLIPID BIOSYNTHETIC PROCESS%GOBP%GO:0045017		167	-0.29186454	-1.1287012	0.20700637	0.7188756	1.0	2456	tags=21%, list=18%, signal=25%	
RNA 3'-END PROCESSING%GOBP%GO:0031123	RNA 3'-END PROCESSING%GOBP%GO:0031123		69	-0.33094668	-1.1286237	0.22866894	0.71854544	1.0	5111	tags=48%, list=38%, signal=76%	
STEROID METABOLIC PROCESS%GOBP%GO:0008202	STEROID METABOLIC PROCESS%GOBP%GO:0008202		126	-0.30476704	-1.1282505	0.21311475	0.7191795	1.0	2693	tags=28%, list=20%, signal=34%	
SIGNALING BY ALK IN CANCER%REACTOME DATABASE ID RELEASE 93%9700206	SIGNALING BY ALK IN CANCER%REACTOME DATABASE ID RELEASE 93%9700206		86	-0.32317725	-1.1280464	0.23960066	0.7192377	1.0	1757	tags=19%, list=13%, signal=21%	
NEGATIVE REGULATION OF T CELL DIFFERENTIATION%GOBP%GO:0045581	NEGATIVE REGULATION OF T CELL DIFFERENTIATION%GOBP%GO:0045581		28	-0.40707767	-1.1279855	0.28494623	0.7188633	1.0	1626	tags=32%, list=12%, signal=36%	
FRUCTOSE-1,6-DIPHOSPHATASE DEFICIENCY%SMPDB%SMP0000562	FRUCTOSE-1,6-DIPHOSPHATASE DEFICIENCY%SMPDB%SMP0000562		20	-0.4364005	-1.1278605	0.29113925	0.7186637	1.0	2582	tags=30%, list=19%, signal=37%	
NAD BIOSYNTHETIC PATHWAYS%WIKIPATHWAYS_20250810%WP3645%HOMO SAPIENS	NAD BIOSYNTHETIC PATHWAYS%WIKIPATHWAYS_20250810%WP3645%HOMO SAPIENS		18	-0.44089082	-1.127302	0.30056712	0.7198153	1.0	1580	tags=28%, list=12%, signal=31%	
SULINDAC ACTION PATHWAY%PATHWHIZ%PW000136	SULINDAC ACTION PATHWAY%PATHWHIZ%PW000136		19	-0.43905592	-1.127064	0.30054644	0.7199693	1.0	2011	tags=42%, list=15%, signal=49%	
DICLOFENAC ACTION PATHWAY%PATHWHIZ%PW000135	DICLOFENAC ACTION PATHWAY%PATHWHIZ%PW000135		19	-0.43905592	-1.1268258	0.31040564	0.72015566	1.0	2011	tags=42%, list=15%, signal=49%	
SIGNALING BY ALK FUSIONS AND ACTIVATED POINT MUTANTS%REACTOME DATABASE ID RELEASE 93%9725370	SIGNALING BY ALK FUSIONS AND ACTIVATED POINT MUTANTS%REACTOME DATABASE ID RELEASE 93%9725370		86	-0.32317725	-1.1266948	0.24451411	0.7199498	1.0	1757	tags=19%, list=13%, signal=21%	
POSITIVE REGULATION OF SYNAPSE ASSEMBLY%GOBP%GO:0051965	POSITIVE REGULATION OF SYNAPSE ASSEMBLY%GOBP%GO:0051965		26	-0.40691596	-1.1262172	0.29908258	0.7208591	1.0	1699	tags=31%, list=13%, signal=35%	
BILE ACID AND BILE SALT METABOLISM%REACTOME%R-HSA-194068.3	BILE ACID AND BILE SALT METABOLISM%REACTOME%R-HSA-194068.3		29	-0.3958225	-1.1261922	0.2786325	0.7203417	1.0	64	tags=7%, list=0%, signal=7%	
CELLULAR RESPONSE TO LIPOPOLYSACCHARIDE%GOBP%GO:0071222	CELLULAR RESPONSE TO LIPOPOLYSACCHARIDE%GOBP%GO:0071222		99	-0.3165517	-1.1258882	0.25463745	0.7206724	1.0	1186	tags=15%, list=9%, signal=16%	
PHOSPHATIDYLINOSITOL 3-KINASE/PROTEIN KINASE B SIGNAL TRANSDUCTION%GOBP%GO:0043491	PHOSPHATIDYLINOSITOL 3-KINASE/PROTEIN KINASE B SIGNAL TRANSDUCTION%GOBP%GO:0043491		36	-0.37486362	-1.1258358	0.29462737	0.72026384	1.0	883	tags=17%, list=7%, signal=18%	
POSITIVE REGULATION OF GLUCOSE METABOLIC PROCESS%GOBP%GO:0010907	POSITIVE REGULATION OF GLUCOSE METABOLIC PROCESS%GOBP%GO:0010907		27	-0.400697	-1.1258146	0.31227437	0.71973526	1.0	1629	tags=26%, list=12%, signal=29%	
P38 MAPK SIGNALING PATHWAY%PATHWAY INTERACTION DATABASE NCI-NATURE CURATED DATA%P38 MAPK SIGNALING PATHWAY	P38 MAPK SIGNALING PATHWAY%PATHWAY INTERACTION DATABASE NCI-NATURE CURATED DATA%P38 MAPK SIGNALING PATHWAY		26	-0.40618622	-1.1256925	0.2939068	0.71950966	1.0	4577	tags=46%, list=34%, signal=70%	
NEGATIVE REGULATION OF RESPONSE TO BIOTIC STIMULUS%GOBP%GO:0002832	NEGATIVE REGULATION OF RESPONSE TO BIOTIC STIMULUS%GOBP%GO:0002832		96	-0.31304982	-1.1256629	0.23089431	0.71903306	1.0	2405	tags=22%, list=18%, signal=26%	
CELL-CELL JUNCTION ORGANIZATION%GOBP%GO:0045216	CELL-CELL JUNCTION ORGANIZATION%GOBP%GO:0045216		101	-0.3141024	-1.1255912	0.24217463	0.7186749	1.0	1328	tags=18%, list=10%, signal=20%	
INDOMETHACIN ACTION PATHWAY%PATHWHIZ%PW000260	INDOMETHACIN ACTION PATHWAY%PATHWHIZ%PW000260		20	-0.44132522	-1.1251247	0.30956522	0.7195877	1.0	2167	tags=45%, list=16%, signal=53%	
PHOSPHOLIPID BIOSYNTHESIS%SMPDB%SMP0000025	PHOSPHOLIPID BIOSYNTHESIS%SMPDB%SMP0000025		23	-0.41103232	-1.124935	0.31294963	0.7196139	1.0	1677	tags=35%, list=12%, signal=40%	
PID_RB_1PATHWAY%MSIGDB_C2%PID_RB_1PATHWAY	PID_RB_1PATHWAY%MSIGDB_C2%PID_RB_1PATHWAY		51	-0.34720865	-1.1244092	0.26079735	0.7206528	1.0	2481	tags=25%, list=18%, signal=31%	
POSITIVE REGULATION OF CHOLESTEROL METABOLIC PROCESS%GOBP%GO:0090205	POSITIVE REGULATION OF CHOLESTEROL METABOLIC PROCESS%GOBP%GO:0090205		18	-0.44857922	-1.1235839	0.3197026	0.72262174	1.0	2893	tags=50%, list=21%, signal=63%	
LORNOXICAM ACTION PATHWAY%PATHWHIZ%PW000677	LORNOXICAM ACTION PATHWAY%PATHWHIZ%PW000677		19	-0.43905592	-1.123503	0.30975142	0.72229517	1.0	2011	tags=42%, list=15%, signal=49%	
RNA POLYMERASE II TRANSCRIPTION ELONGATION%REACTOME%R-HSA-75955.4	RNA POLYMERASE II TRANSCRIPTION ELONGATION%REACTOME%R-HSA-75955.4		57	-0.35020837	-1.1233746	0.28428093	0.7221057	1.0	4763	tags=47%, list=35%, signal=73%	
NUCLEOTIDE CATABOLIC PROCESS%GOBP%GO:0009166	NUCLEOTIDE CATABOLIC PROCESS%GOBP%GO:0009166		72	-0.32713926	-1.1233113	0.26998225	0.7217178	1.0	2667	tags=24%, list=20%, signal=29%	
SENSORY PERCEPTION OF PAIN%GOBP%GO:0019233	SENSORY PERCEPTION OF PAIN%GOBP%GO:0019233		26	-0.39486536	-1.1231245	0.279732	0.72173804	1.0	658	tags=23%, list=5%, signal=24%	
ENERGY RESERVE METABOLIC PROCESS%GOBP%GO:0006112	ENERGY RESERVE METABOLIC PROCESS%GOBP%GO:0006112		41	-0.36571315	-1.123006	0.30297723	0.72150934	1.0	1257	tags=15%, list=9%, signal=16%	
KETOPROFEN ACTION PATHWAY%SMPDB%SMP0000085	KETOPROFEN ACTION PATHWAY%SMPDB%SMP0000085		19	-0.43905592	-1.122848	0.29904762	0.72142315	1.0	2011	tags=42%, list=15%, signal=49%	
ENERGY HOMEOSTASIS%GOBP%GO:0097009	ENERGY HOMEOSTASIS%GOBP%GO:0097009		38	-0.3679863	-1.1225035	0.3003472	0.7219131	1.0	1600	tags=24%, list=12%, signal=27%	
ACETYLSALICYLIC ACID ACTION PATHWAY%PATHWHIZ%PW000128	ACETYLSALICYLIC ACID ACTION PATHWAY%PATHWHIZ%PW000128		19	-0.43905592	-1.1223924	0.29357797	0.72165763	1.0	2011	tags=42%, list=15%, signal=49%	
4P16 3 COPY NUMBER VARIATION%WIKIPATHWAYS_20250810%WP5365%HOMO SAPIENS	4P16 3 COPY NUMBER VARIATION%WIKIPATHWAYS_20250810%WP5365%HOMO SAPIENS		23	-0.42520905	-1.1220169	0.33211008	0.722246	1.0	2796	tags=30%, list=21%, signal=38%	
NUCLEAR RECEPTORS META PATHWAY%WIKIPATHWAYS_20250810%WP2882%HOMO SAPIENS	NUCLEAR RECEPTORS META PATHWAY%WIKIPATHWAYS_20250810%WP2882%HOMO SAPIENS		184	-0.2910966	-1.1218389	0.22292994	0.72220796	1.0	1503	tags=19%, list=11%, signal=21%	
COAGULATION%GOBP%GO:0050817	COAGULATION%GOBP%GO:0050817		102	-0.3110036	-1.1216533	0.22937293	0.72217375	1.0	2267	tags=24%, list=17%, signal=28%	
BDNF TRKB SIGNALING%WIKIPATHWAYS_20250810%WP3676%HOMO SAPIENS	BDNF TRKB SIGNALING%WIKIPATHWAYS_20250810%WP3676%HOMO SAPIENS		27	-0.39490855	-1.1215943	0.30728242	0.7217747	1.0	2047	tags=22%, list=15%, signal=26%	
HOMEOSTASIS OF NUMBER OF CELLS%GOBP%GO:0048872	HOMEOSTASIS OF NUMBER OF CELLS%GOBP%GO:0048872		100	-0.31631353	-1.1211171	0.25	0.7226051	1.0	2397	tags=23%, list=18%, signal=28%	
PROTEINOGENIC AMINO ACID BIOSYNTHETIC PROCESS%GOBP%GO:0170038	PROTEINOGENIC AMINO ACID BIOSYNTHETIC PROCESS%GOBP%GO:0170038		35	-0.38163146	-1.1209832	0.29528984	0.7224301	1.0	1704	tags=26%, list=13%, signal=29%	
CELL INTERACTIONS IN PANCREATIC CANCER MICROENVIRONMENT%WIKIPATHWAYS_20250810%WP5284%HOMO SAPIENS	CELL INTERACTIONS IN PANCREATIC CANCER MICROENVIRONMENT%WIKIPATHWAYS_20250810%WP5284%HOMO SAPIENS		20	-0.43077645	-1.1202997	0.29963234	0.72394687	1.0	1101	tags=40%, list=8%, signal=43%	
SULFUR AMINO ACID METABOLIC PROCESS%GOBP%GO:0000096	SULFUR AMINO ACID METABOLIC PROCESS%GOBP%GO:0000096		27	-0.39638215	-1.120041	0.30457747	0.724182	1.0	1463	tags=26%, list=11%, signal=29%	
FOLLICLE STIMULATING HORMONE FSH SIGNALING%WIKIPATHWAYS_20250810%WP2035%HOMO SAPIENS	FOLLICLE STIMULATING HORMONE FSH SIGNALING%WIKIPATHWAYS_20250810%WP2035%HOMO SAPIENS		17	-0.4494777	-1.1200271	0.3286219	0.7236549	1.0	2212	tags=18%, list=16%, signal=21%	
EFFECT OF OMEGA 3 PUFA ON HUNTINGTON 39 S DISEASE PATHWAYS%WIKIPATHWAYS_20250810%WP5470%HOMO SAPIENS	EFFECT OF OMEGA 3 PUFA ON HUNTINGTON 39 S DISEASE PATHWAYS%WIKIPATHWAYS_20250810%WP5470%HOMO SAPIENS		85	-0.32317597	-1.1190342	0.27749577	0.7261176	1.0	2473	tags=24%, list=18%, signal=29%	
T CELL RECEPTOR SIGNALING PATHWAY%SMPDB%SMP0066977	T CELL RECEPTOR SIGNALING PATHWAY%SMPDB%SMP0066977		45	-0.35437095	-1.118383	0.28070176	0.7274952	1.0	813	tags=16%, list=6%, signal=16%	
POSITIVE REGULATION OF EPITHELIAL CELL PROLIFERATION%GOBP%GO:0050679	POSITIVE REGULATION OF EPITHELIAL CELL PROLIFERATION%GOBP%GO:0050679		108	-0.3131031	-1.1179438	0.2525773	0.7282609	1.0	1746	tags=23%, list=13%, signal=26%	
REGULATION OF CELL MIGRATION INVOLVED IN SPROUTING ANGIOGENESIS%GOBP%GO:0090049	REGULATION OF CELL MIGRATION INVOLVED IN SPROUTING ANGIOGENESIS%GOBP%GO:0090049		32	-0.3907301	-1.117864	0.30608696	0.7279525	1.0	2054	tags=31%, list=15%, signal=37%	
POSTSYNAPTIC MEMBRANE ORGANIZATION%GOBP%GO:0001941	POSTSYNAPTIC MEMBRANE ORGANIZATION%GOBP%GO:0001941		15	-0.45007125	-1.1175809	0.3207547	0.728238	1.0	2207	tags=40%, list=16%, signal=48%	
ENDOTHELIUM DEVELOPMENT%GOBP%GO:0003158	ENDOTHELIUM DEVELOPMENT%GOBP%GO:0003158		63	-0.33736917	-1.1174581	0.27454546	0.7280424	1.0	3468	tags=37%, list=26%, signal=49%	
REGULATION OF GLUCONEOGENESIS%GOBP%GO:0006111	REGULATION OF GLUCONEOGENESIS%GOBP%GO:0006111		29	-0.39456964	-1.1171921	0.31182796	0.7282561	1.0	1580	tags=17%, list=12%, signal=19%	
DNA METHYLATION-DEPENDENT CONSTITUTIVE HETEROCHROMATIN FORMATION%GOBP%GO:0006346	DNA METHYLATION-DEPENDENT CONSTITUTIVE HETEROCHROMATIN FORMATION%GOBP%GO:0006346		25	-0.40754375	-1.1161073	0.315508	0.73101807	1.0	1380	tags=16%, list=10%, signal=18%	
NEPAFENAC ACTION PATHWAY%PATHWHIZ%PW000679	NEPAFENAC ACTION PATHWAY%PATHWHIZ%PW000679		19	-0.43905592	-1.115646	0.30642202	0.7318461	1.0	2011	tags=42%, list=15%, signal=49%	
ANGIOGENESIS%GOBP%GO:0001525	ANGIOGENESIS%GOBP%GO:0001525		156	-0.2943362	-1.1156147	0.22328548	0.73135746	1.0	1583	tags=22%, list=12%, signal=24%	
ANTRAFENINE ACTION PATHWAY%SMPDB%SMP0000693	ANTRAFENINE ACTION PATHWAY%SMPDB%SMP0000693		19	-0.43905592	-1.1156001	0.32899627	0.7308382	1.0	2011	tags=42%, list=15%, signal=49%	
BIOCARTA_NTHI_PATHWAY%MSIGDB_C2%BIOCARTA_NTHI_PATHWAY	BIOCARTA_NTHI_PATHWAY%MSIGDB_C2%BIOCARTA_NTHI_PATHWAY		21	-0.4212453	-1.1149997	0.3105263	0.7320672	1.0	2212	tags=19%, list=16%, signal=23%	
MUSCARINIC ACETYLCHOLINE RECEPTOR 1 AND 3 SIGNALING PATHWAY%PANTHER PATHWAY%P00042	MUSCARINIC ACETYLCHOLINE RECEPTOR 1 AND 3 SIGNALING PATHWAY%PANTHER PATHWAY%P00042		27	-0.39331007	-1.1149312	0.31549814	0.7316841	1.0	1254	tags=19%, list=9%, signal=20%	
INTERNALIZATION OF ERBB1%PATHWAY INTERACTION DATABASE NCI-NATURE CURATED DATA%INTERNALIZATION OF ERBB1	INTERNALIZATION OF ERBB1%PATHWAY INTERACTION DATABASE NCI-NATURE CURATED DATA%INTERNALIZATION OF ERBB1		37	-0.36632156	-1.114775	0.29331046	0.73158497	1.0	2554	tags=22%, list=19%, signal=27%	
SIGNALING BY KIT IN DISEASE%REACTOME DATABASE ID RELEASE 93%9669938	SIGNALING BY KIT IN DISEASE%REACTOME DATABASE ID RELEASE 93%9669938		17	-0.43033108	-1.1145471	0.34200743	0.7317303	1.0	1746	tags=29%, list=13%, signal=34%	
REGULATION OF CD4-POSITIVE, ALPHA-BETA T CELL ACTIVATION%GOBP%GO:2000514	REGULATION OF CD4-POSITIVE, ALPHA-BETA T CELL ACTIVATION%GOBP%GO:2000514		49	-0.34833008	-1.114006	0.28295255	0.73276544	1.0	1626	tags=24%, list=12%, signal=28%	
LPS AND CITRATE SIGNALING AND INFLAMMATION%PATHWHIZ%PW101069	LPS AND CITRATE SIGNALING AND INFLAMMATION%PATHWHIZ%PW101069		21	-0.4215315	-1.113664	0.32446808	0.73322535	1.0	2466	tags=29%, list=18%, signal=35%	
HOST PATHOGEN INTERACTION OF HUMAN CORONAVIRUSES APOPTOSIS%WIKIPATHWAYS_20250810%WP4864%HOMO SAPIENS	HOST PATHOGEN INTERACTION OF HUMAN CORONAVIRUSES APOPTOSIS%WIKIPATHWAYS_20250810%WP4864%HOMO SAPIENS		16	-0.45486426	-1.1131024	0.31460676	0.7343981	1.0	2861	tags=44%, list=21%, signal=55%	
SIGNALLING TO ERKS%REACTOME DATABASE ID RELEASE 93%187687	SIGNALLING TO ERKS%REACTOME DATABASE ID RELEASE 93%187687		28	-0.3958959	-1.1126062	0.30898875	0.735373	1.0	2541	tags=29%, list=19%, signal=35%	
WARBURG EFFECT MODULATED BY DEUBIQUITINATING ENZYMES AND THEIR SUBSTRATES%WIKIPATHWAYS_20250810%WP5216%HOMO SAPIENS	WARBURG EFFECT MODULATED BY DEUBIQUITINATING ENZYMES AND THEIR SUBSTRATES%WIKIPATHWAYS_20250810%WP5216%HOMO SAPIENS		20	-0.41867784	-1.1125712	0.30427048	0.73490506	1.0	1580	tags=20%, list=12%, signal=23%	
BIOCARTA_KERATINOCYTE_PATHWAY%MSIGDB_C2%BIOCARTA_KERATINOCYTE_PATHWAY	BIOCARTA_KERATINOCYTE_PATHWAY%MSIGDB_C2%BIOCARTA_KERATINOCYTE_PATHWAY		40	-0.36394656	-1.1124355	0.29307282	0.7347666	1.0	2277	tags=23%, list=17%, signal=27%	
HORMONE TRANSPORT%GOBP%GO:0009914	HORMONE TRANSPORT%GOBP%GO:0009914		30	-0.3838986	-1.1123329	0.30236796	0.7345	1.0	2097	tags=30%, list=15%, signal=35%	
ENDOCARDIAL CUSHION DEVELOPMENT%GOBP%GO:0003197	ENDOCARDIAL CUSHION DEVELOPMENT%GOBP%GO:0003197		32	-0.38378403	-1.1120988	0.30824372	0.7346661	1.0	2157	tags=25%, list=16%, signal=30%	
REGULATION OF PROTEIN EXIT FROM ENDOPLASMIC RETICULUM%GOBP%GO:0070861	REGULATION OF PROTEIN EXIT FROM ENDOPLASMIC RETICULUM%GOBP%GO:0070861		19	-0.4318088	-1.1120062	0.33703703	0.7343652	1.0	1486	tags=16%, list=11%, signal=18%	
CYSTATHIONINE BETA-SYNTHASE DEFICIENCY%SMPDB%SMP0000177	CYSTATHIONINE BETA-SYNTHASE DEFICIENCY%SMPDB%SMP0000177		15	-0.45060027	-1.1119559	0.32956687	0.7339419	1.0	1266	tags=27%, list=9%, signal=29%	
CAMKK2 PATHWAY%WIKIPATHWAYS_20250810%WP4874%HOMO SAPIENS	CAMKK2 PATHWAY%WIKIPATHWAYS_20250810%WP4874%HOMO SAPIENS		77	-0.32765847	-1.1117918	0.28227195	0.73385555	1.0	1380	tags=19%, list=10%, signal=22%	
5Q35 COPY NUMBER VARIATION%WIKIPATHWAYS_20250810%WP5380%HOMO SAPIENS	5Q35 COPY NUMBER VARIATION%WIKIPATHWAYS_20250810%WP5380%HOMO SAPIENS		70	-0.3284835	-1.1116514	0.2835821	0.7336909	1.0	3415	tags=37%, list=25%, signal=49%	
CELLULAR RESPONSE TO BMP STIMULUS%GOBP%GO:0071773	CELLULAR RESPONSE TO BMP STIMULUS%GOBP%GO:0071773		43	-0.35943437	-1.1113489	0.2937063	0.73408854	1.0	1747	tags=23%, list=13%, signal=27%	
HOST-MEDIATED PERTURBATION OF SYMBIONT PROCESS%GOBP%GO:0051851	HOST-MEDIATED PERTURBATION OF SYMBIONT PROCESS%GOBP%GO:0051851		83	-0.318499	-1.1111706	0.25383306	0.7341017	1.0	1101	tags=11%, list=8%, signal=12%	
SNRNA 3'-END PROCESSING%GOBP%GO:0034472	SNRNA 3'-END PROCESSING%GOBP%GO:0034472		20	-0.42897978	-1.1109539	0.3138686	0.734217	1.0	5001	tags=60%, list=37%, signal=95%	
PID_ERBB1_RECEPTOR_PROXIMAL_PATHWAY%MSIGDB_C2%PID_ERBB1_RECEPTOR_PROXIMAL_PATHWAY	PID_ERBB1_RECEPTOR_PROXIMAL_PATHWAY%MSIGDB_C2%PID_ERBB1_RECEPTOR_PROXIMAL_PATHWAY		30	-0.38966012	-1.1108997	0.3092437	0.7338108	1.0	1757	tags=17%, list=13%, signal=19%	
DNA DOUBLE STRAND BREAK RESPONSE%REACTOME%R-HSA-5693606.4	DNA DOUBLE STRAND BREAK RESPONSE%REACTOME%R-HSA-5693606.4		47	-0.35323063	-1.1108794	0.2831216	0.7333056	1.0	2013	tags=19%, list=15%, signal=22%	
RAS PROTEIN SIGNAL TRANSDUCTION%GOBP%GO:0007265	RAS PROTEIN SIGNAL TRANSDUCTION%GOBP%GO:0007265		64	-0.33543098	-1.1102791	0.302926	0.7345695	1.0	1794	tags=23%, list=13%, signal=27%	
REGULATION OF TUMOR NECROSIS FACTOR PRODUCTION%GOBP%GO:0032680	REGULATION OF TUMOR NECROSIS FACTOR PRODUCTION%GOBP%GO:0032680		109	-0.30949444	-1.1102589	0.27027026	0.7340562	1.0	1078	tags=17%, list=8%, signal=18%	
EFFECT OF DASATINIB ON THE BCR ABL SIGNALING PATHWAY%WIKIPATHWAYS_20250810%WP5493%HOMO SAPIENS	EFFECT OF DASATINIB ON THE BCR ABL SIGNALING PATHWAY%WIKIPATHWAYS_20250810%WP5493%HOMO SAPIENS		38	-0.37005723	-1.109819	0.31448764	0.7348206	1.0	3506	tags=32%, list=26%, signal=42%	
PID_INTEGRIN_A9B1_PATHWAY%MSIGDB_C2%PID_INTEGRIN_A9B1_PATHWAY	PID_INTEGRIN_A9B1_PATHWAY%MSIGDB_C2%PID_INTEGRIN_A9B1_PATHWAY		16	-0.4451482	-1.10974	0.32287824	0.73450965	1.0	710	tags=31%, list=5%, signal=33%	
PHOTODYNAMIC THERAPY INDUCED HIF 1 SURVIVAL SIGNALING%WIKIPATHWAYS_20250810%WP3614%HOMO SAPIENS	PHOTODYNAMIC THERAPY INDUCED HIF 1 SURVIVAL SIGNALING%WIKIPATHWAYS_20250810%WP3614%HOMO SAPIENS		22	-0.413236	-1.1097318	0.3046595	0.73397595	1.0	2435	tags=36%, list=18%, signal=44%	
HIV TRANSCRIPTION ELONGATION%REACTOME%R-HSA-167169.4	HIV TRANSCRIPTION ELONGATION%REACTOME%R-HSA-167169.4		42	-0.35780537	-1.1095558	0.3040422	0.7339705	1.0	4664	tags=52%, list=34%, signal=80%	
TRANSCRIPTIONAL REGULATION OF GRANULOPOIESIS%REACTOME DATABASE ID RELEASE 93%9616222	TRANSCRIPTIONAL REGULATION OF GRANULOPOIESIS%REACTOME DATABASE ID RELEASE 93%9616222		36	-0.37466422	-1.1094933	0.29981717	0.7335899	1.0	1583	tags=19%, list=12%, signal=22%	
ALPHA6BETA4INTEGRIN%IOB%ALPHA6BETA4INTEGRIN	ALPHA6BETA4INTEGRIN%IOB%ALPHA6BETA4INTEGRIN		45	-0.3633369	-1.1093309	0.30496454	0.73354197	1.0	952	tags=16%, list=7%, signal=17%	
ISOPRENOID METABOLIC PROCESS%GOBP%GO:0006720	ISOPRENOID METABOLIC PROCESS%GOBP%GO:0006720		62	-0.338275	-1.1090078	0.29471892	0.7339852	1.0	2140	tags=32%, list=16%, signal=38%	
RESPONSE TO BMP%GOBP%GO:0071772	RESPONSE TO BMP%GOBP%GO:0071772		43	-0.35943437	-1.1090041	0.3195691	0.73343605	1.0	1747	tags=23%, list=13%, signal=27%	
ORGANIC HYDROXY COMPOUND TRANSPORT%GOBP%GO:0015850	ORGANIC HYDROXY COMPOUND TRANSPORT%GOBP%GO:0015850		94	-0.31558397	-1.1086715	0.2801358	0.7339219	1.0	954	tags=16%, list=7%, signal=17%	
NEGATIVE REGULATION OF PROTEIN BINDING%GOBP%GO:0032091	NEGATIVE REGULATION OF PROTEIN BINDING%GOBP%GO:0032091		22	-0.4164721	-1.108325	0.3309859	0.7343495	1.0	1180	tags=18%, list=9%, signal=20%	
CLASS B 2 (SECRETIN FAMILY RECEPTORS)%REACTOME%R-HSA-373080.4	CLASS B 2 (SECRETIN FAMILY RECEPTORS)%REACTOME%R-HSA-373080.4		46	-0.3519523	-1.1072726	0.28798586	0.7370208	1.0	2184	tags=35%, list=16%, signal=41%	
SALICYLIC ACID ACTION PATHWAY%SMPDB%SMP0000709	SALICYLIC ACID ACTION PATHWAY%SMPDB%SMP0000709		19	-0.43905592	-1.1070871	0.32342008	0.7370282	1.0	2011	tags=42%, list=15%, signal=49%	
PLATELET DEGRANULATION%REACTOME%R-HSA-114608.5	PLATELET DEGRANULATION%REACTOME%R-HSA-114608.5		106	-0.30850464	-1.1070764	0.25	0.7364913	1.0	682	tags=11%, list=5%, signal=12%	
FORMATION OF TUBULIN FOLDING INTERMEDIATES BY CCT TRIC%REACTOME DATABASE ID RELEASE 93%389960	FORMATION OF TUBULIN FOLDING INTERMEDIATES BY CCT TRIC%REACTOME DATABASE ID RELEASE 93%389960		19	-0.4258617	-1.1066223	0.32950193	0.7373352	1.0	2767	tags=47%, list=20%, signal=59%	
REGULATION OF POLYSACCHARIDE BIOSYNTHETIC PROCESS%GOBP%GO:0032885	REGULATION OF POLYSACCHARIDE BIOSYNTHETIC PROCESS%GOBP%GO:0032885		28	-0.39273694	-1.1064165	0.33955225	0.7373766	1.0	2087	tags=21%, list=15%, signal=25%	
REGULATION OF JNK CASCADE%GOBP%GO:0046328	REGULATION OF JNK CASCADE%GOBP%GO:0046328		109	-0.30726272	-1.1062962	0.2739274	0.73716915	1.0	1772	tags=19%, list=13%, signal=22%	
LIPID DROPLET ORGANIZATION%GOBP%GO:0034389	LIPID DROPLET ORGANIZATION%GOBP%GO:0034389		30	-0.38720503	-1.1062622	0.3104027	0.7367222	1.0	519	tags=13%, list=4%, signal=14%	
PID_IL2_1PATHWAY%MSIGDB_C2%PID_IL2_1PATHWAY	PID_IL2_1PATHWAY%MSIGDB_C2%PID_IL2_1PATHWAY		46	-0.35749248	-1.1062233	0.30520648	0.73628527	1.0	1274	tags=22%, list=9%, signal=24%	
PID_CD8_TCR_DOWNSTREAM_PATHWAY%MSIGDB_C2%PID_CD8_TCR_DOWNSTREAM_PATHWAY	PID_CD8_TCR_DOWNSTREAM_PATHWAY%MSIGDB_C2%PID_CD8_TCR_DOWNSTREAM_PATHWAY		38	-0.36338973	-1.1060522	0.32161686	0.73626107	1.0	2070	tags=32%, list=15%, signal=37%	
MRNA PROCESSING%WIKIPATHWAYS_20250810%WP411%HOMO SAPIENS	MRNA PROCESSING%WIKIPATHWAYS_20250810%WP411%HOMO SAPIENS		94	-0.31116027	-1.1059726	0.2879046	0.73592484	1.0	5080	tags=46%, list=37%, signal=73%	
OREXIN RECEPTOR PATHWAY%WIKIPATHWAYS_20250810%WP5094%HOMO SAPIENS	OREXIN RECEPTOR PATHWAY%WIKIPATHWAYS_20250810%WP5094%HOMO SAPIENS		57	-0.33856684	-1.1058708	0.31083483	0.7356815	1.0	929	tags=14%, list=7%, signal=15%	
B CELL RECEPTOR SIGNALING%WIKIPATHWAYS_20250810%WP23%HOMO SAPIENS	B CELL RECEPTOR SIGNALING%WIKIPATHWAYS_20250810%WP23%HOMO SAPIENS		74	-0.32679594	-1.1058103	0.3008547	0.73531675	1.0	3153	tags=28%, list=23%, signal=37%	
BLOOD COAGULATION%GOBP%GO:0007596	BLOOD COAGULATION%GOBP%GO:0007596		102	-0.3110036	-1.105746	0.26143792	0.7349661	1.0	2267	tags=24%, list=17%, signal=28%	
GLYCOGEN STORAGE DISEASES%REACTOME DATABASE ID RELEASE 93%3229121	GLYCOGEN STORAGE DISEASES%REACTOME DATABASE ID RELEASE 93%3229121		15	-0.44676614	-1.1048745	0.31785715	0.7370439	1.0	2990	tags=47%, list=22%, signal=60%	
DEFENSE RESPONSE TO GRAM-POSITIVE BACTERIUM%GOBP%GO:0050830	DEFENSE RESPONSE TO GRAM-POSITIVE BACTERIUM%GOBP%GO:0050830		39	-0.36831236	-1.1046826	0.29699248	0.7371028	1.0	2167	tags=36%, list=16%, signal=43%	
REGULATION OF HEMOSTASIS%GOBP%GO:1900046	REGULATION OF HEMOSTASIS%GOBP%GO:1900046		42	-0.3584066	-1.1044372	0.29805997	0.73731023	1.0	1414	tags=24%, list=10%, signal=27%	
AMINO ACID TRANSPORT%GOBP%GO:0006865	AMINO ACID TRANSPORT%GOBP%GO:0006865		71	-0.3283869	-1.1038496	0.2761578	0.7384941	1.0	1648	tags=23%, list=12%, signal=26%	
NEGATIVE REGULATION OF NATURAL KILLER CELL MEDIATED CYTOTOXICITY%GOBP%GO:0045953	NEGATIVE REGULATION OF NATURAL KILLER CELL MEDIATED CYTOTOXICITY%GOBP%GO:0045953		19	-0.42781335	-1.1037729	0.3296501	0.7381829	1.0	2405	tags=32%, list=18%, signal=38%	
METHIONINE ADENOSYLTRANSFERASE DEFICIENCY%SMPDB%SMP0000221	METHIONINE ADENOSYLTRANSFERASE DEFICIENCY%SMPDB%SMP0000221		15	-0.45060027	-1.1031905	0.3460145	0.739394	1.0	1266	tags=27%, list=9%, signal=29%	
SYNTHESIS OF PA%REACTOME%R-HSA-1483166.8	SYNTHESIS OF PA%REACTOME%R-HSA-1483166.8		29	-0.38109225	-1.1031306	0.31098697	0.7390095	1.0	2167	tags=28%, list=16%, signal=33%	
STIMULATORY C-TYPE LECTIN RECEPTOR SIGNALING PATHWAY%GOBP%GO:0002223	STIMULATORY C-TYPE LECTIN RECEPTOR SIGNALING PATHWAY%GOBP%GO:0002223		16	-0.4560543	-1.1029801	0.35106382	0.7389035	1.0	1292	tags=19%, list=10%, signal=21%	
REGULATION OF LYMPHOCYTE PROLIFERATION%GOBP%GO:0050670	REGULATION OF LYMPHOCYTE PROLIFERATION%GOBP%GO:0050670		131	-0.29684952	-1.1028234	0.27040815	0.7388486	1.0	1836	tags=24%, list=14%, signal=27%	
ANTIGEN PROCESSING AND PRESENTATION OF ENDOGENOUS PEPTIDE ANTIGEN%GOBP%GO:0002483	ANTIGEN PROCESSING AND PRESENTATION OF ENDOGENOUS PEPTIDE ANTIGEN%GOBP%GO:0002483		16	-0.43640873	-1.102638	0.3314815	0.73886085	1.0	13	tags=6%, list=0%, signal=6%	
DEADENYLATION OF MRNA%REACTOME DATABASE ID RELEASE 93%429947	DEADENYLATION OF MRNA%REACTOME DATABASE ID RELEASE 93%429947		24	-0.40830335	-1.1023654	0.34767026	0.7391266	1.0	5073	tags=50%, list=37%, signal=80%	
HIPPOCAMPAL SYNAPTOGENESIS AND NEUROGENESIS%WIKIPATHWAYS_20250810%WP5231%HOMO SAPIENS	HIPPOCAMPAL SYNAPTOGENESIS AND NEUROGENESIS%WIKIPATHWAYS_20250810%WP5231%HOMO SAPIENS		20	-0.41726586	-1.1018019	0.33213645	0.7402697	1.0	136	tags=15%, list=1%, signal=15%	
REGULATION OF ENDOCRINE PROCESS%GOBP%GO:0044060	REGULATION OF ENDOCRINE PROCESS%GOBP%GO:0044060		15	-0.46247858	-1.1017447	0.34111312	0.73986745	1.0	1328	tags=47%, list=10%, signal=52%	
TAT-MEDIATED ELONGATION OF THE HIV-1 TRANSCRIPT%REACTOME%R-HSA-167246.4	TAT-MEDIATED ELONGATION OF THE HIV-1 TRANSCRIPT%REACTOME%R-HSA-167246.4		42	-0.35780537	-1.1014677	0.32136446	0.7401528	1.0	4664	tags=52%, list=34%, signal=80%	
HOMOLOGOUS CHROMOSOME PAIRING AT MEIOSIS%GOBP%GO:0007129	HOMOLOGOUS CHROMOSOME PAIRING AT MEIOSIS%GOBP%GO:0007129		17	-0.43714356	-1.1014193	0.33206108	0.73972964	1.0	1580	tags=41%, list=12%, signal=47%	
DEOXYRIBOSE PHOSPHATE CATABOLIC PROCESS%GOBP%GO:0046386	DEOXYRIBOSE PHOSPHATE CATABOLIC PROCESS%GOBP%GO:0046386		20	-0.41992155	-1.1012702	0.3302583	0.73960906	1.0	1286	tags=20%, list=9%, signal=22%	
MAINTENANCE OF LOCATION%GOBP%GO:0051235	MAINTENANCE OF LOCATION%GOBP%GO:0051235		61	-0.3331311	-1.100792	0.2926045	0.7405167	1.0	682	tags=8%, list=5%, signal=9%	
FORMATION OF THE NEPHRIC DUCT%REACTOME%R-HSA-9830364.1	FORMATION OF THE NEPHRIC DUCT%REACTOME%R-HSA-9830364.1		15	-0.44707698	-1.1006804	0.35192308	0.7403028	1.0	97	tags=13%, list=1%, signal=13%	
PYRIMIDINE NUCLEOTIDE CATABOLIC PROCESS%GOBP%GO:0006244	PYRIMIDINE NUCLEOTIDE CATABOLIC PROCESS%GOBP%GO:0006244		19	-0.43384007	-1.100521	0.31675875	0.74025744	1.0	1286	tags=21%, list=9%, signal=23%	
BRAIN DERIVED NEUROTROPHIC FACTOR BDNF SIGNALING%WIKIPATHWAYS_20250810%WP2380%HOMO SAPIENS	BRAIN DERIVED NEUROTROPHIC FACTOR BDNF SIGNALING%WIKIPATHWAYS_20250810%WP2380%HOMO SAPIENS		105	-0.30330777	-1.1002163	0.2854758	0.74064165	1.0	2473	tags=21%, list=18%, signal=25%	
PID_NFKAPPAB_ATYPICAL_PATHWAY%MSIGDB_C2%PID_NFKAPPAB_ATYPICAL_PATHWAY	PID_NFKAPPAB_ATYPICAL_PATHWAY%MSIGDB_C2%PID_NFKAPPAB_ATYPICAL_PATHWAY		15	-0.44104418	-1.1001539	0.32956687	0.7402907	1.0	4663	tags=47%, list=34%, signal=71%	
REGULATION OF MEMBRANE REPOLARIZATION%GOBP%GO:0060306	REGULATION OF MEMBRANE REPOLARIZATION%GOBP%GO:0060306		23	-0.40801376	-1.0993596	0.32667875	0.7421625	1.0	1500	tags=22%, list=11%, signal=24%	
REGULATION OF MEMBRANE PROTEIN ECTODOMAIN PROTEOLYSIS%GOBP%GO:0051043	REGULATION OF MEMBRANE PROTEIN ECTODOMAIN PROTEOLYSIS%GOBP%GO:0051043		23	-0.4101192	-1.0988368	0.33151183	0.74313426	1.0	505	tags=22%, list=4%, signal=23%	
CHLORIDE TRANSMEMBRANE TRANSPORT%GOBP%GO:1902476	CHLORIDE TRANSMEMBRANE TRANSPORT%GOBP%GO:1902476		39	-0.3587635	-1.0985436	0.32049036	0.7434629	1.0	1606	tags=31%, list=12%, signal=35%	
REGULATION OF FATTY ACID TRANSPORT%GOBP%GO:2000191	REGULATION OF FATTY ACID TRANSPORT%GOBP%GO:2000191		17	-0.44025365	-1.0984572	0.34291187	0.74318117	1.0	775	tags=24%, list=6%, signal=25%	
REGULATION OF BLOOD COAGULATION%GOBP%GO:0030193	REGULATION OF BLOOD COAGULATION%GOBP%GO:0030193		41	-0.35864806	-1.0983977	0.31617647	0.74281424	1.0	1414	tags=24%, list=10%, signal=27%	
APOPTOTIC MITOCHONDRIAL CHANGES%GOBP%GO:0008637	APOPTOTIC MITOCHONDRIAL CHANGES%GOBP%GO:0008637		34	-0.3771953	-1.0982244	0.32659933	0.7427754	1.0	3918	tags=47%, list=29%, signal=66%	
FORMATION OF HIV-1 ELONGATION COMPLEX CONTAINING HIV-1 TAT%REACTOME%R-HSA-167200.5	FORMATION OF HIV-1 ELONGATION COMPLEX CONTAINING HIV-1 TAT%REACTOME%R-HSA-167200.5		42	-0.35780537	-1.0979356	0.3139932	0.74309105	1.0	4664	tags=52%, list=34%, signal=80%	
MATURATION OF 5.8S RRNA%GOBP%GO:0000460	MATURATION OF 5.8S RRNA%GOBP%GO:0000460		30	-0.38659883	-1.097933	0.33274958	0.7425486	1.0	3434	tags=27%, list=25%, signal=36%	
VASCULOGENESIS%GOBP%GO:0001570	VASCULOGENESIS%GOBP%GO:0001570		28	-0.39361435	-1.0974658	0.3032929	0.7434575	1.0	1240	tags=18%, list=9%, signal=20%	
TOLL LIKE RECEPTOR TLR6:TLR2 CASCADE%REACTOME DATABASE ID RELEASE 93%168188	TOLL LIKE RECEPTOR TLR6:TLR2 CASCADE%REACTOME DATABASE ID RELEASE 93%168188		106	-0.30119622	-1.0971373	0.2765625	0.74394023	1.0	3564	tags=30%, list=26%, signal=41%	
POSITIVE REGULATION OF NITRIC OXIDE BIOSYNTHETIC PROCESS%GOBP%GO:0045429	POSITIVE REGULATION OF NITRIC OXIDE BIOSYNTHETIC PROCESS%GOBP%GO:0045429		26	-0.391964	-1.0968717	0.31407943	0.74422723	1.0	2267	tags=31%, list=17%, signal=37%	
HOMOCYSTINURIA-MEGALOBLASTIC ANEMIA DUE TO DEFECT IN COBALAMIN METABOLISM, CBLG COMPLEMENTATION TYPE%SMPDB%SMP0000570	HOMOCYSTINURIA-MEGALOBLASTIC ANEMIA DUE TO DEFECT IN COBALAMIN METABOLISM, CBLG COMPLEMENTATION TYPE%SMPDB%SMP0000570		15	-0.45060027	-1.0968645	0.34150943	0.7436979	1.0	1266	tags=27%, list=9%, signal=29%	
REGULATION OF CHOLESTEROL BIOSYNTHETIC PROCESS%GOBP%GO:0045540	REGULATION OF CHOLESTEROL BIOSYNTHETIC PROCESS%GOBP%GO:0045540		21	-0.41409105	-1.0968554	0.33693695	0.74318004	1.0	2893	tags=43%, list=21%, signal=54%	
LYMPHOCYTE MEDIATED IMMUNITY%GOBP%GO:0002449	LYMPHOCYTE MEDIATED IMMUNITY%GOBP%GO:0002449		76	-0.32030573	-1.096851	0.29349735	0.74264586	1.0	1416	tags=22%, list=10%, signal=25%	
POSITIVE REGULATION OF TELOMERE MAINTENANCE IN RESPONSE TO DNA DAMAGE%GOBP%GO:1904507	POSITIVE REGULATION OF TELOMERE MAINTENANCE IN RESPONSE TO DNA DAMAGE%GOBP%GO:1904507		15	-0.4577803	-1.0963315	0.34339622	0.7436929	1.0	2727	tags=20%, list=20%, signal=25%	
AMYLOID PRECURSOR PROTEIN METABOLIC PROCESS%GOBP%GO:0042982	AMYLOID PRECURSOR PROTEIN METABOLIC PROCESS%GOBP%GO:0042982		17	-0.43236712	-1.0951524	0.33709982	0.74675816	1.0	1584	tags=29%, list=12%, signal=33%	
REGULATION OF LIPID STORAGE%GOBP%GO:0010883	REGULATION OF LIPID STORAGE%GOBP%GO:0010883		34	-0.3744732	-1.0949326	0.32508835	0.74685186	1.0	1380	tags=26%, list=10%, signal=29%	
INTEGRIN SIGNALING%REACTOME%R-HSA-354192.4	INTEGRIN SIGNALING%REACTOME%R-HSA-354192.4		23	-0.4066786	-1.0947754	0.35387325	0.74677926	1.0	1338	tags=17%, list=10%, signal=19%	
NEGATIVE REGULATION OF LIPID STORAGE%GOBP%GO:0010888	NEGATIVE REGULATION OF LIPID STORAGE%GOBP%GO:0010888		17	-0.44085503	-1.094433	0.34615386	0.7472871	1.0	1183	tags=35%, list=9%, signal=39%	
A6B1 AND A6B4 INTEGRIN SIGNALING%PATHWAY INTERACTION DATABASE NCI-NATURE CURATED DATA%A6B1 AND A6B4 INTEGRIN SIGNALING	A6B1 AND A6B4 INTEGRIN SIGNALING%PATHWAY INTERACTION DATABASE NCI-NATURE CURATED DATA%A6B1 AND A6B4 INTEGRIN SIGNALING		41	-0.35799944	-1.0936797	0.35506004	0.7490428	1.0	736	tags=12%, list=5%, signal=13%	
INTERACTIONS OF REV WITH HOST CELLULAR PROTEINS%REACTOME%R-HSA-177243.4	INTERACTIONS OF REV WITH HOST CELLULAR PROTEINS%REACTOME%R-HSA-177243.4		34	-0.3690929	-1.0934296	0.32902032	0.7492781	1.0	4486	tags=41%, list=33%, signal=61%	
LIPID LOCALIZATION%GOBP%GO:0010876	LIPID LOCALIZATION%GOBP%GO:0010876		178	-0.28437668	-1.0931352	0.24558587	0.7496857	1.0	1189	tags=14%, list=9%, signal=15%	
RESPONSE TO ORGANOPHOSPHORUS%GOBP%GO:0046683	RESPONSE TO ORGANOPHOSPHORUS%GOBP%GO:0046683		47	-0.3458546	-1.0930543	0.32570422	0.74937797	1.0	693	tags=15%, list=5%, signal=16%	
PURINE NUCLEOSIDE DIPHOSPHATE METABOLIC PROCESS%GOBP%GO:0009135	PURINE NUCLEOSIDE DIPHOSPHATE METABOLIC PROCESS%GOBP%GO:0009135		36	-0.37416863	-1.0928512	0.31826088	0.74941	1.0	2923	tags=25%, list=22%, signal=32%	
DEPURINATION%REACTOME DATABASE ID RELEASE 93%73927	DEPURINATION%REACTOME DATABASE ID RELEASE 93%73927		17	-0.4273292	-1.0923237	0.32022473	0.75043327	1.0	1761	tags=29%, list=13%, signal=34%	
STRIATED MUSCLE CONTRACTION%GOBP%GO:0006941	STRIATED MUSCLE CONTRACTION%GOBP%GO:0006941		64	-0.3286468	-1.0921831	0.30360207	0.75033283	1.0	1492	tags=20%, list=11%, signal=23%	
REGULATION OF NECROPTOTIC PROCESS%GOBP%GO:0060544	REGULATION OF NECROPTOTIC PROCESS%GOBP%GO:0060544		20	-0.41833428	-1.0919842	0.3544776	0.7503963	1.0	4408	tags=55%, list=33%, signal=81%	
POSITIVE REGULATION OF EPITHELIAL TO MESENCHYMAL TRANSITION%GOBP%GO:0010718	POSITIVE REGULATION OF EPITHELIAL TO MESENCHYMAL TRANSITION%GOBP%GO:0010718		46	-0.34674028	-1.0917856	0.31962618	0.75043166	1.0	660	tags=13%, list=5%, signal=14%	
TERPENOID METABOLIC PROCESS%GOBP%GO:0006721	TERPENOID METABOLIC PROCESS%GOBP%GO:0006721		50	-0.34672767	-1.0915458	0.31672597	0.75064164	1.0	2140	tags=34%, list=16%, signal=40%	
GLYCINE N-METHYLTRANSFERASE DEFICIENCY%SMPDB%SMP0000222	GLYCINE N-METHYLTRANSFERASE DEFICIENCY%SMPDB%SMP0000222		15	-0.45060027	-1.0915148	0.33709982	0.75019115	1.0	1266	tags=27%, list=9%, signal=29%	
DETECTION OF EXTERNAL STIMULUS%GOBP%GO:0009581	DETECTION OF EXTERNAL STIMULUS%GOBP%GO:0009581		52	-0.3392348	-1.0915048	0.29965156	0.749683	1.0	1229	tags=19%, list=9%, signal=21%	
REGULATION OF NEUTROPHIL MIGRATION%GOBP%GO:1902622	REGULATION OF NEUTROPHIL MIGRATION%GOBP%GO:1902622		31	-0.3799175	-1.0909798	0.34057972	0.7507656	1.0	738	tags=19%, list=5%, signal=20%	
LIPID TRANSPORT%GOBP%GO:0006869	LIPID TRANSPORT%GOBP%GO:0006869		177	-0.28468275	-1.0907886	0.25038168	0.75080734	1.0	1189	tags=14%, list=9%, signal=15%	
RAS SIGNALING%WIKIPATHWAYS_20250810%WP4223%HOMO SAPIENS	RAS SIGNALING%WIKIPATHWAYS_20250810%WP4223%HOMO SAPIENS		116	-0.2989491	-1.0907416	0.29288027	0.7504107	1.0	1746	tags=20%, list=13%, signal=23%	
NON SMALL CELL LUNG CANCER%WIKIPATHWAYS_20250810%WP4255%HOMO SAPIENS	NON SMALL CELL LUNG CANCER%WIKIPATHWAYS_20250810%WP4255%HOMO SAPIENS		59	-0.33714738	-1.0905403	0.3132969	0.75049686	1.0	1746	tags=22%, list=13%, signal=25%	
REGULATION OF MONONUCLEAR CELL PROLIFERATION%GOBP%GO:0032944	REGULATION OF MONONUCLEAR CELL PROLIFERATION%GOBP%GO:0032944		132	-0.29103228	-1.0903875	0.28250402	0.7504322	1.0	1836	tags=23%, list=14%, signal=27%	
REGULATION OF POLYSACCHARIDE METABOLIC PROCESS%GOBP%GO:0032881	REGULATION OF POLYSACCHARIDE METABOLIC PROCESS%GOBP%GO:0032881		31	-0.3869818	-1.0903343	0.35229358	0.7500322	1.0	2608	tags=26%, list=19%, signal=32%	
GNAQ P R183Q DRIVES CAPILLARY MALFORMATION%WIKIPATHWAYS_20250810%WP5501%HOMO SAPIENS	GNAQ P R183Q DRIVES CAPILLARY MALFORMATION%WIKIPATHWAYS_20250810%WP5501%HOMO SAPIENS		19	-0.42684132	-1.0903152	0.34495413	0.74954265	1.0	2070	tags=21%, list=15%, signal=25%	
MITF-M-DEPENDENT GENE EXPRESSION%REACTOME%R-HSA-9856651.3	MITF-M-DEPENDENT GENE EXPRESSION%REACTOME%R-HSA-9856651.3		87	-0.31154805	-1.0903009	0.31011608	0.74904543	1.0	1414	tags=13%, list=10%, signal=14%	
NEGATIVE REGULATION OF CD4-POSITIVE, ALPHA-BETA T CELL ACTIVATION%GOBP%GO:2000515	NEGATIVE REGULATION OF CD4-POSITIVE, ALPHA-BETA T CELL ACTIVATION%GOBP%GO:2000515		20	-0.40707466	-1.0902932	0.34046346	0.7485303	1.0	1626	tags=30%, list=12%, signal=34%	
STEROL BIOSYNTHETIC PROCESS%GOBP%GO:0016126	STEROL BIOSYNTHETIC PROCESS%GOBP%GO:0016126		31	-0.3779755	-1.089972	0.32646048	0.7489869	1.0	3807	tags=48%, list=28%, signal=67%	
S-ADENOSYLHOMOCYSTEINE (SAH) HYDROLASE DEFICIENCY%PATHWHIZ%PW000102	S-ADENOSYLHOMOCYSTEINE (SAH) HYDROLASE DEFICIENCY%PATHWHIZ%PW000102		15	-0.45060027	-1.0899066	0.36346865	0.74866	1.0	1266	tags=27%, list=9%, signal=29%	
TRANSCRIPTIONAL REGULATION BY THE AP-2 (TFAP2) FAMILY OF TRANSCRIPTION FACTORS%REACTOME DATABASE ID RELEASE 93%8864260	TRANSCRIPTIONAL REGULATION BY THE AP-2 (TFAP2) FAMILY OF TRANSCRIPTION FACTORS%REACTOME DATABASE ID RELEASE 93%8864260		27	-0.39414418	-1.0897839	0.36695653	0.74849474	1.0	1745	tags=22%, list=13%, signal=25%	
P38 MAPK PATHWAY%PANTHER PATHWAY%P05918	P38 MAPK PATHWAY%PANTHER PATHWAY%P05918		27	-0.39242598	-1.0895966	0.33570158	0.74853814	1.0	2473	tags=30%, list=18%, signal=36%	
MAINTENANCE OF LOCATION IN CELL%GOBP%GO:0051651	MAINTENANCE OF LOCATION IN CELL%GOBP%GO:0051651		56	-0.33629647	-1.0893015	0.3106961	0.7489001	1.0	682	tags=7%, list=5%, signal=7%	
REGULATION OF RESPONSE TO CYTOKINE STIMULUS%GOBP%GO:0060759	REGULATION OF RESPONSE TO CYTOKINE STIMULUS%GOBP%GO:0060759		134	-0.28985488	-1.0889064	0.27649006	0.74955213	1.0	1887	tags=18%, list=14%, signal=21%	
NEGATIVE REGULATION OF TUMOR NECROSIS FACTOR SUPERFAMILY CYTOKINE PRODUCTION%GOBP%GO:1903556	NEGATIVE REGULATION OF TUMOR NECROSIS FACTOR SUPERFAMILY CYTOKINE PRODUCTION%GOBP%GO:1903556		35	-0.36723614	-1.0888544	0.3255814	0.74917394	1.0	2094	tags=31%, list=15%, signal=37%	
TOLL LIKE RECEPTOR TLR1:TLR2 CASCADE%REACTOME DATABASE ID RELEASE 93%168179	TOLL LIKE RECEPTOR TLR1:TLR2 CASCADE%REACTOME DATABASE ID RELEASE 93%168179		106	-0.30119622	-1.0887833	0.30706075	0.7488671	1.0	3564	tags=30%, list=26%, signal=41%	
REGULATION OF ENDOGENOUS RETROELEMENTS BY THE HUMAN SILENCING HUB (HUSH) COMPLEX%REACTOME DATABASE ID RELEASE 93%9843970	REGULATION OF ENDOGENOUS RETROELEMENTS BY THE HUMAN SILENCING HUB (HUSH) COMPLEX%REACTOME DATABASE ID RELEASE 93%9843970		19	-0.4207013	-1.088757	0.35869566	0.7484122	1.0	1184	tags=21%, list=9%, signal=23%	
MITOCHONDRIAL FUSION%GOBP%GO:0008053	MITOCHONDRIAL FUSION%GOBP%GO:0008053		18	-0.43189043	-1.0886083	0.35849056	0.74831474	1.0	2441	tags=33%, list=18%, signal=41%	
METHYLENETETRAHYDROFOLATE REDUCTASE DEFICIENCY (MTHFRD)%SMPDB%SMP0000340	METHYLENETETRAHYDROFOLATE REDUCTASE DEFICIENCY (MTHFRD)%SMPDB%SMP0000340		15	-0.45060027	-1.0881103	0.3658088	0.74928784	1.0	1266	tags=27%, list=9%, signal=29%	
GASTRULATION%REACTOME%R-HSA-9758941.6	GASTRULATION%REACTOME%R-HSA-9758941.6		77	-0.32425582	-1.0876412	0.30973452	0.7502001	1.0	1722	tags=16%, list=13%, signal=18%	
BETA2 ADRENERGIC RECEPTOR SIGNALING PATHWAY%PANTHER PATHWAY%P04378	BETA2 ADRENERGIC RECEPTOR SIGNALING PATHWAY%PANTHER PATHWAY%P04378		18	-0.42749575	-1.0876071	0.3289225	0.7497696	1.0	1096	tags=22%, list=8%, signal=24%	
METHIONINE METABOLISM%SMPDB%SMP0000033	METHIONINE METABOLISM%SMPDB%SMP0000033		15	-0.45060027	-1.0875612	0.3594306	0.7493652	1.0	1266	tags=27%, list=9%, signal=29%	
REGULATION OF EXOCYTOSIS%GOBP%GO:0017157	REGULATION OF EXOCYTOSIS%GOBP%GO:0017157		105	-0.30370378	-1.0875161	0.2837838	0.74896556	1.0	2098	tags=24%, list=15%, signal=28%	
CARDIAC MUSCLE CELL CONTRACTION%GOBP%GO:0086003	CARDIAC MUSCLE CELL CONTRACTION%GOBP%GO:0086003		36	-0.360774	-1.0873188	0.33862433	0.7489996	1.0	1492	tags=28%, list=11%, signal=31%	
TOLL LIKE RECEPTOR 2 (TLR2) CASCADE%REACTOME DATABASE ID RELEASE 93%181438	TOLL LIKE RECEPTOR 2 (TLR2) CASCADE%REACTOME DATABASE ID RELEASE 93%181438		106	-0.30119622	-1.0870664	0.29324546	0.74920857	1.0	3564	tags=30%, list=26%, signal=41%	
NEGATIVE REGULATION OF PROTEIN SERINE/THREONINE KINASE ACTIVITY%GOBP%GO:0071901	NEGATIVE REGULATION OF PROTEIN SERINE/THREONINE KINASE ACTIVITY%GOBP%GO:0071901		28	-0.38642538	-1.0870432	0.32397005	0.7487428	1.0	2091	tags=25%, list=15%, signal=29%	
NEGATIVE REGULATION OF NATURAL KILLER CELL MEDIATED IMMUNITY%GOBP%GO:0002716	NEGATIVE REGULATION OF NATURAL KILLER CELL MEDIATED IMMUNITY%GOBP%GO:0002716		19	-0.42781335	-1.086928	0.35135135	0.7485489	1.0	2405	tags=32%, list=18%, signal=38%	
MEIOSIS%REACTOME%R-HSA-1500620.4	MEIOSIS%REACTOME%R-HSA-1500620.4		59	-0.3289841	-1.0865301	0.34300342	0.74921525	1.0	2311	tags=27%, list=17%, signal=33%	
PURINE NUCLEOTIDE CATABOLIC PROCESS%GOBP%GO:0006195	PURINE NUCLEOTIDE CATABOLIC PROCESS%GOBP%GO:0006195		51	-0.3360188	-1.0862153	0.32347825	0.74962956	1.0	2923	tags=27%, list=22%, signal=35%	
HATS ACETYLATE HISTONES%REACTOME%R-HSA-3214847.3	HATS ACETYLATE HISTONES%REACTOME%R-HSA-3214847.3		80	-0.31346333	-1.0861907	0.30927834	0.74917287	1.0	5095	tags=45%, list=38%, signal=72%	
TRANSCRIPTION REGULATION BY BZIP TRANSCRIPTION FACTOR%PANTHER PATHWAY%P00055	TRANSCRIPTION REGULATION BY BZIP TRANSCRIPTION FACTOR%PANTHER PATHWAY%P00055		44	-0.3516517	-1.0851872	0.31881532	0.75165284	1.0	4664	tags=45%, list=34%, signal=69%	
REGULATION OF ESTABLISHMENT OF ENDOTHELIAL BARRIER%GOBP%GO:1903140	REGULATION OF ESTABLISHMENT OF ENDOTHELIAL BARRIER%GOBP%GO:1903140		15	-0.43393117	-1.084931	0.35477942	0.75191706	1.0	411	tags=13%, list=3%, signal=14%	
WNT BETA CATENIN SIGNALING IN LEUKEMIA%WIKIPATHWAYS_20250810%WP3658%HOMO SAPIENS	WNT BETA CATENIN SIGNALING IN LEUKEMIA%WIKIPATHWAYS_20250810%WP3658%HOMO SAPIENS		19	-0.41195893	-1.0842437	0.3540146	0.7534739	1.0	620	tags=11%, list=5%, signal=11%	
NOD1 2 SIGNALING PATHWAY%REACTOME%R-HSA-168638.5	NOD1 2 SIGNALING PATHWAY%REACTOME%R-HSA-168638.5		30	-0.3811557	-1.0839484	0.3291367	0.7538446	1.0	3106	tags=30%, list=23%, signal=39%	
NEGATIVE REGULATION OF CYTOKINE-MEDIATED SIGNALING PATHWAY%GOBP%GO:0001960	NEGATIVE REGULATION OF CYTOKINE-MEDIATED SIGNALING PATHWAY%GOBP%GO:0001960		55	-0.33587295	-1.0839214	0.32820514	0.75338715	1.0	1105	tags=18%, list=8%, signal=20%	
CIRCADIAN REGULATION OF GENE EXPRESSION%GOBP%GO:0032922	CIRCADIAN REGULATION OF GENE EXPRESSION%GOBP%GO:0032922		58	-0.3270115	-1.0837381	0.30936456	0.7534101	1.0	1905	tags=21%, list=14%, signal=24%	
SIGNALING BY PHOSPHORYLATED JUXTAMEMBRANE, EXTRACELLULAR AND KINASE DOMAIN KIT MUTANTS%REACTOME%R-HSA-9670439.2	SIGNALING BY PHOSPHORYLATED JUXTAMEMBRANE, EXTRACELLULAR AND KINASE DOMAIN KIT MUTANTS%REACTOME%R-HSA-9670439.2		17	-0.43033108	-1.0835928	0.3519553	0.7533259	1.0	1746	tags=29%, list=13%, signal=34%	
PHOTORECEPTOR CELL DEVELOPMENT%GOBP%GO:0042461	PHOTORECEPTOR CELL DEVELOPMENT%GOBP%GO:0042461		17	-0.43204483	-1.0834388	0.36981133	0.7532575	1.0	1473	tags=24%, list=11%, signal=26%	
TYPE 2 PAPILLARY RENAL CELL CARCINOMA%WIKIPATHWAYS_20250810%WP4241%HOMO SAPIENS	TYPE 2 PAPILLARY RENAL CELL CARCINOMA%WIKIPATHWAYS_20250810%WP4241%HOMO SAPIENS		23	-0.3937751	-1.0832492	0.36056837	0.7533222	1.0	1632	tags=17%, list=12%, signal=20%	
MAPK CASCADE%GOBP%GO:0000165	MAPK CASCADE%GOBP%GO:0000165		103	-0.30304486	-1.0829443	0.33067092	0.7536599	1.0	2212	tags=23%, list=16%, signal=28%	
REGULATION OF LIPID TRANSPORT%GOBP%GO:0032368	REGULATION OF LIPID TRANSPORT%GOBP%GO:0032368		76	-0.31769416	-1.0825843	0.3125	0.75417584	1.0	1503	tags=21%, list=11%, signal=24%	
POSITIVE REGULATION OF CALCINEURIN-NFAT SIGNALING CASCADE%GOBP%GO:0070886	POSITIVE REGULATION OF CALCINEURIN-NFAT SIGNALING CASCADE%GOBP%GO:0070886		16	-0.43336964	-1.0823271	0.3682243	0.7543927	1.0	525	tags=13%, list=4%, signal=13%	
CIRCADIAN RHYTHM GENES%WIKIPATHWAYS_20250810%WP3594%HOMO SAPIENS	CIRCADIAN RHYTHM GENES%WIKIPATHWAYS_20250810%WP3594%HOMO SAPIENS		130	-0.29242855	-1.082306	0.28139904	0.75392973	1.0	1159	tags=14%, list=9%, signal=15%	
REGULATION OF EXTRINSIC APOPTOTIC SIGNALING PATHWAY IN ABSENCE OF LIGAND%GOBP%GO:2001239	REGULATION OF EXTRINSIC APOPTOTIC SIGNALING PATHWAY IN ABSENCE OF LIGAND%GOBP%GO:2001239		23	-0.40133137	-1.0817989	0.35964912	0.7549113	1.0	411	tags=13%, list=3%, signal=13%	
LEUKOTRIENE METABOLIC PROCESS%GOBP%GO:0006691	LEUKOTRIENE METABOLIC PROCESS%GOBP%GO:0006691		20	-0.41777706	-1.0815537	0.38421053	0.7551237	1.0	1381	tags=30%, list=10%, signal=33%	
RESPONSE TO INSULIN%GOBP%GO:0032868	RESPONSE TO INSULIN%GOBP%GO:0032868		107	-0.2935041	-1.0813651	0.28830314	0.7551318	1.0	2783	tags=22%, list=21%, signal=28%	
RIBOSOMAL LARGE SUBUNIT ASSEMBLY%GOBP%GO:0000027	RIBOSOMAL LARGE SUBUNIT ASSEMBLY%GOBP%GO:0000027		22	-0.40956193	-1.0810845	0.35027224	0.755425	1.0	4196	tags=45%, list=31%, signal=66%	
REGULATION OF CHOLESTEROL EFFLUX%GOBP%GO:0010874	REGULATION OF CHOLESTEROL EFFLUX%GOBP%GO:0010874		26	-0.39401716	-1.0809572	0.3430127	0.75526035	1.0	1502	tags=23%, list=11%, signal=26%	
MEIOTIC SYNAPSIS%REACTOME%R-HSA-1221632.3	MEIOTIC SYNAPSIS%REACTOME%R-HSA-1221632.3		35	-0.36566493	-1.0807359	0.31858408	0.7553539	1.0	1920	tags=31%, list=14%, signal=37%	
POSITIVE REGULATION OF RNA SPLICING%GOBP%GO:0033120	POSITIVE REGULATION OF RNA SPLICING%GOBP%GO:0033120		31	-0.37212276	-1.080713	0.3576389	0.75489044	1.0	3612	tags=35%, list=27%, signal=48%	
PID_S1P_S1P3_PATHWAY%MSIGDB_C2%PID_S1P_S1P3_PATHWAY	PID_S1P_S1P3_PATHWAY%MSIGDB_C2%PID_S1P_S1P3_PATHWAY		21	-0.40739426	-1.0804794	0.36491227	0.75506574	1.0	1183	tags=19%, list=9%, signal=21%	
PYRIDINE-CONTAINING COMPOUND METABOLIC PROCESS%GOBP%GO:0072524	PYRIDINE-CONTAINING COMPOUND METABOLIC PROCESS%GOBP%GO:0072524		91	-0.3093014	-1.0803962	0.3173242	0.7547833	1.0	1695	tags=15%, list=13%, signal=17%	
REGULATION OF BROWN FAT CELL DIFFERENTIATION%GOBP%GO:0090335	REGULATION OF BROWN FAT CELL DIFFERENTIATION%GOBP%GO:0090335		19	-0.41476396	-1.0803709	0.36998254	0.75432885	1.0	175	tags=11%, list=1%, signal=11%	
P38 MAPK SIGNALING%WIKIPATHWAYS_20250810%WP400%HOMO SAPIENS	P38 MAPK SIGNALING%WIKIPATHWAYS_20250810%WP400%HOMO SAPIENS		27	-0.38649556	-1.0803255	0.36458334	0.7539238	1.0	4524	tags=52%, list=33%, signal=78%	
POSITIVE REGULATION OF CALCIUM-MEDIATED SIGNALING%GOBP%GO:0050850	POSITIVE REGULATION OF CALCIUM-MEDIATED SIGNALING%GOBP%GO:0050850		35	-0.36404464	-1.0801674	0.33156967	0.7538717	1.0	797	tags=14%, list=6%, signal=15%	
REGULATION OF ORGANIC ACID TRANSPORT%GOBP%GO:0032890	REGULATION OF ORGANIC ACID TRANSPORT%GOBP%GO:0032890		32	-0.37209606	-1.0801234	0.34982935	0.7534898	1.0	775	tags=22%, list=6%, signal=23%	
CARDIAC MUSCLE CELL ACTION POTENTIAL INVOLVED IN CONTRACTION%GOBP%GO:0086002	CARDIAC MUSCLE CELL ACTION POTENTIAL INVOLVED IN CONTRACTION%GOBP%GO:0086002		33	-0.36955807	-1.0797082	0.3263158	0.754213	1.0	1492	tags=30%, list=11%, signal=34%	
MYD88:MAL(TIRAP) CASCADE INITIATED ON PLASMA MEMBRANE%REACTOME%R-HSA-166058.5	MYD88:MAL(TIRAP) CASCADE INITIATED ON PLASMA MEMBRANE%REACTOME%R-HSA-166058.5		106	-0.30119622	-1.0789809	0.30470017	0.75591886	1.0	3564	tags=30%, list=26%, signal=41%	
REGULATION OF NITRIC OXIDE BIOSYNTHETIC PROCESS%GOBP%GO:0045428	REGULATION OF NITRIC OXIDE BIOSYNTHETIC PROCESS%GOBP%GO:0045428		41	-0.35322887	-1.0780771	0.33876812	0.7581004	1.0	2397	tags=27%, list=18%, signal=32%	
NUCLEOTIDE TRANSMEMBRANE TRANSPORT%GOBP%GO:1901679	NUCLEOTIDE TRANSMEMBRANE TRANSPORT%GOBP%GO:1901679		19	-0.41210747	-1.077962	0.339823	0.75792825	1.0	1690	tags=32%, list=12%, signal=36%	
NEGATIVE REGULATION OF CAMP/PKA SIGNAL TRANSDUCTION%GOBP%GO:0141162	NEGATIVE REGULATION OF CAMP/PKA SIGNAL TRANSDUCTION%GOBP%GO:0141162		23	-0.3895153	-1.077692	0.35198557	0.7582381	1.0	2571	tags=43%, list=19%, signal=54%	
ENDOCARDIAL CUSHION FORMATION%GOBP%GO:0003272	ENDOCARDIAL CUSHION FORMATION%GOBP%GO:0003272		18	-0.42842215	-1.077654	0.3667263	0.7578404	1.0	2157	tags=33%, list=16%, signal=40%	
HALLMARK_IL6_JAK_STAT3_SIGNALING%MSIGDBHALLMARK%HALLMARK_IL6_JAK_STAT3_SIGNALING	HALLMARK_IL6_JAK_STAT3_SIGNALING%MSIGDBHALLMARK%HALLMARK_IL6_JAK_STAT3_SIGNALING		69	-0.32398647	-1.0774713	0.33843538	0.7578671	1.0	2016	tags=26%, list=15%, signal=30%	
TRANSPORT OF MATURE TRANSCRIPT TO CYTOPLASM%REACTOME%R-HSA-72202.4	TRANSPORT OF MATURE TRANSCRIPT TO CYTOPLASM%REACTOME%R-HSA-72202.4		75	-0.3163703	-1.077425	0.31979695	0.75746655	1.0	4486	tags=39%, list=33%, signal=57%	
POSITIVE REGULATION OF T CELL CYTOKINE PRODUCTION%GOBP%GO:0002726	POSITIVE REGULATION OF T CELL CYTOKINE PRODUCTION%GOBP%GO:0002726		20	-0.41247147	-1.0773383	0.35272044	0.75720453	1.0	1018	tags=20%, list=8%, signal=22%	
RESPONSE OF ENDOTHELIAL CELLS TO SHEAR STRESS%REACTOME DATABASE ID RELEASE 93%9860931	RESPONSE OF ENDOTHELIAL CELLS TO SHEAR STRESS%REACTOME DATABASE ID RELEASE 93%9860931		79	-0.31589434	-1.0772145	0.32593855	0.7570439	1.0	1240	tags=14%, list=9%, signal=15%	
MATURATION OF SSU-RRNA FROM TRICISTRONIC RRNA TRANSCRIPT (SSU-RRNA, 5.8S RRNA, LSU-RRNA)%GOBP%GO:0000462	MATURATION OF SSU-RRNA FROM TRICISTRONIC RRNA TRANSCRIPT (SSU-RRNA, 5.8S RRNA, LSU-RRNA)%GOBP%GO:0000462		26	-0.39421248	-1.076957	0.35963303	0.75731725	1.0	4545	tags=42%, list=34%, signal=64%	
POSITIVE REGULATION OF CALCINEURIN-MEDIATED SIGNALING%GOBP%GO:0106058	POSITIVE REGULATION OF CALCINEURIN-MEDIATED SIGNALING%GOBP%GO:0106058		16	-0.43336964	-1.0768554	0.3652803	0.75707185	1.0	525	tags=13%, list=4%, signal=13%	
INFLAMMATION MEDIATED BY CHEMOKINE AND CYTOKINE SIGNALING PATHWAY%PANTHER PATHWAY%P00031	INFLAMMATION MEDIATED BY CHEMOKINE AND CYTOKINE SIGNALING PATHWAY%PANTHER PATHWAY%P00031		142	-0.28773648	-1.0766699	0.318323	0.75710106	1.0	875	tags=13%, list=6%, signal=13%	
RESPONSE TO MOLECULE OF BACTERIAL ORIGIN%GOBP%GO:0002237	RESPONSE TO MOLECULE OF BACTERIAL ORIGIN%GOBP%GO:0002237		148	-0.2857681	-1.0766541	0.28548643	0.75662535	1.0	1186	tags=13%, list=9%, signal=14%	
CHAPERONE MEDIATED AUTOPHAGY%REACTOME%R-HSA-9613829.5	CHAPERONE MEDIATED AUTOPHAGY%REACTOME%R-HSA-9613829.5		19	-0.422384	-1.0762475	0.36832413	0.7572959	1.0	2267	tags=37%, list=17%, signal=44%	
KITRECEPTOR%NETPATH%KITRECEPTOR	KITRECEPTOR%NETPATH%KITRECEPTOR		53	-0.33489865	-1.0762221	0.33162394	0.75684637	1.0	2405	tags=25%, list=18%, signal=30%	
PLATELET SENSITIZATION BY LDL%REACTOME%R-HSA-432142.4	PLATELET SENSITIZATION BY LDL%REACTOME%R-HSA-432142.4		17	-0.42365322	-1.0760008	0.36263737	0.7569316	1.0	2212	tags=29%, list=16%, signal=35%	
HYPERMETHIONINEMIA%SMPDB%SMP0000341	HYPERMETHIONINEMIA%SMPDB%SMP0000341		15	-0.45060027	-1.0755105	0.3740458	0.757874	1.0	1266	tags=27%, list=9%, signal=29%	
NUCLEAR IMPORT OF REV PROTEIN%REACTOME%R-HSA-180746.3	NUCLEAR IMPORT OF REV PROTEIN%REACTOME%R-HSA-180746.3		31	-0.3768029	-1.0753454	0.35229358	0.75784814	1.0	4068	tags=39%, list=30%, signal=55%	
METABOLIC REPROGRAMMING IN COLON CANCER%WIKIPATHWAYS_20250810%WP4290%HOMO SAPIENS	METABOLIC REPROGRAMMING IN COLON CANCER%WIKIPATHWAYS_20250810%WP4290%HOMO SAPIENS		22	-0.41513422	-1.0750391	0.36870503	0.7581941	1.0	2289	tags=36%, list=17%, signal=44%	
PLASMA LIPOPROTEIN PARTICLE ORGANIZATION%GOBP%GO:0071827	PLASMA LIPOPROTEIN PARTICLE ORGANIZATION%GOBP%GO:0071827		33	-0.3587635	-1.0749966	0.33754513	0.75779146	1.0	954	tags=18%, list=7%, signal=20%	
NEGATIVE REGULATION OF INFLAMMATORY RESPONSE%GOBP%GO:0050728	NEGATIVE REGULATION OF INFLAMMATORY RESPONSE%GOBP%GO:0050728		114	-0.29701728	-1.074543	0.32154882	0.75864434	1.0	2248	tags=25%, list=17%, signal=29%	
REGULATION OF DEVELOPMENTAL GROWTH%GOBP%GO:0048638	REGULATION OF DEVELOPMENTAL GROWTH%GOBP%GO:0048638		112	-0.29766798	-1.0741336	0.30405405	0.75937665	1.0	1789	tags=21%, list=13%, signal=23%	
NEGATIVE REGULATION OF LIPID LOCALIZATION%GOBP%GO:1905953	NEGATIVE REGULATION OF LIPID LOCALIZATION%GOBP%GO:1905953		27	-0.3838468	-1.0737472	0.35174954	0.76004905	1.0	1183	tags=26%, list=9%, signal=28%	
MITOCHONDRIAL DNA DEPLETION SYNDROME-3%SMPDB%SMP0000536	MITOCHONDRIAL DNA DEPLETION SYNDROME-3%SMPDB%SMP0000536		33	-0.36065367	-1.0734881	0.33610648	0.7603663	1.0	2936	tags=30%, list=22%, signal=39%	
CLEAVAGE OF THE DAMAGED PURINE%REACTOME DATABASE ID RELEASE 93%110331	CLEAVAGE OF THE DAMAGED PURINE%REACTOME DATABASE ID RELEASE 93%110331		17	-0.4273292	-1.0733708	0.38797814	0.76017547	1.0	1761	tags=29%, list=13%, signal=34%	
CANCER IMMUNOTHERAPY BY PD 1 BLOCKADE%WIKIPATHWAYS_20250810%WP4585%HOMO SAPIENS	CANCER IMMUNOTHERAPY BY PD 1 BLOCKADE%WIKIPATHWAYS_20250810%WP4585%HOMO SAPIENS		18	-0.4168984	-1.0730395	0.38764045	0.7606886	1.0	813	tags=22%, list=6%, signal=24%	
DORSAL/VENTRAL PATTERN FORMATION%GOBP%GO:0009953	DORSAL/VENTRAL PATTERN FORMATION%GOBP%GO:0009953		22	-0.39579836	-1.0727175	0.37117118	0.76112247	1.0	8	tags=5%, list=0%, signal=5%	
FORMATION OF HIV ELONGATION COMPLEX IN THE ABSENCE OF HIV TAT%REACTOME%R-HSA-167152.5	FORMATION OF HIV ELONGATION COMPLEX IN THE ABSENCE OF HIV TAT%REACTOME%R-HSA-167152.5		44	-0.3461071	-1.0725216	0.35042736	0.7611938	1.0	4763	tags=52%, list=35%, signal=80%	
PARASITE INFECTION%REACTOME DATABASE ID RELEASE 93%9664407	PARASITE INFECTION%REACTOME DATABASE ID RELEASE 93%9664407		53	-0.32947427	-1.0723919	0.32562277	0.7610595	1.0	1803	tags=17%, list=13%, signal=20%	
PID_VEGFR1_2_PATHWAY%MSIGDB_C2%PID_VEGFR1_2_PATHWAY	PID_VEGFR1_2_PATHWAY%MSIGDB_C2%PID_VEGFR1_2_PATHWAY		52	-0.33800048	-1.0723022	0.3426087	0.7608057	1.0	2554	tags=27%, list=19%, signal=33%	
ER-PHAGOSOME PATHWAY%REACTOME%R-HSA-1236974.8	ER-PHAGOSOME PATHWAY%REACTOME%R-HSA-1236974.8		77	-0.31131744	-1.0720237	0.31353134	0.76108295	1.0	3962	tags=31%, list=29%, signal=44%	
REGULATION OF CYTOKINE-MEDIATED SIGNALING PATHWAY%GOBP%GO:0001959	REGULATION OF CYTOKINE-MEDIATED SIGNALING PATHWAY%GOBP%GO:0001959		123	-0.29240054	-1.0719576	0.31133673	0.7607646	1.0	1105	tags=13%, list=8%, signal=14%	
FGFR2 ALTERNATIVE SPLICING%REACTOME%R-HSA-6803529.3	FGFR2 ALTERNATIVE SPLICING%REACTOME%R-HSA-6803529.3		25	-0.3910936	-1.0718417	0.37142858	0.76055616	1.0	3997	tags=44%, list=29%, signal=62%	
IL12 SIGNALING MEDIATED BY STAT4%PATHWAY INTERACTION DATABASE NCI-NATURE CURATED DATA%IL12 SIGNALING MEDIATED BY STAT4	IL12 SIGNALING MEDIATED BY STAT4%PATHWAY INTERACTION DATABASE NCI-NATURE CURATED DATA%IL12 SIGNALING MEDIATED BY STAT4		27	-0.37920693	-1.0717748	0.37411347	0.7602207	1.0	785	tags=26%, list=6%, signal=27%	
NUCLEOSOME ASSEMBLY%GOBP%GO:0006334	NUCLEOSOME ASSEMBLY%GOBP%GO:0006334		42	-0.3481774	-1.0717007	0.3495652	0.759906	1.0	353	tags=7%, list=3%, signal=7%	
SIGNALING EVENTS MEDIATED BY VEGFR1 AND VEGFR2%PATHWAY INTERACTION DATABASE NCI-NATURE CURATED DATA%SIGNALING EVENTS MEDIATED BY VEGFR1 AND VEGFR2	SIGNALING EVENTS MEDIATED BY VEGFR1 AND VEGFR2%PATHWAY INTERACTION DATABASE NCI-NATURE CURATED DATA%SIGNALING EVENTS MEDIATED BY VEGFR1 AND VEGFR2		65	-0.3163099	-1.0714208	0.32358003	0.76023877	1.0	2607	tags=25%, list=19%, signal=30%	
REGULATION OF EPITHELIAL CELL DIFFERENTIATION%GOBP%GO:0030856	REGULATION OF EPITHELIAL CELL DIFFERENTIATION%GOBP%GO:0030856		80	-0.30873618	-1.070894	0.3181818	0.7612806	1.0	1963	tags=21%, list=14%, signal=25%	
CLASS C 3 (METABOTROPIC GLUTAMATE PHEROMONE RECEPTORS)%REACTOME%R-HSA-420499.4	CLASS C 3 (METABOTROPIC GLUTAMATE PHEROMONE RECEPTORS)%REACTOME%R-HSA-420499.4		16	-0.43007487	-1.0703971	0.35957065	0.76223665	1.0	2396	tags=56%, list=18%, signal=68%	
RESPONSE TO CARBOHYDRATE%GOBP%GO:0009743	RESPONSE TO CARBOHYDRATE%GOBP%GO:0009743		56	-0.3336731	-1.0703381	0.34835356	0.76190275	1.0	1177	tags=14%, list=9%, signal=16%	
CELL LINEAGE MAP FOR NEURONAL DIFFERENTIATION%WIKIPATHWAYS_20250810%WP5417%HOMO SAPIENS	CELL LINEAGE MAP FOR NEURONAL DIFFERENTIATION%WIKIPATHWAYS_20250810%WP5417%HOMO SAPIENS		65	-0.3247959	-1.0702955	0.3409091	0.7615096	1.0	1834	tags=26%, list=14%, signal=30%	
AICA-RIBOSIDURIA%PATHWHIZ%PW000082	AICA-RIBOSIDURIA%PATHWHIZ%PW000082		33	-0.36065367	-1.0699381	0.35865724	0.7620741	1.0	2936	tags=30%, list=22%, signal=39%	
REGULATION OF STEROL BIOSYNTHETIC PROCESS%GOBP%GO:0106118	REGULATION OF STEROL BIOSYNTHETIC PROCESS%GOBP%GO:0106118		21	-0.41409105	-1.0698992	0.38022813	0.7616718	1.0	2893	tags=43%, list=21%, signal=54%	
ACUTE MYELOID LEUKEMIA%WIKIPATHWAYS_20250810%WP5293%HOMO SAPIENS	ACUTE MYELOID LEUKEMIA%WIKIPATHWAYS_20250810%WP5293%HOMO SAPIENS		53	-0.34144798	-1.0696294	0.3316583	0.7619605	1.0	821	tags=11%, list=6%, signal=12%	
TICAM1, RIP1-MEDIATED IKK COMPLEX RECRUITMENT%REACTOME DATABASE ID RELEASE 93%168927	TICAM1, RIP1-MEDIATED IKK COMPLEX RECRUITMENT%REACTOME DATABASE ID RELEASE 93%168927		18	-0.41198415	-1.0695926	0.3670412	0.7615627	1.0	2013	tags=22%, list=15%, signal=26%	
RESPONSE TO CALCIUM ION%GOBP%GO:0051592	RESPONSE TO CALCIUM ION%GOBP%GO:0051592		71	-0.3157	-1.0695481	0.354531	0.7611858	1.0	993	tags=11%, list=7%, signal=12%	
ANTERIOR/POSTERIOR AXIS SPECIFICATION%GOBP%GO:0009948	ANTERIOR/POSTERIOR AXIS SPECIFICATION%GOBP%GO:0009948		16	-0.43105036	-1.0694492	0.37453875	0.7609809	1.0	2488	tags=44%, list=18%, signal=54%	
IL18 SIGNALING%WIKIPATHWAYS_20250810%WP4754%HOMO SAPIENS	IL18 SIGNALING%WIKIPATHWAYS_20250810%WP4754%HOMO SAPIENS		42	-0.34481212	-1.0692488	0.3536379	0.7610334	1.0	964	tags=12%, list=7%, signal=13%	
GLUCOSE METABOLISM%REACTOME DATABASE ID RELEASE 93%70326	GLUCOSE METABOLISM%REACTOME DATABASE ID RELEASE 93%70326		68	-0.32319334	-1.0691673	0.3293718	0.76076967	1.0	1432	tags=10%, list=11%, signal=11%	
RESPONSE TO RETINOIC ACID%GOBP%GO:0032526	RESPONSE TO RETINOIC ACID%GOBP%GO:0032526		41	-0.3456202	-1.06803	0.35	0.7635998	1.0	2371	tags=27%, list=17%, signal=32%	
TRANSCRIPTION INITIATION AT RNA POLYMERASE II PROMOTER%GOBP%GO:0006367	TRANSCRIPTION INITIATION AT RNA POLYMERASE II PROMOTER%GOBP%GO:0006367		135	-0.28746235	-1.0678551	0.31028938	0.76359093	1.0	4697	tags=41%, list=35%, signal=62%	
B CELL ACTIVATION%REACTOME%R-HSA-983705.3	B CELL ACTIVATION%REACTOME%R-HSA-983705.3		89	-0.30655062	-1.0677692	0.3277592	0.7633291	1.0	2070	tags=18%, list=15%, signal=21%	
REGULATION OF SMOOTH MUSCLE CONTRACTION%GOBP%GO:0006940	REGULATION OF SMOOTH MUSCLE CONTRACTION%GOBP%GO:0006940		19	-0.41331995	-1.0670835	0.3791209	0.7648858	1.0	884	tags=16%, list=7%, signal=17%	
RECOGNITION AND ASSOCIATION OF DNA GLYCOSYLASE WITH SITE CONTAINING AN AFFECTED PURINE%REACTOME DATABASE ID RELEASE 93%110330	RECOGNITION AND ASSOCIATION OF DNA GLYCOSYLASE WITH SITE CONTAINING AN AFFECTED PURINE%REACTOME DATABASE ID RELEASE 93%110330		17	-0.4273292	-1.0669096	0.37084872	0.7649067	1.0	1761	tags=29%, list=13%, signal=34%	
DEOXYRIBONUCLEOTIDE CATABOLIC PROCESS%GOBP%GO:0009264	DEOXYRIBONUCLEOTIDE CATABOLIC PROCESS%GOBP%GO:0009264		21	-0.3997065	-1.0668323	0.38059703	0.7646211	1.0	1286	tags=19%, list=9%, signal=21%	
PYRIDINE NUCLEOTIDE CATABOLIC PROCESS%GOBP%GO:0019364	PYRIDINE NUCLEOTIDE CATABOLIC PROCESS%GOBP%GO:0019364		33	-0.36557508	-1.0665184	0.37989777	0.7650558	1.0	2923	tags=24%, list=22%, signal=31%	
PID_HDAC_CLASSII_PATHWAY%MSIGDB_C2%PID_HDAC_CLASSII_PATHWAY	PID_HDAC_CLASSII_PATHWAY%MSIGDB_C2%PID_HDAC_CLASSII_PATHWAY		24	-0.3986839	-1.0657706	0.36585367	0.7667432	1.0	2028	tags=25%, list=15%, signal=29%	
PURINE METABOLISM%PATHWHIZ%PW000052	PURINE METABOLISM%PATHWHIZ%PW000052		33	-0.36065367	-1.0653722	0.36034483	0.7674397	1.0	2936	tags=30%, list=22%, signal=39%	
REGULATION OF ERYTHROCYTE DIFFERENTIATION%GOBP%GO:0045646	REGULATION OF ERYTHROCYTE DIFFERENTIATION%GOBP%GO:0045646		34	-0.36105168	-1.0652196	0.39191565	0.76737773	1.0	1290	tags=18%, list=10%, signal=19%	
ALPHA9 BETA1 INTEGRIN SIGNALING EVENTS%PATHWAY INTERACTION DATABASE NCI-NATURE CURATED DATA%ALPHA9 BETA1 INTEGRIN SIGNALING EVENTS	ALPHA9 BETA1 INTEGRIN SIGNALING EVENTS%PATHWAY INTERACTION DATABASE NCI-NATURE CURATED DATA%ALPHA9 BETA1 INTEGRIN SIGNALING EVENTS		21	-0.39758334	-1.0646518	0.3690909	0.7685656	1.0	1344	tags=33%, list=10%, signal=37%	
EXOCYTOSIS%GOBP%GO:0006887	EXOCYTOSIS%GOBP%GO:0006887		138	-0.2847472	-1.0646445	0.33601287	0.7680723	1.0	2098	tags=21%, list=15%, signal=25%	
REGULATION OF NUCLEAR-TRANSCRIBED MRNA POLY(A) TAIL SHORTENING%GOBP%GO:0060211	REGULATION OF NUCLEAR-TRANSCRIBED MRNA POLY(A) TAIL SHORTENING%GOBP%GO:0060211		15	-0.43383124	-1.0644735	0.41935483	0.7680703	1.0	3775	tags=33%, list=28%, signal=46%	
POSITIVE REGULATION OF CELL GROWTH%GOBP%GO:0030307	POSITIVE REGULATION OF CELL GROWTH%GOBP%GO:0030307		90	-0.30506006	-1.064131	0.34511784	0.7685911	1.0	1839	tags=19%, list=14%, signal=22%	
CALCINEURIN-REGULATED NFAT-DEPENDENT TRANSCRIPTION IN LYMPHOCYTES%PATHWAY INTERACTION DATABASE NCI-NATURE CURATED DATA%CALCINEURIN-REGULATED NFAT-DEPENDENT TRANSCRIPTION IN LYMPHOCYTES	CALCINEURIN-REGULATED NFAT-DEPENDENT TRANSCRIPTION IN LYMPHOCYTES%PATHWAY INTERACTION DATABASE NCI-NATURE CURATED DATA%CALCINEURIN-REGULATED NFAT-DEPENDENT TRANSCRIPTION IN LYMPHOCYTES		39	-0.3528262	-1.0638515	0.3512545	0.7688792	1.0	1274	tags=26%, list=9%, signal=28%	
TRANSPOSABLE ELEMENT SILENCING%GOBP%GO:0010526	TRANSPOSABLE ELEMENT SILENCING%GOBP%GO:0010526		27	-0.378943	-1.0637532	0.38433516	0.76869	1.0	694	tags=11%, list=5%, signal=12%	
VITAMIN A AND CAROTENOID METABOLISM%WIKIPATHWAYS_20250810%WP716%HOMO SAPIENS	VITAMIN A AND CAROTENOID METABOLISM%WIKIPATHWAYS_20250810%WP716%HOMO SAPIENS		26	-0.39070135	-1.063252	0.37313432	0.76965606	1.0	2011	tags=35%, list=15%, signal=41%	
PLURIPOTENT STEM CELL DIFFERENTIATION PATHWAY%WIKIPATHWAYS_20250810%WP2848%HOMO SAPIENS	PLURIPOTENT STEM CELL DIFFERENTIATION PATHWAY%WIKIPATHWAYS_20250810%WP2848%HOMO SAPIENS		28	-0.38232502	-1.0623446	0.3699115	0.77187353	1.0	2114	tags=43%, list=16%, signal=51%	
CYCLIN D ASSOCIATED EVENTS IN G1%REACTOME%R-HSA-69231.11	CYCLIN D ASSOCIATED EVENTS IN G1%REACTOME%R-HSA-69231.11		43	-0.3407673	-1.062148	0.36619717	0.7719483	1.0	2116	tags=28%, list=16%, signal=33%	
NON-CODING RNA METABOLISM%REACTOME%R-HSA-194441.4	NON-CODING RNA METABOLISM%REACTOME%R-HSA-194441.4		48	-0.3340363	-1.0621231	0.35750422	0.7715031	1.0	4095	tags=35%, list=30%, signal=51%	
PID_IL12_STAT4_PATHWAY%MSIGDB_C2%PID_IL12_STAT4_PATHWAY	PID_IL12_STAT4_PATHWAY%MSIGDB_C2%PID_IL12_STAT4_PATHWAY		24	-0.3889923	-1.0617863	0.37023592	0.7719825	1.0	1274	tags=29%, list=9%, signal=32%	
HEART MORPHOGENESIS%GOBP%GO:0003007	HEART MORPHOGENESIS%GOBP%GO:0003007		125	-0.28800905	-1.0616674	0.31083202	0.77182484	1.0	1787	tags=19%, list=13%, signal=22%	
DOWNREGULATION OF ERBB2 SIGNALING%REACTOME%R-HSA-8863795.3	DOWNREGULATION OF ERBB2 SIGNALING%REACTOME%R-HSA-8863795.3		25	-0.3810349	-1.0611196	0.38405797	0.7729882	1.0	2013	tags=32%, list=15%, signal=38%	
PRIMARY OVARIAN INSUFFICIENCY%WIKIPATHWAYS_20250810%WP5461%HOMO SAPIENS	PRIMARY OVARIAN INSUFFICIENCY%WIKIPATHWAYS_20250810%WP5461%HOMO SAPIENS		67	-0.31802624	-1.0610931	0.36177474	0.77255327	1.0	2598	tags=27%, list=19%, signal=33%	
MAMMARY GLAND DEVELOPMENT PREGNANCY AND LACTATION STAGE 3 OF 4%WIKIPATHWAYS_20250810%WP2817%HOMO SAPIENS	MAMMARY GLAND DEVELOPMENT PREGNANCY AND LACTATION STAGE 3 OF 4%WIKIPATHWAYS_20250810%WP2817%HOMO SAPIENS		30	-0.37275538	-1.061014	0.37937063	0.77227396	1.0	520	tags=13%, list=4%, signal=14%	
REGULATION OF SMOOTH MUSCLE CELL DIFFERENTIATION%GOBP%GO:0051150	REGULATION OF SMOOTH MUSCLE CELL DIFFERENTIATION%GOBP%GO:0051150		24	-0.38244313	-1.0610074	0.3715847	0.7717947	1.0	2255	tags=25%, list=17%, signal=30%	
ASTROCYTE DIFFERENTIATION%GOBP%GO:0048708	ASTROCYTE DIFFERENTIATION%GOBP%GO:0048708		19	-0.39901266	-1.0609758	0.3694853	0.77137136	1.0	240	tags=11%, list=2%, signal=11%	
CELLULAR EXTRAVASATION%GOBP%GO:0045123	CELLULAR EXTRAVASATION%GOBP%GO:0045123		29	-0.37724155	-1.0608343	0.375	0.7712598	1.0	1002	tags=28%, list=7%, signal=30%	
NEGATIVE REGULATION OF MIRNA TRANSCRIPTION%GOBP%GO:1902894	NEGATIVE REGULATION OF MIRNA TRANSCRIPTION%GOBP%GO:1902894		24	-0.38151282	-1.060748	0.38025594	0.771007	1.0	775	tags=17%, list=6%, signal=18%	
ADENOSINE DEAMINASE DEFICIENCY%PATHWHIZ%PW000075	ADENOSINE DEAMINASE DEFICIENCY%PATHWHIZ%PW000075		33	-0.36065367	-1.060533	0.3761302	0.77115786	1.0	2936	tags=30%, list=22%, signal=39%	
MESENCHYME MORPHOGENESIS%GOBP%GO:0072132	MESENCHYME MORPHOGENESIS%GOBP%GO:0072132		31	-0.36519423	-1.0603192	0.38421053	0.7712985	1.0	2157	tags=26%, list=16%, signal=31%	
CELLULAR RESPONSE TO RETINOIC ACID%GOBP%GO:0071300	CELLULAR RESPONSE TO RETINOIC ACID%GOBP%GO:0071300		27	-0.3817586	-1.0599489	0.38628158	0.77188367	1.0	3012	tags=37%, list=22%, signal=48%	
DITERPENOID METABOLIC PROCESS%GOBP%GO:0016101	DITERPENOID METABOLIC PROCESS%GOBP%GO:0016101		41	-0.34800854	-1.0594982	0.36842105	0.7727257	1.0	2140	tags=34%, list=16%, signal=40%	
RESPONSE TO LIPOPOLYSACCHARIDE%GOBP%GO:0032496	RESPONSE TO LIPOPOLYSACCHARIDE%GOBP%GO:0032496		134	-0.28484896	-1.0594798	0.3255814	0.77226996	1.0	1186	tags=13%, list=9%, signal=14%	
LESCH-NYHAN SYNDROME (LNS)%SMPDB%SMP0000364	LESCH-NYHAN SYNDROME (LNS)%SMPDB%SMP0000364		33	-0.36065367	-1.0591267	0.37127846	0.7728197	1.0	2936	tags=30%, list=22%, signal=39%	
ASTROCYTE DEVELOPMENT%GOBP%GO:0014002	ASTROCYTE DEVELOPMENT%GOBP%GO:0014002		18	-0.41227433	-1.0589232	0.3594041	0.77293146	1.0	240	tags=11%, list=2%, signal=11%	
SUMOYLATION OF INTRACELLULAR RECEPTORS%REACTOME%R-HSA-4090294.5	SUMOYLATION OF INTRACELLULAR RECEPTORS%REACTOME%R-HSA-4090294.5		23	-0.39894333	-1.0588638	0.38628763	0.7725867	1.0	3520	tags=35%, list=26%, signal=47%	
MUSCLE CELL DEVELOPMENT%GOBP%GO:0055001	MUSCLE CELL DEVELOPMENT%GOBP%GO:0055001		71	-0.31455094	-1.0588144	0.35966387	0.7722241	1.0	1570	tags=20%, list=12%, signal=22%	
REGULATION OF COAGULATION%GOBP%GO:0050818	REGULATION OF COAGULATION%GOBP%GO:0050818		44	-0.338106	-1.0585687	0.34529915	0.7724522	1.0	1414	tags=23%, list=10%, signal=25%	
IL8- AND CXCR1-MEDIATED SIGNALING EVENTS%PATHWAY INTERACTION DATABASE NCI-NATURE CURATED DATA%IL8- AND CXCR1-MEDIATED SIGNALING EVENTS	IL8- AND CXCR1-MEDIATED SIGNALING EVENTS%PATHWAY INTERACTION DATABASE NCI-NATURE CURATED DATA%IL8- AND CXCR1-MEDIATED SIGNALING EVENTS		27	-0.37721986	-1.0580108	0.36889693	0.7736157	1.0	1671	tags=26%, list=12%, signal=30%	
G1 PHASE%REACTOME%R-HSA-69236.6	G1 PHASE%REACTOME%R-HSA-69236.6		43	-0.3407673	-1.0578195	0.36777583	0.77365917	1.0	2116	tags=28%, list=16%, signal=33%	
POSITIVE REGULATION OF IMMUNOGLOBULIN PRODUCTION%GOBP%GO:0002639	POSITIVE REGULATION OF IMMUNOGLOBULIN PRODUCTION%GOBP%GO:0002639		29	-0.3703048	-1.0576711	0.37762237	0.7735821	1.0	1680	tags=17%, list=12%, signal=20%	
NEGATIVE REGULATION OF MUSCLE CELL APOPTOTIC PROCESS%GOBP%GO:0010656	NEGATIVE REGULATION OF MUSCLE CELL APOPTOTIC PROCESS%GOBP%GO:0010656		20	-0.4094244	-1.0575516	0.37453184	0.77344376	1.0	2142	tags=35%, list=16%, signal=42%	
MOLYBDENUM COFACTOR DEFICIENCY%SMPDB%SMP0000203	MOLYBDENUM COFACTOR DEFICIENCY%SMPDB%SMP0000203		33	-0.36065367	-1.0571418	0.38489208	0.7741448	1.0	2936	tags=30%, list=22%, signal=39%	
PTERIDINE-CONTAINING COMPOUND METABOLIC PROCESS%GOBP%GO:0042558	PTERIDINE-CONTAINING COMPOUND METABOLIC PROCESS%GOBP%GO:0042558		27	-0.3739759	-1.0569727	0.36545455	0.77414864	1.0	1637	tags=19%, list=12%, signal=21%	
NEGATIVE REGULATION OF ENDOPLASMIC RETICULUM STRESS-INDUCED INTRINSIC APOPTOTIC SIGNALING PATHWAY%GOBP%GO:1902236	NEGATIVE REGULATION OF ENDOPLASMIC RETICULUM STRESS-INDUCED INTRINSIC APOPTOTIC SIGNALING PATHWAY%GOBP%GO:1902236		15	-0.42383447	-1.0568252	0.39056605	0.7740827	1.0	1794	tags=20%, list=13%, signal=23%	
MYELOID CELL HOMEOSTASIS%GOBP%GO:0002262	MYELOID CELL HOMEOSTASIS%GOBP%GO:0002262		58	-0.32483873	-1.0566174	0.37521514	0.77420175	1.0	2267	tags=24%, list=17%, signal=29%	
PLASMA LIPOPROTEIN CLEARANCE%REACTOME%R-HSA-8964043.3	PLASMA LIPOPROTEIN CLEARANCE%REACTOME%R-HSA-8964043.3		31	-0.36711827	-1.0565127	0.37247705	0.7740015	1.0	2608	tags=39%, list=19%, signal=48%	
NEGATIVE REGULATION OF RECEPTOR SIGNALING PATHWAY VIA JAK-STAT%GOBP%GO:0046426	NEGATIVE REGULATION OF RECEPTOR SIGNALING PATHWAY VIA JAK-STAT%GOBP%GO:0046426		15	-0.44114128	-1.0565038	0.40190476	0.77351993	1.0	908	tags=20%, list=7%, signal=21%	
NUCLEOTIDE CATABOLISM%REACTOME DATABASE ID RELEASE 93%8956319	NUCLEOTIDE CATABOLISM%REACTOME DATABASE ID RELEASE 93%8956319		22	-0.3939371	-1.0563288	0.39222616	0.77352345	1.0	3137	tags=36%, list=23%, signal=47%	
FCGR3A-MEDIATED PHAGOCYTOSIS%REACTOME%R-HSA-9664422.2	FCGR3A-MEDIATED PHAGOCYTOSIS%REACTOME%R-HSA-9664422.2		53	-0.32947427	-1.0556418	0.36605656	0.77496815	1.0	1803	tags=17%, list=13%, signal=20%	
REGULATION OF HOMOTYPIC CELL-CELL ADHESION%GOBP%GO:0034110	REGULATION OF HOMOTYPIC CELL-CELL ADHESION%GOBP%GO:0034110		32	-0.3560612	-1.0548615	0.3887916	0.7767749	1.0	1865	tags=25%, list=14%, signal=29%	
XANTHINE DEHYDROGENASE DEFICIENCY (XANTHINURIA)%SMPDB%SMP0000220	XANTHINE DEHYDROGENASE DEFICIENCY (XANTHINURIA)%SMPDB%SMP0000220		33	-0.36065367	-1.0539578	0.39007092	0.77884173	1.0	2936	tags=30%, list=22%, signal=39%	
REGULATION OF INTRACELLULAR PH%GOBP%GO:0051453	REGULATION OF INTRACELLULAR PH%GOBP%GO:0051453		67	-0.31557646	-1.0539217	0.3786078	0.7784423	1.0	999	tags=10%, list=7%, signal=11%	
HEPATITIS C AND HEPATOCELLULAR CARCINOMA%WIKIPATHWAYS_20250810%WP3646%HOMO SAPIENS	HEPATITIS C AND HEPATOCELLULAR CARCINOMA%WIKIPATHWAYS_20250810%WP3646%HOMO SAPIENS		38	-0.35190657	-1.0535173	0.37918872	0.7790713	1.0	330	tags=11%, list=2%, signal=11%	
INTERMEDIATE FILAMENT-BASED PROCESS%GOBP%GO:0045103	INTERMEDIATE FILAMENT-BASED PROCESS%GOBP%GO:0045103		29	-0.37434703	-1.0532563	0.3865699	0.77932703	1.0	211	tags=10%, list=2%, signal=10%	
GOUT OR KELLEY-SEEGMILLER SYNDROME%SMPDB%SMP0000365	GOUT OR KELLEY-SEEGMILLER SYNDROME%SMPDB%SMP0000365		33	-0.36065367	-1.053251	0.37477797	0.77883935	1.0	2936	tags=30%, list=22%, signal=39%	
FACTORS AND PATHWAYS AFFECTING INSULIN LIKE GROWTH FACTOR IGF1 AKT SIGNALING%WIKIPATHWAYS_20250810%WP3850%HOMO SAPIENS	FACTORS AND PATHWAYS AFFECTING INSULIN LIKE GROWTH FACTOR IGF1 AKT SIGNALING%WIKIPATHWAYS_20250810%WP3850%HOMO SAPIENS		26	-0.3741275	-1.0532359	0.3766892	0.7783808	1.0	3784	tags=31%, list=28%, signal=43%	
CELLULAR RESPONSE TO HYPOXIA%GOBP%GO:0071456	CELLULAR RESPONSE TO HYPOXIA%GOBP%GO:0071456		66	-0.31525654	-1.0528963	0.38039866	0.7788775	1.0	2158	tags=21%, list=16%, signal=25%	
RESPONSE TO METAL ION%GOBP%GO:0010038	RESPONSE TO METAL ION%GOBP%GO:0010038		138	-0.28295314	-1.0527543	0.33730835	0.77877164	1.0	2744	tags=24%, list=20%, signal=30%	
PROTEIN IMPORT INTO MITOCHONDRIAL MATRIX%GOBP%GO:0030150	PROTEIN IMPORT INTO MITOCHONDRIAL MATRIX%GOBP%GO:0030150		22	-0.39442417	-1.0525622	0.38898757	0.77884394	1.0	3303	tags=41%, list=24%, signal=54%	
PROTEIN SUMOYLATION%GOBP%GO:0016925	PROTEIN SUMOYLATION%GOBP%GO:0016925		43	-0.34363672	-1.0521392	0.3943662	0.779583	1.0	219	tags=5%, list=2%, signal=5%	
PREFOLDIN MEDIATED TRANSFER OF SUBSTRATE TO CCT TRIC%REACTOME DATABASE ID RELEASE 93%389957	PREFOLDIN MEDIATED TRANSFER OF SUBSTRATE TO CCT TRIC%REACTOME DATABASE ID RELEASE 93%389957		24	-0.38723212	-1.0517298	0.39444444	0.78024524	1.0	2767	tags=42%, list=20%, signal=52%	
INTRACELLULAR SIGNALLING THROUGH ADENOSINE RECEPTOR A2B AND ADENOSINE%SMPDB%SMP0000321	INTRACELLULAR SIGNALLING THROUGH ADENOSINE RECEPTOR A2B AND ADENOSINE%SMPDB%SMP0000321		36	-0.34875727	-1.0515469	0.3709091	0.7802655	1.0	4524	tags=50%, list=33%, signal=75%	
CELLULAR RESPONSE TO CAMP%GOBP%GO:0071320	CELLULAR RESPONSE TO CAMP%GOBP%GO:0071320		24	-0.38552466	-1.051526	0.37294334	0.77981246	1.0	1428	tags=21%, list=11%, signal=23%	
SUPEROXIDE METABOLIC PROCESS%GOBP%GO:0006801	SUPEROXIDE METABOLIC PROCESS%GOBP%GO:0006801		26	-0.3760488	-1.0513786	0.38918918	0.7797488	1.0	2053	tags=27%, list=15%, signal=32%	
BIOCARTA_P38MAPK_PATHWAY%MSIGDB_C2%BIOCARTA_P38MAPK_PATHWAY	BIOCARTA_P38MAPK_PATHWAY%MSIGDB_C2%BIOCARTA_P38MAPK_PATHWAY		27	-0.37363523	-1.0513504	0.36312848	0.7793328	1.0	4524	tags=52%, list=33%, signal=78%	
BIOCARTA_CELLCYCLE_PATHWAY%MSIGDB_C2%BIOCARTA_CELLCYCLE_PATHWAY	BIOCARTA_CELLCYCLE_PATHWAY%MSIGDB_C2%BIOCARTA_CELLCYCLE_PATHWAY		18	-0.420143	-1.0507034	0.39688042	0.7807629	1.0	867	tags=22%, list=6%, signal=24%	
L-AMINO ACID BIOSYNTHETIC PROCESS%GOBP%GO:0170034	L-AMINO ACID BIOSYNTHETIC PROCESS%GOBP%GO:0170034		33	-0.35689437	-1.0506145	0.37414965	0.7805346	1.0	1704	tags=24%, list=13%, signal=28%	
IL12-MEDIATED SIGNALING EVENTS%PATHWAY INTERACTION DATABASE NCI-NATURE CURATED DATA%IL12-MEDIATED SIGNALING EVENTS	IL12-MEDIATED SIGNALING EVENTS%PATHWAY INTERACTION DATABASE NCI-NATURE CURATED DATA%IL12-MEDIATED SIGNALING EVENTS		51	-0.33251873	-1.0504217	0.38184932	0.78058237	1.0	1626	tags=25%, list=12%, signal=29%	
G ALPHA (S) SIGNALLING EVENTS%REACTOME%R-HSA-418555.12	G ALPHA (S) SIGNALLING EVENTS%REACTOME%R-HSA-418555.12		83	-0.29746374	-1.050355	0.3462185	0.7802872	1.0	2960	tags=39%, list=22%, signal=49%	
EPIGENETIC REGULATION OF GENE EXPRESSION%GOBP%GO:0040029	EPIGENETIC REGULATION OF GENE EXPRESSION%GOBP%GO:0040029		193	-0.27101862	-1.0502906	0.32385466	0.77997285	1.0	4725	tags=35%, list=35%, signal=53%	
REGULATION OF LIPID BIOSYNTHETIC PROCESS%GOBP%GO:0046890	REGULATION OF LIPID BIOSYNTHETIC PROCESS%GOBP%GO:0046890		125	-0.28651556	-1.0498351	0.3622951	0.7807855	1.0	1807	tags=20%, list=13%, signal=23%	
REGULATION OF CELLULAR PH%GOBP%GO:0030641	REGULATION OF CELLULAR PH%GOBP%GO:0030641		67	-0.31557646	-1.0498022	0.37228715	0.7803847	1.0	999	tags=10%, list=7%, signal=11%	
GLYCOGEN CATABOLIC PROCESS%GOBP%GO:0005980	GLYCOGEN CATABOLIC PROCESS%GOBP%GO:0005980		19	-0.40107715	-1.0497158	0.39893618	0.78014576	1.0	428	tags=11%, list=3%, signal=11%	
PID_NFAT_3PATHWAY%MSIGDB_C2%PID_NFAT_3PATHWAY	PID_NFAT_3PATHWAY%MSIGDB_C2%PID_NFAT_3PATHWAY		38	-0.34496418	-1.0496441	0.39821428	0.77985483	1.0	521	tags=8%, list=4%, signal=8%	
PLATELET CALCIUM HOMEOSTASIS%REACTOME DATABASE ID RELEASE 93%418360	PLATELET CALCIUM HOMEOSTASIS%REACTOME DATABASE ID RELEASE 93%418360		21	-0.39047477	-1.0494342	0.38624337	0.77993965	1.0	582	tags=14%, list=4%, signal=15%	
POSITIVE REGULATION OF T CELL DIFFERENTIATION%GOBP%GO:0045582	POSITIVE REGULATION OF T CELL DIFFERENTIATION%GOBP%GO:0045582		75	-0.30354717	-1.0493863	0.3846154	0.77958256	1.0	1232	tags=15%, list=9%, signal=16%	
SNRNP ASSEMBLY%REACTOME DATABASE ID RELEASE 93%191859	SNRNP ASSEMBLY%REACTOME DATABASE ID RELEASE 93%191859		48	-0.3340363	-1.0491728	0.35826087	0.7797129	1.0	4095	tags=35%, list=30%, signal=51%	
PID_ECADHERIN_STABILIZATION_PATHWAY%MSIGDB_C2%PID_ECADHERIN_STABILIZATION_PATHWAY	PID_ECADHERIN_STABILIZATION_PATHWAY%MSIGDB_C2%PID_ECADHERIN_STABILIZATION_PATHWAY		30	-0.3635341	-1.0484573	0.3731884	0.78124714	1.0	307	tags=10%, list=2%, signal=10%	
LEISHMANIA PHAGOCYTOSIS%REACTOME%R-HSA-9664417.2	LEISHMANIA PHAGOCYTOSIS%REACTOME%R-HSA-9664417.2		53	-0.32947427	-1.0478433	0.38435373	0.78255916	1.0	1803	tags=17%, list=13%, signal=20%	
REGULATION OF LYMPHOCYTE MIGRATION%GOBP%GO:2000401	REGULATION OF LYMPHOCYTE MIGRATION%GOBP%GO:2000401		47	-0.33154184	-1.0478383	0.39298245	0.78207415	1.0	1002	tags=19%, list=7%, signal=21%	
REGULATION OF ENDOTHELIAL CELL DEVELOPMENT%GOBP%GO:1901550	REGULATION OF ENDOTHELIAL CELL DEVELOPMENT%GOBP%GO:1901550		15	-0.43393117	-1.047513	0.4048964	0.78254014	1.0	411	tags=13%, list=3%, signal=14%	
INWARDLY RECTIFYING K+ CHANNELS%REACTOME DATABASE ID RELEASE 93%1296065	INWARDLY RECTIFYING K+ CHANNELS%REACTOME DATABASE ID RELEASE 93%1296065		20	-0.3978005	-1.0474308	0.38191882	0.7822871	1.0	1096	tags=30%, list=8%, signal=33%	
MECP2 AND ASSOCIATED RETT SYNDROME%WIKIPATHWAYS_20250810%WP3584%HOMO SAPIENS	MECP2 AND ASSOCIATED RETT SYNDROME%WIKIPATHWAYS_20250810%WP3584%HOMO SAPIENS		46	-0.33523402	-1.0474151	0.3786078	0.7818293	1.0	4524	tags=48%, list=33%, signal=72%	
CLASS I PI3K SIGNALING EVENTS MEDIATED BY AKT%PATHWAY INTERACTION DATABASE NCI-NATURE CURATED DATA%CLASS I PI3K SIGNALING EVENTS MEDIATED BY AKT	CLASS I PI3K SIGNALING EVENTS MEDIATED BY AKT%PATHWAY INTERACTION DATABASE NCI-NATURE CURATED DATA%CLASS I PI3K SIGNALING EVENTS MEDIATED BY AKT		34	-0.3588157	-1.0473119	0.38240576	0.78163993	1.0	270	tags=6%, list=2%, signal=6%	
CELLULAR SENESCENCE%REACTOME%R-HSA-2559583.7	CELLULAR SENESCENCE%REACTOME%R-HSA-2559583.7		133	-0.28569227	-1.0468448	0.3607306	0.78255635	1.0	2238	tags=18%, list=17%, signal=21%	
MYOADENYLATE DEAMINASE DEFICIENCY%PATHWHIZ%PW000513	MYOADENYLATE DEAMINASE DEFICIENCY%PATHWHIZ%PW000513		33	-0.36065367	-1.0467197	0.39032814	0.7824282	1.0	2936	tags=30%, list=22%, signal=39%	
STEROL METABOLIC PROCESS%GOBP%GO:0016125	STEROL METABOLIC PROCESS%GOBP%GO:0016125		66	-0.3148085	-1.0461581	0.36842105	0.7835925	1.0	2284	tags=24%, list=17%, signal=29%	
RNA CATABOLIC PROCESS%GOBP%GO:0006401	RNA CATABOLIC PROCESS%GOBP%GO:0006401		167	-0.27383998	-1.0457488	0.3400936	0.78431183	1.0	5073	tags=44%, list=37%, signal=70%	
CLOCK CONTROLLED AUTOPHAGY IN BONE METABOLISM%WIKIPATHWAYS_20250810%WP5205%HOMO SAPIENS	CLOCK CONTROLLED AUTOPHAGY IN BONE METABOLISM%WIKIPATHWAYS_20250810%WP5205%HOMO SAPIENS		54	-0.32581162	-1.0456767	0.36614853	0.7840222	1.0	555	tags=7%, list=4%, signal=8%	
REGULATION OF NATURAL KILLER CELL MEDIATED CYTOTOXICITY%GOBP%GO:0042269	REGULATION OF NATURAL KILLER CELL MEDIATED CYTOTOXICITY%GOBP%GO:0042269		35	-0.35150737	-1.0453601	0.3884007	0.78446114	1.0	1414	tags=20%, list=10%, signal=22%	
NEGATIVE REGULATION OF ALPHA-BETA T CELL ACTIVATION%GOBP%GO:0046636	NEGATIVE REGULATION OF ALPHA-BETA T CELL ACTIVATION%GOBP%GO:0046636		28	-0.37251675	-1.0448499	0.39335665	0.78541213	1.0	1626	tags=25%, list=12%, signal=28%	
RETT SYNDROME%WIKIPATHWAYS_20250810%WP4312%HOMO SAPIENS	RETT SYNDROME%WIKIPATHWAYS_20250810%WP4312%HOMO SAPIENS		37	-0.3469752	-1.0446956	0.38407078	0.7853512	1.0	2098	tags=22%, list=15%, signal=26%	
POSITIVE REGULATION OF ENDOTHELIAL CELL MIGRATION%GOBP%GO:0010595	POSITIVE REGULATION OF ENDOTHELIAL CELL MIGRATION%GOBP%GO:0010595		94	-0.29806545	-1.0446085	0.39772728	0.7851097	1.0	1626	tags=21%, list=12%, signal=24%	
NEGATIVE REGULATION OF MRNA METABOLIC PROCESS%GOBP%GO:1903312	NEGATIVE REGULATION OF MRNA METABOLIC PROCESS%GOBP%GO:1903312		66	-0.31226936	-1.0443978	0.39761093	0.7851879	1.0	4885	tags=48%, list=36%, signal=75%	
REGULATION OF NEUROINFLAMMATORY RESPONSE%GOBP%GO:0150077	REGULATION OF NEUROINFLAMMATORY RESPONSE%GOBP%GO:0150077		34	-0.353113	-1.0440267	0.3885918	0.785839	1.0	836	tags=18%, list=6%, signal=19%	
TRANSPORT OF THE SLBP DEPENDANT MATURE MRNA%REACTOME DATABASE ID RELEASE 93%159230	TRANSPORT OF THE SLBP DEPENDANT MATURE MRNA%REACTOME DATABASE ID RELEASE 93%159230		33	-0.35588804	-1.0439979	0.370826	0.7854295	1.0	4486	tags=36%, list=33%, signal=54%	
XANTHINURIA TYPE II%PATHWHIZ%PW000489	XANTHINURIA TYPE II%PATHWHIZ%PW000489		33	-0.36065367	-1.0437478	0.41889483	0.78569055	1.0	2936	tags=30%, list=22%, signal=39%	
RECEPTOR CLUSTERING%GOBP%GO:0043113	RECEPTOR CLUSTERING%GOBP%GO:0043113		28	-0.37292975	-1.043583	0.38289964	0.7856852	1.0	2207	tags=32%, list=16%, signal=38%	
DICARBOXYLIC ACID TRANSPORT%GOBP%GO:0006835	DICARBOXYLIC ACID TRANSPORT%GOBP%GO:0006835		40	-0.3388177	-1.0435784	0.37328768	0.78520083	1.0	1637	tags=20%, list=12%, signal=23%	
POSITIVE REGULATION OF ERYTHROCYTE DIFFERENTIATION%GOBP%GO:0045648	POSITIVE REGULATION OF ERYTHROCYTE DIFFERENTIATION%GOBP%GO:0045648		24	-0.37759385	-1.0432659	0.39298892	0.7856321	1.0	377	tags=13%, list=3%, signal=13%	
PURINE NUCLEOSIDE PHOSPHORYLASE DEFICIENCY%SMPDB%SMP0000210	PURINE NUCLEOSIDE PHOSPHORYLASE DEFICIENCY%SMPDB%SMP0000210		33	-0.36065367	-1.0432174	0.3870403	0.7852946	1.0	2936	tags=30%, list=22%, signal=39%	
RESPONSE TO GLUCOSE%GOBP%GO:0009749	RESPONSE TO GLUCOSE%GOBP%GO:0009749		47	-0.3353557	-1.0430856	0.37710437	0.78519595	1.0	1783	tags=17%, list=13%, signal=20%	
DEFENSE RESPONSE TO VIRUS%GOBP%GO:0051607	DEFENSE RESPONSE TO VIRUS%GOBP%GO:0051607		171	-0.27505672	-1.0429287	0.3527508	0.7851555	1.0	2368	tags=19%, list=17%, signal=23%	
S1P3 PATHWAY%PATHWAY INTERACTION DATABASE NCI-NATURE CURATED DATA%S1P3 PATHWAY	S1P3 PATHWAY%PATHWAY INTERACTION DATABASE NCI-NATURE CURATED DATA%S1P3 PATHWAY		25	-0.37798834	-1.0427783	0.3888889	0.78509176	1.0	886	tags=12%, list=7%, signal=13%	
REGULATION OF REACTIVE OXYGEN SPECIES BIOSYNTHETIC PROCESS%GOBP%GO:1903426	REGULATION OF REACTIVE OXYGEN SPECIES BIOSYNTHETIC PROCESS%GOBP%GO:1903426		24	-0.38235772	-1.042634	0.39459458	0.7850681	1.0	2002	tags=33%, list=15%, signal=39%	
ADENINE PHOSPHORIBOSYLTRANSFERASE DEFICIENCY (APRT)%PATHWHIZ%PW000511	ADENINE PHOSPHORIBOSYLTRANSFERASE DEFICIENCY (APRT)%PATHWHIZ%PW000511		33	-0.36065367	-1.042493	0.4152249	0.785006	1.0	2936	tags=30%, list=22%, signal=39%	
POSITIVE REGULATION OF LEUKOCYTE PROLIFERATION%GOBP%GO:0070665	POSITIVE REGULATION OF LEUKOCYTE PROLIFERATION%GOBP%GO:0070665		94	-0.29843	-1.0424832	0.36953	0.7845455	1.0	1836	tags=24%, list=14%, signal=28%	
ADENYLOSUCCINATE LYASE DEFICIENCY%SMPDB%SMP0000167	ADENYLOSUCCINATE LYASE DEFICIENCY%SMPDB%SMP0000167		33	-0.36065367	-1.042298	0.41021127	0.78456056	1.0	2936	tags=30%, list=22%, signal=39%	
PROTEIN-LIPID COMPLEX ORGANIZATION%GOBP%GO:0071825	PROTEIN-LIPID COMPLEX ORGANIZATION%GOBP%GO:0071825		35	-0.35107246	-1.0420772	0.39579684	0.78469783	1.0	954	tags=17%, list=7%, signal=18%	
INORGANIC ANION TRANSMEMBRANE TRANSPORT%GOBP%GO:0098661	INORGANIC ANION TRANSMEMBRANE TRANSPORT%GOBP%GO:0098661		51	-0.32528168	-1.0414643	0.38636363	0.785941	1.0	2122	tags=29%, list=16%, signal=35%	
OXYTOCIN RECEPTOR MEDIATED SIGNALING PATHWAY%PANTHER PATHWAY%P04391	OXYTOCIN RECEPTOR MEDIATED SIGNALING PATHWAY%PANTHER PATHWAY%P04391		29	-0.36176977	-1.0411716	0.40248227	0.786341	1.0	1601	tags=21%, list=12%, signal=23%	
BIOLOGICAL OXIDATIONS%REACTOME%R-HSA-211859.4	BIOLOGICAL OXIDATIONS%REACTOME%R-HSA-211859.4		127	-0.28287846	-1.0409231	0.38870966	0.7865451	1.0	2011	tags=25%, list=15%, signal=29%	
CARDIAC CONDUCTION%GOBP%GO:0061337	CARDIAC CONDUCTION%GOBP%GO:0061337		49	-0.32560635	-1.0408725	0.38305086	0.7861935	1.0	1492	tags=18%, list=11%, signal=21%	
IL27-MEDIATED SIGNALING EVENTS%PATHWAY INTERACTION DATABASE NCI-NATURE CURATED DATA%IL27-MEDIATED SIGNALING EVENTS	IL27-MEDIATED SIGNALING EVENTS%PATHWAY INTERACTION DATABASE NCI-NATURE CURATED DATA%IL27-MEDIATED SIGNALING EVENTS		18	-0.40320173	-1.0408155	0.39816514	0.7858629	1.0	1626	tags=28%, list=12%, signal=32%	
RESPIRATORY SYNCYTIAL VIRUS (RSV) GENOME REPLICATION, TRANSCRIPTION AND TRANSLATION%REACTOME%R-HSA-9820965.1	RESPIRATORY SYNCYTIAL VIRUS (RSV) GENOME REPLICATION, TRANSCRIPTION AND TRANSLATION%REACTOME%R-HSA-9820965.1		17	-0.40507028	-1.0402505	0.41360295	0.7870308	1.0	4448	tags=41%, list=33%, signal=61%	
DNA DAMAGE RESPONSE ONLY ATM DEPENDENT %WIKIPATHWAYS_20250810%WP710%HOMO SAPIENS	DNA DAMAGE RESPONSE ONLY ATM DEPENDENT %WIKIPATHWAYS_20250810%WP710%HOMO SAPIENS		72	-0.30982068	-1.0399889	0.39044482	0.7872824	1.0	2184	tags=24%, list=16%, signal=28%	
HALLMARK_HEME_METABOLISM%MSIGDBHALLMARK%HALLMARK_HEME_METABOLISM	HALLMARK_HEME_METABOLISM%MSIGDBHALLMARK%HALLMARK_HEME_METABOLISM		139	-0.27519038	-1.0398082	0.38263667	0.7873388	1.0	2428	tags=23%, list=18%, signal=28%	
REGULATED NECROSIS%REACTOME%R-HSA-5218859.6	REGULATED NECROSIS%REACTOME%R-HSA-5218859.6		53	-0.32409444	-1.0383042	0.37943262	0.79130095	1.0	2266	tags=28%, list=17%, signal=34%	
NEUROTRANSMITTER TRANSPORT%GOBP%GO:0006836	NEUROTRANSMITTER TRANSPORT%GOBP%GO:0006836		65	-0.3121268	-1.038059	0.37777779	0.7915659	1.0	2240	tags=28%, list=17%, signal=33%	
RECEPTOR INTERNALIZATION%GOBP%GO:0031623	RECEPTOR INTERNALIZATION%GOBP%GO:0031623		51	-0.32711875	-1.0379313	0.39084506	0.79144114	1.0	1602	tags=16%, list=12%, signal=18%	
POSITIVE REGULATION OF LYMPHOCYTE DIFFERENTIATION%GOBP%GO:0045621	POSITIVE REGULATION OF LYMPHOCYTE DIFFERENTIATION%GOBP%GO:0045621		87	-0.29556468	-1.0378764	0.37190083	0.7911255	1.0	1232	tags=14%, list=9%, signal=15%	
HALLMARK_COMPLEMENT%MSIGDBHALLMARK%HALLMARK_COMPLEMENT	HALLMARK_COMPLEMENT%MSIGDBHALLMARK%HALLMARK_COMPLEMENT		125	-0.28059763	-1.0371222	0.39708266	0.79284793	1.0	2109	tags=23%, list=16%, signal=27%	
POSITIVE REGULATION OF LYMPHOCYTE PROLIFERATION%GOBP%GO:0050671	POSITIVE REGULATION OF LYMPHOCYTE PROLIFERATION%GOBP%GO:0050671		83	-0.2953899	-1.0370122	0.39291736	0.7926775	1.0	1836	tags=24%, list=14%, signal=28%	
PID_IL12_2PATHWAY%MSIGDB_C2%PID_IL12_2PATHWAY	PID_IL12_2PATHWAY%MSIGDB_C2%PID_IL12_2PATHWAY		43	-0.33336443	-1.0366566	0.4072165	0.7932256	1.0	2212	tags=30%, list=16%, signal=36%	
NUCLEIC ACID CATABOLIC PROCESS%GOBP%GO:0141188	NUCLEIC ACID CATABOLIC PROCESS%GOBP%GO:0141188		186	-0.26487046	-1.0360069	0.3831071	0.79464656	1.0	4575	tags=37%, list=34%, signal=55%	
GLYCEROLIPIDS AND GLYCEROPHOSPHOLIPIDS%WIKIPATHWAYS_20250810%WP4722%HOMO SAPIENS	GLYCEROLIPIDS AND GLYCEROPHOSPHOLIPIDS%WIKIPATHWAYS_20250810%WP4722%HOMO SAPIENS		19	-0.40036002	-1.0358757	0.4283019	0.79453814	1.0	469	tags=16%, list=3%, signal=16%	
WOUND HEALING%GOBP%GO:0042060	WOUND HEALING%GOBP%GO:0042060		188	-0.26637995	-1.0357746	0.3563403	0.7943453	1.0	1583	tags=16%, list=12%, signal=18%	
CARDIAC VENTRICLE MORPHOGENESIS%GOBP%GO:0003208	CARDIAC VENTRICLE MORPHOGENESIS%GOBP%GO:0003208		37	-0.34727478	-1.0356356	0.4107143	0.7942713	1.0	451	tags=14%, list=3%, signal=14%	
XANTHINURIA TYPE I%SMPDB%SMP0000512	XANTHINURIA TYPE I%SMPDB%SMP0000512		33	-0.36065367	-1.0354582	0.39506173	0.79428643	1.0	2936	tags=30%, list=22%, signal=39%	
NEGATIVE REGULATION OF CYTOKINE PRODUCTION%GOBP%GO:0001818	NEGATIVE REGULATION OF CYTOKINE PRODUCTION%GOBP%GO:0001818		189	-0.26633856	-1.0354378	0.36363637	0.793845	1.0	2094	tags=20%, list=15%, signal=23%	
TRANSPORT OF THE SLBP INDEPENDENT MATURE MRNA%REACTOME DATABASE ID RELEASE 93%159227	TRANSPORT OF THE SLBP INDEPENDENT MATURE MRNA%REACTOME DATABASE ID RELEASE 93%159227		32	-0.3595527	-1.0351719	0.4090909	0.794124	1.0	4486	tags=38%, list=33%, signal=56%	
ANTIGEN ACTIVATES B CELL RECEPTOR (BCR) LEADING TO GENERATION OF SECOND MESSENGERS%REACTOME%R-HSA-983695.6	ANTIGEN ACTIVATES B CELL RECEPTOR (BCR) LEADING TO GENERATION OF SECOND MESSENGERS%REACTOME%R-HSA-983695.6		25	-0.37236476	-1.0349295	0.4116608	0.79432106	1.0	1757	tags=24%, list=13%, signal=28%	
TRYPTOPHAN METABOLISM%WIKIPATHWAYS_20250810%WP465%HOMO SAPIENS	TRYPTOPHAN METABOLISM%WIKIPATHWAYS_20250810%WP465%HOMO SAPIENS		22	-0.38614234	-1.0346516	0.41379312	0.794594	1.0	1638	tags=36%, list=12%, signal=41%	
THE NLRP3 INFLAMMASOME%REACTOME%R-HSA-844456.10	THE NLRP3 INFLAMMASOME%REACTOME%R-HSA-844456.10		16	-0.42218858	-1.0344527	0.42669174	0.79466325	1.0	2511	tags=38%, list=19%, signal=46%	
GLYCOLYTIC PROCESS%GOBP%GO:0006096	GLYCOLYTIC PROCESS%GOBP%GO:0006096		30	-0.35828248	-1.0343806	0.4051724	0.7943784	1.0	2923	tags=23%, list=22%, signal=30%	
ADHD AND AUTISM ASD PATHWAYS%WIKIPATHWAYS_20250810%WP5420%HOMO SAPIENS	ADHD AND AUTISM ASD PATHWAYS%WIKIPATHWAYS_20250810%WP5420%HOMO SAPIENS		198	-0.26588964	-1.0339334	0.375	0.7951652	1.0	1637	tags=19%, list=12%, signal=22%	
NOTCH3 ACTIVATION AND TRANSMISSION OF SIGNAL TO THE NUCLEUS%REACTOME DATABASE ID RELEASE 93%9013507	NOTCH3 ACTIVATION AND TRANSMISSION OF SIGNAL TO THE NUCLEUS%REACTOME DATABASE ID RELEASE 93%9013507		25	-0.37509835	-1.0337008	0.41538462	0.7953406	1.0	2013	tags=28%, list=15%, signal=33%	
DETECTION OF ABIOTIC STIMULUS%GOBP%GO:0009582	DETECTION OF ABIOTIC STIMULUS%GOBP%GO:0009582		54	-0.3212226	-1.0335153	0.41001856	0.7953586	1.0	1229	tags=19%, list=9%, signal=20%	
GENE SILENCING BY RNA%REACTOME DATABASE ID RELEASE 93%211000	GENE SILENCING BY RNA%REACTOME DATABASE ID RELEASE 93%211000		78	-0.30276272	-1.0332953	0.38562092	0.7955522	1.0	4068	tags=32%, list=30%, signal=46%	
REGULATION OF MICROTUBULE-BASED MOVEMENT%GOBP%GO:0060632	REGULATION OF MICROTUBULE-BASED MOVEMENT%GOBP%GO:0060632		28	-0.36599746	-1.0330975	0.40925267	0.79565084	1.0	3503	tags=43%, list=26%, signal=58%	
HEART CONTRACTION%GOBP%GO:0060047	HEART CONTRACTION%GOBP%GO:0060047		54	-0.32478428	-1.0324093	0.40991735	0.7971597	1.0	1492	tags=22%, list=11%, signal=25%	
BLOOD VESSEL MORPHOGENESIS%GOBP%GO:0048514	BLOOD VESSEL MORPHOGENESIS%GOBP%GO:0048514		193	-0.26268283	-1.0324062	0.3650546	0.7966812	1.0	1583	tags=19%, list=12%, signal=21%	
NEGATIVE REGULATION OF CYTOPLASMIC PATTERN RECOGNITION RECEPTOR SIGNALING PATHWAY%GOBP%GO:0039532	NEGATIVE REGULATION OF CYTOPLASMIC PATTERN RECOGNITION RECEPTOR SIGNALING PATHWAY%GOBP%GO:0039532		47	-0.32845795	-1.0322485	0.38365898	0.7966741	1.0	2304	tags=23%, list=17%, signal=28%	
POST-CHAPERONIN TUBULIN FOLDING PATHWAY%REACTOME DATABASE ID RELEASE 93%389977	POST-CHAPERONIN TUBULIN FOLDING PATHWAY%REACTOME DATABASE ID RELEASE 93%389977		16	-0.4152892	-1.0317034	0.4311594	0.7978123	1.0	238	tags=13%, list=2%, signal=13%	
REGULATION OF ALPHA-BETA T CELL ACTIVATION%GOBP%GO:0046634	REGULATION OF ALPHA-BETA T CELL ACTIVATION%GOBP%GO:0046634		69	-0.30289555	-1.0310816	0.41285956	0.7991942	1.0	1626	tags=22%, list=12%, signal=25%	
REGULATION OF ENDOTHELIAL CELL MIGRATION%GOBP%GO:0010594	REGULATION OF ENDOTHELIAL CELL MIGRATION%GOBP%GO:0010594		139	-0.27585867	-1.0309381	0.3615635	0.7991104	1.0	2054	tags=23%, list=15%, signal=27%	
HETEROTYPIC CELL-CELL ADHESION%GOBP%GO:0034113	HETEROTYPIC CELL-CELL ADHESION%GOBP%GO:0034113		26	-0.36572364	-1.0309261	0.3919414	0.79865366	1.0	1183	tags=19%, list=9%, signal=21%	
PLASMA LIPOPROTEIN REMODELING%REACTOME DATABASE ID RELEASE 93%8963899	PLASMA LIPOPROTEIN REMODELING%REACTOME DATABASE ID RELEASE 93%8963899		20	-0.3998379	-1.0304931	0.42335767	0.799404	1.0	954	tags=25%, list=7%, signal=27%	
DEVELOPMENTAL CELL LINEAGES OF THE EXOCRINE PANCREAS%REACTOME%R-HSA-9820448.2	DEVELOPMENTAL CELL LINEAGES OF THE EXOCRINE PANCREAS%REACTOME%R-HSA-9820448.2		15	-0.42561895	-1.0297153	0.41502684	0.8011883	1.0	3157	tags=47%, list=23%, signal=61%	
REGULATION OF PLATELET AGGREGATION%GOBP%GO:0090330	REGULATION OF PLATELET AGGREGATION%GOBP%GO:0090330		25	-0.36593872	-1.0296489	0.4003407	0.8008982	1.0	1446	tags=24%, list=11%, signal=27%	
PID_PTP1B_PATHWAY%MSIGDB_C2%PID_PTP1B_PATHWAY	PID_PTP1B_PATHWAY%MSIGDB_C2%PID_PTP1B_PATHWAY		35	-0.34544632	-1.0291702	0.41145834	0.8017643	1.0	1183	tags=20%, list=9%, signal=22%	
BIOCARTA_TCR_PATHWAY%MSIGDB_C2%BIOCARTA_TCR_PATHWAY	BIOCARTA_TCR_PATHWAY%MSIGDB_C2%BIOCARTA_TCR_PATHWAY		36	-0.35068765	-1.0291255	0.44241315	0.80139	1.0	813	tags=17%, list=6%, signal=18%	
MEIOTIC RECOMBINATION%REACTOME%R-HSA-912446.7	MEIOTIC RECOMBINATION%REACTOME%R-HSA-912446.7		33	-0.35351062	-1.0289142	0.41379312	0.8015198	1.0	2568	tags=27%, list=19%, signal=34%	
REGULATION OF NERVOUS SYSTEM DEVELOPMENT%GOBP%GO:0051960	REGULATION OF NERVOUS SYSTEM DEVELOPMENT%GOBP%GO:0051960		190	-0.2625899	-1.0283494	0.36969697	0.80270797	1.0	729	tags=11%, list=5%, signal=11%	
SIGNALING BY EGFR%REACTOME%R-HSA-177929.6	SIGNALING BY EGFR%REACTOME%R-HSA-177929.6		43	-0.33325192	-1.028158	0.41696113	0.8027682	1.0	2554	tags=30%, list=19%, signal=37%	
HDMS DEMETHYLATE HISTONES%REACTOME DATABASE ID RELEASE 93%3214842	HDMS DEMETHYLATE HISTONES%REACTOME DATABASE ID RELEASE 93%3214842		23	-0.38072374	-1.0277647	0.41666666	0.80346096	1.0	5812	tags=78%, list=43%, signal=137%	
INTERLEUKIN-1-MEDIATED SIGNALING PATHWAY%GOBP%GO:0070498	INTERLEUKIN-1-MEDIATED SIGNALING PATHWAY%GOBP%GO:0070498		21	-0.3801398	-1.0276821	0.43369177	0.8032101	1.0	847	tags=19%, list=6%, signal=20%	
POTASSIUM ION HOMEOSTASIS%GOBP%GO:0055075	POTASSIUM ION HOMEOSTASIS%GOBP%GO:0055075		16	-0.41189978	-1.0274922	0.40720722	0.80327713	1.0	2607	tags=44%, list=19%, signal=54%	
POSITIVE REGULATION OF MAP KINASE ACTIVITY%GOBP%GO:0043406	POSITIVE REGULATION OF MAP KINASE ACTIVITY%GOBP%GO:0043406		31	-0.35993603	-1.0273157	0.41622576	0.80327356	1.0	1644	tags=23%, list=12%, signal=26%	
BIOCARTA_CXCR4_PATHWAY%MSIGDB_C2%BIOCARTA_CXCR4_PATHWAY	BIOCARTA_CXCR4_PATHWAY%MSIGDB_C2%BIOCARTA_CXCR4_PATHWAY		16	-0.4086113	-1.0272158	0.42026266	0.803098	1.0	2371	tags=25%, list=17%, signal=30%	
POSITIVE REGULATION OF APOPTOTIC SIGNALING PATHWAY%GOBP%GO:2001235	POSITIVE REGULATION OF APOPTOTIC SIGNALING PATHWAY%GOBP%GO:2001235		84	-0.30011678	-1.0271763	0.39597315	0.80272615	1.0	689	tags=12%, list=5%, signal=12%	
AROMATIC AMINO ACID METABOLIC PROCESS%GOBP%GO:0009072	AROMATIC AMINO ACID METABOLIC PROCESS%GOBP%GO:0009072		22	-0.38068995	-1.0270507	0.42628774	0.80259734	1.0	518	tags=14%, list=4%, signal=14%	
TCR SIGNALING%REACTOME%R-HSA-202403.7	TCR SIGNALING%REACTOME%R-HSA-202403.7		100	-0.28768978	-1.0270314	0.38636363	0.80217075	1.0	2093	tags=21%, list=15%, signal=25%	
GENERAL TRANSCRIPTION REGULATION%PANTHER PATHWAY%P00023	GENERAL TRANSCRIPTION REGULATION%PANTHER PATHWAY%P00023		29	-0.36465797	-1.0267256	0.43826088	0.8025788	1.0	4664	tags=45%, list=34%, signal=68%	
POSITIVE REGULATION OF PROTEIN TRANSPORT%GOBP%GO:0051222	POSITIVE REGULATION OF PROTEIN TRANSPORT%GOBP%GO:0051222		147	-0.27114588	-1.0263326	0.39553428	0.8032208	1.0	1901	tags=16%, list=14%, signal=19%	
TOLL RECEPTOR SIGNALING PATHWAY%PANTHER PATHWAY%P00054	TOLL RECEPTOR SIGNALING PATHWAY%PANTHER PATHWAY%P00054		37	-0.33977216	-1.0259285	0.42003515	0.80392987	1.0	949	tags=11%, list=7%, signal=12%	
GLYCOSPHINGOLIPID BIOSYNTHETIC PROCESS%GOBP%GO:0006688	GLYCOSPHINGOLIPID BIOSYNTHETIC PROCESS%GOBP%GO:0006688		28	-0.3598667	-1.0253489	0.42328042	0.80511445	1.0	3792	tags=39%, list=28%, signal=54%	
QUINONE METABOLIC PROCESS%GOBP%GO:1901661	QUINONE METABOLIC PROCESS%GOBP%GO:1901661		21	-0.38040763	-1.0252827	0.4466912	0.8048272	1.0	3916	tags=48%, list=29%, signal=67%	
PHOTORECEPTOR CELL DIFFERENTIATION%GOBP%GO:0046530	PHOTORECEPTOR CELL DIFFERENTIATION%GOBP%GO:0046530		21	-0.38628793	-1.0247536	0.43554008	0.80587363	1.0	1473	tags=19%, list=11%, signal=21%	
CELL SURFACE RECEPTOR PROTEIN SERINE/THREONINE KINASE SIGNALING PATHWAY%GOBP%GO:0007178	CELL SURFACE RECEPTOR PROTEIN SERINE/THREONINE KINASE SIGNALING PATHWAY%GOBP%GO:0007178		108	-0.2830359	-1.0246903	0.42164782	0.8055729	1.0	1400	tags=17%, list=10%, signal=18%	
POSITIVE REGULATION OF RAC PROTEIN SIGNAL TRANSDUCTION%GOBP%GO:0035022	POSITIVE REGULATION OF RAC PROTEIN SIGNAL TRANSDUCTION%GOBP%GO:0035022		17	-0.40636897	-1.0242223	0.44522968	0.8064729	1.0	1651	tags=29%, list=12%, signal=33%	
EPO SIGNALING PATHWAY%PATHWAY INTERACTION DATABASE NCI-NATURE CURATED DATA%EPO SIGNALING PATHWAY	EPO SIGNALING PATHWAY%PATHWAY INTERACTION DATABASE NCI-NATURE CURATED DATA%EPO SIGNALING PATHWAY		32	-0.35009646	-1.0241098	0.42553192	0.80631196	1.0	2792	tags=31%, list=21%, signal=39%	
CELL-CELL RECOGNITION%GOBP%GO:0009988	CELL-CELL RECOGNITION%GOBP%GO:0009988		20	-0.39287713	-1.0239575	0.44268078	0.8062504	1.0	1032	tags=25%, list=8%, signal=27%	
CELLULAR RESPONSE TO DECREASED OXYGEN LEVELS%GOBP%GO:0036294	CELLULAR RESPONSE TO DECREASED OXYGEN LEVELS%GOBP%GO:0036294		69	-0.30343258	-1.0237602	0.4095941	0.8063041	1.0	2158	tags=20%, list=16%, signal=24%	
REGULATION OF GENERATION OF PRECURSOR METABOLITES AND ENERGY%GOBP%GO:0043467	REGULATION OF GENERATION OF PRECURSOR METABOLITES AND ENERGY%GOBP%GO:0043467		88	-0.29039785	-1.0236729	0.42372882	0.8060745	1.0	2578	tags=22%, list=19%, signal=26%	
PEROXISOMAL TRANSPORT%GOBP%GO:0043574	PEROXISOMAL TRANSPORT%GOBP%GO:0043574		21	-0.3878993	-1.0236204	0.42435426	0.8057313	1.0	3592	tags=43%, list=27%, signal=58%	
FEMALE GAMETE GENERATION%GOBP%GO:0007292	FEMALE GAMETE GENERATION%GOBP%GO:0007292		46	-0.32963756	-1.0234995	0.41385135	0.80557805	1.0	3050	tags=35%, list=23%, signal=45%	
HETEROTRIMERIC G-PROTEIN SIGNALING PATHWAY-GI ALPHA AND GS ALPHA MEDIATED PATHWAY%PANTHER PATHWAY%P00026	HETEROTRIMERIC G-PROTEIN SIGNALING PATHWAY-GI ALPHA AND GS ALPHA MEDIATED PATHWAY%PANTHER PATHWAY%P00026		80	-0.29847968	-1.0234762	0.42570952	0.80515754	1.0	1128	tags=18%, list=8%, signal=19%	
ERYTHROCYTE DIFFERENTIATION%GOBP%GO:0030218	ERYTHROCYTE DIFFERENTIATION%GOBP%GO:0030218		48	-0.32415822	-1.0233419	0.41843972	0.8050674	1.0	2267	tags=23%, list=17%, signal=27%	
ERYTHROCYTE HOMEOSTASIS%GOBP%GO:0034101	ERYTHROCYTE HOMEOSTASIS%GOBP%GO:0034101		50	-0.32291377	-1.023302	0.42222223	0.804704	1.0	2267	tags=24%, list=17%, signal=29%	
ANTIGEN PROCESSING: UB, ATP-INDEPENDENT PROTEASOMAL DEGRADATION%REACTOME%R-HSA-9912633.1	ANTIGEN PROCESSING: UB, ATP-INDEPENDENT PROTEASOMAL DEGRADATION%REACTOME%R-HSA-9912633.1		19	-0.392919	-1.0230857	0.44981414	0.80486405	1.0	3962	tags=42%, list=29%, signal=59%	
RESPONSE TO ARSENIC-CONTAINING SUBSTANCE%GOBP%GO:0046685	RESPONSE TO ARSENIC-CONTAINING SUBSTANCE%GOBP%GO:0046685		17	-0.41079912	-1.0229962	0.44756556	0.80464184	1.0	2624	tags=35%, list=19%, signal=44%	
RESPONSE TO CAMP%GOBP%GO:0051591	RESPONSE TO CAMP%GOBP%GO:0051591		27	-0.37337515	-1.0229099	0.41252303	0.80437577	1.0	1428	tags=19%, list=11%, signal=21%	
PHOSPHATIDYLINOSITOL-MEDIATED SIGNALING%GOBP%GO:0048015	PHOSPHATIDYLINOSITOL-MEDIATED SIGNALING%GOBP%GO:0048015		21	-0.38857418	-1.0226656	0.45045045	0.80462736	1.0	4301	tags=43%, list=32%, signal=63%	
REGULATION OF STRIATED MUSCLE CONTRACTION%GOBP%GO:0006942	REGULATION OF STRIATED MUSCLE CONTRACTION%GOBP%GO:0006942		65	-0.3097634	-1.0225035	0.41355932	0.80461466	1.0	1492	tags=20%, list=11%, signal=22%	
AKT SIGNALING AND ARTD FAMILY MEMBERS%WIKIPATHWAYS_20250810%WP5531%HOMO SAPIENS	AKT SIGNALING AND ARTD FAMILY MEMBERS%WIKIPATHWAYS_20250810%WP5531%HOMO SAPIENS		26	-0.36443484	-1.0219297	0.40071556	0.8058007	1.0	1380	tags=15%, list=10%, signal=17%	
ALZHEIMER DISEASE-AMYLOID SECRETASE PATHWAY%PANTHER PATHWAY%P00003	ALZHEIMER DISEASE-AMYLOID SECRETASE PATHWAY%PANTHER PATHWAY%P00003		40	-0.33408177	-1.0211836	0.4296161	0.8074751	1.0	1254	tags=15%, list=9%, signal=16%	
ADP CATABOLIC PROCESS%GOBP%GO:0046032	ADP CATABOLIC PROCESS%GOBP%GO:0046032		30	-0.35828248	-1.021146	0.41908008	0.80709827	1.0	2923	tags=23%, list=22%, signal=30%	
FC-GAMMA RECEPTOR SIGNALING PATHWAY INVOLVED IN PHAGOCYTOSIS%GOBP%GO:0038096	FC-GAMMA RECEPTOR SIGNALING PATHWAY INVOLVED IN PHAGOCYTOSIS%GOBP%GO:0038096		20	-0.38650003	-1.0210929	0.4499089	0.806769	1.0	1671	tags=25%, list=12%, signal=28%	
CELL FATE COMMITMENT%GOBP%GO:0045165	CELL FATE COMMITMENT%GOBP%GO:0045165		91	-0.28868517	-1.0206951	0.40261865	0.8073584	1.0	1664	tags=18%, list=12%, signal=20%	
NEGATIVE REGULATION OF CALCIUM-MEDIATED SIGNALING%GOBP%GO:0050849	NEGATIVE REGULATION OF CALCIUM-MEDIATED SIGNALING%GOBP%GO:0050849		16	-0.4131294	-1.0203929	0.44117647	0.80776525	1.0	1906	tags=31%, list=14%, signal=36%	
SOCIAL BEHAVIOR%GOBP%GO:0035176	SOCIAL BEHAVIOR%GOBP%GO:0035176		20	-0.37953874	-1.0202775	0.4390244	0.80764973	1.0	2397	tags=35%, list=18%, signal=42%	
SPLICEOSOMAL SNRNP ASSEMBLY%GOBP%GO:0000387	SPLICEOSOMAL SNRNP ASSEMBLY%GOBP%GO:0000387		36	-0.34334671	-1.0197428	0.42141622	0.8086713	1.0	5186	tags=53%, list=38%, signal=85%	
REGULATION OF B CELL ACTIVATION%GOBP%GO:0050864	REGULATION OF B CELL ACTIVATION%GOBP%GO:0050864		73	-0.29959452	-1.0197126	0.39862543	0.8082726	1.0	1836	tags=21%, list=14%, signal=24%	
PROTON TRANSMEMBRANE TRANSPORT%GOBP%GO:1902600	PROTON TRANSMEMBRANE TRANSPORT%GOBP%GO:1902600		42	-0.33071375	-1.019546	0.43972835	0.8082788	1.0	3583	tags=31%, list=26%, signal=42%	
NEGATIVE REGULATION OF INTERLEUKIN-1 BETA PRODUCTION%GOBP%GO:0032691	NEGATIVE REGULATION OF INTERLEUKIN-1 BETA PRODUCTION%GOBP%GO:0032691		18	-0.39377838	-1.0193093	0.42028984	0.8085117	1.0	1706	tags=28%, list=13%, signal=32%	
NEGATIVE REGULATION OF MIRNA METABOLIC PROCESS%GOBP%GO:2000629	NEGATIVE REGULATION OF MIRNA METABOLIC PROCESS%GOBP%GO:2000629		25	-0.37355366	-1.0188273	0.45190564	0.8094792	1.0	775	tags=16%, list=6%, signal=17%	
PURINE RIBONUCLEOSIDE DIPHOSPHATE CATABOLIC PROCESS%GOBP%GO:0009181	PURINE RIBONUCLEOSIDE DIPHOSPHATE CATABOLIC PROCESS%GOBP%GO:0009181		32	-0.3504206	-1.0188074	0.42530757	0.80905265	1.0	2923	tags=22%, list=22%, signal=28%	
ARACHIDONATE METABOLIC PROCESS%GOBP%GO:0019369	ARACHIDONATE METABOLIC PROCESS%GOBP%GO:0019369		28	-0.3566023	-1.0187912	0.44444445	0.80862343	1.0	1155	tags=21%, list=9%, signal=23%	
POSITIVE REGULATION OF CANONICAL NF-KAPPAB SIGNAL TRANSDUCTION%GOBP%GO:0043123	POSITIVE REGULATION OF CANONICAL NF-KAPPAB SIGNAL TRANSDUCTION%GOBP%GO:0043123		197	-0.26223716	-1.0186219	0.4	0.8086266	1.0	1887	tags=15%, list=14%, signal=17%	
NEGATIVE REGULATION OF FATTY ACID METABOLIC PROCESS%GOBP%GO:0045922	NEGATIVE REGULATION OF FATTY ACID METABOLIC PROCESS%GOBP%GO:0045922		23	-0.37625968	-1.0185003	0.43992934	0.8085164	1.0	1414	tags=17%, list=10%, signal=19%	
NEGATIVE REGULATION OF DEFENSE RESPONSE%GOBP%GO:0031348	NEGATIVE REGULATION OF DEFENSE RESPONSE%GOBP%GO:0031348		185	-0.26397133	-1.0184731	0.4064915	0.8081193	1.0	2405	tags=22%, list=18%, signal=26%	
NEGATIVE REGULATION OF RESPONSE TO CYTOKINE STIMULUS%GOBP%GO:0060761	NEGATIVE REGULATION OF RESPONSE TO CYTOKINE STIMULUS%GOBP%GO:0060761		59	-0.3110352	-1.0179439	0.43256578	0.80921686	1.0	1105	tags=17%, list=8%, signal=18%	
REGULATION OF VASCULAR ENDOTHELIAL GROWTH FACTOR RECEPTOR SIGNALING PATHWAY%GOBP%GO:0030947	REGULATION OF VASCULAR ENDOTHELIAL GROWTH FACTOR RECEPTOR SIGNALING PATHWAY%GOBP%GO:0030947		23	-0.37942567	-1.0178697	0.45303866	0.80894756	1.0	1446	tags=17%, list=11%, signal=19%	
NEGATIVE REGULATION OF MONONUCLEAR CELL MIGRATION%GOBP%GO:0071676	NEGATIVE REGULATION OF MONONUCLEAR CELL MIGRATION%GOBP%GO:0071676		25	-0.36751157	-1.0173328	0.4256881	0.8100759	1.0	771	tags=20%, list=6%, signal=21%	
HOST-MEDIATED ACTIVATION OF VIRAL TRANSCRIPTION%GOBP%GO:0043923	HOST-MEDIATED ACTIVATION OF VIRAL TRANSCRIPTION%GOBP%GO:0043923		16	-0.40492755	-1.0169691	0.46774194	0.8106083	1.0	83	tags=6%, list=1%, signal=6%	
IMMUNE RESPONSE-REGULATING CELL SURFACE RECEPTOR SIGNALING PATHWAY INVOLVED IN PHAGOCYTOSIS%GOBP%GO:0002433	IMMUNE RESPONSE-REGULATING CELL SURFACE RECEPTOR SIGNALING PATHWAY INVOLVED IN PHAGOCYTOSIS%GOBP%GO:0002433		20	-0.38650003	-1.0168527	0.44186047	0.81045675	1.0	1671	tags=25%, list=12%, signal=28%	
PURINE NUCLEOSIDE DIPHOSPHATE CATABOLIC PROCESS%GOBP%GO:0009137	PURINE NUCLEOSIDE DIPHOSPHATE CATABOLIC PROCESS%GOBP%GO:0009137		32	-0.3504206	-1.0167043	0.47132617	0.81042224	1.0	2923	tags=22%, list=22%, signal=28%	
CHOLESTEROL HOMEOSTASIS%GOBP%GO:0042632	CHOLESTEROL HOMEOSTASIS%GOBP%GO:0042632		57	-0.3108205	-1.016376	0.4425087	0.8108991	1.0	976	tags=14%, list=7%, signal=15%	
JNK CASCADE%GOBP%GO:0007254	JNK CASCADE%GOBP%GO:0007254		29	-0.3639752	-1.0162373	0.43515357	0.8108189	1.0	1644	tags=17%, list=12%, signal=20%	
POSITIVE REGULATION OF CHEMOKINE PRODUCTION%GOBP%GO:0032722	POSITIVE REGULATION OF CHEMOKINE PRODUCTION%GOBP%GO:0032722		45	-0.32397223	-1.0151267	0.42461005	0.8135764	1.0	790	tags=18%, list=6%, signal=19%	
GASTRIN_CCK2R_240212%PANTHER PATHWAY%P06959	GASTRIN_CCK2R_240212%PANTHER PATHWAY%P06959		123	-0.2753586	-1.0147283	0.39965987	0.8142907	1.0	1392	tags=12%, list=10%, signal=13%	
REGULATION OF VENTRICULAR CARDIAC MUSCLE CELL MEMBRANE REPOLARIZATION%GOBP%GO:0060307	REGULATION OF VENTRICULAR CARDIAC MUSCLE CELL MEMBRANE REPOLARIZATION%GOBP%GO:0060307		15	-0.41092965	-1.0145507	0.44212523	0.814317	1.0	9	tags=7%, list=0%, signal=7%	
STEROL HOMEOSTASIS%GOBP%GO:0055092	STEROL HOMEOSTASIS%GOBP%GO:0055092		58	-0.31014857	-1.0143986	0.4037162	0.81425554	1.0	976	tags=14%, list=7%, signal=15%	
CELLULAR RESPONSES TO MECHANICAL STIMULI%REACTOME DATABASE ID RELEASE 93%9855142	CELLULAR RESPONSES TO MECHANICAL STIMULI%REACTOME DATABASE ID RELEASE 93%9855142		88	-0.29160354	-1.0141628	0.42930153	0.81443524	1.0	1328	tags=15%, list=10%, signal=16%	
PEROXISOMAL MEMBRANE TRANSPORT%GOBP%GO:0015919	PEROXISOMAL MEMBRANE TRANSPORT%GOBP%GO:0015919		21	-0.3878993	-1.0132984	0.44871795	0.81644326	1.0	3592	tags=43%, list=27%, signal=58%	
NEGATIVE REGULATION OF DNA-BINDING TRANSCRIPTION FACTOR ACTIVITY%GOBP%GO:0043433	NEGATIVE REGULATION OF DNA-BINDING TRANSCRIPTION FACTOR ACTIVITY%GOBP%GO:0043433		54	-0.3143076	-1.0125308	0.43865547	0.8182478	1.0	1745	tags=17%, list=13%, signal=19%	
IFN-GAMMA%IOB%IFN-GAMMA	IFN-GAMMA%IOB%IFN-GAMMA		22	-0.38482258	-1.0121995	0.4416961	0.81874067	1.0	4163	tags=36%, list=31%, signal=52%	
POSITIVE REGULATION OF MICROTUBULE POLYMERIZATION%GOBP%GO:0031116	POSITIVE REGULATION OF MICROTUBULE POLYMERIZATION%GOBP%GO:0031116		25	-0.37523016	-1.0119717	0.42193308	0.81891066	1.0	3372	tags=32%, list=25%, signal=43%	
RNA POLYMERASE II TRANSCRIPTION TERMINATION%REACTOME DATABASE ID RELEASE 93%73856	RNA POLYMERASE II TRANSCRIPTION TERMINATION%REACTOME DATABASE ID RELEASE 93%73856		62	-0.30609637	-1.0118669	0.42595673	0.8187151	1.0	5295	tags=47%, list=39%, signal=76%	
CHOLESTEROL TRANSPORT%GOBP%GO:0030301	CHOLESTEROL TRANSPORT%GOBP%GO:0030301		46	-0.3201576	-1.0116336	0.43233743	0.8189207	1.0	954	tags=13%, list=7%, signal=14%	
DNA-TEMPLATED TRANSCRIPTION INITIATION%GOBP%GO:0006352	DNA-TEMPLATED TRANSCRIPTION INITIATION%GOBP%GO:0006352		158	-0.26684773	-1.0113314	0.4191523	0.81931627	1.0	4697	tags=38%, list=35%, signal=57%	
REGULATION OF SYNAPSE ORGANIZATION%GOBP%GO:0050807	REGULATION OF SYNAPSE ORGANIZATION%GOBP%GO:0050807		115	-0.27676487	-1.0111048	0.42424244	0.81948894	1.0	2032	tags=23%, list=15%, signal=27%	
NEURON CELLULAR HOMEOSTASIS%GOBP%GO:0070050	NEURON CELLULAR HOMEOSTASIS%GOBP%GO:0070050		19	-0.39615566	-1.0110891	0.4537037	0.819052	1.0	3076	tags=42%, list=23%, signal=54%	
INTERACTIONS OF NATURAL KILLER CELLS IN PANCREATIC CANCER%WIKIPATHWAYS_20250810%WP5092%HOMO SAPIENS	INTERACTIONS OF NATURAL KILLER CELLS IN PANCREATIC CANCER%WIKIPATHWAYS_20250810%WP5092%HOMO SAPIENS		19	-0.3897207	-1.0110862	0.44945848	0.8185839	1.0	844	tags=26%, list=6%, signal=28%	
REGULATION OF MUSCLE CONTRACTION%GOBP%GO:0006937	REGULATION OF MUSCLE CONTRACTION%GOBP%GO:0006937		91	-0.28689554	-1.0104697	0.41319445	0.8199286	1.0	1492	tags=18%, list=11%, signal=20%	
B CELL ACTIVATION%PANTHER PATHWAY%P00010	B CELL ACTIVATION%PANTHER PATHWAY%P00010		51	-0.323528	-1.0102446	0.42957747	0.8201058	1.0	888	tags=16%, list=7%, signal=17%	
HETEROTRIMERIC G-PROTEIN SIGNALING PATHWAY-GQ ALPHA AND GO ALPHA MEDIATED PATHWAY%PANTHER PATHWAY%P00027	HETEROTRIMERIC G-PROTEIN SIGNALING PATHWAY-GQ ALPHA AND GO ALPHA MEDIATED PATHWAY%PANTHER PATHWAY%P00027		55	-0.31238082	-1.0102392	0.43209878	0.8196389	1.0	1438	tags=24%, list=11%, signal=26%	
REGULATION OF STEM CELL PROLIFERATION%GOBP%GO:0072091	REGULATION OF STEM CELL PROLIFERATION%GOBP%GO:0072091		19	-0.3994417	-1.0098629	0.44424132	0.8202632	1.0	1568	tags=26%, list=12%, signal=30%	
PID_HDAC_CLASSIII_PATHWAY%MSIGDB_C2%PID_HDAC_CLASSIII_PATHWAY	PID_HDAC_CLASSIII_PATHWAY%MSIGDB_C2%PID_HDAC_CLASSIII_PATHWAY		19	-0.39355746	-1.0096891	0.44964027	0.8202583	1.0	1580	tags=21%, list=12%, signal=24%	
SIGNALING BY CSF1 (M-CSF) IN MYELOID CELLS%REACTOME%R-HSA-9680350.3	SIGNALING BY CSF1 (M-CSF) IN MYELOID CELLS%REACTOME%R-HSA-9680350.3		29	-0.35605976	-1.0091363	0.4340949	0.8213892	1.0	2554	tags=34%, list=19%, signal=42%	
PHOTODYNAMIC THERAPY INDUCED NF KB SURVIVAL SIGNALING%WIKIPATHWAYS_20250810%WP3617%HOMO SAPIENS	PHOTODYNAMIC THERAPY INDUCED NF KB SURVIVAL SIGNALING%WIKIPATHWAYS_20250810%WP3617%HOMO SAPIENS		29	-0.3461482	-1.0089719	0.45808968	0.821404	1.0	411	tags=10%, list=3%, signal=11%	
POSITIVE REGULATION OF GROWTH%GOBP%GO:0045927	POSITIVE REGULATION OF GROWTH%GOBP%GO:0045927		117	-0.27882886	-1.007895	0.42978004	0.82400644	1.0	1839	tags=18%, list=14%, signal=21%	
STRESS GRANULE ASSEMBLY%GOBP%GO:0034063	STRESS GRANULE ASSEMBLY%GOBP%GO:0034063		25	-0.3608355	-1.0078014	0.44765344	0.82378864	1.0	2530	tags=20%, list=19%, signal=25%	
REGULATION OF CARDIAC MUSCLE CONTRACTION%GOBP%GO:0055117	REGULATION OF CARDIAC MUSCLE CONTRACTION%GOBP%GO:0055117		55	-0.30818924	-1.0075611	0.43057996	0.82399213	1.0	662	tags=13%, list=5%, signal=13%	
RESPONSE TO STARVATION%GOBP%GO:0042594	RESPONSE TO STARVATION%GOBP%GO:0042594		147	-0.26677588	-1.0072551	0.44122383	0.8244433	1.0	2353	tags=16%, list=17%, signal=19%	
SIGNALING BY NOTCH1 HD+PEST DOMAIN MUTANTS IN CANCER%REACTOME%R-HSA-2894858.3	SIGNALING BY NOTCH1 HD+PEST DOMAIN MUTANTS IN CANCER%REACTOME%R-HSA-2894858.3		56	-0.30655116	-1.0070752	0.43361345	0.82447207	1.0	2028	tags=18%, list=15%, signal=21%	
SUMOYLATION OF SUMOYLATION PROTEINS%REACTOME DATABASE ID RELEASE 93%4085377	SUMOYLATION OF SUMOYLATION PROTEINS%REACTOME DATABASE ID RELEASE 93%4085377		32	-0.3492626	-1.0069858	0.44483364	0.82424057	1.0	4486	tags=38%, list=33%, signal=56%	
EXPORT OF VIRAL RIBONUCLEOPROTEINS FROM NUCLEUS%REACTOME DATABASE ID RELEASE 93%168274	EXPORT OF VIRAL RIBONUCLEOPROTEINS FROM NUCLEUS%REACTOME DATABASE ID RELEASE 93%168274		30	-0.35150567	-1.0067405	0.43727598	0.82442635	1.0	4486	tags=37%, list=33%, signal=55%	
KISSPEPTIN KISSPEPTIN RECEPTOR SYSTEM IN THE OVARY%WIKIPATHWAYS_20250810%WP4871%HOMO SAPIENS	KISSPEPTIN KISSPEPTIN RECEPTOR SYSTEM IN THE OVARY%WIKIPATHWAYS_20250810%WP4871%HOMO SAPIENS		25	-0.36395207	-1.0067325	0.47636363	0.8239752	1.0	3554	tags=40%, list=26%, signal=54%	
REGULATION OF NITRIC OXIDE METABOLIC PROCESS%GOBP%GO:0080164	REGULATION OF NITRIC OXIDE METABOLIC PROCESS%GOBP%GO:0080164		44	-0.32641017	-1.006678	0.4531516	0.8236618	1.0	411	tags=11%, list=3%, signal=12%	
PROTEIN INSERTION INTO MEMBRANE%GOBP%GO:0051205	PROTEIN INSERTION INTO MEMBRANE%GOBP%GO:0051205		59	-0.30292383	-1.00625	0.4624782	0.82440203	1.0	2790	tags=20%, list=21%, signal=25%	
REGULATION OF HIPPO SIGNALING%GOBP%GO:0035330	REGULATION OF HIPPO SIGNALING%GOBP%GO:0035330		42	-0.32467577	-1.0059793	0.43910807	0.82470083	1.0	3606	tags=36%, list=27%, signal=49%	
SIGNALING EVENTS MEDIATED BY HDAC CLASS III%PATHWAY INTERACTION DATABASE NCI-NATURE CURATED DATA%SIGNALING EVENTS MEDIATED BY HDAC CLASS III	SIGNALING EVENTS MEDIATED BY HDAC CLASS III%PATHWAY INTERACTION DATABASE NCI-NATURE CURATED DATA%SIGNALING EVENTS MEDIATED BY HDAC CLASS III		24	-0.36887252	-1.0059692	0.45255473	0.82424873	1.0	1580	tags=17%, list=12%, signal=19%	
NEP NS2 INTERACTS WITH THE CELLULAR EXPORT MACHINERY%REACTOME DATABASE ID RELEASE 93%168333	NEP NS2 INTERACTS WITH THE CELLULAR EXPORT MACHINERY%REACTOME DATABASE ID RELEASE 93%168333		29	-0.3546229	-1.005923	0.43992248	0.8239133	1.0	4486	tags=38%, list=33%, signal=57%	
REGULATION OF TRANSLATIONAL INITIATION%GOBP%GO:0006446	REGULATION OF TRANSLATIONAL INITIATION%GOBP%GO:0006446		71	-0.29867387	-1.0057129	0.449827	0.8240493	1.0	3576	tags=31%, list=26%, signal=42%	
REGULATION OF INTERLEUKIN-1 BETA PRODUCTION%GOBP%GO:0032651	REGULATION OF INTERLEUKIN-1 BETA PRODUCTION%GOBP%GO:0032651		67	-0.30162668	-1.0056337	0.44709897	0.8238053	1.0	1288	tags=19%, list=10%, signal=21%	
INTERACTIONS OF VPR WITH HOST CELLULAR PROTEINS%REACTOME%R-HSA-176033.4	INTERACTIONS OF VPR WITH HOST CELLULAR PROTEINS%REACTOME%R-HSA-176033.4		33	-0.3443981	-1.005273	0.45974955	0.82431567	1.0	4068	tags=33%, list=30%, signal=48%	
HOST-MEDIATED PERTURBATION OF VIRAL PROCESS%GOBP%GO:0044788	HOST-MEDIATED PERTURBATION OF VIRAL PROCESS%GOBP%GO:0044788		63	-0.3040884	-1.0051951	0.44864866	0.82406783	1.0	988	tags=10%, list=7%, signal=10%	
REGULATION OF INTERLEUKIN-2 PRODUCTION%GOBP%GO:0032663	REGULATION OF INTERLEUKIN-2 PRODUCTION%GOBP%GO:0032663		42	-0.32562587	-1.0051324	0.4256757	0.82378685	1.0	1384	tags=24%, list=10%, signal=26%	
MTOR SIGNALLING%REACTOME%R-HSA-165159.8	MTOR SIGNALLING%REACTOME%R-HSA-165159.8		38	-0.3391267	-1.0050621	0.44584838	0.82351536	1.0	4072	tags=29%, list=30%, signal=41%	
RETINOID METABOLIC PROCESS%GOBP%GO:0001523	RETINOID METABOLIC PROCESS%GOBP%GO:0001523		39	-0.33108637	-1.0048105	0.443686	0.8237506	1.0	2140	tags=33%, list=16%, signal=39%	
GLUCONEOGENESIS%REACTOME%R-HSA-70263.7	GLUCONEOGENESIS%REACTOME%R-HSA-70263.7		19	-0.38682684	-1.0044799	0.47339448	0.824203	1.0	747	tags=11%, list=6%, signal=11%	
NEGATIVE REGULATION OF IMMUNE EFFECTOR PROCESS%GOBP%GO:0002698	NEGATIVE REGULATION OF IMMUNE EFFECTOR PROCESS%GOBP%GO:0002698		75	-0.29602584	-1.0044206	0.4540636	0.82391036	1.0	1626	tags=23%, list=12%, signal=26%	
NEGATIVE REGULATION OF SMOOTH MUSCLE CELL PROLIFERATION%GOBP%GO:0048662	NEGATIVE REGULATION OF SMOOTH MUSCLE CELL PROLIFERATION%GOBP%GO:0048662		31	-0.34174082	-1.0042999	0.44283122	0.8237689	1.0	1789	tags=23%, list=13%, signal=26%	
SIGNALING BY VEGF%REACTOME DATABASE ID RELEASE 93%194138	SIGNALING BY VEGF%REACTOME DATABASE ID RELEASE 93%194138		96	-0.28130198	-1.0041575	0.4283305	0.8237099	1.0	1786	tags=15%, list=13%, signal=17%	
CASPASE CASCADE IN APOPTOSIS%PATHWAY INTERACTION DATABASE NCI-NATURE CURATED DATA%CASPASE CASCADE IN APOPTOSIS	CASPASE CASCADE IN APOPTOSIS%PATHWAY INTERACTION DATABASE NCI-NATURE CURATED DATA%CASPASE CASCADE IN APOPTOSIS		49	-0.31987783	-1.0034745	0.41752577	0.8251837	1.0	2221	tags=24%, list=16%, signal=29%	
CHOLESTEROL SYNTHESIS DISORDERS%WIKIPATHWAYS_20250810%WP5193%HOMO SAPIENS	CHOLESTEROL SYNTHESIS DISORDERS%WIKIPATHWAYS_20250810%WP5193%HOMO SAPIENS		16	-0.40365618	-1.0034728	0.46846846	0.8247126	1.0	3807	tags=50%, list=28%, signal=69%	
PROTEIN LOCALIZATION TO GOLGI APPARATUS%GOBP%GO:0034067	PROTEIN LOCALIZATION TO GOLGI APPARATUS%GOBP%GO:0034067		26	-0.3656293	-1.0032812	0.45910782	0.8248098	1.0	899	tags=8%, list=7%, signal=8%	
UTERINE NATURAL KILLER CELLS AND PROGESTERONE ESTROGEN AND CHORIONIC GONADOTROPIN%WIKIPATHWAYS_20250810%WP5569%HOMO SAPIENS	UTERINE NATURAL KILLER CELLS AND PROGESTERONE ESTROGEN AND CHORIONIC GONADOTROPIN%WIKIPATHWAYS_20250810%WP5569%HOMO SAPIENS		36	-0.33098978	-1.0032129	0.44520548	0.8245381	1.0	1980	tags=33%, list=15%, signal=39%	
SUMOYLATION OF CHROMATIN ORGANIZATION PROTEINS%REACTOME%R-HSA-4551638.7	SUMOYLATION OF CHROMATIN ORGANIZATION PROTEINS%REACTOME%R-HSA-4551638.7		50	-0.31884944	-1.003147	0.44329897	0.8242519	1.0	4486	tags=34%, list=33%, signal=51%	
NOTCH-MEDIATED HES HEY NETWORK%PATHWAY INTERACTION DATABASE NCI-NATURE CURATED DATA%NOTCH-MEDIATED HES HEY NETWORK	NOTCH-MEDIATED HES HEY NETWORK%PATHWAY INTERACTION DATABASE NCI-NATURE CURATED DATA%NOTCH-MEDIATED HES HEY NETWORK		39	-0.33456048	-1.0028435	0.42881945	0.82461715	1.0	988	tags=15%, list=7%, signal=17%	
SOMATIC DIVERSIFICATION OF IMMUNE RECEPTORS%GOBP%GO:0002200	SOMATIC DIVERSIFICATION OF IMMUNE RECEPTORS%GOBP%GO:0002200		31	-0.34721667	-1.0027609	0.44007155	0.8243862	1.0	2367	tags=19%, list=17%, signal=23%	
DISASSEMBLY OF THE DESTRUCTION COMPLEX AND RECRUITMENT OF AXIN TO THE MEMBRANE%REACTOME DATABASE ID RELEASE 93%4641262	DISASSEMBLY OF THE DESTRUCTION COMPLEX AND RECRUITMENT OF AXIN TO THE MEMBRANE%REACTOME DATABASE ID RELEASE 93%4641262		26	-0.35793743	-1.0027324	0.46507353	0.82399756	1.0	918	tags=12%, list=7%, signal=12%	
MICRORNA (MIRNA) BIOGENESIS%REACTOME DATABASE ID RELEASE 93%203927	MICRORNA (MIRNA) BIOGENESIS%REACTOME DATABASE ID RELEASE 93%203927		24	-0.359541	-1.0024087	0.45652175	0.8244527	1.0	4664	tags=42%, list=34%, signal=63%	
SIGNALING BY NOTCH1 PEST DOMAIN MUTANTS IN CANCER%REACTOME%R-HSA-2644602.3	SIGNALING BY NOTCH1 PEST DOMAIN MUTANTS IN CANCER%REACTOME%R-HSA-2644602.3		56	-0.30655116	-1.0022339	0.44144145	0.8245112	1.0	2028	tags=18%, list=15%, signal=21%	
CHOLESTEROL METABOLISM%WIKIPATHWAYS_20250810%WP5304%HOMO SAPIENS	CHOLESTEROL METABOLISM%WIKIPATHWAYS_20250810%WP5304%HOMO SAPIENS		51	-0.3191421	-1.0019295	0.47275922	0.82489634	1.0	2613	tags=29%, list=19%, signal=36%	
MONOATOMIC ANION TRANSMEMBRANE TRANSPORT%GOBP%GO:0098656	MONOATOMIC ANION TRANSMEMBRANE TRANSPORT%GOBP%GO:0098656		45	-0.32140046	-1.0016053	0.45140034	0.8253373	1.0	2443	tags=36%, list=18%, signal=43%	
BIOCARTA_IL1R_PATHWAY%MSIGDB_C2%BIOCARTA_IL1R_PATHWAY	BIOCARTA_IL1R_PATHWAY%MSIGDB_C2%BIOCARTA_IL1R_PATHWAY		24	-0.36833924	-1.0013152	0.4332724	0.8256791	1.0	847	tags=13%, list=6%, signal=13%	
INSULIN IGF PATHWAY-PROTEIN KINASE B SIGNALING CASCADE%PANTHER PATHWAY%P00033	INSULIN IGF PATHWAY-PROTEIN KINASE B SIGNALING CASCADE%PANTHER PATHWAY%P00033		18	-0.38793227	-1.001076	0.44765344	0.8258983	1.0	4301	tags=44%, list=32%, signal=65%	
PYROPTOSIS%REACTOME%R-HSA-5620971.5	PYROPTOSIS%REACTOME%R-HSA-5620971.5		23	-0.3738523	-1.0005001	0.4566787	0.82708913	1.0	2266	tags=35%, list=17%, signal=42%	
NADP+ METABOLIC PROCESS%GOBP%GO:0006739	NADP+ METABOLIC PROCESS%GOBP%GO:0006739		24	-0.36814234	-1.0004381	0.44751382	0.8267861	1.0	2582	tags=25%, list=19%, signal=31%	
GLUTAMINE FAMILY AMINO ACID METABOLIC PROCESS%GOBP%GO:0009064	GLUTAMINE FAMILY AMINO ACID METABOLIC PROCESS%GOBP%GO:0009064		31	-0.343333	-1.0001209	0.46994534	0.82720643	1.0	1704	tags=16%, list=13%, signal=18%	
PID_IL8_CXCR1_PATHWAY%MSIGDB_C2%PID_IL8_CXCR1_PATHWAY	PID_IL8_CXCR1_PATHWAY%MSIGDB_C2%PID_IL8_CXCR1_PATHWAY		17	-0.40335763	-1.0000926	0.47397768	0.8268123	1.0	888	tags=18%, list=7%, signal=19%	
PROSTAGLANDIN SYNTHESIS AND REGULATION%WIKIPATHWAYS_20250810%WP98%HOMO SAPIENS	PROSTAGLANDIN SYNTHESIS AND REGULATION%WIKIPATHWAYS_20250810%WP98%HOMO SAPIENS		32	-0.34640136	-1.0000156	0.47237077	0.8265396	1.0	1400	tags=25%, list=10%, signal=28%	
TRANSPORT OF RIBONUCLEOPROTEINS INTO THE HOST NUCLEUS%REACTOME DATABASE ID RELEASE 93%168271	TRANSPORT OF RIBONUCLEOPROTEINS INTO THE HOST NUCLEUS%REACTOME DATABASE ID RELEASE 93%168271		29	-0.34782308	-0.9995402	0.45391303	0.8274172	1.0	4486	tags=38%, list=33%, signal=57%	
HEXOSE CATABOLIC PROCESS%GOBP%GO:0019320	HEXOSE CATABOLIC PROCESS%GOBP%GO:0019320		32	-0.343103	-0.9993592	0.46112117	0.82745576	1.0	1192	tags=13%, list=9%, signal=14%	
DNA REPLICATION%REACTOME%R-HSA-69306.9	DNA REPLICATION%REACTOME%R-HSA-69306.9		122	-0.270263	-0.9992169	0.41734862	0.8273973	1.0	4217	tags=36%, list=31%, signal=52%	
DEVELOPMENTAL CELL LINEAGES%REACTOME DATABASE ID RELEASE 93%9734767	DEVELOPMENTAL CELL LINEAGES%REACTOME DATABASE ID RELEASE 93%9734767		16	-0.40126604	-0.9989347	0.46055046	0.8277221	1.0	1423	tags=25%, list=10%, signal=28%	
ALZHEIMER 39 S DISEASE%WIKIPATHWAYS_20250810%WP5124%HOMO SAPIENS	ALZHEIMER 39 S DISEASE%WIKIPATHWAYS_20250810%WP5124%HOMO SAPIENS		159	-0.26048523	-0.99854285	0.4659271	0.8283668	1.0	2411	tags=21%, list=18%, signal=25%	
PURINE-CONTAINING COMPOUND TRANSMEMBRANE TRANSPORT%GOBP%GO:0072530	PURINE-CONTAINING COMPOUND TRANSMEMBRANE TRANSPORT%GOBP%GO:0072530		25	-0.35843247	-0.99850917	0.44265231	0.8280022	1.0	2443	tags=40%, list=18%, signal=49%	
PROTEIN LOCALIZATION TO PEROXISOME%GOBP%GO:0072662	PROTEIN LOCALIZATION TO PEROXISOME%GOBP%GO:0072662		17	-0.40514454	-0.998176	0.47407407	0.8285034	1.0	3592	tags=47%, list=27%, signal=64%	
HISTAMINE H2 RECEPTOR MEDIATED SIGNALING PATHWAY%PANTHER PATHWAY%P04386	HISTAMINE H2 RECEPTOR MEDIATED SIGNALING PATHWAY%PANTHER PATHWAY%P04386		18	-0.3804301	-0.99793756	0.45636365	0.8286971	1.0	2936	tags=39%, list=22%, signal=50%	
NEGATIVE REGULATION OF INSULIN RECEPTOR SIGNALING PATHWAY%GOBP%GO:0046627	NEGATIVE REGULATION OF INSULIN RECEPTOR SIGNALING PATHWAY%GOBP%GO:0046627		30	-0.34784028	-0.9975285	0.46140653	0.8293828	1.0	883	tags=13%, list=7%, signal=14%	
SUMOYLATION OF RNA BINDING PROTEINS%REACTOME%R-HSA-4570464.4	SUMOYLATION OF RNA BINDING PROTEINS%REACTOME%R-HSA-4570464.4		42	-0.33095598	-0.9973822	0.46962234	0.8293406	1.0	4486	tags=38%, list=33%, signal=57%	
CONSTITUTIVE SIGNALING BY NOTCH1 PEST DOMAIN MUTANTS%REACTOME DATABASE ID RELEASE 93%2644606	CONSTITUTIVE SIGNALING BY NOTCH1 PEST DOMAIN MUTANTS%REACTOME DATABASE ID RELEASE 93%2644606		56	-0.30655116	-0.9972527	0.47118643	0.82925457	1.0	2028	tags=18%, list=15%, signal=21%	
ALPHA-SYNUCLEIN SIGNALING%PATHWAY INTERACTION DATABASE NCI-NATURE CURATED DATA%ALPHA-SYNUCLEIN SIGNALING	ALPHA-SYNUCLEIN SIGNALING%PATHWAY INTERACTION DATABASE NCI-NATURE CURATED DATA%ALPHA-SYNUCLEIN SIGNALING		27	-0.34882575	-0.9966723	0.48076922	0.83045405	1.0	2371	tags=33%, list=17%, signal=40%	
ANTIGEN PROCESSING AND PRESENTATION OF PEPTIDE ANTIGEN VIA MHC CLASS I%GOBP%GO:0002474	ANTIGEN PROCESSING AND PRESENTATION OF PEPTIDE ANTIGEN VIA MHC CLASS I%GOBP%GO:0002474		28	-0.34835583	-0.996554	0.47292417	0.83033043	1.0	13	tags=4%, list=0%, signal=4%	
REGULATION OF PROTEIN LOCALIZATION TO CELL SURFACE%GOBP%GO:2000008	REGULATION OF PROTEIN LOCALIZATION TO CELL SURFACE%GOBP%GO:2000008		29	-0.34998718	-0.99625444	0.4673913	0.83075726	1.0	2954	tags=34%, list=22%, signal=44%	
HALLMARK_MYOGENESIS%MSIGDBHALLMARK%HALLMARK_MYOGENESIS	HALLMARK_MYOGENESIS%MSIGDBHALLMARK%HALLMARK_MYOGENESIS		128	-0.27344814	-0.99624914	0.47611466	0.8303017	1.0	1144	tags=16%, list=8%, signal=17%	
REGULATION OF PROTEIN BINDING%GOBP%GO:0043393	REGULATION OF PROTEIN BINDING%GOBP%GO:0043393		34	-0.33769533	-0.99600464	0.46140352	0.83052737	1.0	2795	tags=26%, list=21%, signal=33%	
NEGATIVE REGULATION OF UBIQUITIN-DEPENDENT PROTEIN CATABOLIC PROCESS%GOBP%GO:2000059	NEGATIVE REGULATION OF UBIQUITIN-DEPENDENT PROTEIN CATABOLIC PROCESS%GOBP%GO:2000059		46	-0.31379437	-0.9958804	0.4799302	0.83042186	1.0	4688	tags=46%, list=35%, signal=70%	
LIVER DEVELOPMENT%GOBP%GO:0001889	LIVER DEVELOPMENT%GOBP%GO:0001889		28	-0.3540784	-0.99584377	0.46328673	0.83005035	1.0	800	tags=14%, list=6%, signal=15%	
ENDOGENOUS_CANNABINOID_SIGNALING%PANTHER PATHWAY%P05730	ENDOGENOUS_CANNABINOID_SIGNALING%PANTHER PATHWAY%P05730		15	-0.40253666	-0.9957545	0.47882137	0.8298229	1.0	3854	tags=40%, list=28%, signal=56%	
MUSCARINIC ACETYLCHOLINE RECEPTOR 2 AND 4 SIGNALING PATHWAY%PANTHER PATHWAY%P00043	MUSCARINIC ACETYLCHOLINE RECEPTOR 2 AND 4 SIGNALING PATHWAY%PANTHER PATHWAY%P00043		24	-0.35856137	-0.9956172	0.4578097	0.82973355	1.0	1096	tags=17%, list=8%, signal=18%	
CARDIAC MUSCLE CELL ACTION POTENTIAL%GOBP%GO:0086001	CARDIAC MUSCLE CELL ACTION POTENTIAL%GOBP%GO:0086001		42	-0.32295087	-0.9952647	0.46539792	0.83023185	1.0	1500	tags=26%, list=11%, signal=29%	
HEPATICOBILIARY SYSTEM DEVELOPMENT%GOBP%GO:0061008	HEPATICOBILIARY SYSTEM DEVELOPMENT%GOBP%GO:0061008		29	-0.3495293	-0.9951485	0.44722718	0.8301106	1.0	800	tags=14%, list=6%, signal=15%	
TRANSCRIPTIONAL REGULATION BY SMALL RNAS%REACTOME%R-HSA-5578749.7	TRANSCRIPTIONAL REGULATION BY SMALL RNAS%REACTOME%R-HSA-5578749.7		53	-0.30575997	-0.99513656	0.4534687	0.82967454	1.0	4068	tags=32%, list=30%, signal=46%	
IL19 SIGNALING%WIKIPATHWAYS_20250810%WP5422%HOMO SAPIENS	IL19 SIGNALING%WIKIPATHWAYS_20250810%WP5422%HOMO SAPIENS		19	-0.39164132	-0.99466425	0.4883721	0.83058536	1.0	193	tags=11%, list=1%, signal=11%	
RESPONSE TO INTERFERON-BETA%GOBP%GO:0035456	RESPONSE TO INTERFERON-BETA%GOBP%GO:0035456		26	-0.36142504	-0.99428225	0.4686411	0.8312413	1.0	1946	tags=23%, list=14%, signal=27%	
NEGATIVE REGULATION OF LEUKOCYTE CELL-CELL ADHESION%GOBP%GO:1903038	NEGATIVE REGULATION OF LEUKOCYTE CELL-CELL ADHESION%GOBP%GO:1903038		83	-0.28356618	-0.99423826	0.46481177	0.83090097	1.0	1737	tags=22%, list=13%, signal=25%	
CD40%IOB%CD40	CD40%IOB%CD40		19	-0.38503614	-0.99416625	0.45535713	0.8306503	1.0	888	tags=16%, list=7%, signal=17%	
SIGNALING BY HIGH-KINASE ACTIVITY BRAF MUTANTS%REACTOME DATABASE ID RELEASE 93%6802948	SIGNALING BY HIGH-KINASE ACTIVITY BRAF MUTANTS%REACTOME DATABASE ID RELEASE 93%6802948		29	-0.34655273	-0.99410784	0.4738676	0.83035725	1.0	1746	tags=17%, list=13%, signal=20%	
GLUCAGON-TYPE LIGAND RECEPTORS%REACTOME%R-HSA-420092.5	GLUCAGON-TYPE LIGAND RECEPTORS%REACTOME%R-HSA-420092.5		18	-0.39003915	-0.99378496	0.45688075	0.83077645	1.0	2552	tags=39%, list=19%, signal=48%	
REGULATION OF CELLULAR SENESCENCE%GOBP%GO:2000772	REGULATION OF CELLULAR SENESCENCE%GOBP%GO:2000772		29	-0.34247833	-0.9932852	0.47448015	0.8317702	1.0	1380	tags=17%, list=10%, signal=19%	
CONSTITUTIVE SIGNALING BY NOTCH1 HD+PEST DOMAIN MUTANTS%REACTOME DATABASE ID RELEASE 93%2894862	CONSTITUTIVE SIGNALING BY NOTCH1 HD+PEST DOMAIN MUTANTS%REACTOME DATABASE ID RELEASE 93%2894862		56	-0.30655116	-0.993115	0.47048903	0.8317588	1.0	2028	tags=18%, list=15%, signal=21%	
SIGNALING BY NOTCH1 IN CANCER%REACTOME%R-HSA-2644603.5	SIGNALING BY NOTCH1 IN CANCER%REACTOME%R-HSA-2644603.5		56	-0.30655116	-0.9925638	0.46837607	0.83285797	1.0	2028	tags=18%, list=15%, signal=21%	
POSITIVE REGULATION OF EPITHELIAL CELL DIFFERENTIATION%GOBP%GO:0030858	POSITIVE REGULATION OF EPITHELIAL CELL DIFFERENTIATION%GOBP%GO:0030858		32	-0.34451446	-0.9921733	0.4629295	0.8335282	1.0	1818	tags=25%, list=13%, signal=29%	
CLEC7A (DECTIN-1) SIGNALING%REACTOME DATABASE ID RELEASE 93%5607764	CLEC7A (DECTIN-1) SIGNALING%REACTOME DATABASE ID RELEASE 93%5607764		81	-0.28844106	-0.9919992	0.46052632	0.833557	1.0	4673	tags=38%, list=34%, signal=58%	
EPITHELIAL CELL DIFFERENTIATION INVOLVED IN KIDNEY DEVELOPMENT%GOBP%GO:0035850	EPITHELIAL CELL DIFFERENTIATION INVOLVED IN KIDNEY DEVELOPMENT%GOBP%GO:0035850		17	-0.39361197	-0.9915827	0.48987108	0.83427334	1.0	331	tags=12%, list=2%, signal=12%	
EMBRYONIC ORGAN DEVELOPMENT%GOBP%GO:0048568	EMBRYONIC ORGAN DEVELOPMENT%GOBP%GO:0048568		156	-0.25906637	-0.9912598	0.4675926	0.8347005	1.0	2346	tags=19%, list=17%, signal=23%	
PID_ALPHA_SYNUCLEIN_PATHWAY%MSIGDB_C2%PID_ALPHA_SYNUCLEIN_PATHWAY	PID_ALPHA_SYNUCLEIN_PATHWAY%MSIGDB_C2%PID_ALPHA_SYNUCLEIN_PATHWAY		19	-0.37912685	-0.99120253	0.49454546	0.8344226	1.0	2371	tags=21%, list=17%, signal=25%	
CELLULAR RESPONSE TO METAL ION%GOBP%GO:0071248	CELLULAR RESPONSE TO METAL ION%GOBP%GO:0071248		80	-0.2854708	-0.99110276	0.47916666	0.834259	1.0	2744	tags=28%, list=20%, signal=34%	
OLIGOSACCHARIDE METABOLIC PROCESS%GOBP%GO:0009311	OLIGOSACCHARIDE METABOLIC PROCESS%GOBP%GO:0009311		32	-0.3377683	-0.99078405	0.46003553	0.834723	1.0	1234	tags=16%, list=9%, signal=17%	
NUCLEOSIDE METABOLIC PROCESS%GOBP%GO:0009116	NUCLEOSIDE METABOLIC PROCESS%GOBP%GO:0009116		27	-0.34764925	-0.9902784	0.46823958	0.8357101	1.0	3295	tags=44%, list=24%, signal=59%	
IL7 SIGNALING%WIKIPATHWAYS_20250810%WP205%HOMO SAPIENS	IL7 SIGNALING%WIKIPATHWAYS_20250810%WP205%HOMO SAPIENS		18	-0.39150867	-0.99013	0.48230913	0.8356611	1.0	1059	tags=17%, list=8%, signal=18%	
METABOLISM OF FOLATE AND PTERINES%REACTOME%R-HSA-196757.8	METABOLISM OF FOLATE AND PTERINES%REACTOME%R-HSA-196757.8		16	-0.40065572	-0.9898211	0.4805915	0.83603746	1.0	1637	tags=31%, list=12%, signal=36%	
AMINO ACID TRANSPORT ACROSS THE PLASMA MEMBRANE%REACTOME%R-HSA-352230.5	AMINO ACID TRANSPORT ACROSS THE PLASMA MEMBRANE%REACTOME%R-HSA-352230.5		21	-0.3728856	-0.98933506	0.46619216	0.83695966	1.0	600	tags=14%, list=4%, signal=15%	
HEART PROCESS%GOBP%GO:0003015	HEART PROCESS%GOBP%GO:0003015		59	-0.30499345	-0.98924875	0.4852459	0.83674836	1.0	1492	tags=20%, list=11%, signal=23%	
TGF BETA RECEPTOR SIGNALING%WIKIPATHWAYS_20250810%WP560%HOMO SAPIENS	TGF BETA RECEPTOR SIGNALING%WIKIPATHWAYS_20250810%WP560%HOMO SAPIENS		43	-0.32035005	-0.98915035	0.4670139	0.8365535	1.0	1377	tags=16%, list=10%, signal=18%	
NEGATIVE REGULATION OF LEUKOCYTE MEDIATED CYTOTOXICITY%GOBP%GO:0001911	NEGATIVE REGULATION OF LEUKOCYTE MEDIATED CYTOTOXICITY%GOBP%GO:0001911		23	-0.36273792	-0.98890686	0.4787234	0.8368001	1.0	2405	tags=35%, list=18%, signal=42%	
STRIATED MUSCLE CELL DIFFERENTIATION%GOBP%GO:0051146	STRIATED MUSCLE CELL DIFFERENTIATION%GOBP%GO:0051146		92	-0.28288865	-0.988901	0.4631579	0.8363485	1.0	1228	tags=16%, list=9%, signal=18%	
POSITIVE REGULATION OF NITRIC OXIDE METABOLIC PROCESS%GOBP%GO:1904407	POSITIVE REGULATION OF NITRIC OXIDE METABOLIC PROCESS%GOBP%GO:1904407		28	-0.3512831	-0.9879137	0.46975088	0.83869034	1.0	411	tags=14%, list=3%, signal=15%	
SENESCENCE-ASSOCIATED SECRETORY PHENOTYPE (SASP)%REACTOME%R-HSA-2559582.4	SENESCENCE-ASSOCIATED SECRETORY PHENOTYPE (SASP)%REACTOME%R-HSA-2559582.4		55	-0.3008206	-0.987788	0.47526503	0.83857846	1.0	2013	tags=18%, list=15%, signal=21%	
ALZHEIMER 39 S DISEASE AND MIRNA EFFECTS%WIKIPATHWAYS_20250810%WP2059%HOMO SAPIENS	ALZHEIMER 39 S DISEASE AND MIRNA EFFECTS%WIKIPATHWAYS_20250810%WP2059%HOMO SAPIENS		159	-0.26048523	-0.98722976	0.4811166	0.8396598	1.0	2411	tags=21%, list=18%, signal=25%	
NO CGMP PKG MEDIATED NEUROPROTECTION%WIKIPATHWAYS_20250810%WP4008%HOMO SAPIENS	NO CGMP PKG MEDIATED NEUROPROTECTION%WIKIPATHWAYS_20250810%WP4008%HOMO SAPIENS		22	-0.3631597	-0.9869051	0.49444443	0.84011954	1.0	1972	tags=27%, list=15%, signal=32%	
TRANSLESION SYNTHESIS BY REV1%REACTOME%R-HSA-110312.3	TRANSLESION SYNTHESIS BY REV1%REACTOME%R-HSA-110312.3		16	-0.39422938	-0.9868868	0.49338374	0.83970505	1.0	3646	tags=44%, list=27%, signal=60%	
MITOCHONDRIAL RIBOSOME ASSEMBLY%GOBP%GO:0061668	MITOCHONDRIAL RIBOSOME ASSEMBLY%GOBP%GO:0061668		23	-0.36873195	-0.98632854	0.5009311	0.8407213	1.0	4196	tags=43%, list=31%, signal=63%	
BIOLOGICAL PROCESS INVOLVED IN INTRASPECIES INTERACTION BETWEEN ORGANISMS%GOBP%GO:0051703	BIOLOGICAL PROCESS INVOLVED IN INTRASPECIES INTERACTION BETWEEN ORGANISMS%GOBP%GO:0051703		20	-0.37953874	-0.98577535	0.49635038	0.84178364	1.0	2397	tags=35%, list=18%, signal=42%	
REGULATION OF CALCINEURIN-MEDIATED SIGNALING%GOBP%GO:0106056	REGULATION OF CALCINEURIN-MEDIATED SIGNALING%GOBP%GO:0106056		27	-0.34846368	-0.9845547	0.46306306	0.8448452	1.0	525	tags=11%, list=4%, signal=12%	
REGULATION OF CARDIAC MUSCLE CELL CONTRACTION%GOBP%GO:0086004	REGULATION OF CARDIAC MUSCLE CELL CONTRACTION%GOBP%GO:0086004		26	-0.35097107	-0.9844894	0.48169556	0.84457016	1.0	2938	tags=38%, list=22%, signal=49%	
RRNA MODIFICATION IN THE NUCLEUS AND CYTOSOL%REACTOME DATABASE ID RELEASE 93%6790901	RRNA MODIFICATION IN THE NUCLEUS AND CYTOSOL%REACTOME DATABASE ID RELEASE 93%6790901		58	-0.3002343	-0.9843636	0.4799302	0.8444583	1.0	5421	tags=52%, list=40%, signal=86%	
STABILIZATION AND EXPANSION OF THE E-CADHERIN ADHERENS JUNCTION%PATHWAY INTERACTION DATABASE NCI-NATURE CURATED DATA%STABILIZATION AND EXPANSION OF THE E-CADHERIN ADHERENS JUNCTION	STABILIZATION AND EXPANSION OF THE E-CADHERIN ADHERENS JUNCTION%PATHWAY INTERACTION DATABASE NCI-NATURE CURATED DATA%STABILIZATION AND EXPANSION OF THE E-CADHERIN ADHERENS JUNCTION		38	-0.32806364	-0.9843091	0.4781145	0.8441578	1.0	307	tags=8%, list=2%, signal=8%	
POSITIVE REGULATION OF RESPONSE TO CYTOKINE STIMULUS%GOBP%GO:0060760	POSITIVE REGULATION OF RESPONSE TO CYTOKINE STIMULUS%GOBP%GO:0060760		55	-0.30752355	-0.9840667	0.46205732	0.84438646	1.0	497	tags=9%, list=4%, signal=9%	
NEGATIVE REGULATION OF CELLULAR RESPONSE TO INSULIN STIMULUS%GOBP%GO:1900077	NEGATIVE REGULATION OF CELLULAR RESPONSE TO INSULIN STIMULUS%GOBP%GO:1900077		31	-0.34730017	-0.98395556	0.47340426	0.84424543	1.0	883	tags=13%, list=7%, signal=14%	
IL2 SIGNALING%WIKIPATHWAYS_20250810%WP49%HOMO SAPIENS	IL2 SIGNALING%WIKIPATHWAYS_20250810%WP49%HOMO SAPIENS		32	-0.3439024	-0.9837983	0.49119717	0.8441993	1.0	3067	tags=34%, list=23%, signal=44%	
RNA POLYMERASE II PRE-TRANSCRIPTION EVENTS%REACTOME DATABASE ID RELEASE 93%674695	RNA POLYMERASE II PRE-TRANSCRIPTION EVENTS%REACTOME DATABASE ID RELEASE 93%674695		79	-0.2882196	-0.98309284	0.48	0.84574664	1.0	5477	tags=56%, list=40%, signal=93%	
NEGATIVE REGULATION OF SMALL MOLECULE METABOLIC PROCESS%GOBP%GO:0062014	NEGATIVE REGULATION OF SMALL MOLECULE METABOLIC PROCESS%GOBP%GO:0062014		67	-0.29783168	-0.982875	0.4992	0.8459062	1.0	1811	tags=16%, list=13%, signal=19%	
REGULATION OF NERVOUS SYSTEM PROCESS%GOBP%GO:0031644	REGULATION OF NERVOUS SYSTEM PROCESS%GOBP%GO:0031644		48	-0.31129134	-0.9823331	0.46837607	0.8469894	1.0	2371	tags=29%, list=17%, signal=35%	
FC EPSILON RECEPTOR (FCERI) SIGNALING%REACTOME%R-HSA-2454202.5	FC EPSILON RECEPTOR (FCERI) SIGNALING%REACTOME%R-HSA-2454202.5		112	-0.26807672	-0.98168373	0.48099172	0.84834397	1.0	2070	tags=14%, list=15%, signal=17%	
REGULATION OF BODY FLUID LEVELS%GOBP%GO:0050878	REGULATION OF BODY FLUID LEVELS%GOBP%GO:0050878		184	-0.25445402	-0.9814418	0.5049342	0.8485331	1.0	1446	tags=16%, list=11%, signal=17%	
REGULATION OF HEART RATE%GOBP%GO:0002027	REGULATION OF HEART RATE%GOBP%GO:0002027		59	-0.29696804	-0.9809774	0.49393415	0.849401	1.0	2971	tags=32%, list=22%, signal=41%	
SULFUR AMINO ACID METABOLISM%REACTOME DATABASE ID RELEASE 93%1614635	SULFUR AMINO ACID METABOLISM%REACTOME DATABASE ID RELEASE 93%1614635		26	-0.35920373	-0.9803527	0.4947735	0.8507206	1.0	1691	tags=23%, list=12%, signal=26%	
REGULATION OF INTERLEUKIN-10 PRODUCTION%GOBP%GO:0032653	REGULATION OF INTERLEUKIN-10 PRODUCTION%GOBP%GO:0032653		38	-0.3258901	-0.9802984	0.4798599	0.8504161	1.0	1248	tags=21%, list=9%, signal=23%	
POSITIVE REGULATION OF AUTOPHAGY%GOBP%GO:0010508	POSITIVE REGULATION OF AUTOPHAGY%GOBP%GO:0010508		136	-0.26309454	-0.9798983	0.48608837	0.8510461	1.0	2346	tags=16%, list=17%, signal=19%	
POSITIVE REGULATION OF SECRETION%GOBP%GO:0051047	POSITIVE REGULATION OF SECRETION%GOBP%GO:0051047		154	-0.25989276	-0.9792348	0.5065574	0.8524983	1.0	2066	tags=21%, list=15%, signal=24%	
NUCLEOSIDE DIPHOSPHATE CATABOLIC PROCESS%GOBP%GO:0009134	NUCLEOSIDE DIPHOSPHATE CATABOLIC PROCESS%GOBP%GO:0009134		37	-0.32980737	-0.97917944	0.4790941	0.8521838	1.0	2923	tags=22%, list=22%, signal=27%	
PURINE RIBONUCLEOTIDE CATABOLIC PROCESS%GOBP%GO:0009154	PURINE RIBONUCLEOTIDE CATABOLIC PROCESS%GOBP%GO:0009154		44	-0.31627262	-0.9785072	0.4795222	0.85366184	1.0	2585	tags=23%, list=19%, signal=28%	
11P11 2 COPY NUMBER VARIATION SYNDROME %WIKIPATHWAYS_20250810%WP5348%HOMO SAPIENS	11P11 2 COPY NUMBER VARIATION SYNDROME %WIKIPATHWAYS_20250810%WP5348%HOMO SAPIENS		37	-0.32493025	-0.9782812	0.49220103	0.853826	1.0	83	tags=8%, list=1%, signal=8%	
MEIOSIS I CELL CYCLE PROCESS%GOBP%GO:0061982	MEIOSIS I CELL CYCLE PROCESS%GOBP%GO:0061982		63	-0.29497936	-0.9777616	0.48861647	0.8548443	1.0	2311	tags=29%, list=17%, signal=34%	
REGULATION OF ENDOCYTIC RECYCLING%GOBP%GO:2001135	REGULATION OF ENDOCYTIC RECYCLING%GOBP%GO:2001135		16	-0.398507	-0.9776779	0.5216572	0.8546108	1.0	810	tags=13%, list=6%, signal=13%	
POSITIVE REGULATION OF CYTOKINE-MEDIATED SIGNALING PATHWAY%GOBP%GO:0001961	POSITIVE REGULATION OF CYTOKINE-MEDIATED SIGNALING PATHWAY%GOBP%GO:0001961		48	-0.3094996	-0.9776014	0.5079086	0.85436434	1.0	316	tags=8%, list=2%, signal=9%	
STEROL TRANSPORT%GOBP%GO:0015918	STEROL TRANSPORT%GOBP%GO:0015918		49	-0.30910942	-0.9774544	0.495	0.85431296	1.0	954	tags=12%, list=7%, signal=13%	
MUSCLE ORGAN DEVELOPMENT%GOBP%GO:0007517	MUSCLE ORGAN DEVELOPMENT%GOBP%GO:0007517		104	-0.27311167	-0.97741425	0.5048544	0.8539628	1.0	1098	tags=12%, list=8%, signal=12%	
KITRECEPTOR%IOB%KITRECEPTOR	KITRECEPTOR%IOB%KITRECEPTOR		56	-0.30091125	-0.9769313	0.50427353	0.8548711	1.0	2554	tags=25%, list=19%, signal=31%	
CELL COMMUNICATION INVOLVED IN CARDIAC CONDUCTION%GOBP%GO:0086065	CELL COMMUNICATION INVOLVED IN CARDIAC CONDUCTION%GOBP%GO:0086065		31	-0.34409556	-0.97588134	0.49272728	0.85737646	1.0	662	tags=13%, list=5%, signal=14%	
ASPARTATE FAMILY AMINO ACID METABOLIC PROCESS%GOBP%GO:0009066	ASPARTATE FAMILY AMINO ACID METABOLIC PROCESS%GOBP%GO:0009066		30	-0.34345987	-0.97558117	0.4908425	0.857795	1.0	3060	tags=37%, list=23%, signal=47%	
EPITHELIAL TO MESENCHYMAL TRANSITION%GOBP%GO:0001837	EPITHELIAL TO MESENCHYMAL TRANSITION%GOBP%GO:0001837		59	-0.30006495	-0.9755565	0.51559633	0.85740334	1.0	2287	tags=25%, list=17%, signal=30%	
REGULATION OF CARDIAC MUSCLE CELL MEMBRANE REPOLARIZATION%GOBP%GO:0099623	REGULATION OF CARDIAC MUSCLE CELL MEMBRANE REPOLARIZATION%GOBP%GO:0099623		16	-0.38771608	-0.975216	0.49812734	0.85793304	1.0	9	tags=6%, list=0%, signal=6%	
SMOOTH MUSCLE CELL DIFFERENTIATION%GOBP%GO:0051145	SMOOTH MUSCLE CELL DIFFERENTIATION%GOBP%GO:0051145		18	-0.37755653	-0.97466457	0.513308	0.8590321	1.0	1240	tags=17%, list=9%, signal=18%	
C-TYPE LECTIN RECEPTORS (CLRS)%REACTOME DATABASE ID RELEASE 93%5621481	C-TYPE LECTIN RECEPTORS (CLRS)%REACTOME DATABASE ID RELEASE 93%5621481		106	-0.27173245	-0.97453535	0.5058043	0.85892904	1.0	3962	tags=32%, list=29%, signal=45%	
MRNA CATABOLIC PROCESS%GOBP%GO:0006402	MRNA CATABOLIC PROCESS%GOBP%GO:0006402		112	-0.26768354	-0.97444826	0.5040783	0.8587114	1.0	5073	tags=45%, list=37%, signal=71%	
ACTIVATED TAK1 MEDIATES P38 MAPK ACTIVATION%REACTOME DATABASE ID RELEASE 93%450302	ACTIVATED TAK1 MEDIATES P38 MAPK ACTIVATION%REACTOME DATABASE ID RELEASE 93%450302		18	-0.38522962	-0.97429365	0.49544626	0.85870636	1.0	3564	tags=33%, list=26%, signal=45%	
MEIOSIS I%GOBP%GO:0007127	MEIOSIS I%GOBP%GO:0007127		62	-0.30014428	-0.9737347	0.51355934	0.859836	1.0	2311	tags=29%, list=17%, signal=35%	
TRANSCRIPTION OF THE HIV GENOME%REACTOME%R-HSA-167172.4	TRANSCRIPTION OF THE HIV GENOME%REACTOME%R-HSA-167172.4		68	-0.2922467	-0.9736402	0.4931973	0.859621	1.0	5477	tags=62%, list=40%, signal=103%	
CELLULAR RESPONSE TO CARBOHYDRATE STIMULUS%GOBP%GO:0071322	CELLULAR RESPONSE TO CARBOHYDRATE STIMULUS%GOBP%GO:0071322		37	-0.3195337	-0.9735	0.47651008	0.85955095	1.0	1177	tags=16%, list=9%, signal=18%	
PRC2 METHYLATES HISTONES AND DNA%REACTOME DATABASE ID RELEASE 93%212300	PRC2 METHYLATES HISTONES AND DNA%REACTOME DATABASE ID RELEASE 93%212300		22	-0.36523694	-0.9734674	0.49544626	0.85917145	1.0	1202	tags=18%, list=9%, signal=20%	
SIGNALING BY PTK6%REACTOME DATABASE ID RELEASE 93%8848021	SIGNALING BY PTK6%REACTOME DATABASE ID RELEASE 93%8848021		45	-0.31269974	-0.9731684	0.5	0.8595423	1.0	2013	tags=27%, list=15%, signal=31%	
GLYCOGEN BREAKDOWN (GLYCOGENOLYSIS)%REACTOME DATABASE ID RELEASE 93%70221	GLYCOGEN BREAKDOWN (GLYCOGENOLYSIS)%REACTOME DATABASE ID RELEASE 93%70221		15	-0.39668632	-0.97314274	0.49725777	0.85914814	1.0	2681	tags=33%, list=20%, signal=42%	
PID_LKB1_PATHWAY%MSIGDB_C2%PID_LKB1_PATHWAY	PID_LKB1_PATHWAY%MSIGDB_C2%PID_LKB1_PATHWAY		33	-0.3328834	-0.9730606	0.49571183	0.858936	1.0	1734	tags=12%, list=13%, signal=14%	
PI3K CASCADE%REACTOME DATABASE ID RELEASE 93%109704	PI3K CASCADE%REACTOME DATABASE ID RELEASE 93%109704		27	-0.3341701	-0.97152054	0.4918033	0.8628146	1.0	1748	tags=30%, list=13%, signal=34%	
ACTIVATION OF NMDA RECEPTORS AND POSTSYNAPTIC EVENTS%REACTOME DATABASE ID RELEASE 93%442755	ACTIVATION OF NMDA RECEPTORS AND POSTSYNAPTIC EVENTS%REACTOME DATABASE ID RELEASE 93%442755		57	-0.29851094	-0.9713353	0.47142857	0.86290044	1.0	247	tags=7%, list=2%, signal=7%	
POSITIVE REGULATION OF NERVOUS SYSTEM DEVELOPMENT%GOBP%GO:0051962	POSITIVE REGULATION OF NERVOUS SYSTEM DEVELOPMENT%GOBP%GO:0051962		117	-0.2654554	-0.9712678	0.48450243	0.8626113	1.0	1799	tags=19%, list=13%, signal=21%	
EMBRYONIC PATTERN SPECIFICATION%GOBP%GO:0009880	EMBRYONIC PATTERN SPECIFICATION%GOBP%GO:0009880		24	-0.35908648	-0.9711211	0.501845	0.8625678	1.0	1933	tags=25%, list=14%, signal=29%	
MODIFIED AMINO ACID BIOSYNTHETIC PROCESS%GOBP%GO:0042398	MODIFIED AMINO ACID BIOSYNTHETIC PROCESS%GOBP%GO:0042398		24	-0.3526182	-0.97064084	0.5018797	0.8635085	1.0	1381	tags=25%, list=10%, signal=28%	
CELLULAR RESPONSE TO OXYGEN LEVELS%GOBP%GO:0071453	CELLULAR RESPONSE TO OXYGEN LEVELS%GOBP%GO:0071453		81	-0.27919006	-0.97063315	0.5271186	0.8630685	1.0	2578	tags=21%, list=19%, signal=26%	
SIGNALING BY ERBB4%REACTOME DATABASE ID RELEASE 93%1236394	SIGNALING BY ERBB4%REACTOME DATABASE ID RELEASE 93%1236394		45	-0.31712675	-0.97053087	0.5008489	0.8628879	1.0	2013	tags=29%, list=15%, signal=34%	
APOPTOTIC CELL CLEARANCE%GOBP%GO:0043277	APOPTOTIC CELL CLEARANCE%GOBP%GO:0043277		17	-0.38781992	-0.9703229	0.5	0.8630049	1.0	1344	tags=29%, list=10%, signal=33%	
RESPONSE TO HEXOSE%GOBP%GO:0009746	RESPONSE TO HEXOSE%GOBP%GO:0009746		49	-0.30358276	-0.9698377	0.507772	0.86392885	1.0	1783	tags=16%, list=13%, signal=19%	
INTRINSIC APOPTOTIC SIGNALING PATHWAY IN RESPONSE TO ENDOPLASMIC RETICULUM STRESS%GOBP%GO:0070059	INTRINSIC APOPTOTIC SIGNALING PATHWAY IN RESPONSE TO ENDOPLASMIC RETICULUM STRESS%GOBP%GO:0070059		23	-0.35248095	-0.9697012	0.5046211	0.86385643	1.0	1709	tags=22%, list=13%, signal=25%	
POSITIVE REGULATION OF SECRETION BY CELL%GOBP%GO:1903532	POSITIVE REGULATION OF SECRETION BY CELL%GOBP%GO:1903532		146	-0.2590155	-0.96947885	0.5273312	0.8640202	1.0	2066	tags=21%, list=15%, signal=25%	
SUMOYLATION OF DNA DAMAGE RESPONSE AND REPAIR PROTEINS%REACTOME%R-HSA-3108214.4	SUMOYLATION OF DNA DAMAGE RESPONSE AND REPAIR PROTEINS%REACTOME%R-HSA-3108214.4		69	-0.2926543	-0.96928436	0.50344825	0.86411184	1.0	4939	tags=38%, list=36%, signal=59%	
SIGNALING BY NON-RECEPTOR TYROSINE KINASES%REACTOME DATABASE ID RELEASE 93%9006927	SIGNALING BY NON-RECEPTOR TYROSINE KINASES%REACTOME DATABASE ID RELEASE 93%9006927		45	-0.31269974	-0.96863234	0.5060241	0.8655324	1.0	2013	tags=27%, list=15%, signal=31%	
TRNA THREONYLCARBAMOYLADENOSINE METABOLIC PROCESS%GOBP%GO:0070525	TRNA THREONYLCARBAMOYLADENOSINE METABOLIC PROCESS%GOBP%GO:0070525		17	-0.37973565	-0.96856296	0.50760454	0.8652392	1.0	5493	tags=65%, list=41%, signal=109%	
UBIQUINONE METABOLIC PROCESS%GOBP%GO:0006743	UBIQUINONE METABOLIC PROCESS%GOBP%GO:0006743		19	-0.36779478	-0.96780896	0.51449275	0.8669553	1.0	3916	tags=47%, list=29%, signal=67%	
MET IN TYPE 1 PAPILLARY RENAL CELL CARCINOMA%WIKIPATHWAYS_20250810%WP4205%HOMO SAPIENS	MET IN TYPE 1 PAPILLARY RENAL CELL CARCINOMA%WIKIPATHWAYS_20250810%WP4205%HOMO SAPIENS		46	-0.3166157	-0.96771705	0.5295139	0.8667588	1.0	1746	tags=20%, list=13%, signal=22%	
SIGNALING EVENTS MEDIATED BY TCPTP%PATHWAY INTERACTION DATABASE NCI-NATURE CURATED DATA%SIGNALING EVENTS MEDIATED BY TCPTP	SIGNALING EVENTS MEDIATED BY TCPTP%PATHWAY INTERACTION DATABASE NCI-NATURE CURATED DATA%SIGNALING EVENTS MEDIATED BY TCPTP		39	-0.32434398	-0.9676384	0.5080214	0.8665176	1.0	1629	tags=18%, list=12%, signal=20%	
SNRNA PROCESSING%GOBP%GO:0016180	SNRNA PROCESSING%GOBP%GO:0016180		31	-0.33611274	-0.9674565	0.48411214	0.8665772	1.0	5001	tags=48%, list=37%, signal=77%	
SIGNALING BY NOTCH4%REACTOME DATABASE ID RELEASE 93%9013694	SIGNALING BY NOTCH4%REACTOME DATABASE ID RELEASE 93%9013694		69	-0.2851983	-0.9672147	0.5131579	0.86678445	1.0	2013	tags=16%, list=15%, signal=19%	
REV-MEDIATED NUCLEAR EXPORT OF HIV RNA%REACTOME%R-HSA-165054.4	REV-MEDIATED NUCLEAR EXPORT OF HIV RNA%REACTOME%R-HSA-165054.4		32	-0.33278266	-0.9670965	0.4981884	0.86663055	1.0	4486	tags=38%, list=33%, signal=56%	
SUMOYLATION OF UBIQUITINYLATION PROTEINS%REACTOME%R-HSA-3232142.5	SUMOYLATION OF UBIQUITINYLATION PROTEINS%REACTOME%R-HSA-3232142.5		35	-0.3294914	-0.9670781	0.5112782	0.86622673	1.0	4903	tags=40%, list=36%, signal=63%	
GTP METABOLIC PROCESS%GOBP%GO:0046039	GTP METABOLIC PROCESS%GOBP%GO:0046039		16	-0.38648182	-0.9666319	0.48501873	0.86705387	1.0	4081	tags=44%, list=30%, signal=63%	
DEFECTIVE TPR MAY CONFER SUSCEPTIBILITY TOWARDS THYROID PAPILLARY CARCINOMA (TPC)%REACTOME DATABASE ID RELEASE 93%5619107	DEFECTIVE TPR MAY CONFER SUSCEPTIBILITY TOWARDS THYROID PAPILLARY CARCINOMA (TPC)%REACTOME DATABASE ID RELEASE 93%5619107		27	-0.34612885	-0.9662416	0.5074074	0.86767036	1.0	4486	tags=37%, list=33%, signal=55%	
DNA REPAIR-DEPENDENT CHROMATIN REMODELING%GOBP%GO:0140861	DNA REPAIR-DEPENDENT CHROMATIN REMODELING%GOBP%GO:0140861		22	-0.3616372	-0.9660147	0.5078534	0.86787724	1.0	5599	tags=55%, list=41%, signal=93%	
DETOXIFICATION OF REACTIVE OXYGEN SPECIES%REACTOME%R-HSA-3299685.7	DETOXIFICATION OF REACTIVE OXYGEN SPECIES%REACTOME%R-HSA-3299685.7		30	-0.3306231	-0.9659998	0.5224138	0.86744726	1.0	2617	tags=33%, list=19%, signal=41%	
NEGATIVE REGULATION OF STEM CELL POPULATION MAINTENANCE%GOBP%GO:1902455	NEGATIVE REGULATION OF STEM CELL POPULATION MAINTENANCE%GOBP%GO:1902455		21	-0.36902547	-0.96581024	0.47826087	0.8674854	1.0	1586	tags=19%, list=12%, signal=22%	
TRANSLESION SYNTHESIS BY POLK%REACTOME%R-HSA-5655862.2	TRANSLESION SYNTHESIS BY POLK%REACTOME%R-HSA-5655862.2		17	-0.37704965	-0.9655615	0.50091743	0.8677249	1.0	3646	tags=41%, list=27%, signal=56%	
REGULATION OF RAS FAMILY ACTIVATION%PATHWAY INTERACTION DATABASE NCI-NATURE CURATED DATA%REGULATION OF RAS FAMILY ACTIVATION	REGULATION OF RAS FAMILY ACTIVATION%PATHWAY INTERACTION DATABASE NCI-NATURE CURATED DATA%REGULATION OF RAS FAMILY ACTIVATION		27	-0.34101525	-0.96549326	0.50617284	0.8674494	1.0	1966	tags=26%, list=15%, signal=30%	
ARP2/3 COMPLEX-MEDIATED ACTIN NUCLEATION%GOBP%GO:0034314	ARP2/3 COMPLEX-MEDIATED ACTIN NUCLEATION%GOBP%GO:0034314		15	-0.39225307	-0.9653513	0.52064633	0.8674091	1.0	1751	tags=20%, list=13%, signal=23%	
OSTEOBLAST DIFFERENTIATION AND RELATED DISEASES%WIKIPATHWAYS_20250810%WP4787%HOMO SAPIENS	OSTEOBLAST DIFFERENTIATION AND RELATED DISEASES%WIKIPATHWAYS_20250810%WP4787%HOMO SAPIENS		70	-0.28729472	-0.96527404	0.50874126	0.86718416	1.0	1423	tags=20%, list=10%, signal=22%	
REGULATION OF RUNX2 EXPRESSION AND ACTIVITY%REACTOME%R-HSA-8939902.4	REGULATION OF RUNX2 EXPRESSION AND ACTIVITY%REACTOME%R-HSA-8939902.4		55	-0.299872	-0.9652091	0.5427574	0.86690164	1.0	2013	tags=20%, list=15%, signal=23%	
NUCLEAR SIGNALING BY ERBB4%REACTOME DATABASE ID RELEASE 93%1251985	NUCLEAR SIGNALING BY ERBB4%REACTOME DATABASE ID RELEASE 93%1251985		27	-0.33913842	-0.9650633	0.5125	0.866844	1.0	1870	tags=30%, list=14%, signal=34%	
REGULATION OF ATP-DEPENDENT ACTIVITY%GOBP%GO:0043462	REGULATION OF ATP-DEPENDENT ACTIVITY%GOBP%GO:0043462		26	-0.3448561	-0.9649535	0.49820143	0.86669075	1.0	3030	tags=31%, list=22%, signal=40%	
IL26 SIGNALING%WIKIPATHWAYS_20250810%WP5347%HOMO SAPIENS	IL26 SIGNALING%WIKIPATHWAYS_20250810%WP5347%HOMO SAPIENS		33	-0.32740742	-0.9648648	0.5072464	0.86646485	1.0	411	tags=9%, list=3%, signal=9%	
TRANSLESION SYNTHESIS BY POLI%REACTOME DATABASE ID RELEASE 93%5656121	TRANSLESION SYNTHESIS BY POLI%REACTOME DATABASE ID RELEASE 93%5656121		17	-0.38063982	-0.9645871	0.51955307	0.86676484	1.0	3646	tags=41%, list=27%, signal=56%	
PARKIN UBIQUITIN PROTEASOMAL SYSTEM PATHWAY%WIKIPATHWAYS_20250810%WP2359%HOMO SAPIENS	PARKIN UBIQUITIN PROTEASOMAL SYSTEM PATHWAY%WIKIPATHWAYS_20250810%WP2359%HOMO SAPIENS		44	-0.31319967	-0.96458143	0.5034965	0.8663239	1.0	1320	tags=11%, list=10%, signal=13%	
VEGFR2 MEDIATED CELL PROLIFERATION%REACTOME DATABASE ID RELEASE 93%5218921	VEGFR2 MEDIATED CELL PROLIFERATION%REACTOME DATABASE ID RELEASE 93%5218921		15	-0.3883135	-0.9642185	0.49813432	0.86689883	1.0	1746	tags=20%, list=13%, signal=23%	
MYD88 CASCADE INITIATED ON PLASMA MEMBRANE%REACTOME DATABASE ID RELEASE 93%975871	MYD88 CASCADE INITIATED ON PLASMA MEMBRANE%REACTOME DATABASE ID RELEASE 93%975871		94	-0.27045658	-0.9638917	0.51986754	0.8673927	1.0	3564	tags=29%, list=26%, signal=39%	
RNA POLYMERASE I PROMOTER ESCAPE%REACTOME DATABASE ID RELEASE 93%73772	RNA POLYMERASE I PROMOTER ESCAPE%REACTOME DATABASE ID RELEASE 93%73772		40	-0.31346834	-0.9636771	0.48979592	0.86755	1.0	2447	tags=25%, list=18%, signal=30%	
RESPONSE TO MONOSACCHARIDE%GOBP%GO:0034284	RESPONSE TO MONOSACCHARIDE%GOBP%GO:0034284		49	-0.30358276	-0.96336836	0.48034188	0.86793387	1.0	1783	tags=16%, list=13%, signal=19%	
LIPOPROTEIN METABOLISM%REACTOME DATABASE ID RELEASE 93%174824	LIPOPROTEIN METABOLISM%REACTOME DATABASE ID RELEASE 93%174824		54	-0.29610878	-0.9633531	0.5	0.8675173	1.0	2700	tags=33%, list=20%, signal=41%	
REGULATION OF CALCINEURIN-NFAT SIGNALING CASCADE%GOBP%GO:0070884	REGULATION OF CALCINEURIN-NFAT SIGNALING CASCADE%GOBP%GO:0070884		27	-0.34846368	-0.96302336	0.4771481	0.8679748	1.0	525	tags=11%, list=4%, signal=12%	
MONOSACCHARIDE CATABOLIC PROCESS%GOBP%GO:0046365	MONOSACCHARIDE CATABOLIC PROCESS%GOBP%GO:0046365		34	-0.32744366	-0.96263534	0.52797204	0.86864436	1.0	1192	tags=12%, list=9%, signal=13%	
INSULIN RECEPTOR SIGNALLING CASCADE%REACTOME DATABASE ID RELEASE 93%74751	INSULIN RECEPTOR SIGNALLING CASCADE%REACTOME DATABASE ID RELEASE 93%74751		35	-0.32488036	-0.9626152	0.49655172	0.8682513	1.0	1748	tags=29%, list=13%, signal=33%	
REGULATION OF NUCLEOTIDE-EXCISION REPAIR%GOBP%GO:2000819	REGULATION OF NUCLEOTIDE-EXCISION REPAIR%GOBP%GO:2000819		25	-0.34638423	-0.9621345	0.5232975	0.8691274	1.0	5575	tags=64%, list=41%, signal=109%	
REGULATION OF INTERLEUKIN-1 PRODUCTION%GOBP%GO:0032652	REGULATION OF INTERLEUKIN-1 PRODUCTION%GOBP%GO:0032652		75	-0.28324413	-0.9618948	0.5337955	0.8693495	1.0	1822	tags=23%, list=13%, signal=26%	
NEGATIVE REGULATION OF CARBOHYDRATE METABOLIC PROCESS%GOBP%GO:0045912	NEGATIVE REGULATION OF CARBOHYDRATE METABOLIC PROCESS%GOBP%GO:0045912		32	-0.33083364	-0.96174574	0.4905983	0.8693425	1.0	2784	tags=22%, list=21%, signal=27%	
PID_P38_ALPHA_BETA_PATHWAY%MSIGDB_C2%PID_P38_ALPHA_BETA_PATHWAY	PID_P38_ALPHA_BETA_PATHWAY%MSIGDB_C2%PID_P38_ALPHA_BETA_PATHWAY		21	-0.3671206	-0.9616898	0.51588786	0.869047	1.0	888	tags=14%, list=7%, signal=15%	
APOPTOSIS SIGNALING PATHWAY%PANTHER PATHWAY%P00006	APOPTOSIS SIGNALING PATHWAY%PANTHER PATHWAY%P00006		89	-0.27638936	-0.9614673	0.5509868	0.8692188	1.0	2213	tags=18%, list=16%, signal=21%	
PATHWAYS INTO METHIONINE AND FOLATE CYCLES%WIKIPATHWAYS_20250810%WP5488%HOMO SAPIENS	PATHWAYS INTO METHIONINE AND FOLATE CYCLES%WIKIPATHWAYS_20250810%WP5488%HOMO SAPIENS		23	-0.3521927	-0.9611983	0.50448835	0.86952096	1.0	2075	tags=26%, list=15%, signal=31%	
REGULATION OF P38-ALPHA AND P38-BETA%PATHWAY INTERACTION DATABASE NCI-NATURE CURATED DATA%REGULATION OF P38-ALPHA AND P38-BETA	REGULATION OF P38-ALPHA AND P38-BETA%PATHWAY INTERACTION DATABASE NCI-NATURE CURATED DATA%REGULATION OF P38-ALPHA AND P38-BETA		30	-0.33779427	-0.96119565	0.50088185	0.8690761	1.0	888	tags=13%, list=7%, signal=14%	
CELLULAR RESPONSE TO VASCULAR ENDOTHELIAL GROWTH FACTOR STIMULUS%GOBP%GO:0035924	CELLULAR RESPONSE TO VASCULAR ENDOTHELIAL GROWTH FACTOR STIMULUS%GOBP%GO:0035924		36	-0.32371533	-0.96097916	0.5270506	0.86924255	1.0	1240	tags=22%, list=9%, signal=24%	
REGULATION OF DENDRITIC SPINE MORPHOGENESIS%GOBP%GO:0061001	REGULATION OF DENDRITIC SPINE MORPHOGENESIS%GOBP%GO:0061001		24	-0.35634723	-0.9608476	0.52110094	0.86916304	1.0	1938	tags=29%, list=14%, signal=34%	
MATURATION OF LSU-RRNA%GOBP%GO:0000470	MATURATION OF LSU-RRNA%GOBP%GO:0000470		25	-0.34626085	-0.9608347	0.5246479	0.8687364	1.0	3434	tags=32%, list=25%, signal=43%	
PID_PI3K_PLC_TRK_PATHWAY%MSIGDB_C2%PID_PI3K_PLC_TRK_PATHWAY	PID_PI3K_PLC_TRK_PATHWAY%MSIGDB_C2%PID_PI3K_PLC_TRK_PATHWAY		23	-0.35455778	-0.96000046	0.51878357	0.87062234	1.0	998	tags=13%, list=7%, signal=14%	
NEGATIVE REGULATION OF PLATELET ACTIVATION%GOBP%GO:0010544	NEGATIVE REGULATION OF PLATELET ACTIVATION%GOBP%GO:0010544		16	-0.38521287	-0.95997304	0.5125448	0.87024134	1.0	1414	tags=25%, list=10%, signal=28%	
PID_AMB2_NEUTROPHILS_PATHWAY%MSIGDB_C2%PID_AMB2_NEUTROPHILS_PATHWAY	PID_AMB2_NEUTROPHILS_PATHWAY%MSIGDB_C2%PID_AMB2_NEUTROPHILS_PATHWAY		25	-0.34900603	-0.9597659	0.5104895	0.87038475	1.0	888	tags=16%, list=7%, signal=17%	
MYOFIBRIL ASSEMBLY%GOBP%GO:0030239	MYOFIBRIL ASSEMBLY%GOBP%GO:0030239		34	-0.32743615	-0.95966506	0.51785713	0.8702346	1.0	1228	tags=21%, list=9%, signal=23%	
VIRAL MESSENGER RNA SYNTHESIS%REACTOME%R-HSA-168325.6	VIRAL MESSENGER RNA SYNTHESIS%REACTOME%R-HSA-168325.6		41	-0.3138104	-0.9586092	0.5076661	0.8727202	1.0	4903	tags=39%, list=36%, signal=61%	
REGULATION OF GLUCOKINASE BY GLUCOKINASE REGULATORY PROTEIN%REACTOME%R-HSA-170822.5	REGULATION OF GLUCOKINASE BY GLUCOKINASE REGULATORY PROTEIN%REACTOME%R-HSA-170822.5		27	-0.34612885	-0.9583094	0.516696	0.8730926	1.0	4486	tags=37%, list=33%, signal=55%	
ZYMOGEN ACTIVATION%GOBP%GO:0031638	ZYMOGEN ACTIVATION%GOBP%GO:0031638		17	-0.37684715	-0.95782447	0.5135135	0.87399656	1.0	2007	tags=35%, list=15%, signal=41%	
SPINAL CORD DEVELOPMENT%GOBP%GO:0021510	SPINAL CORD DEVELOPMENT%GOBP%GO:0021510		24	-0.3523219	-0.95755684	0.528757	0.8742448	1.0	8	tags=4%, list=0%, signal=4%	
RAB GERANYLGERANYLATION%REACTOME DATABASE ID RELEASE 93%8873719	RAB GERANYLGERANYLATION%REACTOME DATABASE ID RELEASE 93%8873719		51	-0.29970506	-0.95712173	0.5448276	0.8750056	1.0	1216	tags=14%, list=9%, signal=15%	
TOLL LIKE RECEPTOR 5 (TLR5) CASCADE%REACTOME DATABASE ID RELEASE 93%168176	TOLL LIKE RECEPTOR 5 (TLR5) CASCADE%REACTOME DATABASE ID RELEASE 93%168176		94	-0.27045658	-0.9567298	0.5229983	0.87565833	1.0	3564	tags=29%, list=26%, signal=39%	
TOLL LIKE RECEPTOR 10 (TLR10) CASCADE%REACTOME%R-HSA-168142.3	TOLL LIKE RECEPTOR 10 (TLR10) CASCADE%REACTOME%R-HSA-168142.3		94	-0.27045658	-0.95633554	0.5351882	0.87631214	1.0	3564	tags=29%, list=26%, signal=39%	
POST NMDA RECEPTOR ACTIVATION EVENTS%REACTOME DATABASE ID RELEASE 93%438064	POST NMDA RECEPTOR ACTIVATION EVENTS%REACTOME DATABASE ID RELEASE 93%438064		44	-0.3012332	-0.9558996	0.53092784	0.87705094	1.0	247	tags=7%, list=2%, signal=7%	
NUCLEOSIDE MONOPHOSPHATE BIOSYNTHETIC PROCESS%GOBP%GO:0009124	NUCLEOSIDE MONOPHOSPHATE BIOSYNTHETIC PROCESS%GOBP%GO:0009124		24	-0.34811646	-0.95581	0.53641206	0.87681395	1.0	1200	tags=21%, list=9%, signal=23%	
FAMILIAL PARTIAL LIPODYSTROPHY%WIKIPATHWAYS_20250810%WP5102%HOMO SAPIENS	FAMILIAL PARTIAL LIPODYSTROPHY%WIKIPATHWAYS_20250810%WP5102%HOMO SAPIENS		24	-0.3497976	-0.9554115	0.5154265	0.87745243	1.0	2792	tags=33%, list=21%, signal=42%	
TRK RECEPTOR SIGNALING MEDIATED BY PI3K AND PLC-GAMMA%PATHWAY INTERACTION DATABASE NCI-NATURE CURATED DATA%TRK RECEPTOR SIGNALING MEDIATED BY PI3K AND PLC-GAMMA	TRK RECEPTOR SIGNALING MEDIATED BY PI3K AND PLC-GAMMA%PATHWAY INTERACTION DATABASE NCI-NATURE CURATED DATA%TRK RECEPTOR SIGNALING MEDIATED BY PI3K AND PLC-GAMMA		32	-0.3293906	-0.9553605	0.5091241	0.87713176	1.0	1746	tags=16%, list=13%, signal=18%	
REGULATION OF MEMBRANE DEPOLARIZATION%GOBP%GO:0003254	REGULATION OF MEMBRANE DEPOLARIZATION%GOBP%GO:0003254		25	-0.3475862	-0.95497334	0.53358924	0.87775123	1.0	2954	tags=36%, list=22%, signal=46%	
LIPOPROTEIN METABOLIC PROCESS%GOBP%GO:0042157	LIPOPROTEIN METABOLIC PROCESS%GOBP%GO:0042157		36	-0.32238907	-0.9548701	0.5345133	0.8775908	1.0	355	tags=8%, list=3%, signal=9%	
POSITIVE REGULATION OF MYELOID CELL DIFFERENTIATION%GOBP%GO:0045639	POSITIVE REGULATION OF MYELOID CELL DIFFERENTIATION%GOBP%GO:0045639		63	-0.28371033	-0.9542566	0.5356551	0.87889886	1.0	1290	tags=16%, list=10%, signal=17%	
REGULATION OF GLYCOGEN METABOLIC PROCESS%GOBP%GO:0070873	REGULATION OF GLYCOGEN METABOLIC PROCESS%GOBP%GO:0070873		25	-0.3420037	-0.95417756	0.5355191	0.87866	1.0	3875	tags=40%, list=29%, signal=56%	
REGULATION OF BLOOD VESSEL ENDOTHELIAL CELL MIGRATION%GOBP%GO:0043535	REGULATION OF BLOOD VESSEL ENDOTHELIAL CELL MIGRATION%GOBP%GO:0043535		77	-0.28031474	-0.9538854	0.5538462	0.8790003	1.0	2172	tags=22%, list=16%, signal=26%	
POSITIVE REGULATION OF LIPID LOCALIZATION%GOBP%GO:1905954	POSITIVE REGULATION OF LIPID LOCALIZATION%GOBP%GO:1905954		60	-0.29247773	-0.95372134	0.5504274	0.87900674	1.0	1503	tags=22%, list=11%, signal=24%	
TRANSMISSION ACROSS CHEMICAL SYNAPSES%REACTOME%R-HSA-112315.8	TRANSMISSION ACROSS CHEMICAL SYNAPSES%REACTOME%R-HSA-112315.8		151	-0.25207186	-0.95372003	0.5668277	0.87855667	1.0	1113	tags=12%, list=8%, signal=13%	
NEGATIVE REGULATION OF CELL-CELL ADHESION%GOBP%GO:0022408	NEGATIVE REGULATION OF CELL-CELL ADHESION%GOBP%GO:0022408		119	-0.25908822	-0.9536394	0.57019067	0.8783262	1.0	1767	tags=19%, list=13%, signal=22%	
DEPYRIMIDINATION%REACTOME%R-HSA-73928.3	DEPYRIMIDINATION%REACTOME%R-HSA-73928.3		22	-0.34901026	-0.95292896	0.5330948	0.87984896	1.0	1761	tags=23%, list=13%, signal=26%	
MITOCHONDRIAL CYTOCHROME C OXIDASE ASSEMBLY%GOBP%GO:0033617	MITOCHONDRIAL CYTOCHROME C OXIDASE ASSEMBLY%GOBP%GO:0033617		15	-0.3803108	-0.9526402	0.5081967	0.88018966	1.0	5474	tags=67%, list=40%, signal=112%	
REGULATION OF ACTION POTENTIAL%GOBP%GO:0098900	REGULATION OF ACTION POTENTIAL%GOBP%GO:0098900		41	-0.31518078	-0.9522307	0.5532646	0.8808695	1.0	1015	tags=12%, list=7%, signal=13%	
TRANSLESION SYNTHESIS BY POLH%REACTOME%R-HSA-110320.3	TRANSLESION SYNTHESIS BY POLH%REACTOME%R-HSA-110320.3		18	-0.36049473	-0.95206183	0.4911032	0.8808796	1.0	3646	tags=44%, list=27%, signal=61%	
PID_BARD1_PATHWAY%MSIGDB_C2%PID_BARD1_PATHWAY	PID_BARD1_PATHWAY%MSIGDB_C2%PID_BARD1_PATHWAY		26	-0.34076086	-0.95191115	0.54113346	0.88085043	1.0	1675	tags=15%, list=12%, signal=18%	
BETA1 ADRENERGIC RECEPTOR SIGNALING PATHWAY%PANTHER PATHWAY%P04377	BETA1 ADRENERGIC RECEPTOR SIGNALING PATHWAY%PANTHER PATHWAY%P04377		18	-0.3759029	-0.9516729	0.517757	0.8810636	1.0	2936	tags=39%, list=22%, signal=50%	
DNA DAMAGE RECOGNITION IN GG-NER%REACTOME DATABASE ID RELEASE 93%5696394	DNA DAMAGE RECOGNITION IN GG-NER%REACTOME DATABASE ID RELEASE 93%5696394		38	-0.31491423	-0.95164806	0.56049824	0.8806744	1.0	3113	tags=24%, list=23%, signal=31%	
SOMATIC RECOMBINATION OF IMMUNOGLOBULIN GENE SEGMENTS%GOBP%GO:0016447	SOMATIC RECOMBINATION OF IMMUNOGLOBULIN GENE SEGMENTS%GOBP%GO:0016447		17	-0.36989394	-0.9516052	0.5045208	0.8803379	1.0	3260	tags=24%, list=24%, signal=31%	
REGULATION OF FILOPODIUM ASSEMBLY%GOBP%GO:0051489	REGULATION OF FILOPODIUM ASSEMBLY%GOBP%GO:0051489		28	-0.332254	-0.9510697	0.5254902	0.8813836	1.0	1427	tags=14%, list=11%, signal=16%	
CLEAVAGE OF THE DAMAGED PYRIMIDINE%REACTOME%R-HSA-110329.4	CLEAVAGE OF THE DAMAGED PYRIMIDINE%REACTOME%R-HSA-110329.4		22	-0.34901026	-0.9509956	0.5235602	0.8811305	1.0	1761	tags=23%, list=13%, signal=26%	
BARD1 SIGNALING EVENTS%PATHWAY INTERACTION DATABASE NCI-NATURE CURATED DATA%BARD1 SIGNALING EVENTS	BARD1 SIGNALING EVENTS%PATHWAY INTERACTION DATABASE NCI-NATURE CURATED DATA%BARD1 SIGNALING EVENTS		28	-0.33684868	-0.9509441	0.5321429	0.88081473	1.0	1675	tags=14%, list=12%, signal=16%	
MICROTUBULE CYTOSKELETON REGULATION%WIKIPATHWAYS_20250810%WP2038%HOMO SAPIENS	MICROTUBULE CYTOSKELETON REGULATION%WIKIPATHWAYS_20250810%WP2038%HOMO SAPIENS		29	-0.33518288	-0.9502887	0.5250896	0.88218457	1.0	155	tags=7%, list=1%, signal=7%	
CA2+ PATHWAY%REACTOME%R-HSA-4086398.5	CA2+ PATHWAY%REACTOME%R-HSA-4086398.5		47	-0.30600998	-0.95027196	0.53067994	0.8817774	1.0	327	tags=6%, list=2%, signal=7%	
REGULATION OF SYNAPSE STRUCTURE OR ACTIVITY%GOBP%GO:0050803	REGULATION OF SYNAPSE STRUCTURE OR ACTIVITY%GOBP%GO:0050803		118	-0.26464978	-0.9488088	0.54679805	0.88532597	1.0	2032	tags=23%, list=15%, signal=27%	
REGULATION OF MRNA STABILITY BY PROTEINS THAT BIND AU-RICH ELEMENTS%REACTOME%R-HSA-450531.6	REGULATION OF MRNA STABILITY BY PROTEINS THAT BIND AU-RICH ELEMENTS%REACTOME%R-HSA-450531.6		72	-0.27589828	-0.9484513	0.54948807	0.8858465	1.0	4181	tags=33%, list=31%, signal=48%	
FRUCTOSE INTOLERANCE, HEREDITARY%PATHWHIZ%PW000702	FRUCTOSE INTOLERANCE, HEREDITARY%PATHWHIZ%PW000702		18	-0.3644896	-0.9484007	0.5144404	0.8855362	1.0	1432	tags=17%, list=11%, signal=19%	
VENTRICULAR CARDIAC MUSCLE TISSUE DEVELOPMENT%GOBP%GO:0003229	VENTRICULAR CARDIAC MUSCLE TISSUE DEVELOPMENT%GOBP%GO:0003229		28	-0.32446584	-0.9477617	0.5120148	0.8868261	1.0	1061	tags=14%, list=8%, signal=15%	
REGULATION OF NF-KAPPA B SIGNALING%REACTOME DATABASE ID RELEASE 93%9758274	REGULATION OF NF-KAPPA B SIGNALING%REACTOME DATABASE ID RELEASE 93%9758274		17	-0.3762116	-0.94756913	0.53571427	0.8869641	1.0	2213	tags=24%, list=16%, signal=28%	
TGF BETA RECEPTOR SIGNALING IN SKELETAL DYSPLASIAS%WIKIPATHWAYS_20250810%WP4816%HOMO SAPIENS	TGF BETA RECEPTOR SIGNALING IN SKELETAL DYSPLASIAS%WIKIPATHWAYS_20250810%WP4816%HOMO SAPIENS		44	-0.309207	-0.9474341	0.5516014	0.88688123	1.0	1377	tags=16%, list=10%, signal=18%	
G ALPHA (Z) SIGNALLING EVENTS%REACTOME DATABASE ID RELEASE 93%418597	G ALPHA (Z) SIGNALLING EVENTS%REACTOME DATABASE ID RELEASE 93%418597		36	-0.3229677	-0.94672066	0.5451264	0.88845944	1.0	1406	tags=17%, list=10%, signal=19%	
MRNA 3'-END PROCESSING%REACTOME%R-HSA-72187.7	MRNA 3'-END PROCESSING%REACTOME%R-HSA-72187.7		53	-0.29443574	-0.9455265	0.5735027	0.8913344	1.0	5295	tags=47%, list=39%, signal=77%	
NEGATIVE EPIGENETIC REGULATION OF RRNA EXPRESSION%REACTOME%R-HSA-5250941.4	NEGATIVE EPIGENETIC REGULATION OF RRNA EXPRESSION%REACTOME%R-HSA-5250941.4		58	-0.2909518	-0.9450584	0.55041325	0.8921906	1.0	4080	tags=38%, list=30%, signal=54%	
NON GENOMIC ACTIONS OF 1 25 DIHYDROXYVITAMIN D3%WIKIPATHWAYS_20250810%WP4341%HOMO SAPIENS	NON GENOMIC ACTIONS OF 1 25 DIHYDROXYVITAMIN D3%WIKIPATHWAYS_20250810%WP4341%HOMO SAPIENS		56	-0.29366356	-0.9449877	0.5503472	0.8919476	1.0	2212	tags=18%, list=16%, signal=21%	
BIOCARTA_SPRY_PATHWAY%MSIGDB_C2%BIOCARTA_SPRY_PATHWAY	BIOCARTA_SPRY_PATHWAY%MSIGDB_C2%BIOCARTA_SPRY_PATHWAY		15	-0.3916625	-0.9448478	0.53667957	0.8918922	1.0	2554	tags=27%, list=19%, signal=33%	
MAPK SIGNALING AND ARTD FAMILY MEMBERS%WIKIPATHWAYS_20250810%WP5530%HOMO SAPIENS	MAPK SIGNALING AND ARTD FAMILY MEMBERS%WIKIPATHWAYS_20250810%WP5530%HOMO SAPIENS		29	-0.33074528	-0.9443851	0.55516636	0.89268047	1.0	1644	tags=17%, list=12%, signal=20%	
INTERLEUKIN-1 FAMILY SIGNALING%REACTOME DATABASE ID RELEASE 93%446652	INTERLEUKIN-1 FAMILY SIGNALING%REACTOME DATABASE ID RELEASE 93%446652		123	-0.2566286	-0.9441156	0.59277505	0.8929554	1.0	2213	tags=16%, list=16%, signal=19%	
REGULATION OF INTRINSIC APOPTOTIC SIGNALING PATHWAY%GOBP%GO:2001242	REGULATION OF INTRINSIC APOPTOTIC SIGNALING PATHWAY%GOBP%GO:2001242		119	-0.25866956	-0.9428472	0.5863192	0.89600915	1.0	1880	tags=17%, list=14%, signal=19%	
NEGATIVE REGULATION OF OSSIFICATION%GOBP%GO:0030279	NEGATIVE REGULATION OF OSSIFICATION%GOBP%GO:0030279		26	-0.34672797	-0.9425407	0.52669036	0.8963694	1.0	682	tags=8%, list=5%, signal=8%	
ACTIVATION OF RRNA EXPRESSION BY ERCC6 (CSB) AND EHMT2 (G9A)%REACTOME DATABASE ID RELEASE 93%427389	ACTIVATION OF RRNA EXPRESSION BY ERCC6 (CSB) AND EHMT2 (G9A)%REACTOME DATABASE ID RELEASE 93%427389		25	-0.34624228	-0.94252586	0.5467626	0.8959573	1.0	1184	tags=16%, list=9%, signal=17%	
NEGATIVE REGULATION OF LEUKOCYTE MIGRATION%GOBP%GO:0002686	NEGATIVE REGULATION OF LEUKOCYTE MIGRATION%GOBP%GO:0002686		34	-0.31814393	-0.94235325	0.5318021	0.8959709	1.0	1721	tags=26%, list=13%, signal=30%	
POSITIVE REGULATION OF CYTOKINE PRODUCTION INVOLVED IN INFLAMMATORY RESPONSE%GOBP%GO:1900017	POSITIVE REGULATION OF CYTOKINE PRODUCTION INVOLVED IN INFLAMMATORY RESPONSE%GOBP%GO:1900017		17	-0.36930177	-0.9420778	0.5437616	0.8962783	1.0	1259	tags=18%, list=9%, signal=19%	
VENTRICULAR CARDIAC MUSCLE TISSUE MORPHOGENESIS%GOBP%GO:0055010	VENTRICULAR CARDIAC MUSCLE TISSUE MORPHOGENESIS%GOBP%GO:0055010		22	-0.3539951	-0.941469	0.54035085	0.89751405	1.0	247	tags=9%, list=2%, signal=9%	
FC RECEPTOR MEDIATED STIMULATORY SIGNALING PATHWAY%GOBP%GO:0002431	FC RECEPTOR MEDIATED STIMULATORY SIGNALING PATHWAY%GOBP%GO:0002431		22	-0.34757233	-0.9410903	0.5459272	0.89811265	1.0	1671	tags=23%, list=12%, signal=26%	
LIPOPROTEIN BIOSYNTHETIC PROCESS%GOBP%GO:0042158	LIPOPROTEIN BIOSYNTHETIC PROCESS%GOBP%GO:0042158		27	-0.3334807	-0.94106984	0.5414462	0.89771694	1.0	1025	tags=11%, list=8%, signal=12%	
REGULATION OF RAC PROTEIN SIGNAL TRANSDUCTION%GOBP%GO:0035020	REGULATION OF RAC PROTEIN SIGNAL TRANSDUCTION%GOBP%GO:0035020		27	-0.3381527	-0.94089127	0.5635359	0.8977442	1.0	1651	tags=22%, list=12%, signal=25%	
OOGENESIS%GOBP%GO:0048477	OOGENESIS%GOBP%GO:0048477		28	-0.32687873	-0.9408517	0.54270464	0.8973839	1.0	3488	tags=36%, list=26%, signal=48%	
POSITIVE REGULATION OF PLASMA MEMBRANE BOUNDED CELL PROJECTION ASSEMBLY%GOBP%GO:0120034	POSITIVE REGULATION OF PLASMA MEMBRANE BOUNDED CELL PROJECTION ASSEMBLY%GOBP%GO:0120034		82	-0.27243602	-0.9404599	0.5870307	0.8980507	1.0	629	tags=9%, list=5%, signal=9%	
NATURAL KILLER CELL MEDIATED IMMUNITY%GOBP%GO:0002228	NATURAL KILLER CELL MEDIATED IMMUNITY%GOBP%GO:0002228		26	-0.33822802	-0.9402814	0.56893545	0.8980757	1.0	1416	tags=19%, list=10%, signal=21%	
CELLULAR RESPONSE TO GLUCOCORTICOID STIMULUS%GOBP%GO:0071385	CELLULAR RESPONSE TO GLUCOCORTICOID STIMULUS%GOBP%GO:0071385		16	-0.3701718	-0.94021434	0.51699466	0.897797	1.0	1969	tags=25%, list=15%, signal=29%	
TOLL-LIKE RECEPTOR CASCADES%REACTOME DATABASE ID RELEASE 93%168898	TOLL-LIKE RECEPTOR CASCADES%REACTOME DATABASE ID RELEASE 93%168898		157	-0.24855259	-0.9399986	0.6171875	0.8979255	1.0	2473	tags=18%, list=18%, signal=22%	
REGULATION OF PROTEIN KINASE ACTIVITY%GOBP%GO:0045859	REGULATION OF PROTEIN KINASE ACTIVITY%GOBP%GO:0045859		181	-0.24370904	-0.93989396	0.6103896	0.89775074	1.0	1857	tags=17%, list=14%, signal=19%	
DISORDERS OF TRANSMEMBRANE TRANSPORTERS%REACTOME%R-HSA-5619115.5	DISORDERS OF TRANSMEMBRANE TRANSPORTERS%REACTOME%R-HSA-5619115.5		127	-0.25561285	-0.9396382	0.5846906	0.89805067	1.0	2242	tags=16%, list=17%, signal=19%	
DNA DAMAGE TELOMERE STRESS INDUCED SENESCENCE%REACTOME%R-HSA-2559586.5	DNA DAMAGE TELOMERE STRESS INDUCED SENESCENCE%REACTOME%R-HSA-2559586.5		39	-0.31347048	-0.93946993	0.5680581	0.89807504	1.0	2116	tags=21%, list=16%, signal=24%	
CELL-CELL SIGNALING INVOLVED IN CARDIAC CONDUCTION%GOBP%GO:0086019	CELL-CELL SIGNALING INVOLVED IN CARDIAC CONDUCTION%GOBP%GO:0086019		16	-0.37554994	-0.93917847	0.547486	0.8984469	1.0	2971	tags=50%, list=22%, signal=64%	
PI3K AKT MTOR VITAMIN D3 SIGNALING%WIKIPATHWAYS_20250810%WP4141%HOMO SAPIENS	PI3K AKT MTOR VITAMIN D3 SIGNALING%WIKIPATHWAYS_20250810%WP4141%HOMO SAPIENS		15	-0.37900668	-0.93900186	0.556719	0.898484	1.0	1192	tags=20%, list=9%, signal=22%	
CELLULAR DETOXIFICATION%GOBP%GO:1990748	CELLULAR DETOXIFICATION%GOBP%GO:1990748		42	-0.3001542	-0.9385606	0.5581787	0.8992264	1.0	2545	tags=29%, list=19%, signal=35%	
NEGATIVE REGULATION OF LEUKOCYTE MEDIATED IMMUNITY%GOBP%GO:0002704	NEGATIVE REGULATION OF LEUKOCYTE MEDIATED IMMUNITY%GOBP%GO:0002704		44	-0.30642316	-0.9384047	0.5567376	0.8991797	1.0	1450	tags=23%, list=11%, signal=25%	
DETOXIFICATION%GOBP%GO:0098754	DETOXIFICATION%GOBP%GO:0098754		62	-0.2821962	-0.93746066	0.5670103	0.9013049	1.0	2718	tags=27%, list=20%, signal=34%	
REGULATION OF GLYCOGEN BIOSYNTHETIC PROCESS%GOBP%GO:0005979	REGULATION OF GLYCOGEN BIOSYNTHETIC PROCESS%GOBP%GO:0005979		22	-0.34743658	-0.9373093	0.51950353	0.90126973	1.0	3875	tags=41%, list=29%, signal=57%	
RESPONSE TO OXYGEN LEVELS%GOBP%GO:0070482	RESPONSE TO OXYGEN LEVELS%GOBP%GO:0070482		137	-0.25292802	-0.93704736	0.60876626	0.9014872	1.0	2481	tags=21%, list=18%, signal=26%	
GLYCOLYSIS%REACTOME DATABASE ID RELEASE 93%70171	GLYCOLYSIS%REACTOME DATABASE ID RELEASE 93%70171		61	-0.28250813	-0.9366337	0.5659722	0.9021857	1.0	4068	tags=26%, list=30%, signal=37%	
PID_HDAC_CLASSI_PATHWAY%MSIGDB_C2%PID_HDAC_CLASSI_PATHWAY	PID_HDAC_CLASSI_PATHWAY%MSIGDB_C2%PID_HDAC_CLASSI_PATHWAY		54	-0.28522515	-0.936626	0.56719023	0.901751	1.0	1583	tags=13%, list=12%, signal=15%	
REGULATION OF MUSCLE CELL DIFFERENTIATION%GOBP%GO:0051147	REGULATION OF MUSCLE CELL DIFFERENTIATION%GOBP%GO:0051147		75	-0.27727854	-0.9362803	0.5726496	0.9022196	1.0	1405	tags=15%, list=10%, signal=16%	
EMBRYO IMPLANTATION%GOBP%GO:0007566	EMBRYO IMPLANTATION%GOBP%GO:0007566		17	-0.36882886	-0.936214	0.54898334	0.9019554	1.0	1518	tags=18%, list=11%, signal=20%	
IRS-MEDIATED SIGNALLING%REACTOME DATABASE ID RELEASE 93%112399	IRS-MEDIATED SIGNALLING%REACTOME DATABASE ID RELEASE 93%112399		30	-0.3261626	-0.93618464	0.55417407	0.9015756	1.0	1748	tags=30%, list=13%, signal=34%	
REGULATION OF CELL FATE SPECIFICATION%GOBP%GO:0042659	REGULATION OF CELL FATE SPECIFICATION%GOBP%GO:0042659		16	-0.38037217	-0.93583983	0.5539568	0.90203893	1.0	1198	tags=19%, list=9%, signal=21%	
POSITIVE REGULATION OF MUSCLE CONTRACTION%GOBP%GO:0045933	POSITIVE REGULATION OF MUSCLE CONTRACTION%GOBP%GO:0045933		17	-0.37281162	-0.935432	0.5347092	0.9027154	1.0	164	tags=12%, list=1%, signal=12%	
ENDOPLASMIC RETICULUM TUBULAR NETWORK ORGANIZATION%GOBP%GO:0071786	ENDOPLASMIC RETICULUM TUBULAR NETWORK ORGANIZATION%GOBP%GO:0071786		20	-0.3630533	-0.9347681	0.5643739	0.9040736	1.0	3002	tags=35%, list=22%, signal=45%	
POSITIVE REGULATION OF PEPTIDYL-TYROSINE PHOSPHORYLATION%GOBP%GO:0050731	POSITIVE REGULATION OF PEPTIDYL-TYROSINE PHOSPHORYLATION%GOBP%GO:0050731		33	-0.31558892	-0.9346103	0.56719023	0.90403146	1.0	738	tags=15%, list=5%, signal=16%	
MITOCHONDRIAL IMMUNE RESPONSE TO SARS COV 2%WIKIPATHWAYS_20250810%WP5038%HOMO SAPIENS	MITOCHONDRIAL IMMUNE RESPONSE TO SARS COV 2%WIKIPATHWAYS_20250810%WP5038%HOMO SAPIENS		24	-0.3341059	-0.93437123	0.5330813	0.9042291	1.0	2368	tags=25%, list=17%, signal=30%	
SIGNALING BY FGFR2%REACTOME%R-HSA-5654738.4	SIGNALING BY FGFR2%REACTOME%R-HSA-5654738.4		56	-0.28689176	-0.9341602	0.5927835	0.90433306	1.0	2868	tags=32%, list=21%, signal=41%	
CXCR4 SIGNALING PATHWAY%SMPDB%SMP0064625	CXCR4 SIGNALING PATHWAY%SMPDB%SMP0064625		18	-0.36760482	-0.9339681	0.5440141	0.90440655	1.0	3048	tags=33%, list=22%, signal=43%	
INTERLEUKIN-1 SIGNALING%REACTOME%R-HSA-9020702.4	INTERLEUKIN-1 SIGNALING%REACTOME%R-HSA-9020702.4		97	-0.26144403	-0.9339117	0.56666666	0.9041059	1.0	4673	tags=36%, list=34%, signal=55%	
ORGANIC ACID TRANSMEMBRANE TRANSPORT%GOBP%GO:1903825	ORGANIC ACID TRANSMEMBRANE TRANSPORT%GOBP%GO:1903825		81	-0.26845577	-0.93378294	0.57730263	0.9040147	1.0	3250	tags=30%, list=24%, signal=39%	
RAS SIGNALING PATHWAY%SMPDB%SMP0063784	RAS SIGNALING PATHWAY%SMPDB%SMP0063784		24	-0.33850837	-0.9337403	0.5711679	0.9036804	1.0	2861	tags=25%, list=21%, signal=32%	
PANCREAS DEVELOPMENT%GOBP%GO:0031016	PANCREAS DEVELOPMENT%GOBP%GO:0031016		21	-0.3513367	-0.9336702	0.55737704	0.9034356	1.0	3100	tags=33%, list=23%, signal=43%	
NEGATIVE REGULATION OF TELOMERE MAINTENANCE VIA TELOMERASE%GOBP%GO:0032211	NEGATIVE REGULATION OF TELOMERE MAINTENANCE VIA TELOMERASE%GOBP%GO:0032211		18	-0.3684885	-0.9335666	0.5540275	0.9032591	1.0	4324	tags=56%, list=32%, signal=81%	
REGULATION OF GLUCAN BIOSYNTHETIC PROCESS%GOBP%GO:0010962	REGULATION OF GLUCAN BIOSYNTHETIC PROCESS%GOBP%GO:0010962		22	-0.34743658	-0.9331564	0.5428051	0.9039258	1.0	3875	tags=41%, list=29%, signal=57%	
MUSCLE TISSUE MORPHOGENESIS%GOBP%GO:0060415	MUSCLE TISSUE MORPHOGENESIS%GOBP%GO:0060415		29	-0.3260045	-0.93186057	0.5492701	0.9070236	1.0	328	tags=10%, list=2%, signal=11%	
BIOCARTA_IL2RB_PATHWAY%MSIGDB_C2%BIOCARTA_IL2RB_PATHWAY	BIOCARTA_IL2RB_PATHWAY%MSIGDB_C2%BIOCARTA_IL2RB_PATHWAY		29	-0.32640162	-0.9316587	0.5580205	0.9071409	1.0	1757	tags=24%, list=13%, signal=28%	
NEGATIVE REGULATION OF CATALYTIC ACTIVITY%GOBP%GO:0043086	NEGATIVE REGULATION OF CATALYTIC ACTIVITY%GOBP%GO:0043086		120	-0.25209773	-0.9315318	0.61488676	0.90703666	1.0	1902	tags=16%, list=14%, signal=18%	
NEGATIVE REGULATION OF CDH1 GENE TRANSCRIPTION%REACTOME DATABASE ID RELEASE 93%9764725	NEGATIVE REGULATION OF CDH1 GENE TRANSCRIPTION%REACTOME DATABASE ID RELEASE 93%9764725		41	-0.30383772	-0.93135214	0.5821678	0.9070792	1.0	3108	tags=29%, list=23%, signal=38%	
INTERACTOME OF POLYCOMB REPRESSIVE COMPLEX 2 PRC2 %WIKIPATHWAYS_20250810%WP2916%HOMO SAPIENS	INTERACTOME OF POLYCOMB REPRESSIVE COMPLEX 2 PRC2 %WIKIPATHWAYS_20250810%WP2916%HOMO SAPIENS		15	-0.38617438	-0.931298	0.5742754	0.9067832	1.0	5700	tags=80%, list=42%, signal=138%	
ALPHA6BETA4INTEGRIN%NETPATH%ALPHA6BETA4INTEGRIN	ALPHA6BETA4INTEGRIN%NETPATH%ALPHA6BETA4INTEGRIN		50	-0.29345945	-0.9310875	0.54867256	0.90688676	1.0	952	tags=14%, list=7%, signal=15%	
IL5%NETPATH%IL5	IL5%NETPATH%IL5		36	-0.30396357	-0.9310217	0.5683453	0.90660197	1.0	3506	tags=39%, list=26%, signal=52%	
PID_INTEGRIN2_PATHWAY%MSIGDB_C2%PID_INTEGRIN2_PATHWAY	PID_INTEGRIN2_PATHWAY%MSIGDB_C2%PID_INTEGRIN2_PATHWAY		16	-0.3700904	-0.93088233	0.54561716	0.90652716	1.0	528	tags=13%, list=4%, signal=13%	
FRUCTOSURIA%SMPDB%SMP0000561	FRUCTOSURIA%SMPDB%SMP0000561		18	-0.3644896	-0.9295153	0.5608856	0.9098627	1.0	1432	tags=17%, list=11%, signal=19%	
PROTEIN TARGETING TO MITOCHONDRION%GOBP%GO:0006626	PROTEIN TARGETING TO MITOCHONDRION%GOBP%GO:0006626		30	-0.32539952	-0.92951065	0.56216216	0.9094245	1.0	3303	tags=33%, list=24%, signal=44%	
RIBONUCLEOSIDE DIPHOSPHATE CATABOLIC PROCESS%GOBP%GO:0009191	RIBONUCLEOSIDE DIPHOSPHATE CATABOLIC PROCESS%GOBP%GO:0009191		36	-0.31554377	-0.92946666	0.5681416	0.9090852	1.0	1432	tags=11%, list=11%, signal=12%	
PIWI-INTERACTING RNA (PIRNA) BIOGENESIS%REACTOME%R-HSA-5601884.3	PIWI-INTERACTING RNA (PIRNA) BIOGENESIS%REACTOME%R-HSA-5601884.3		22	-0.3422323	-0.9285765	0.5685558	0.91103435	1.0	3648	tags=36%, list=27%, signal=50%	
RESPONSE OF MTB TO PHAGOCYTOSIS%REACTOME DATABASE ID RELEASE 93%9637690	RESPONSE OF MTB TO PHAGOCYTOSIS%REACTOME DATABASE ID RELEASE 93%9637690		22	-0.34859616	-0.9282123	0.5355286	0.9115162	1.0	2013	tags=18%, list=15%, signal=21%	
SIGNALING BY ERBB2%REACTOME%R-HSA-1227986.10	SIGNALING BY ERBB2%REACTOME%R-HSA-1227986.10		42	-0.30158392	-0.92815566	0.5574074	0.9112331	1.0	2013	tags=21%, list=15%, signal=25%	
REGULATION OF KINASE ACTIVITY%GOBP%GO:0043549	REGULATION OF KINASE ACTIVITY%GOBP%GO:0043549		196	-0.2378181	-0.9279768	0.625	0.91123927	1.0	1938	tags=17%, list=14%, signal=19%	
FRUCTOSE AND MANNOSE DEGRADATION%SMPDB%SMP0000064	FRUCTOSE AND MANNOSE DEGRADATION%SMPDB%SMP0000064		18	-0.3644896	-0.92774814	0.5667276	0.9113894	1.0	1432	tags=17%, list=11%, signal=19%	
HALLMARK_XENOBIOTIC_METABOLISM%MSIGDBHALLMARK%HALLMARK_XENOBIOTIC_METABOLISM	HALLMARK_XENOBIOTIC_METABOLISM%MSIGDBHALLMARK%HALLMARK_XENOBIOTIC_METABOLISM		114	-0.25303218	-0.9276368	0.6079734	0.91122043	1.0	1643	tags=18%, list=12%, signal=21%	
RECOGNITION AND ASSOCIATION OF DNA GLYCOSYLASE WITH SITE CONTAINING AN AFFECTED PYRIMIDINE%REACTOME%R-HSA-110328.4	RECOGNITION AND ASSOCIATION OF DNA GLYCOSYLASE WITH SITE CONTAINING AN AFFECTED PYRIMIDINE%REACTOME%R-HSA-110328.4		22	-0.34901026	-0.9274065	0.5778612	0.9113989	1.0	1761	tags=23%, list=13%, signal=26%	
PID_ERBB4_PATHWAY%MSIGDB_C2%PID_ERBB4_PATHWAY	PID_ERBB4_PATHWAY%MSIGDB_C2%PID_ERBB4_PATHWAY		31	-0.32917807	-0.92688465	0.5740072	0.9123091	1.0	1098	tags=23%, list=8%, signal=25%	
RETINA HOMEOSTASIS%GOBP%GO:0001895	RETINA HOMEOSTASIS%GOBP%GO:0001895		26	-0.33033752	-0.9266256	0.55616945	0.9125624	1.0	3416	tags=38%, list=25%, signal=51%	
NEGATIVE REGULATION OF PROTEOLYSIS INVOLVED IN PROTEIN CATABOLIC PROCESS%GOBP%GO:1903051	NEGATIVE REGULATION OF PROTEOLYSIS INVOLVED IN PROTEIN CATABOLIC PROCESS%GOBP%GO:1903051		60	-0.28610924	-0.9264312	0.5951941	0.91266066	1.0	2632	tags=23%, list=19%, signal=29%	
RHOG GTPASE CYCLE%REACTOME DATABASE ID RELEASE 93%9013408	RHOG GTPASE CYCLE%REACTOME DATABASE ID RELEASE 93%9013408		70	-0.27428877	-0.9261273	0.6041308	0.91305304	1.0	1513	tags=19%, list=11%, signal=21%	
INTERACTIONS BETWEEN IMMUNE CELLS AND MICRORNAS IN TUMOR MICROENVIRONMENT%WIKIPATHWAYS_20250810%WP4559%HOMO SAPIENS	INTERACTIONS BETWEEN IMMUNE CELLS AND MICRORNAS IN TUMOR MICROENVIRONMENT%WIKIPATHWAYS_20250810%WP4559%HOMO SAPIENS		17	-0.367501	-0.926087	0.59770113	0.91270816	1.0	1274	tags=29%, list=9%, signal=32%	
RESPONSE TO ATP%GOBP%GO:0033198	RESPONSE TO ATP%GOBP%GO:0033198		17	-0.36575124	-0.92593485	0.55204463	0.9126553	1.0	693	tags=18%, list=5%, signal=19%	
REGULATION OF EXPRESSION AND FUNCTION OF TYPE II CLASSICAL CADHERINS%REACTOME%R-HSA-9764260.2	REGULATION OF EXPRESSION AND FUNCTION OF TYPE II CLASSICAL CADHERINS%REACTOME%R-HSA-9764260.2		27	-0.32337835	-0.9257653	0.5561497	0.9126688	1.0	1291	tags=15%, list=10%, signal=16%	
MUSCLE ORGAN MORPHOGENESIS%GOBP%GO:0048644	MUSCLE ORGAN MORPHOGENESIS%GOBP%GO:0048644		29	-0.3260045	-0.9254508	0.5519031	0.9130485	1.0	328	tags=10%, list=2%, signal=11%	
POSITIVE REGULATION OF TELOMERE MAINTENANCE VIA TELOMERASE%GOBP%GO:0032212	POSITIVE REGULATION OF TELOMERE MAINTENANCE VIA TELOMERASE%GOBP%GO:0032212		23	-0.34213877	-0.9250731	0.5491651	0.9136279	1.0	4306	tags=57%, list=32%, signal=83%	
HEMATOPOIETIC STEM CELL GENE REGULATION BY GABP ALPHA BETA COMPLEX%WIKIPATHWAYS_20250810%WP3657%HOMO SAPIENS	HEMATOPOIETIC STEM CELL GENE REGULATION BY GABP ALPHA BETA COMPLEX%WIKIPATHWAYS_20250810%WP3657%HOMO SAPIENS		16	-0.37807304	-0.92473686	0.58627087	0.9140903	1.0	4201	tags=38%, list=31%, signal=54%	
TRNA WOBBLE BASE MODIFICATION%GOBP%GO:0002097	TRNA WOBBLE BASE MODIFICATION%GOBP%GO:0002097		21	-0.34599444	-0.92447084	0.57866186	0.9143528	1.0	3653	tags=33%, list=27%, signal=46%	
REGULATION OF CELL SIZE%GOBP%GO:0008361	REGULATION OF CELL SIZE%GOBP%GO:0008361		82	-0.26650327	-0.9242775	0.6112	0.9143984	1.0	2361	tags=24%, list=17%, signal=29%	
SIGNALING BY NOTCH3%REACTOME DATABASE ID RELEASE 93%9012852	SIGNALING BY NOTCH3%REACTOME DATABASE ID RELEASE 93%9012852		45	-0.29422545	-0.92348355	0.5875421	0.91606736	1.0	2013	tags=22%, list=15%, signal=26%	
CHRONIC HYPERGLYCEMIA IMPAIRMENT OF NEURON FUNCTION%WIKIPATHWAYS_20250810%WP5283%HOMO SAPIENS	CHRONIC HYPERGLYCEMIA IMPAIRMENT OF NEURON FUNCTION%WIKIPATHWAYS_20250810%WP5283%HOMO SAPIENS		29	-0.3286544	-0.9234604	0.5952813	0.9156675	1.0	1522	tags=28%, list=11%, signal=31%	
5HT2 TYPE RECEPTOR MEDIATED SIGNALING PATHWAY%PANTHER PATHWAY%P04374	5HT2 TYPE RECEPTOR MEDIATED SIGNALING PATHWAY%PANTHER PATHWAY%P04374		31	-0.31833968	-0.92345345	0.5716946	0.9152373	1.0	1601	tags=19%, list=12%, signal=22%	
SIGNALING BY NOTCH1 HD DOMAIN MUTANTS IN CANCER%REACTOME%R-HSA-2691230.3	SIGNALING BY NOTCH1 HD DOMAIN MUTANTS IN CANCER%REACTOME%R-HSA-2691230.3		15	-0.3724957	-0.92338914	0.55877036	0.9149694	1.0	2013	tags=33%, list=15%, signal=39%	
REGULATION OF RETINOBLASTOMA PROTEIN%PATHWAY INTERACTION DATABASE NCI-NATURE CURATED DATA%REGULATION OF RETINOBLASTOMA PROTEIN	REGULATION OF RETINOBLASTOMA PROTEIN%PATHWAY INTERACTION DATABASE NCI-NATURE CURATED DATA%REGULATION OF RETINOBLASTOMA PROTEIN		57	-0.28383335	-0.92307574	0.5730706	0.9153587	1.0	2481	tags=25%, list=18%, signal=30%	
OLIGODENDROCYTE SPECIFICATION AND DIFFERENTIATION LEADING TO MYELIN COMPONENTS FOR CNS%WIKIPATHWAYS_20250810%WP4304%HOMO SAPIENS	OLIGODENDROCYTE SPECIFICATION AND DIFFERENTIATION LEADING TO MYELIN COMPONENTS FOR CNS%WIKIPATHWAYS_20250810%WP4304%HOMO SAPIENS		15	-0.36826593	-0.9208431	0.56560284	0.9209169	1.0	1509	tags=27%, list=11%, signal=30%	
TAK1-DEPENDENT IKK AND NF-KAPPA-B ACTIVATION%REACTOME DATABASE ID RELEASE 93%445989	TAK1-DEPENDENT IKK AND NF-KAPPA-B ACTIVATION%REACTOME DATABASE ID RELEASE 93%445989		43	-0.29886392	-0.9200725	0.5744308	0.9225267	1.0	2213	tags=16%, list=16%, signal=19%	
ORGANIC CATION TRANSPORT%GOBP%GO:0015695	ORGANIC CATION TRANSPORT%GOBP%GO:0015695		56	-0.28455088	-0.9196925	0.5816327	0.923113	1.0	1623	tags=21%, list=12%, signal=24%	
CARDIAC ATRIUM DEVELOPMENT%GOBP%GO:0003230	CARDIAC ATRIUM DEVELOPMENT%GOBP%GO:0003230		17	-0.36456123	-0.91959393	0.5599251	0.92292136	1.0	2157	tags=35%, list=16%, signal=42%	
HOST-MEDIATED ACTIVATION OF VIRAL PROCESS%GOBP%GO:0044794	HOST-MEDIATED ACTIVATION OF VIRAL PROCESS%GOBP%GO:0044794		33	-0.31852895	-0.91940844	0.5658363	0.922958	1.0	355	tags=6%, list=3%, signal=6%	
REGULATION OF NEUTROPHIL CHEMOTAXIS%GOBP%GO:0090022	REGULATION OF NEUTROPHIL CHEMOTAXIS%GOBP%GO:0090022		25	-0.3359785	-0.91917163	0.5777778	0.9231529	1.0	738	tags=16%, list=5%, signal=17%	
TOR SIGNALING%GOBP%GO:0031929	TOR SIGNALING%GOBP%GO:0031929		32	-0.32130477	-0.91913915	0.5795848	0.92279077	1.0	1225	tags=13%, list=9%, signal=14%	
P53 PATHWAY%PANTHER PATHWAY%P00059	P53 PATHWAY%PANTHER PATHWAY%P00059		38	-0.30601454	-0.9190274	0.5796064	0.92262095	1.0	2266	tags=18%, list=17%, signal=22%	
REGULATION OF ALCOHOL BIOSYNTHETIC PROCESS%GOBP%GO:1902930	REGULATION OF ALCOHOL BIOSYNTHETIC PROCESS%GOBP%GO:1902930		37	-0.30386958	-0.9188142	0.56766254	0.92272794	1.0	2977	tags=38%, list=22%, signal=48%	
REGULATION OF INTERLEUKIN-4 PRODUCTION%GOBP%GO:0032673	REGULATION OF INTERLEUKIN-4 PRODUCTION%GOBP%GO:0032673		19	-0.35979566	-0.9185389	0.55135137	0.9230118	1.0	863	tags=21%, list=6%, signal=22%	
POSITIVE REGULATION OF MYOBLAST DIFFERENTIATION%GOBP%GO:0045663	POSITIVE REGULATION OF MYOBLAST DIFFERENTIATION%GOBP%GO:0045663		34	-0.3118066	-0.9185089	0.5817556	0.9226574	1.0	4211	tags=44%, list=31%, signal=64%	
ACTIVATION OF NF-KAPPAB IN B CELLS%REACTOME%R-HSA-1169091.2	ACTIVATION OF NF-KAPPAB IN B CELLS%REACTOME%R-HSA-1169091.2		52	-0.2841841	-0.918114	0.6034188	0.92326516	1.0	3962	tags=29%, list=29%, signal=41%	
RRNA MODIFICATION%GOBP%GO:0000154	RRNA MODIFICATION%GOBP%GO:0000154		29	-0.3181829	-0.917993	0.60535717	0.92312783	1.0	4306	tags=45%, list=32%, signal=66%	
FAS%IOB%FAS	FAS%IOB%FAS		78	-0.26402578	-0.91785866	0.6423729	0.92304933	1.0	2861	tags=23%, list=21%, signal=29%	
ERBB SIGNALING PATHWAY%GOBP%GO:0038127	ERBB SIGNALING PATHWAY%GOBP%GO:0038127		51	-0.28528544	-0.91773313	0.6132404	0.92293763	1.0	1392	tags=14%, list=10%, signal=15%	
FORMATION OF TC-NER PRE-INCISION COMPLEX%REACTOME%R-HSA-6781823.4	FORMATION OF TC-NER PRE-INCISION COMPLEX%REACTOME%R-HSA-6781823.4		51	-0.28635365	-0.9171171	0.61403507	0.9241262	1.0	3998	tags=35%, list=29%, signal=50%	
RNA METHYLATION%GOBP%GO:0001510	RNA METHYLATION%GOBP%GO:0001510		65	-0.27726212	-0.91588897	0.62932456	0.9269072	1.0	4126	tags=40%, list=30%, signal=57%	
NEGATIVE REGULATION OF AMYLOID-BETA FORMATION%GOBP%GO:1902430	NEGATIVE REGULATION OF AMYLOID-BETA FORMATION%GOBP%GO:1902430		15	-0.375973	-0.91497326	0.58878505	0.9288296	1.0	355	tags=13%, list=3%, signal=14%	
SIGNALING BY RAF1 MUTANTS%REACTOME%R-HSA-9656223.2	SIGNALING BY RAF1 MUTANTS%REACTOME%R-HSA-9656223.2		32	-0.32204223	-0.91492087	0.59621996	0.92853314	1.0	1746	tags=16%, list=13%, signal=18%	
ABORTIVE ELONGATION OF HIV-1 TRANSCRIPT IN THE ABSENCE OF TAT%REACTOME%R-HSA-167242.4	ABORTIVE ELONGATION OF HIV-1 TRANSCRIPT IN THE ABSENCE OF TAT%REACTOME%R-HSA-167242.4		23	-0.34319112	-0.91465753	0.5682211	0.9287949	1.0	3692	tags=35%, list=27%, signal=48%	
CILIUM-DEPENDENT CELL MOTILITY%GOBP%GO:0060285	CILIUM-DEPENDENT CELL MOTILITY%GOBP%GO:0060285		73	-0.26622456	-0.9140461	0.61367524	0.9299578	1.0	2699	tags=25%, list=20%, signal=31%	
RESPONSE TO HYPOXIA%GOBP%GO:0001666	RESPONSE TO HYPOXIA%GOBP%GO:0001666		119	-0.24971502	-0.9139008	0.6356073	0.92990553	1.0	2578	tags=22%, list=19%, signal=27%	
NATURAL KILLER CELL MEDIATED CYTOTOXICITY%GOBP%GO:0042267	NATURAL KILLER CELL MEDIATED CYTOTOXICITY%GOBP%GO:0042267		24	-0.32842204	-0.9136116	0.5905923	0.93024904	1.0	593	tags=13%, list=4%, signal=13%	
REGULATION OF INFLAMMATORY RESPONSE TO ANTIGENIC STIMULUS%GOBP%GO:0002861	REGULATION OF INFLAMMATORY RESPONSE TO ANTIGENIC STIMULUS%GOBP%GO:0002861		26	-0.32752728	-0.91337574	0.5799649	0.9304038	1.0	2487	tags=35%, list=18%, signal=42%	
PID_RAC1_REG_PATHWAY%MSIGDB_C2%PID_RAC1_REG_PATHWAY	PID_RAC1_REG_PATHWAY%MSIGDB_C2%PID_RAC1_REG_PATHWAY		26	-0.3223648	-0.91309476	0.5716878	0.93069625	1.0	2478	tags=23%, list=18%, signal=28%	
ADHERENS JUNCTIONS INTERACTIONS%REACTOME DATABASE ID RELEASE 93%418990	ADHERENS JUNCTIONS INTERACTIONS%REACTOME DATABASE ID RELEASE 93%418990		162	-0.23945116	-0.91305697	0.681203	0.930338	1.0	2820	tags=20%, list=21%, signal=25%	
POSITIVE REGULATION OF SMALL GTPASE MEDIATED SIGNAL TRANSDUCTION%GOBP%GO:0051057	POSITIVE REGULATION OF SMALL GTPASE MEDIATED SIGNAL TRANSDUCTION%GOBP%GO:0051057		51	-0.2847388	-0.91298646	0.60732985	0.93007195	1.0	1651	tags=22%, list=12%, signal=24%	
NEGATIVE REGULATION OF AMYLOID PRECURSOR PROTEIN CATABOLIC PROCESS%GOBP%GO:1902992	NEGATIVE REGULATION OF AMYLOID PRECURSOR PROTEIN CATABOLIC PROCESS%GOBP%GO:1902992		16	-0.3644748	-0.9129281	0.57040995	0.92976785	1.0	355	tags=13%, list=3%, signal=13%	
SIGNALING BY ERBB2 TMD JMD MUTANTS%REACTOME DATABASE ID RELEASE 93%9665686	SIGNALING BY ERBB2 TMD JMD MUTANTS%REACTOME DATABASE ID RELEASE 93%9665686		16	-0.36451358	-0.9127018	0.5805243	0.9299039	1.0	1870	tags=31%, list=14%, signal=36%	
HETEROCHROMATIN FORMATION%GOBP%GO:0031507	HETEROCHROMATIN FORMATION%GOBP%GO:0031507		92	-0.2587696	-0.9126645	0.63439065	0.9295595	1.0	1380	tags=10%, list=10%, signal=11%	
REGULATION OF CARDIAC MUSCLE CONTRACTION BY REGULATION OF THE RELEASE OF SEQUESTERED CALCIUM ION%GOBP%GO:0010881	REGULATION OF CARDIAC MUSCLE CONTRACTION BY REGULATION OF THE RELEASE OF SEQUESTERED CALCIUM ION%GOBP%GO:0010881		19	-0.34899938	-0.91171736	0.58951175	0.931625	1.0	533	tags=11%, list=4%, signal=11%	
INTRACELLULAR GLUCOSE HOMEOSTASIS%GOBP%GO:0001678	INTRACELLULAR GLUCOSE HOMEOSTASIS%GOBP%GO:0001678		47	-0.28790078	-0.9107692	0.6079855	0.93367195	1.0	1380	tags=15%, list=10%, signal=17%	
BIOCARTA_CREB_PATHWAY%MSIGDB_C2%BIOCARTA_CREB_PATHWAY	BIOCARTA_CREB_PATHWAY%MSIGDB_C2%BIOCARTA_CREB_PATHWAY		17	-0.35807493	-0.9105752	0.57793343	0.9337366	1.0	4648	tags=53%, list=34%, signal=80%	
POSITIVE REGULATION OF LIPID TRANSPORT%GOBP%GO:0032370	POSITIVE REGULATION OF LIPID TRANSPORT%GOBP%GO:0032370		48	-0.28987038	-0.9104732	0.6028369	0.93355423	1.0	1503	tags=23%, list=11%, signal=26%	
10Q22Q23 COPY NUMBER VARIATION%WIKIPATHWAYS_20250810%WP5402%HOMO SAPIENS	10Q22Q23 COPY NUMBER VARIATION%WIKIPATHWAYS_20250810%WP5402%HOMO SAPIENS		31	-0.31751242	-0.91017157	0.60954064	0.93391305	1.0	2277	tags=29%, list=17%, signal=35%	
PID_RAS_PATHWAY%MSIGDB_C2%PID_RAS_PATHWAY	PID_RAS_PATHWAY%MSIGDB_C2%PID_RAS_PATHWAY		20	-0.3446253	-0.9100759	0.58225507	0.93370855	1.0	1966	tags=30%, list=15%, signal=35%	
SARCOMERE ORGANIZATION%GOBP%GO:0045214	SARCOMERE ORGANIZATION%GOBP%GO:0045214		16	-0.36994138	-0.90991753	0.5860215	0.9336816	1.0	1228	tags=25%, list=9%, signal=27%	
FORMATION OF THE HIV-1 EARLY ELONGATION COMPLEX%REACTOME%R-HSA-167158.4	FORMATION OF THE HIV-1 EARLY ELONGATION COMPLEX%REACTOME%R-HSA-167158.4		33	-0.30762312	-0.90948236	0.5821678	0.9343819	1.0	3692	tags=36%, list=27%, signal=50%	
REGULATION OF CELL SHAPE%GOBP%GO:0008360	REGULATION OF CELL SHAPE%GOBP%GO:0008360		91	-0.25555626	-0.90916836	0.6589018	0.93474674	1.0	977	tags=13%, list=7%, signal=14%	
FORMATION OF THE EARLY ELONGATION COMPLEX%REACTOME%R-HSA-113418.5	FORMATION OF THE EARLY ELONGATION COMPLEX%REACTOME%R-HSA-113418.5		33	-0.30762312	-0.9081265	0.62126863	0.9370209	1.0	3692	tags=36%, list=27%, signal=50%	
PURINE RIBONUCLEOSIDE MONOPHOSPHATE METABOLIC PROCESS%GOBP%GO:0009167	PURINE RIBONUCLEOSIDE MONOPHOSPHATE METABOLIC PROCESS%GOBP%GO:0009167		19	-0.35115796	-0.90798384	0.6110092	0.93695056	1.0	1200	tags=21%, list=9%, signal=23%	
PURINE NUCLEOSIDE MONOPHOSPHATE METABOLIC PROCESS%GOBP%GO:0009126	PURINE NUCLEOSIDE MONOPHOSPHATE METABOLIC PROCESS%GOBP%GO:0009126		20	-0.34601784	-0.9074747	0.582397	0.9378694	1.0	1200	tags=20%, list=9%, signal=22%	
NEGATIVE REGULATION OF PLASMA MEMBRANE BOUNDED CELL PROJECTION ASSEMBLY%GOBP%GO:0120033	NEGATIVE REGULATION OF PLASMA MEMBRANE BOUNDED CELL PROJECTION ASSEMBLY%GOBP%GO:0120033		36	-0.3037381	-0.90734315	0.597561	0.9377728	1.0	1427	tags=17%, list=11%, signal=19%	
NUCLEAR-TRANSCRIBED MRNA CATABOLIC PROCESS%GOBP%GO:0000956	NUCLEAR-TRANSCRIBED MRNA CATABOLIC PROCESS%GOBP%GO:0000956		88	-0.2562341	-0.90713036	0.65562916	0.93789667	1.0	5147	tags=45%, list=38%, signal=73%	
MONOCYTE CHEMOTAXIS%GOBP%GO:0002548	MONOCYTE CHEMOTAXIS%GOBP%GO:0002548		18	-0.35892454	-0.90710294	0.5872727	0.9375148	1.0	1311	tags=28%, list=10%, signal=31%	
CORTICOTROPIN RELEASING HORMONE SIGNALING%WIKIPATHWAYS_20250810%WP2355%HOMO SAPIENS	CORTICOTROPIN RELEASING HORMONE SIGNALING%WIKIPATHWAYS_20250810%WP2355%HOMO SAPIENS		58	-0.2759119	-0.9068078	0.62541807	0.9378274	1.0	1392	tags=16%, list=10%, signal=17%	
RA BIOSYNTHESIS PATHWAY%REACTOME%R-HSA-5365859.4	RA BIOSYNTHESIS PATHWAY%REACTOME%R-HSA-5365859.4		18	-0.35551906	-0.906729	0.598513	0.93758446	1.0	2140	tags=44%, list=16%, signal=53%	
INITIATION OF TRANSCRIPTION AND TRANSLATION ELONGATION AT THE HIV 1 LTR%WIKIPATHWAYS_20250810%WP3414%HOMO SAPIENS	INITIATION OF TRANSCRIPTION AND TRANSLATION ELONGATION AT THE HIV 1 LTR%WIKIPATHWAYS_20250810%WP3414%HOMO SAPIENS		27	-0.3138823	-0.9063439	0.59287053	0.9381224	1.0	4663	tags=48%, list=34%, signal=73%	
BLOOD VESSEL ENDOTHELIAL CELL MIGRATION%GOBP%GO:0043534	BLOOD VESSEL ENDOTHELIAL CELL MIGRATION%GOBP%GO:0043534		21	-0.3357594	-0.9057162	0.5904437	0.9393065	1.0	3427	tags=48%, list=25%, signal=64%	
POSITIVE REGULATION OF T CELL MIGRATION%GOBP%GO:2000406	POSITIVE REGULATION OF T CELL MIGRATION%GOBP%GO:2000406		23	-0.3322295	-0.90547407	0.6079855	0.93953377	1.0	1482	tags=22%, list=11%, signal=24%	
HOMOLOGOUS CHROMOSOME SEGREGATION%GOBP%GO:0045143	HOMOLOGOUS CHROMOSOME SEGREGATION%GOBP%GO:0045143		21	-0.3457916	-0.9053559	0.6037037	0.9393763	1.0	1580	tags=33%, list=12%, signal=38%	
MITOCHONDRION LOCALIZATION%GOBP%GO:0051646	MITOCHONDRION LOCALIZATION%GOBP%GO:0051646		31	-0.3151939	-0.90534145	0.59272724	0.93896586	1.0	1407	tags=16%, list=10%, signal=18%	
CELL FATE SPECIFICATION%GOBP%GO:0001708	CELL FATE SPECIFICATION%GOBP%GO:0001708		22	-0.3399168	-0.90502334	0.5948276	0.9393437	1.0	1664	tags=23%, list=12%, signal=26%	
MEMBRANE RAFT ORGANIZATION%GOBP%GO:0031579	MEMBRANE RAFT ORGANIZATION%GOBP%GO:0031579		19	-0.3504998	-0.90432376	0.58669	0.94066256	1.0	797	tags=11%, list=6%, signal=11%	
LEPTIN SIGNALING%WIKIPATHWAYS_20250810%WP2034%HOMO SAPIENS	LEPTIN SIGNALING%WIKIPATHWAYS_20250810%WP2034%HOMO SAPIENS		63	-0.2713785	-0.90431947	0.6089194	0.94022334	1.0	929	tags=11%, list=7%, signal=12%	
POSITIVE REGULATION OF INTERLEUKIN-1 BETA PRODUCTION%GOBP%GO:0032731	POSITIVE REGULATION OF INTERLEUKIN-1 BETA PRODUCTION%GOBP%GO:0032731		48	-0.2865528	-0.90424544	0.6168385	0.9399882	1.0	949	tags=17%, list=7%, signal=18%	
GENES CONTROLLING NEPHROGENESIS%WIKIPATHWAYS_20250810%WP4823%HOMO SAPIENS	GENES CONTROLLING NEPHROGENESIS%WIKIPATHWAYS_20250810%WP4823%HOMO SAPIENS		25	-0.32293484	-0.9042299	0.5956679	0.93958706	1.0	851	tags=16%, list=6%, signal=17%	
REGULATION OF JUN KINASE ACTIVITY%GOBP%GO:0043506	REGULATION OF JUN KINASE ACTIVITY%GOBP%GO:0043506		17	-0.36407197	-0.9037124	0.5763636	0.94049543	1.0	3252	tags=35%, list=24%, signal=46%	
POSITIVE REGULATION OF SODIUM ION TRANSPORT%GOBP%GO:0010765	POSITIVE REGULATION OF SODIUM ION TRANSPORT%GOBP%GO:0010765		21	-0.34536484	-0.9034131	0.57548845	0.9408293	1.0	2869	tags=38%, list=21%, signal=48%	
CONSTITUTIVE SIGNALING BY NOTCH1 HD DOMAIN MUTANTS%REACTOME%R-HSA-2691232.3	CONSTITUTIVE SIGNALING BY NOTCH1 HD DOMAIN MUTANTS%REACTOME%R-HSA-2691232.3		15	-0.3724957	-0.903343	0.58747697	0.9405691	1.0	2013	tags=33%, list=15%, signal=39%	
AZATHIOPRINE ACTION PATHWAY%SMPDB%SMP0000427	AZATHIOPRINE ACTION PATHWAY%SMPDB%SMP0000427		43	-0.28837627	-0.9028583	0.6003584	0.94142723	1.0	2585	tags=26%, list=19%, signal=32%	
SUMO E3 LIGASES SUMOYLATE TARGET PROTEINS%REACTOME DATABASE ID RELEASE 93%3108232	SUMO E3 LIGASES SUMOYLATE TARGET PROTEINS%REACTOME DATABASE ID RELEASE 93%3108232		148	-0.24055625	-0.9028361	0.65737706	0.94103736	1.0	4486	tags=31%, list=33%, signal=46%	
SIGNALING BY ERBB2 IN CANCER%REACTOME%R-HSA-1227990.6	SIGNALING BY ERBB2 IN CANCER%REACTOME%R-HSA-1227990.6		20	-0.3377603	-0.90273076	0.5865922	0.94086224	1.0	1870	tags=25%, list=14%, signal=29%	
NEGATIVE REGULATION OF ENDOCYTOSIS%GOBP%GO:0045806	NEGATIVE REGULATION OF ENDOCYTOSIS%GOBP%GO:0045806		51	-0.2834371	-0.9024282	0.61862916	0.9411911	1.0	1450	tags=14%, list=11%, signal=15%	
REGULATION OF PTEN STABILITY AND ACTIVITY%REACTOME%R-HSA-8948751.3	REGULATION OF PTEN STABILITY AND ACTIVITY%REACTOME%R-HSA-8948751.3		55	-0.27732983	-0.9021469	0.63793105	0.9414824	1.0	4145	tags=35%, list=31%, signal=50%	
REGULATION OF T CELL CYTOKINE PRODUCTION%GOBP%GO:0002724	REGULATION OF T CELL CYTOKINE PRODUCTION%GOBP%GO:0002724		28	-0.32112715	-0.90190166	0.6043557	0.9416965	1.0	1018	tags=18%, list=8%, signal=19%	
POSITIVE REGULATION OF INTERLEUKIN-1 PRODUCTION%GOBP%GO:0032732	POSITIVE REGULATION OF INTERLEUKIN-1 PRODUCTION%GOBP%GO:0032732		53	-0.2809369	-0.90145266	0.6494662	0.94239056	1.0	1822	tags=23%, list=13%, signal=26%	
REGULATION OF TELOMERE MAINTENANCE VIA TELOMERASE%GOBP%GO:0032210	REGULATION OF TELOMERE MAINTENANCE VIA TELOMERASE%GOBP%GO:0032210		41	-0.29210237	-0.9012022	0.62352943	0.9425889	1.0	4324	tags=51%, list=32%, signal=75%	
CILIUM OR FLAGELLUM-DEPENDENT CELL MOTILITY%GOBP%GO:0001539	CILIUM OR FLAGELLUM-DEPENDENT CELL MOTILITY%GOBP%GO:0001539		73	-0.26622456	-0.9010702	0.62932456	0.9424974	1.0	2699	tags=25%, list=20%, signal=31%	
POSITIVE REGULATION OF B CELL MEDIATED IMMUNITY%GOBP%GO:0002714	POSITIVE REGULATION OF B CELL MEDIATED IMMUNITY%GOBP%GO:0002714		16	-0.3559524	-0.90099007	0.6003717	0.94227624	1.0	790	tags=13%, list=6%, signal=13%	
SIGNALING BY MODERATE KINASE ACTIVITY BRAF MUTANTS%REACTOME%R-HSA-6802946.3	SIGNALING BY MODERATE KINASE ACTIVITY BRAF MUTANTS%REACTOME%R-HSA-6802946.3		37	-0.29944113	-0.9009402	0.6315789	0.94197106	1.0	1746	tags=14%, list=13%, signal=15%	
REGULATION OF CDH1 GENE TRANSCRIPTION%REACTOME DATABASE ID RELEASE 93%9764560	REGULATION OF CDH1 GENE TRANSCRIPTION%REACTOME DATABASE ID RELEASE 93%9764560		49	-0.28530514	-0.9009331	0.63261944	0.9415452	1.0	3108	tags=27%, list=23%, signal=34%	
RESPONSE TO DECREASED OXYGEN LEVELS%GOBP%GO:0036293	RESPONSE TO DECREASED OXYGEN LEVELS%GOBP%GO:0036293		122	-0.24329329	-0.90054166	0.6796875	0.94212896	1.0	2578	tags=21%, list=19%, signal=26%	
POSITIVE REGULATION OF IMMUNOGLOBULIN MEDIATED IMMUNE RESPONSE%GOBP%GO:0002891	POSITIVE REGULATION OF IMMUNOGLOBULIN MEDIATED IMMUNE RESPONSE%GOBP%GO:0002891		16	-0.3559524	-0.8998455	0.5944056	0.94355357	1.0	790	tags=13%, list=6%, signal=13%	
UNTITLED%PANTHER PATHWAY%P00019	UNTITLED%PANTHER PATHWAY%P00019		53	-0.27417323	-0.89939845	0.6260434	0.944241	1.0	3961	tags=36%, list=29%, signal=50%	
CAMERA-TYPE EYE DEVELOPMENT%GOBP%GO:0043010	CAMERA-TYPE EYE DEVELOPMENT%GOBP%GO:0043010		85	-0.2599486	-0.8990905	0.6510067	0.9445724	1.0	2052	tags=19%, list=15%, signal=22%	
ADULT BEHAVIOR%GOBP%GO:0030534	ADULT BEHAVIOR%GOBP%GO:0030534		24	-0.3284894	-0.8983641	0.5854545	0.94603145	1.0	1115	tags=21%, list=8%, signal=23%	
PHOSPHATIDYLGLYCEROL METABOLIC PROCESS%GOBP%GO:0046471	PHOSPHATIDYLGLYCEROL METABOLIC PROCESS%GOBP%GO:0046471		19	-0.3395962	-0.8981409	0.6024735	0.94613504	1.0	2167	tags=32%, list=16%, signal=38%	
NEUREXINS AND NEUROLIGINS%REACTOME%R-HSA-6794361.6	NEUREXINS AND NEUROLIGINS%REACTOME%R-HSA-6794361.6		37	-0.3008	-0.898104	0.64311594	0.94578743	1.0	1634	tags=19%, list=12%, signal=21%	
NEGATIVE REGULATION OF CELL JUNCTION ASSEMBLY%GOBP%GO:1901889	NEGATIVE REGULATION OF CELL JUNCTION ASSEMBLY%GOBP%GO:1901889		28	-0.31489143	-0.89780027	0.60071945	0.9461236	1.0	643	tags=14%, list=5%, signal=15%	
FOXO-MEDIATED TRANSCRIPTION OF CELL CYCLE GENES%REACTOME%R-HSA-9617828.2	FOXO-MEDIATED TRANSCRIPTION OF CELL CYCLE GENES%REACTOME%R-HSA-9617828.2		17	-0.3566189	-0.89765424	0.59605026	0.94603723	1.0	1984	tags=24%, list=15%, signal=28%	
NEGATIVE REGULATION OF NOTCH SIGNALING PATHWAY%GOBP%GO:0045746	NEGATIVE REGULATION OF NOTCH SIGNALING PATHWAY%GOBP%GO:0045746		23	-0.33486292	-0.89759403	0.5947955	0.9457554	1.0	1583	tags=22%, list=12%, signal=25%	
CELLULAR RESPONSE TO MECHANICAL STIMULUS%GOBP%GO:0071260	CELLULAR RESPONSE TO MECHANICAL STIMULUS%GOBP%GO:0071260		51	-0.28279638	-0.8972769	0.6397942	0.94615346	1.0	2213	tags=24%, list=16%, signal=28%	
SPHINGOLIPID BIOSYNTHETIC PROCESS%GOBP%GO:0030148	SPHINGOLIPID BIOSYNTHETIC PROCESS%GOBP%GO:0030148		77	-0.26013085	-0.8969997	0.6595041	0.9464101	1.0	1347	tags=13%, list=10%, signal=14%	
MATURATION OF LSU-RRNA FROM TRICISTRONIC RRNA TRANSCRIPT (SSU-RRNA, 5.8S RRNA, LSU-RRNA)%GOBP%GO:0000463	MATURATION OF LSU-RRNA FROM TRICISTRONIC RRNA TRANSCRIPT (SSU-RRNA, 5.8S RRNA, LSU-RRNA)%GOBP%GO:0000463		15	-0.3742929	-0.8963255	0.5856874	0.9477002	1.0	3434	tags=40%, list=25%, signal=54%	
SLC TRANSPORTER DISORDERS%REACTOME%R-HSA-5619102.8	SLC TRANSPORTER DISORDERS%REACTOME%R-HSA-5619102.8		70	-0.26687825	-0.8961786	0.6378092	0.9476378	1.0	2122	tags=17%, list=16%, signal=20%	
CILIUM MOVEMENT INVOLVED IN CELL MOTILITY%GOBP%GO:0060294	CILIUM MOVEMENT INVOLVED IN CELL MOTILITY%GOBP%GO:0060294		71	-0.26814234	-0.89609647	0.6660959	0.94741344	1.0	2699	tags=25%, list=20%, signal=31%	
MELANOMA%WIKIPATHWAYS_20250810%WP4685%HOMO SAPIENS	MELANOMA%WIKIPATHWAYS_20250810%WP4685%HOMO SAPIENS		50	-0.28271574	-0.8958418	0.60833335	0.94765043	1.0	1746	tags=20%, list=13%, signal=23%	
PID_TNF_PATHWAY%MSIGDB_C2%PID_TNF_PATHWAY	PID_TNF_PATHWAY%MSIGDB_C2%PID_TNF_PATHWAY		36	-0.2982395	-0.8957223	0.6192171	0.9475106	1.0	2213	tags=19%, list=16%, signal=23%	
PROXIMAL TUBULE TRANSPORT%WIKIPATHWAYS_20250810%WP4917%HOMO SAPIENS	PROXIMAL TUBULE TRANSPORT%WIKIPATHWAYS_20250810%WP4917%HOMO SAPIENS		27	-0.3206958	-0.89568657	0.64912283	0.94714963	1.0	1449	tags=15%, list=11%, signal=17%	
REGULATION OF GTPASE ACTIVITY%GOBP%GO:0043087	REGULATION OF GTPASE ACTIVITY%GOBP%GO:0043087		111	-0.24509716	-0.8955806	0.6730159	0.9469887	1.0	1482	tags=14%, list=11%, signal=16%	
SIGNALING DOWNSTREAM OF RAS MUTANTS%REACTOME DATABASE ID RELEASE 93%9649948	SIGNALING DOWNSTREAM OF RAS MUTANTS%REACTOME DATABASE ID RELEASE 93%9649948		37	-0.29944113	-0.8954079	0.62610227	0.947	1.0	1746	tags=14%, list=13%, signal=15%	
IRAK2 MEDIATED ACTIVATION OF TAK1 COMPLEX UPON TLR7 8 OR 9 STIMULATION%REACTOME DATABASE ID RELEASE 93%975163	IRAK2 MEDIATED ACTIVATION OF TAK1 COMPLEX UPON TLR7 8 OR 9 STIMULATION%REACTOME DATABASE ID RELEASE 93%975163		15	-0.3648851	-0.89506096	0.62900186	0.9474591	1.0	2013	tags=27%, list=15%, signal=31%	
SIGNALING BY EGFR IN CANCER%REACTOME%R-HSA-1643713.4	SIGNALING BY EGFR IN CANCER%REACTOME%R-HSA-1643713.4		20	-0.33607194	-0.8950288	0.609319	0.9471011	1.0	2013	tags=30%, list=15%, signal=35%	
DNA DOUBLE-STRAND BREAK PROCESSING%GOBP%GO:0000729	DNA DOUBLE-STRAND BREAK PROCESSING%GOBP%GO:0000729		16	-0.3527209	-0.8949975	0.6085271	0.9467424	1.0	3703	tags=38%, list=27%, signal=52%	
DOWNSTREAM SIGNALING EVENTS OF B CELL RECEPTOR (BCR)%REACTOME%R-HSA-1168372.5	DOWNSTREAM SIGNALING EVENTS OF B CELL RECEPTOR (BCR)%REACTOME%R-HSA-1168372.5		65	-0.26737803	-0.89440596	0.6432247	0.9478413	1.0	3962	tags=29%, list=29%, signal=41%	
MAP2K AND MAPK ACTIVATION%REACTOME DATABASE ID RELEASE 93%5674135	MAP2K AND MAPK ACTIVATION%REACTOME DATABASE ID RELEASE 93%5674135		33	-0.3101567	-0.8942983	0.60954064	0.9476621	1.0	1746	tags=15%, list=13%, signal=17%	
PID_LYMPH_ANGIOGENESIS_PATHWAY%MSIGDB_C2%PID_LYMPH_ANGIOGENESIS_PATHWAY	PID_LYMPH_ANGIOGENESIS_PATHWAY%MSIGDB_C2%PID_LYMPH_ANGIOGENESIS_PATHWAY		22	-0.33105686	-0.89424163	0.6140036	0.9473603	1.0	2212	tags=23%, list=16%, signal=27%	
CELLULAR RESPONSE TO EXTERNAL STIMULUS%GOBP%GO:0071496	CELLULAR RESPONSE TO EXTERNAL STIMULUS%GOBP%GO:0071496		51	-0.28279638	-0.8942076	0.62126243	0.9469977	1.0	2213	tags=24%, list=16%, signal=28%	
ERYTHROCYTE DEVELOPMENT%GOBP%GO:0048821	ERYTHROCYTE DEVELOPMENT%GOBP%GO:0048821		15	-0.36588717	-0.89412653	0.600713	0.9467561	1.0	876	tags=13%, list=6%, signal=14%	
5HT1 TYPE RECEPTOR MEDIATED SIGNALING PATHWAY%PANTHER PATHWAY%P04373	5HT1 TYPE RECEPTOR MEDIATED SIGNALING PATHWAY%PANTHER PATHWAY%P04373		22	-0.33217487	-0.8935664	0.59412783	0.9477225	1.0	2936	tags=32%, list=22%, signal=41%	
MERCAPTOPURINE ACTION PATHWAY%PATHWHIZ%PW000267	MERCAPTOPURINE ACTION PATHWAY%PATHWHIZ%PW000267		43	-0.28837627	-0.8934269	0.62811387	0.9476317	1.0	2585	tags=26%, list=19%, signal=32%	
TRAF6-MEDIATED INDUCTION OF TAK1 COMPLEX WITHIN TLR4 COMPLEX%REACTOME DATABASE ID RELEASE 93%937072	TRAF6-MEDIATED INDUCTION OF TAK1 COMPLEX WITHIN TLR4 COMPLEX%REACTOME DATABASE ID RELEASE 93%937072		15	-0.3648851	-0.8933352	0.61367524	0.947409	1.0	2013	tags=27%, list=15%, signal=31%	
NEGATIVE REGULATION OF CHEMOKINE PRODUCTION%GOBP%GO:0032682	NEGATIVE REGULATION OF CHEMOKINE PRODUCTION%GOBP%GO:0032682		15	-0.3623711	-0.8932777	0.59732825	0.9471276	1.0	371	tags=13%, list=3%, signal=14%	
16P11 2 DISTAL DELETION SYNDROME%WIKIPATHWAYS_20250810%WP4950%HOMO SAPIENS	16P11 2 DISTAL DELETION SYNDROME%WIKIPATHWAYS_20250810%WP4950%HOMO SAPIENS		23	-0.3311884	-0.8931813	0.6419295	0.9469304	1.0	3195	tags=30%, list=24%, signal=40%	
LEISHMANIA PARASITE GROWTH AND SURVIVAL%REACTOME DATABASE ID RELEASE 93%9664433	LEISHMANIA PARASITE GROWTH AND SURVIVAL%REACTOME DATABASE ID RELEASE 93%9664433		59	-0.27359304	-0.8930148	0.63573885	0.9468984	1.0	1096	tags=14%, list=8%, signal=15%	
PHOSPHOLIPID METABOLISM%REACTOME DATABASE ID RELEASE 93%1483257	PHOSPHOLIPID METABOLISM%REACTOME DATABASE ID RELEASE 93%1483257		182	-0.23142484	-0.8927065	0.7305195	0.947255	1.0	2405	tags=20%, list=18%, signal=24%	
NEGATIVE REGULATION OF ANTIGEN RECEPTOR-MEDIATED SIGNALING PATHWAY%GOBP%GO:0050858	NEGATIVE REGULATION OF ANTIGEN RECEPTOR-MEDIATED SIGNALING PATHWAY%GOBP%GO:0050858		40	-0.29184037	-0.8918094	0.6358792	0.94914603	1.0	1772	tags=23%, list=13%, signal=26%	
ALDEHYDE METABOLIC PROCESS%GOBP%GO:0006081	ALDEHYDE METABOLIC PROCESS%GOBP%GO:0006081		41	-0.29529655	-0.8917167	0.6221034	0.94893765	1.0	2534	tags=29%, list=19%, signal=36%	
B-WICH COMPLEX POSITIVELY REGULATES RRNA EXPRESSION%REACTOME DATABASE ID RELEASE 93%5250924	B-WICH COMPLEX POSITIVELY REGULATES RRNA EXPRESSION%REACTOME DATABASE ID RELEASE 93%5250924		39	-0.29537988	-0.89162207	0.64309764	0.94873935	1.0	2286	tags=21%, list=17%, signal=25%	
PARADOXICAL ACTIVATION OF RAF SIGNALING BY KINASE INACTIVE BRAF%REACTOME DATABASE ID RELEASE 93%6802955	PARADOXICAL ACTIVATION OF RAF SIGNALING BY KINASE INACTIVE BRAF%REACTOME DATABASE ID RELEASE 93%6802955		37	-0.29944113	-0.8916044	0.61946905	0.9483493	1.0	1746	tags=14%, list=13%, signal=15%	
GLUCOSE CATABOLIC PROCESS%GOBP%GO:0006007	GLUCOSE CATABOLIC PROCESS%GOBP%GO:0006007		18	-0.35219508	-0.89153266	0.5944954	0.9480931	1.0	2923	tags=22%, list=22%, signal=28%	
NEGATIVE REGULATION OF MRNA CATABOLIC PROCESS%GOBP%GO:1902373	NEGATIVE REGULATION OF MRNA CATABOLIC PROCESS%GOBP%GO:1902373		50	-0.27782673	-0.8911686	0.6267123	0.9485924	1.0	4885	tags=48%, list=36%, signal=75%	
ANTI-INFLAMMATORY RESPONSE FAVOURING LEISHMANIA PARASITE INFECTION%REACTOME%R-HSA-9662851.3	ANTI-INFLAMMATORY RESPONSE FAVOURING LEISHMANIA PARASITE INFECTION%REACTOME%R-HSA-9662851.3		59	-0.27359304	-0.89085853	0.65084743	0.9489415	1.0	1096	tags=14%, list=8%, signal=15%	
CARBOXYLIC ACID TRANSMEMBRANE TRANSPORT%GOBP%GO:1905039	CARBOXYLIC ACID TRANSMEMBRANE TRANSPORT%GOBP%GO:1905039		79	-0.26357117	-0.8906417	0.67075306	0.94906175	1.0	3250	tags=29%, list=24%, signal=38%	
POSITIVE REGULATION OF BLOOD VESSEL ENDOTHELIAL CELL MIGRATION%GOBP%GO:0043536	POSITIVE REGULATION OF BLOOD VESSEL ENDOTHELIAL CELL MIGRATION%GOBP%GO:0043536		48	-0.28232345	-0.89062685	0.66027874	0.94866455	1.0	2172	tags=23%, list=16%, signal=27%	
SEALING OF THE NUCLEAR ENVELOPE (NE) BY ESCRT-III%REACTOME DATABASE ID RELEASE 93%9668328	SEALING OF THE NUCLEAR ENVELOPE (NE) BY ESCRT-III%REACTOME DATABASE ID RELEASE 93%9668328		22	-0.32377914	-0.89054966	0.6086956	0.9484092	1.0	238	tags=9%, list=2%, signal=9%	
PID_P73PATHWAY%MSIGDB_C2%PID_P73PATHWAY	PID_P73PATHWAY%MSIGDB_C2%PID_P73PATHWAY		56	-0.27196035	-0.8903735	0.6684028	0.9484269	1.0	2604	tags=25%, list=19%, signal=31%	
ATRIOVENTRICULAR VALVE MORPHOGENESIS%GOBP%GO:0003181	ATRIOVENTRICULAR VALVE MORPHOGENESIS%GOBP%GO:0003181		19	-0.34506664	-0.8901121	0.60831887	0.9486715	1.0	2157	tags=32%, list=16%, signal=38%	
BASE-EXCISION REPAIR, AP SITE FORMATION%REACTOME%R-HSA-73929.5	BASE-EXCISION REPAIR, AP SITE FORMATION%REACTOME%R-HSA-73929.5		23	-0.3357585	-0.8895368	0.5939177	0.949744	1.0	1761	tags=22%, list=13%, signal=25%	
SIGNALING BY ERBB2 KD MUTANTS%REACTOME%R-HSA-9664565.3	SIGNALING BY ERBB2 KD MUTANTS%REACTOME%R-HSA-9664565.3		19	-0.34414825	-0.8894911	0.615245	0.94941086	1.0	1870	tags=26%, list=14%, signal=30%	
REGULATION OF SODIUM ION TRANSPORT%GOBP%GO:0002028	REGULATION OF SODIUM ION TRANSPORT%GOBP%GO:0002028		45	-0.28654644	-0.889482	0.636528	0.94899714	1.0	2954	tags=31%, list=22%, signal=40%	
ENDOMETRIAL CANCER%WIKIPATHWAYS_20250810%WP4155%HOMO SAPIENS	ENDOMETRIAL CANCER%WIKIPATHWAYS_20250810%WP4155%HOMO SAPIENS		50	-0.2838908	-0.8891506	0.65909094	0.94937503	1.0	1746	tags=18%, list=13%, signal=21%	
MEIOTIC NUCLEAR DIVISION%GOBP%GO:0140013	MEIOTIC NUCLEAR DIVISION%GOBP%GO:0140013		86	-0.25444707	-0.889117	0.6951424	0.9490205	1.0	2533	tags=28%, list=19%, signal=34%	
PEPTIDE SECRETION%GOBP%GO:0002790	PEPTIDE SECRETION%GOBP%GO:0002790		19	-0.3378449	-0.8890277	0.5904059	0.94880646	1.0	2097	tags=21%, list=15%, signal=25%	
CYCLIC NUCLEOTIDE METABOLIC PROCESS%GOBP%GO:0009187	CYCLIC NUCLEOTIDE METABOLIC PROCESS%GOBP%GO:0009187		19	-0.3425361	-0.8889455	0.6381818	0.9485834	1.0	3453	tags=37%, list=25%, signal=49%	
REGULATION OF EXECUTION PHASE OF APOPTOSIS%GOBP%GO:1900117	REGULATION OF EXECUTION PHASE OF APOPTOSIS%GOBP%GO:1900117		18	-0.34386873	-0.8884084	0.61247635	0.94947094	1.0	3212	tags=44%, list=24%, signal=58%	
HDAC6 INTERACTIONS IN THE CENTRAL NERVOUS SYSTEM%WIKIPATHWAYS_20250810%WP5426%HOMO SAPIENS	HDAC6 INTERACTIONS IN THE CENTRAL NERVOUS SYSTEM%WIKIPATHWAYS_20250810%WP5426%HOMO SAPIENS		72	-0.26463586	-0.88812834	0.6534483	0.9497136	1.0	2371	tags=18%, list=17%, signal=22%	
POSITIVE REGULATION OF AXON EXTENSION%GOBP%GO:0045773	POSITIVE REGULATION OF AXON EXTENSION%GOBP%GO:0045773		17	-0.35244444	-0.8877811	0.6179775	0.9501486	1.0	2350	tags=35%, list=17%, signal=43%	
SIGNALING BY FGFR%REACTOME%R-HSA-190236.4	SIGNALING BY FGFR%REACTOME%R-HSA-190236.4		66	-0.26348144	-0.88744265	0.6820513	0.9505619	1.0	2868	tags=30%, list=21%, signal=38%	
SIGNALING BY RAS MUTANTS%REACTOME DATABASE ID RELEASE 93%6802949	SIGNALING BY RAS MUTANTS%REACTOME DATABASE ID RELEASE 93%6802949		37	-0.29944113	-0.8862204	0.6469565	0.95321316	1.0	1746	tags=14%, list=13%, signal=15%	
MYOGENESIS%REACTOME%R-HSA-525793.4	MYOGENESIS%REACTOME%R-HSA-525793.4		18	-0.34972158	-0.8861623	0.61284405	0.9529361	1.0	805	tags=11%, list=6%, signal=12%	
REGULATION OF VIRAL GENOME REPLICATION%GOBP%GO:0045069	REGULATION OF VIRAL GENOME REPLICATION%GOBP%GO:0045069		65	-0.26732486	-0.88606757	0.67689824	0.9527194	1.0	1101	tags=8%, list=8%, signal=8%	
HISTAMINE H1 RECEPTOR MEDIATED SIGNALING PATHWAY%PANTHER PATHWAY%P04385	HISTAMINE H1 RECEPTOR MEDIATED SIGNALING PATHWAY%PANTHER PATHWAY%P04385		33	-0.30034706	-0.8857293	0.63814616	0.95313394	1.0	1601	tags=18%, list=12%, signal=21%	
PHOSPHODIESTERASES IN NEURONAL FUNCTION%WIKIPATHWAYS_20250810%WP4222%HOMO SAPIENS	PHOSPHODIESTERASES IN NEURONAL FUNCTION%WIKIPATHWAYS_20250810%WP4222%HOMO SAPIENS		30	-0.3039518	-0.8852776	0.6256781	0.9538235	1.0	1972	tags=37%, list=15%, signal=43%	
PID_CXCR4_PATHWAY%MSIGDB_C2%PID_CXCR4_PATHWAY	PID_CXCR4_PATHWAY%MSIGDB_C2%PID_CXCR4_PATHWAY		71	-0.26150453	-0.88523376	0.68456376	0.9534872	1.0	2371	tags=21%, list=17%, signal=25%	
SUMOYLATION%REACTOME DATABASE ID RELEASE 93%2990846	SUMOYLATION%REACTOME DATABASE ID RELEASE 93%2990846		154	-0.2349895	-0.8847931	0.7152209	0.9541288	1.0	4939	tags=36%, list=36%, signal=56%	
POSITIVE REGULATION OF RECEPTOR SIGNALING PATHWAY VIA STAT%GOBP%GO:1904894	POSITIVE REGULATION OF RECEPTOR SIGNALING PATHWAY VIA STAT%GOBP%GO:1904894		31	-0.30888867	-0.88462687	0.6451049	0.9540922	1.0	836	tags=13%, list=6%, signal=14%	
DEFECTIVE PYROPTOSIS%REACTOME DATABASE ID RELEASE 93%9710421	DEFECTIVE PYROPTOSIS%REACTOME DATABASE ID RELEASE 93%9710421		22	-0.32750028	-0.884283	0.6139706	0.95452946	1.0	1184	tags=14%, list=9%, signal=15%	
SYNTHESIS OF DNA%REACTOME DATABASE ID RELEASE 93%69239	SYNTHESIS OF DNA%REACTOME DATABASE ID RELEASE 93%69239		99	-0.24613987	-0.88402826	0.7218543	0.9547479	1.0	4217	tags=35%, list=31%, signal=51%	
LATE PHASE OF HIV LIFE CYCLE%REACTOME%R-HSA-162599.4	LATE PHASE OF HIV LIFE CYCLE%REACTOME%R-HSA-162599.4		129	-0.23733373	-0.8837969	0.72878534	0.9548742	1.0	5541	tags=54%, list=41%, signal=91%	
ROLE OF PHOSPHOLIPIDS IN PHAGOCYTOSIS%REACTOME%R-HSA-2029485.3	ROLE OF PHOSPHOLIPIDS IN PHAGOCYTOSIS%REACTOME%R-HSA-2029485.3		21	-0.33393762	-0.8834893	0.6305147	0.955252	1.0	1513	tags=19%, list=11%, signal=21%	
MATERNAL TO ZYGOTIC TRANSITION (MZT)%REACTOME%R-HSA-9816359.2	MATERNAL TO ZYGOTIC TRANSITION (MZT)%REACTOME%R-HSA-9816359.2		47	-0.28033972	-0.88335776	0.68313456	0.9551442	1.0	1652	tags=13%, list=12%, signal=14%	
CYCLIC PURINE NUCLEOTIDE METABOLIC PROCESS%GOBP%GO:0052652	CYCLIC PURINE NUCLEOTIDE METABOLIC PROCESS%GOBP%GO:0052652		19	-0.3425361	-0.8830472	0.6199262	0.95550823	1.0	3453	tags=37%, list=25%, signal=49%	
REGULATION OF TELOMERE MAINTENANCE IN RESPONSE TO DNA DAMAGE%GOBP%GO:1904505	REGULATION OF TELOMERE MAINTENANCE IN RESPONSE TO DNA DAMAGE%GOBP%GO:1904505		18	-0.3399488	-0.8830238	0.65371025	0.9551194	1.0	2727	tags=17%, list=20%, signal=21%	
AQUAPORIN-MEDIATED TRANSPORT%REACTOME%R-HSA-445717.4	AQUAPORIN-MEDIATED TRANSPORT%REACTOME%R-HSA-445717.4		33	-0.29873994	-0.8828615	0.65090907	0.95508105	1.0	1096	tags=12%, list=8%, signal=13%	
MICRORNAS IN CARDIOMYOCYTE HYPERTROPHY%WIKIPATHWAYS_20250810%WP1544%HOMO SAPIENS	MICRORNAS IN CARDIOMYOCYTE HYPERTROPHY%WIKIPATHWAYS_20250810%WP1544%HOMO SAPIENS		64	-0.2644273	-0.8820975	0.6589404	0.95654905	1.0	1198	tags=11%, list=9%, signal=12%	
AMINO ACID ACTIVATION%GOBP%GO:0043038	AMINO ACID ACTIVATION%GOBP%GO:0043038		39	-0.2900965	-0.8817066	0.6631944	0.95709485	1.0	3730	tags=31%, list=28%, signal=42%	
TRNA AMINOACYLATION%GOBP%GO:0043039	TRNA AMINOACYLATION%GOBP%GO:0043039		39	-0.2900965	-0.88129115	0.6529081	0.9576792	1.0	3730	tags=31%, list=28%, signal=42%	
ENDOTHELIAL CELL DEVELOPMENT%GOBP%GO:0001885	ENDOTHELIAL CELL DEVELOPMENT%GOBP%GO:0001885		30	-0.30983013	-0.88121045	0.6172161	0.957454	1.0	3468	tags=47%, list=26%, signal=63%	
CELL-CELL JUNCTION ORGANIZATION%REACTOME DATABASE ID RELEASE 93%421270	CELL-CELL JUNCTION ORGANIZATION%REACTOME DATABASE ID RELEASE 93%421270		184	-0.22982217	-0.88089645	0.75510204	0.9577929	1.0	2820	tags=21%, list=21%, signal=26%	
PROSTAGLANDIN SIGNALING%WIKIPATHWAYS_20250810%WP5088%HOMO SAPIENS	PROSTAGLANDIN SIGNALING%WIKIPATHWAYS_20250810%WP5088%HOMO SAPIENS		22	-0.3234865	-0.8802757	0.62923354	0.95886314	1.0	1292	tags=27%, list=10%, signal=30%	
MOLECULAR PATHWAY FOR OXIDATIVE STRESS%WIKIPATHWAYS_20250810%WP5477%HOMO SAPIENS	MOLECULAR PATHWAY FOR OXIDATIVE STRESS%WIKIPATHWAYS_20250810%WP5477%HOMO SAPIENS		37	-0.29256615	-0.8797935	0.6619965	0.9596212	1.0	1380	tags=14%, list=10%, signal=15%	
NEUROTRANSMITTER RELEASE CYCLE%REACTOME DATABASE ID RELEASE 93%112310	NEUROTRANSMITTER RELEASE CYCLE%REACTOME DATABASE ID RELEASE 93%112310		30	-0.30437467	-0.8796625	0.63468635	0.95950717	1.0	1623	tags=20%, list=12%, signal=23%	
REGULATION OF EXTENT OF CELL GROWTH%GOBP%GO:0061387	REGULATION OF EXTENT OF CELL GROWTH%GOBP%GO:0061387		40	-0.29441106	-0.8795399	0.6626087	0.95937353	1.0	1735	tags=23%, list=13%, signal=26%	
PHOSPHATIDYLETHANOLAMINE METABOLIC PROCESS%GOBP%GO:0046337	PHOSPHATIDYLETHANOLAMINE METABOLIC PROCESS%GOBP%GO:0046337		20	-0.33719295	-0.8792001	0.64972776	0.9597691	1.0	2167	tags=35%, list=16%, signal=42%	
THIOGUANINE ACTION PATHWAY%PATHWHIZ%PW000429	THIOGUANINE ACTION PATHWAY%PATHWHIZ%PW000429		43	-0.28837627	-0.8789024	0.66007197	0.96007997	1.0	2585	tags=26%, list=19%, signal=32%	
PID_ARF6_TRAFFICKING_PATHWAY%MSIGDB_C2%PID_ARF6_TRAFFICKING_PATHWAY	PID_ARF6_TRAFFICKING_PATHWAY%MSIGDB_C2%PID_ARF6_TRAFFICKING_PATHWAY		33	-0.30139634	-0.87879795	0.6455224	0.95987386	1.0	1980	tags=18%, list=15%, signal=21%	
MYOMETRIAL RELAXATION AND CONTRACTION PATHWAYS%WIKIPATHWAYS_20250810%WP289%HOMO SAPIENS	MYOMETRIAL RELAXATION AND CONTRACTION PATHWAYS%WIKIPATHWAYS_20250810%WP289%HOMO SAPIENS		92	-0.25004387	-0.87794834	0.7034596	0.96155924	1.0	1799	tags=16%, list=13%, signal=19%	
RNA POLYMERASE I TRANSCRIPTION TERMINATION%REACTOME DATABASE ID RELEASE 93%73863	RNA POLYMERASE I TRANSCRIPTION TERMINATION%REACTOME DATABASE ID RELEASE 93%73863		31	-0.30544433	-0.8778298	0.66433567	0.961422	1.0	3917	tags=39%, list=29%, signal=54%	
REGULATION OF CYTOPLASMIC PATTERN RECOGNITION RECEPTOR SIGNALING PATHWAY%GOBP%GO:0039531	REGULATION OF CYTOPLASMIC PATTERN RECOGNITION RECEPTOR SIGNALING PATHWAY%GOBP%GO:0039531		103	-0.24443953	-0.8774495	0.703125	0.961923	1.0	1724	tags=13%, list=13%, signal=14%	
PEPTIDE HORMONE SECRETION%GOBP%GO:0030072	PEPTIDE HORMONE SECRETION%GOBP%GO:0030072		19	-0.3378449	-0.87697214	0.6261343	0.9626714	1.0	2097	tags=21%, list=15%, signal=25%	
REGULATION OF PROGRAMMED NECROTIC CELL DEATH%GOBP%GO:0062098	REGULATION OF PROGRAMMED NECROTIC CELL DEATH%GOBP%GO:0062098		22	-0.32803506	-0.8769413	0.64579606	0.9623036	1.0	2354	tags=32%, list=17%, signal=38%	
ATRIOVENTRICULAR VALVE DEVELOPMENT%GOBP%GO:0003171	ATRIOVENTRICULAR VALVE DEVELOPMENT%GOBP%GO:0003171		21	-0.33041683	-0.87611264	0.6544118	0.9639033	1.0	2157	tags=29%, list=16%, signal=34%	
NEGATIVE REGULATION OF VIRAL PROCESS%GOBP%GO:0048525	NEGATIVE REGULATION OF VIRAL PROCESS%GOBP%GO:0048525		58	-0.27309054	-0.875803	0.6877193	0.9642358	1.0	1101	tags=9%, list=8%, signal=9%	
G PROTEIN SIGNALING%WIKIPATHWAYS_20250810%WP35%HOMO SAPIENS	G PROTEIN SIGNALING%WIKIPATHWAYS_20250810%WP35%HOMO SAPIENS		58	-0.26900402	-0.87559223	0.70408165	0.964333	1.0	1746	tags=17%, list=13%, signal=20%	
POLYOL METABOLIC PROCESS%GOBP%GO:0019751	POLYOL METABOLIC PROCESS%GOBP%GO:0019751		60	-0.26706564	-0.87548405	0.6935201	0.964171	1.0	3961	tags=40%, list=29%, signal=56%	
IL2 SIGNALING EVENTS MEDIATED BY PI3K%PATHWAY INTERACTION DATABASE NCI-NATURE CURATED DATA%IL2 SIGNALING EVENTS MEDIATED BY PI3K	IL2 SIGNALING EVENTS MEDIATED BY PI3K%PATHWAY INTERACTION DATABASE NCI-NATURE CURATED DATA%IL2 SIGNALING EVENTS MEDIATED BY PI3K		32	-0.30382985	-0.8754482	0.65565217	0.9638244	1.0	1274	tags=16%, list=9%, signal=17%	
FERROPTOSIS%WIKIPATHWAYS_20250810%WP4313%HOMO SAPIENS	FERROPTOSIS%WIKIPATHWAYS_20250810%WP4313%HOMO SAPIENS		47	-0.27770528	-0.87543523	0.6689655	0.9634186	1.0	880	tags=13%, list=6%, signal=14%	
NUCLEUS ORGANIZATION%GOBP%GO:0006997	NUCLEUS ORGANIZATION%GOBP%GO:0006997		105	-0.24203768	-0.875339	0.71428573	0.9632313	1.0	3874	tags=29%, list=29%, signal=40%	
REGULATION OF PURINE NUCLEOTIDE CATABOLIC PROCESS%GOBP%GO:0033121	REGULATION OF PURINE NUCLEOTIDE CATABOLIC PROCESS%GOBP%GO:0033121		34	-0.29508597	-0.8752078	0.6487889	0.9631109	1.0	1629	tags=15%, list=12%, signal=17%	
MITF-M-REGULATED MELANOCYTE DEVELOPMENT%REACTOME%R-HSA-9730414.5	MITF-M-REGULATED MELANOCYTE DEVELOPMENT%REACTOME%R-HSA-9730414.5		126	-0.2369047	-0.87479365	0.72875816	0.9637322	1.0	1570	tags=11%, list=12%, signal=12%	
IRS-RELATED EVENTS TRIGGERED BY IGF1R%REACTOME%R-HSA-2428928.3	IRS-RELATED EVENTS TRIGGERED BY IGF1R%REACTOME%R-HSA-2428928.3		33	-0.29819244	-0.87457263	0.6826241	0.9638433	1.0	1748	tags=27%, list=13%, signal=31%	
CARBOXYTERMINAL POST-TRANSLATIONAL MODIFICATIONS OF TUBULIN%REACTOME DATABASE ID RELEASE 93%8955332	CARBOXYTERMINAL POST-TRANSLATIONAL MODIFICATIONS OF TUBULIN%REACTOME DATABASE ID RELEASE 93%8955332		26	-0.31467834	-0.8745326	0.664825	0.96349895	1.0	997	tags=12%, list=7%, signal=12%	
POSITIVE REGULATION OF DEFENSE RESPONSE TO VIRUS BY HOST%GOBP%GO:0002230	POSITIVE REGULATION OF DEFENSE RESPONSE TO VIRUS BY HOST%GOBP%GO:0002230		22	-0.32893333	-0.87434053	0.63718414	0.9635272	1.0	440	tags=9%, list=3%, signal=9%	
POTASSIUM ION IMPORT ACROSS PLASMA MEMBRANE%GOBP%GO:1990573	POTASSIUM ION IMPORT ACROSS PLASMA MEMBRANE%GOBP%GO:1990573		22	-0.32280606	-0.8742533	0.6544118	0.9633141	1.0	2556	tags=41%, list=19%, signal=50%	
CILIUM MOVEMENT%GOBP%GO:0003341	CILIUM MOVEMENT%GOBP%GO:0003341		91	-0.24991265	-0.8735694	0.71691793	0.96451056	1.0	3100	tags=27%, list=23%, signal=35%	
PARKINSON DISEASE%PANTHER PATHWAY%P00049	PARKINSON DISEASE%PANTHER PATHWAY%P00049		40	-0.29082808	-0.8734438	0.66969144	0.9644011	1.0	3962	tags=38%, list=29%, signal=53%	
BLADDER CANCER%WIKIPATHWAYS_20250810%WP2828%HOMO SAPIENS	BLADDER CANCER%WIKIPATHWAYS_20250810%WP2828%HOMO SAPIENS		31	-0.30423722	-0.8732971	0.66481483	0.9643432	1.0	1746	tags=19%, list=13%, signal=22%	
REGULATION OF LAMELLIPODIUM ASSEMBLY%GOBP%GO:0010591	REGULATION OF LAMELLIPODIUM ASSEMBLY%GOBP%GO:0010591		27	-0.31013545	-0.8732079	0.65745854	0.9641337	1.0	2053	tags=22%, list=15%, signal=26%	
NEGATIVE REGULATION OF CELL KILLING%GOBP%GO:0031342	NEGATIVE REGULATION OF CELL KILLING%GOBP%GO:0031342		26	-0.31894773	-0.8728397	0.64014465	0.96462274	1.0	2405	tags=35%, list=18%, signal=42%	
NUCLEOTIDE TRANSPORT%GOBP%GO:0006862	NUCLEOTIDE TRANSPORT%GOBP%GO:0006862		32	-0.2949046	-0.8726726	0.6527778	0.96459395	1.0	1690	tags=22%, list=12%, signal=25%	
REGULATION OF CELL MORPHOGENESIS%GOBP%GO:0022604	REGULATION OF CELL MORPHOGENESIS%GOBP%GO:0022604		159	-0.23343658	-0.872484	0.7642276	0.9646493	1.0	1067	tags=11%, list=8%, signal=12%	
STEM CELL POPULATION MAINTENANCE%GOBP%GO:0019827	STEM CELL POPULATION MAINTENANCE%GOBP%GO:0019827		36	-0.2891962	-0.87236136	0.66086954	0.9645101	1.0	227	tags=6%, list=2%, signal=6%	
SENSORY PERCEPTION OF SWEET, BITTER, AND UMAMI (GLUTAMATE) TASTE%REACTOME%R-HSA-9717207.2	SENSORY PERCEPTION OF SWEET, BITTER, AND UMAMI (GLUTAMATE) TASTE%REACTOME%R-HSA-9717207.2		20	-0.32759583	-0.87235224	0.63243246	0.964096	1.0	2878	tags=45%, list=21%, signal=57%	
LKB1 SIGNALING EVENTS%PATHWAY INTERACTION DATABASE NCI-NATURE CURATED DATA%LKB1 SIGNALING EVENTS	LKB1 SIGNALING EVENTS%PATHWAY INTERACTION DATABASE NCI-NATURE CURATED DATA%LKB1 SIGNALING EVENTS		39	-0.29052538	-0.872012	0.6944938	0.96449447	1.0	1745	tags=13%, list=13%, signal=15%	
CONSTITUTIVE HETEROCHROMATIN FORMATION%GOBP%GO:0140719	CONSTITUTIVE HETEROCHROMATIN FORMATION%GOBP%GO:0140719		41	-0.29050297	-0.87158954	0.6557971	0.9650808	1.0	1380	tags=12%, list=10%, signal=14%	
DISEASES OF PROGRAMMED CELL DEATH%REACTOME%R-HSA-9645723.8	DISEASES OF PROGRAMMED CELL DEATH%REACTOME%R-HSA-9645723.8		50	-0.2758952	-0.8713653	0.6627517	0.9651801	1.0	2213	tags=16%, list=16%, signal=19%	
CXCR4-MEDIATED SIGNALING EVENTS%PATHWAY INTERACTION DATABASE NCI-NATURE CURATED DATA%CXCR4-MEDIATED SIGNALING EVENTS	CXCR4-MEDIATED SIGNALING EVENTS%PATHWAY INTERACTION DATABASE NCI-NATURE CURATED DATA%CXCR4-MEDIATED SIGNALING EVENTS		82	-0.25029415	-0.8707707	0.7458746	0.96618986	1.0	2870	tags=26%, list=21%, signal=32%	
FOXA1 TRANSCRIPTION FACTOR NETWORK%PATHWAY INTERACTION DATABASE NCI-NATURE CURATED DATA%FOXA1 TRANSCRIPTION FACTOR NETWORK	FOXA1 TRANSCRIPTION FACTOR NETWORK%PATHWAY INTERACTION DATABASE NCI-NATURE CURATED DATA%FOXA1 TRANSCRIPTION FACTOR NETWORK		29	-0.3036285	-0.8706123	0.6637478	0.9661388	1.0	1789	tags=21%, list=13%, signal=24%	
POSITIVE REGULATION OF CARDIAC MUSCLE TISSUE GROWTH%GOBP%GO:0055023	POSITIVE REGULATION OF CARDIAC MUSCLE TISSUE GROWTH%GOBP%GO:0055023		15	-0.35713422	-0.87031037	0.62271065	0.96643287	1.0	1198	tags=20%, list=9%, signal=22%	
ENDODERM DIFFERENTIATION%WIKIPATHWAYS_20250810%WP2853%HOMO SAPIENS	ENDODERM DIFFERENTIATION%WIKIPATHWAYS_20250810%WP2853%HOMO SAPIENS		94	-0.24671033	-0.8701321	0.704918	0.9664249	1.0	2055	tags=15%, list=15%, signal=17%	
REGULATION OF CELL-CELL ADHESION MEDIATED BY CADHERIN%GOBP%GO:2000047	REGULATION OF CELL-CELL ADHESION MEDIATED BY CADHERIN%GOBP%GO:2000047		15	-0.35837057	-0.8701209	0.63793105	0.96601766	1.0	1301	tags=20%, list=10%, signal=22%	
NEGATIVE REGULATION OF INNATE IMMUNE RESPONSE%GOBP%GO:0045824	NEGATIVE REGULATION OF INNATE IMMUNE RESPONSE%GOBP%GO:0045824		72	-0.261563	-0.8699181	0.6969697	0.96607727	1.0	2405	tags=22%, list=18%, signal=27%	
PROTEIN LOCALIZATION TO SYNAPSE%GOBP%GO:0035418	PROTEIN LOCALIZATION TO SYNAPSE%GOBP%GO:0035418		29	-0.30508903	-0.86962605	0.6752137	0.966355	1.0	165	tags=7%, list=1%, signal=7%	
PROCESSING OF DNA DOUBLE-STRAND BREAK ENDS%REACTOME%R-HSA-5693607.4	PROCESSING OF DNA DOUBLE-STRAND BREAK ENDS%REACTOME%R-HSA-5693607.4		62	-0.26354232	-0.8694106	0.69899666	0.9664235	1.0	3263	tags=24%, list=24%, signal=32%	
ASSEMBLY OF THE ORC COMPLEX AT THE ORIGIN OF REPLICATION%REACTOME%R-HSA-68616.6	ASSEMBLY OF THE ORC COMPLEX AT THE ORIGIN OF REPLICATION%REACTOME%R-HSA-68616.6		17	-0.34463766	-0.869375	0.6684685	0.9660759	1.0	1184	tags=18%, list=9%, signal=19%	
PURINERGIC SIGNALING IN LEISHMANIASIS INFECTION%REACTOME%R-HSA-9660826.3	PURINERGIC SIGNALING IN LEISHMANIASIS INFECTION%REACTOME%R-HSA-9660826.3		24	-0.31394145	-0.86908185	0.62166965	0.96636856	1.0	2511	tags=38%, list=19%, signal=46%	
MAINTENANCE OF PROTEIN LOCATION%GOBP%GO:0045185	MAINTENANCE OF PROTEIN LOCATION%GOBP%GO:0045185		50	-0.2760629	-0.86888105	0.6857143	0.96642023	1.0	682	tags=8%, list=5%, signal=8%	
PYRIMIDINE RIBONUCLEOTIDE METABOLIC PROCESS%GOBP%GO:0009218	PYRIMIDINE RIBONUCLEOTIDE METABOLIC PROCESS%GOBP%GO:0009218		19	-0.33791646	-0.8688702	0.65905094	0.96601236	1.0	1092	tags=16%, list=8%, signal=17%	
REGULATION OF RHO PROTEIN SIGNAL TRANSDUCTION%GOBP%GO:0035023	REGULATION OF RHO PROTEIN SIGNAL TRANSDUCTION%GOBP%GO:0035023		70	-0.25865504	-0.86868596	0.6988156	0.9660227	1.0	455	tags=9%, list=3%, signal=9%	
REGULATION OF GLYCOPROTEIN BIOSYNTHETIC PROCESS%GOBP%GO:0010559	REGULATION OF GLYCOPROTEIN BIOSYNTHETIC PROCESS%GOBP%GO:0010559		26	-0.31564134	-0.8685659	0.6567718	0.9658892	1.0	765	tags=12%, list=6%, signal=12%	
FCGAMMA RECEPTOR (FCGR) DEPENDENT PHAGOCYTOSIS%REACTOME%R-HSA-2029480.3	FCGAMMA RECEPTOR (FCGR) DEPENDENT PHAGOCYTOSIS%REACTOME%R-HSA-2029480.3		77	-0.25638837	-0.8685428	0.7217538	0.9655167	1.0	1803	tags=16%, list=13%, signal=18%	
APOPTOSIS%WIKIPATHWAYS_20250810%WP254%HOMO SAPIENS	APOPTOSIS%WIKIPATHWAYS_20250810%WP254%HOMO SAPIENS		67	-0.26170647	-0.86737585	0.71546054	0.9679114	1.0	3821	tags=34%, list=28%, signal=48%	
RUNX1 REGULATES TRANSCRIPTION OF GENES INVOLVED IN DIFFERENTIATION OF HSCS%REACTOME DATABASE ID RELEASE 93%8939236	RUNX1 REGULATES TRANSCRIPTION OF GENES INVOLVED IN DIFFERENTIATION OF HSCS%REACTOME DATABASE ID RELEASE 93%8939236		62	-0.26321527	-0.8670918	0.6972789	0.9681418	1.0	2013	tags=18%, list=15%, signal=21%	
REGULATION OF SIGNALING RECEPTOR ACTIVITY%GOBP%GO:0010469	REGULATION OF SIGNALING RECEPTOR ACTIVITY%GOBP%GO:0010469		18	-0.33817703	-0.86644566	0.66243196	0.96928155	1.0	1175	tags=17%, list=9%, signal=18%	
POSITIVE REGULATION OF D-GLUCOSE IMPORT%GOBP%GO:0046326	POSITIVE REGULATION OF D-GLUCOSE IMPORT%GOBP%GO:0046326		18	-0.34030703	-0.865904	0.64791286	0.9701821	1.0	3576	tags=33%, list=26%, signal=45%	
C4-DICARBOXYLATE TRANSPORT%GOBP%GO:0015740	C4-DICARBOXYLATE TRANSPORT%GOBP%GO:0015740		18	-0.33877876	-0.865869	0.6465364	0.969834	1.0	552	tags=11%, list=4%, signal=12%	
HALLMARK OF CANCER METASTASIS AND EPITHELIAL TO MESENCHYMAL TRANSITION%WIKIPATHWAYS_20250810%WP5469%HOMO SAPIENS	HALLMARK OF CANCER METASTASIS AND EPITHELIAL TO MESENCHYMAL TRANSITION%WIKIPATHWAYS_20250810%WP5469%HOMO SAPIENS		16	-0.34877977	-0.8657829	0.6460177	0.96960247	1.0	1380	tags=25%, list=10%, signal=28%	
HIV LIFE CYCLE%REACTOME%R-HSA-162587.5	HIV LIFE CYCLE%REACTOME%R-HSA-162587.5		142	-0.23203067	-0.8651927	0.7612903	0.97060215	1.0	4068	tags=35%, list=30%, signal=50%	
RUNX1 INTERACTS WITH CO-FACTORS WHOSE PRECISE EFFECT ON RUNX1 TARGETS IS NOT KNOWN%REACTOME%R-HSA-8939243.3	RUNX1 INTERACTS WITH CO-FACTORS WHOSE PRECISE EFFECT ON RUNX1 TARGETS IS NOT KNOWN%REACTOME%R-HSA-8939243.3		34	-0.2896807	-0.8649842	0.6373057	0.9706792	1.0	5575	tags=56%, list=41%, signal=95%	
REGULATION OF GLYCOLYTIC PROCESS%GOBP%GO:0006110	REGULATION OF GLYCOLYTIC PROCESS%GOBP%GO:0006110		34	-0.29508597	-0.864883	0.6860254	0.9704886	1.0	1629	tags=15%, list=12%, signal=17%	
REGULATION OF MITOCHONDRIAL GENE EXPRESSION%GOBP%GO:0062125	REGULATION OF MITOCHONDRIAL GENE EXPRESSION%GOBP%GO:0062125		24	-0.32505515	-0.8646038	0.65504587	0.97072685	1.0	6168	tags=79%, list=46%, signal=145%	
NUCLEOTIDE SALVAGE%REACTOME DATABASE ID RELEASE 93%8956321	NUCLEOTIDE SALVAGE%REACTOME DATABASE ID RELEASE 93%8956321		21	-0.32771322	-0.86432076	0.6539924	0.9709922	1.0	2337	tags=29%, list=17%, signal=34%	
BIOCARTA_HIVNEF_PATHWAY%MSIGDB_C2%BIOCARTA_HIVNEF_PATHWAY	BIOCARTA_HIVNEF_PATHWAY%MSIGDB_C2%BIOCARTA_HIVNEF_PATHWAY		43	-0.27837715	-0.8643078	0.6909414	0.97059065	1.0	2221	tags=19%, list=16%, signal=22%	
LDL INFLUENCE ON CD14 AND TLR4%WIKIPATHWAYS_20250810%WP5272%HOMO SAPIENS	LDL INFLUENCE ON CD14 AND TLR4%WIKIPATHWAYS_20250810%WP5272%HOMO SAPIENS		20	-0.32653153	-0.8641539	0.6380597	0.9705449	1.0	805	tags=15%, list=6%, signal=16%	
RETROGRADE TRANSPORT, ENDOSOME TO GOLGI%GOBP%GO:0042147	RETROGRADE TRANSPORT, ENDOSOME TO GOLGI%GOBP%GO:0042147		85	-0.24854799	-0.86381674	0.70458406	0.9709328	1.0	1624	tags=11%, list=12%, signal=12%	
FANCONI ANEMIA%WIKIPATHWAYS_20250810%WP5465%HOMO SAPIENS	FANCONI ANEMIA%WIKIPATHWAYS_20250810%WP5465%HOMO SAPIENS		37	-0.2924908	-0.863792	0.6633499	0.9705632	1.0	2093	tags=19%, list=15%, signal=22%	
EXECUTION PHASE OF APOPTOSIS%GOBP%GO:0097194	EXECUTION PHASE OF APOPTOSIS%GOBP%GO:0097194		36	-0.2957647	-0.86378247	0.6727273	0.9701535	1.0	290	tags=6%, list=2%, signal=6%	
SHC1 EVENTS IN ERBB2 SIGNALING%REACTOME DATABASE ID RELEASE 93%1250196	SHC1 EVENTS IN ERBB2 SIGNALING%REACTOME DATABASE ID RELEASE 93%1250196		16	-0.34931713	-0.86332244	0.66	0.9708168	1.0	1870	tags=31%, list=14%, signal=36%	
REGULATION OF ACTIN FILAMENT-BASED MOVEMENT%GOBP%GO:1903115	REGULATION OF ACTIN FILAMENT-BASED MOVEMENT%GOBP%GO:1903115		27	-0.3085509	-0.8631934	0.64674866	0.97067875	1.0	2938	tags=37%, list=22%, signal=47%	
NUCLEAR RECEPTOR-MEDIATED SIGNALING PATHWAY%GOBP%GO:0141193	NUCLEAR RECEPTOR-MEDIATED SIGNALING PATHWAY%GOBP%GO:0141193		64	-0.26354825	-0.8630456	0.7082601	0.97059363	1.0	2572	tags=23%, list=19%, signal=29%	
SNRNA METABOLIC PROCESS%GOBP%GO:0016073	SNRNA METABOLIC PROCESS%GOBP%GO:0016073		51	-0.2669225	-0.8623895	0.6891892	0.97177833	1.0	5001	tags=45%, list=37%, signal=71%	
POSITIVE REGULATION OF DNA BIOSYNTHETIC PROCESS%GOBP%GO:2000573	POSITIVE REGULATION OF DNA BIOSYNTHETIC PROCESS%GOBP%GO:2000573		38	-0.2873859	-0.86232686	0.6752294	0.9714924	1.0	2863	tags=34%, list=21%, signal=43%	
HISTONE MRNA METABOLIC PROCESS%GOBP%GO:0008334	HISTONE MRNA METABOLIC PROCESS%GOBP%GO:0008334		20	-0.32930952	-0.86182076	0.64902997	0.9722988	1.0	4218	tags=35%, list=31%, signal=51%	
NEGATIVE REGULATION OF GENE EXPRESSION, EPIGENETIC%GOBP%GO:0045814	NEGATIVE REGULATION OF GENE EXPRESSION, EPIGENETIC%GOBP%GO:0045814		119	-0.23643403	-0.86132425	0.76585364	0.97304195	1.0	4236	tags=28%, list=31%, signal=40%	
REGULATION OF NUCLEOTIDE CATABOLIC PROCESS%GOBP%GO:0030811	REGULATION OF NUCLEOTIDE CATABOLIC PROCESS%GOBP%GO:0030811		34	-0.29508597	-0.8611625	0.66370106	0.97299665	1.0	1629	tags=15%, list=12%, signal=17%	
SOMITOGENESIS%REACTOME%R-HSA-9824272.2	SOMITOGENESIS%REACTOME%R-HSA-9824272.2		38	-0.28825584	-0.86085266	0.68959105	0.97331166	1.0	1722	tags=11%, list=13%, signal=12%	
TARGET OF RAPAMYCIN SIGNALING%WIKIPATHWAYS_20250810%WP1471%HOMO SAPIENS	TARGET OF RAPAMYCIN SIGNALING%WIKIPATHWAYS_20250810%WP1471%HOMO SAPIENS		31	-0.29709783	-0.8604457	0.6672535	0.97385263	1.0	5597	tags=42%, list=41%, signal=71%	
RHOH GTPASE CYCLE%REACTOME%R-HSA-9013407.3	RHOH GTPASE CYCLE%REACTOME%R-HSA-9013407.3		34	-0.29060528	-0.860321	0.6886121	0.97371304	1.0	3214	tags=32%, list=24%, signal=42%	
REGULATION OF CYTOKINE PRODUCTION INVOLVED IN INFLAMMATORY RESPONSE%GOBP%GO:1900015	REGULATION OF CYTOKINE PRODUCTION INVOLVED IN INFLAMMATORY RESPONSE%GOBP%GO:1900015		44	-0.27880514	-0.8601237	0.6976351	0.97374904	1.0	1747	tags=20%, list=13%, signal=23%	
PROGRAMMED CELL DEATH%REACTOME%R-HSA-5357801.4	PROGRAMMED CELL DEATH%REACTOME%R-HSA-5357801.4		178	-0.2242594	-0.86009496	0.81764704	0.97338676	1.0	2266	tags=18%, list=17%, signal=21%	
RECIPROCAL HOMOLOGOUS RECOMBINATION%GOBP%GO:0140527	RECIPROCAL HOMOLOGOUS RECOMBINATION%GOBP%GO:0140527		38	-0.2805572	-0.859747	0.6906475	0.97379184	1.0	2311	tags=29%, list=17%, signal=35%	
CIRCADIAN RHYTHM%GOBP%GO:0007623	CIRCADIAN RHYTHM%GOBP%GO:0007623		86	-0.25009635	-0.85944635	0.73	0.97407204	1.0	1380	tags=14%, list=10%, signal=15%	
LAGGING STRAND SYNTHESIS%REACTOME%R-HSA-69186.4	LAGGING STRAND SYNTHESIS%REACTOME%R-HSA-69186.4		19	-0.33519876	-0.859234	0.6666667	0.97413117	1.0	4969	tags=53%, list=37%, signal=83%	
IGF1R SIGNALING CASCADE%REACTOME%R-HSA-2428924.4	IGF1R SIGNALING CASCADE%REACTOME%R-HSA-2428924.4		33	-0.29819244	-0.8588224	0.6745887	0.9747203	1.0	1748	tags=27%, list=13%, signal=31%	
REGULATION OF RELEASE OF SEQUESTERED CALCIUM ION INTO CYTOSOL BY SARCOPLASMIC RETICULUM%GOBP%GO:0010880	REGULATION OF RELEASE OF SEQUESTERED CALCIUM ION INTO CYTOSOL BY SARCOPLASMIC RETICULUM%GOBP%GO:0010880		25	-0.31753618	-0.8583255	0.6493739	0.9754939	1.0	1720	tags=24%, list=13%, signal=27%	
APOPTOSIS%REACTOME DATABASE ID RELEASE 93%109581	APOPTOSIS%REACTOME DATABASE ID RELEASE 93%109581		150	-0.22595976	-0.8579159	0.79349595	0.97604233	1.0	2266	tags=17%, list=17%, signal=21%	
SIGNALING EVENTS MEDIATED BY PRL%PATHWAY INTERACTION DATABASE NCI-NATURE CURATED DATA%SIGNALING EVENTS MEDIATED BY PRL	SIGNALING EVENTS MEDIATED BY PRL%PATHWAY INTERACTION DATABASE NCI-NATURE CURATED DATA%SIGNALING EVENTS MEDIATED BY PRL		23	-0.32298863	-0.8573995	0.6454389	0.976838	1.0	867	tags=13%, list=6%, signal=14%	
METABOTROPIC GLUTAMATE RECEPTOR GROUP II PATHWAY%PANTHER PATHWAY%P00040	METABOTROPIC GLUTAMATE RECEPTOR GROUP II PATHWAY%PANTHER PATHWAY%P00040		31	-0.29603773	-0.857358	0.6761566	0.9765152	1.0	1096	tags=13%, list=8%, signal=14%	
FOXO-MEDIATED TRANSCRIPTION OF CELL DEATH GENES%REACTOME DATABASE ID RELEASE 93%9614657	FOXO-MEDIATED TRANSCRIPTION OF CELL DEATH GENES%REACTOME DATABASE ID RELEASE 93%9614657		15	-0.35825896	-0.8565802	0.67518246	0.97792965	1.0	1232	tags=13%, list=9%, signal=15%	
DEREGULATED CDK5 TRIGGERS MULTIPLE NEURODEGENERATIVE PATHWAYS IN ALZHEIMER'S DISEASE MODELS%REACTOME DATABASE ID RELEASE 93%8862803	DEREGULATED CDK5 TRIGGERS MULTIPLE NEURODEGENERATIVE PATHWAYS IN ALZHEIMER'S DISEASE MODELS%REACTOME DATABASE ID RELEASE 93%8862803		19	-0.32925326	-0.85649186	0.6572438	0.9777241	1.0	1938	tags=16%, list=14%, signal=18%	
KIDNEY DEVELOPMENT%REACTOME%R-HSA-9830369.1	KIDNEY DEVELOPMENT%REACTOME%R-HSA-9830369.1		33	-0.2920306	-0.8559977	0.6841187	0.97845954	1.0	2095	tags=24%, list=15%, signal=29%	
CELL RECRUITMENT (PRO-INFLAMMATORY RESPONSE)%REACTOME%R-HSA-9664424.3	CELL RECRUITMENT (PRO-INFLAMMATORY RESPONSE)%REACTOME%R-HSA-9664424.3		24	-0.31394145	-0.8554433	0.67250437	0.9793442	1.0	2511	tags=38%, list=19%, signal=46%	
REGULATION OF SKELETAL MUSCLE CELL DIFFERENTIATION%GOBP%GO:2001014	REGULATION OF SKELETAL MUSCLE CELL DIFFERENTIATION%GOBP%GO:2001014		17	-0.33601382	-0.8553466	0.6692913	0.9791274	1.0	658	tags=18%, list=5%, signal=19%	
NORC NEGATIVELY REGULATES RRNA EXPRESSION%REACTOME DATABASE ID RELEASE 93%427413	NORC NEGATIVELY REGULATES RRNA EXPRESSION%REACTOME DATABASE ID RELEASE 93%427413		55	-0.26679158	-0.85531926	0.73050845	0.97876257	1.0	4080	tags=36%, list=30%, signal=52%	
RESISTIN AS A REGULATOR OF INFLAMMATION%WIKIPATHWAYS_20250810%WP4481%HOMO SAPIENS	RESISTIN AS A REGULATOR OF INFLAMMATION%WIKIPATHWAYS_20250810%WP4481%HOMO SAPIENS		23	-0.31848064	-0.8549803	0.6649123	0.9791302	1.0	4663	tags=39%, list=34%, signal=60%	
CELL DIFFERENTIATION INVOLVED IN KIDNEY DEVELOPMENT%GOBP%GO:0061005	CELL DIFFERENTIATION INVOLVED IN KIDNEY DEVELOPMENT%GOBP%GO:0061005		20	-0.32516763	-0.85453606	0.6964618	0.97973907	1.0	331	tags=10%, list=2%, signal=10%	
RESPONSE TO TUMOR CELL%GOBP%GO:0002347	RESPONSE TO TUMOR CELL%GOBP%GO:0002347		19	-0.33007815	-0.854436	0.6833013	0.97955483	1.0	732	tags=16%, list=5%, signal=17%	
MAPK SIGNALING%WIKIPATHWAYS_20250810%WP382%HOMO SAPIENS	MAPK SIGNALING%WIKIPATHWAYS_20250810%WP382%HOMO SAPIENS		145	-0.22736831	-0.8543915	0.806962	0.979233	1.0	2350	tags=19%, list=17%, signal=22%	
PID_BETA_CATENIN_NUC_PATHWAY%MSIGDB_C2%PID_BETA_CATENIN_NUC_PATHWAY	PID_BETA_CATENIN_NUC_PATHWAY%MSIGDB_C2%PID_BETA_CATENIN_NUC_PATHWAY		48	-0.27275813	-0.8541221	0.7065972	0.9794219	1.0	988	tags=8%, list=7%, signal=9%	
CYCLIN DEPENDENT KINASE 4 6 INHIBITORS IN BREAST CANCER%WIKIPATHWAYS_20250810%WP5497%HOMO SAPIENS	CYCLIN DEPENDENT KINASE 4 6 INHIBITORS IN BREAST CANCER%WIKIPATHWAYS_20250810%WP5497%HOMO SAPIENS		29	-0.29796776	-0.85411656	0.7129799	0.979007	1.0	1789	tags=21%, list=13%, signal=24%	
RUNX2 REGULATES OSTEOBLAST DIFFERENTIATION%REACTOME%R-HSA-8940973.2	RUNX2 REGULATES OSTEOBLAST DIFFERENTIATION%REACTOME%R-HSA-8940973.2		20	-0.3218749	-0.85393566	0.684669	0.979002	1.0	389	tags=10%, list=3%, signal=10%	
GLUCONEOGENESIS%PATHWHIZ%PW088242	GLUCONEOGENESIS%PATHWHIZ%PW088242		18	-0.32722408	-0.8534875	0.6496479	0.9796326	1.0	2582	tags=22%, list=19%, signal=27%	
ANTIGEN PROCESSING-CROSS PRESENTATION%REACTOME DATABASE ID RELEASE 93%1236975	ANTIGEN PROCESSING-CROSS PRESENTATION%REACTOME DATABASE ID RELEASE 93%1236975		87	-0.24315757	-0.8525222	0.7446808	0.98146635	1.0	2130	tags=15%, list=16%, signal=18%	
GLYCEROPHOSPHOLIPID BIOSYNTHETIC PROCESS%GOBP%GO:0046474	GLYCEROPHOSPHOLIPID BIOSYNTHETIC PROCESS%GOBP%GO:0046474		151	-0.22564176	-0.85238636	0.8062992	0.9813672	1.0	2229	tags=18%, list=16%, signal=21%	
NEGATIVE REGULATION OF ESTABLISHMENT OF PROTEIN LOCALIZATION%GOBP%GO:1904950	NEGATIVE REGULATION OF ESTABLISHMENT OF PROTEIN LOCALIZATION%GOBP%GO:1904950		73	-0.24877009	-0.85187227	0.74616694	0.9821423	1.0	2672	tags=23%, list=20%, signal=29%	
STING PATHWAY IN KAWASAKI LIKE DISEASE AND COVID 19%WIKIPATHWAYS_20250810%WP4961%HOMO SAPIENS	STING PATHWAY IN KAWASAKI LIKE DISEASE AND COVID 19%WIKIPATHWAYS_20250810%WP4961%HOMO SAPIENS		16	-0.33942902	-0.85186446	0.6451049	0.981729	1.0	1288	tags=13%, list=10%, signal=14%	
REGULATION OF SIGNALING BY CBL%REACTOME DATABASE ID RELEASE 93%912631	REGULATION OF SIGNALING BY CBL%REACTOME DATABASE ID RELEASE 93%912631		17	-0.34278515	-0.8517557	0.6776557	0.9815595	1.0	1671	tags=24%, list=12%, signal=27%	
NEURODEGENERATIVE DISEASES%REACTOME DATABASE ID RELEASE 93%8863678	NEURODEGENERATIVE DISEASES%REACTOME DATABASE ID RELEASE 93%8863678		19	-0.32925326	-0.85095966	0.67019403	0.9830048	1.0	1938	tags=16%, list=14%, signal=18%	
POSITIVE REGULATION OF TELOMERE MAINTENANCE VIA TELOMERE LENGTHENING%GOBP%GO:1904358	POSITIVE REGULATION OF TELOMERE MAINTENANCE VIA TELOMERE LENGTHENING%GOBP%GO:1904358		26	-0.30635503	-0.8508239	0.69107145	0.98289245	1.0	4306	tags=50%, list=32%, signal=73%	
VEGFA-VEGFR2 PATHWAY%REACTOME DATABASE ID RELEASE 93%4420097	VEGFA-VEGFR2 PATHWAY%REACTOME DATABASE ID RELEASE 93%4420097		87	-0.24070598	-0.849876	0.7594502	0.9846722	1.0	2607	tags=17%, list=19%, signal=21%	
INTERSTRAND CROSS-LINK REPAIR%GOBP%GO:0036297	INTERSTRAND CROSS-LINK REPAIR%GOBP%GO:0036297		31	-0.29350638	-0.8496177	0.7160494	0.9848393	1.0	762	tags=10%, list=6%, signal=10%	
REGULATION OF MITOCHONDRION ORGANIZATION%GOBP%GO:0010821	REGULATION OF MITOCHONDRION ORGANIZATION%GOBP%GO:0010821		96	-0.24493584	-0.84943604	0.73934424	0.98483783	1.0	2007	tags=18%, list=15%, signal=21%	
NEGATIVE REGULATION OF PROTEIN TRANSPORT%GOBP%GO:0051224	NEGATIVE REGULATION OF PROTEIN TRANSPORT%GOBP%GO:0051224		61	-0.25892362	-0.849433	0.73898304	0.98441523	1.0	2672	tags=25%, list=20%, signal=30%	
POSITIVE REGULATION OF ORGAN GROWTH%GOBP%GO:0046622	POSITIVE REGULATION OF ORGAN GROWTH%GOBP%GO:0046622		17	-0.33591425	-0.8480905	0.6898396	0.9870955	1.0	1198	tags=18%, list=9%, signal=19%	
MAINTENANCE OF PROTEIN LOCATION IN CELL%GOBP%GO:0032507	MAINTENANCE OF PROTEIN LOCATION IN CELL%GOBP%GO:0032507		45	-0.27047575	-0.84764963	0.73029774	0.987675	1.0	682	tags=7%, list=5%, signal=7%	
RETICULOPHAGY%GOBP%GO:0061709	RETICULOPHAGY%GOBP%GO:0061709		23	-0.31961542	-0.84735346	0.67164177	0.9879344	1.0	4275	tags=35%, list=32%, signal=51%	
TARGETED AGENTS IN TRIPLE NEGATIVE BREAST CANCER%WIKIPATHWAYS_20250810%WP5215%HOMO SAPIENS	TARGETED AGENTS IN TRIPLE NEGATIVE BREAST CANCER%WIKIPATHWAYS_20250810%WP5215%HOMO SAPIENS		32	-0.29324475	-0.84710205	0.7066421	0.9880684	1.0	2093	tags=19%, list=15%, signal=22%	
RECIPROCAL MEIOTIC RECOMBINATION%GOBP%GO:0007131	RECIPROCAL MEIOTIC RECOMBINATION%GOBP%GO:0007131		38	-0.2805572	-0.84698784	0.6865942	0.987897	1.0	2311	tags=29%, list=17%, signal=35%	
ABC TRANSPORTER DISORDERS%REACTOME DATABASE ID RELEASE 93%5619084	ABC TRANSPORTER DISORDERS%REACTOME DATABASE ID RELEASE 93%5619084		57	-0.2577673	-0.8468381	0.71252203	0.987832	1.0	4134	tags=30%, list=31%, signal=43%	
IL4 SIGNALING%WIKIPATHWAYS_20250810%WP395%HOMO SAPIENS	IL4 SIGNALING%WIKIPATHWAYS_20250810%WP395%HOMO SAPIENS		40	-0.2790364	-0.846711	0.697074	0.98771214	1.0	2792	tags=30%, list=21%, signal=38%	
1Q21 1 COPY NUMBER VARIATION SYNDROME%WIKIPATHWAYS_20250810%WP4905%HOMO SAPIENS	1Q21 1 COPY NUMBER VARIATION SYNDROME%WIKIPATHWAYS_20250810%WP4905%HOMO SAPIENS		19	-0.32535008	-0.8466797	0.6580882	0.9873579	1.0	4650	tags=42%, list=34%, signal=64%	
NF1 COPY NUMBER VARIATION SYNDROME %WIKIPATHWAYS_20250810%WP5366%HOMO SAPIENS	NF1 COPY NUMBER VARIATION SYNDROME %WIKIPATHWAYS_20250810%WP5366%HOMO SAPIENS		64	-0.25597578	-0.8461291	0.74232084	0.9881988	1.0	3208	tags=30%, list=24%, signal=39%	
PID_TRAIL_PATHWAY%MSIGDB_C2%PID_TRAIL_PATHWAY	PID_TRAIL_PATHWAY%MSIGDB_C2%PID_TRAIL_PATHWAY		25	-0.30759898	-0.8459362	0.68596494	0.98822135	1.0	821	tags=12%, list=6%, signal=13%	
EPO RECEPTOR SIGNALING%WIKIPATHWAYS_20250810%WP581%HOMO SAPIENS	EPO RECEPTOR SIGNALING%WIKIPATHWAYS_20250810%WP581%HOMO SAPIENS		17	-0.32772732	-0.8457249	0.666065	0.9883033	1.0	1376	tags=24%, list=10%, signal=26%	
REGULATION OF B CELL DIFFERENTIATION%GOBP%GO:0045577	REGULATION OF B CELL DIFFERENTIATION%GOBP%GO:0045577		21	-0.32512137	-0.8457235	0.6678832	0.98788047	1.0	1158	tags=19%, list=9%, signal=21%	
DNA REPLICATION PRE-INITIATION%REACTOME%R-HSA-69002.4	DNA REPLICATION PRE-INITIATION%REACTOME%R-HSA-69002.4		92	-0.24182764	-0.8452046	0.7419355	0.98868877	1.0	4217	tags=34%, list=31%, signal=49%	
NEGATIVE REGULATION OF BLOOD VESSEL ENDOTHELIAL CELL MIGRATION%GOBP%GO:0043537	NEGATIVE REGULATION OF BLOOD VESSEL ENDOTHELIAL CELL MIGRATION%GOBP%GO:0043537		30	-0.29533008	-0.8451893	0.7012522	0.9882996	1.0	2054	tags=23%, list=15%, signal=27%	
ARRHYTHMOGENIC RIGHT VENTRICULAR CARDIOMYOPATHY%WIKIPATHWAYS_20250810%WP2118%HOMO SAPIENS	ARRHYTHMOGENIC RIGHT VENTRICULAR CARDIOMYOPATHY%WIKIPATHWAYS_20250810%WP2118%HOMO SAPIENS		45	-0.27673906	-0.8450175	0.71403813	0.9882789	1.0	1328	tags=16%, list=10%, signal=17%	
POSITIVE REGULATION OF STRIATED MUSCLE CELL DIFFERENTIATION%GOBP%GO:0051155	POSITIVE REGULATION OF STRIATED MUSCLE CELL DIFFERENTIATION%GOBP%GO:0051155		19	-0.32639238	-0.84493786	0.6902985	0.9880266	1.0	877	tags=16%, list=6%, signal=17%	
MRNA CAPPING%REACTOME DATABASE ID RELEASE 93%72086	MRNA CAPPING%REACTOME DATABASE ID RELEASE 93%72086		29	-0.29942125	-0.84474814	0.68545455	0.98803186	1.0	3493	tags=34%, list=26%, signal=46%	
NEGATIVE REGULATION OF CYTOKINE PRODUCTION INVOLVED IN INFLAMMATORY RESPONSE%GOBP%GO:1900016	NEGATIVE REGULATION OF CYTOKINE PRODUCTION INVOLVED IN INFLAMMATORY RESPONSE%GOBP%GO:1900016		23	-0.3100937	-0.8447239	0.70377356	0.9876633	1.0	1747	tags=22%, list=13%, signal=25%	
NEGATIVE REGULATION OF BINDING%GOBP%GO:0051100	NEGATIVE REGULATION OF BINDING%GOBP%GO:0051100		36	-0.28672346	-0.8446314	0.707635	0.9874415	1.0	1180	tags=14%, list=9%, signal=15%	
FORMATION OF PARAXIAL MESODERM%REACTOME%R-HSA-9793380.5	FORMATION OF PARAXIAL MESODERM%REACTOME%R-HSA-9793380.5		49	-0.26475865	-0.8439602	0.7336861	0.988546	1.0	1722	tags=10%, list=13%, signal=12%	
REGULATION OF NUCLEAR BETA CATENIN SIGNALING AND TARGET GENE TRANSCRIPTION%PATHWAY INTERACTION DATABASE NCI-NATURE CURATED DATA%REGULATION OF NUCLEAR BETA CATENIN SIGNALING AND TARGET GENE TRANSCRIPTION	REGULATION OF NUCLEAR BETA CATENIN SIGNALING AND TARGET GENE TRANSCRIPTION%PATHWAY INTERACTION DATABASE NCI-NATURE CURATED DATA%REGULATION OF NUCLEAR BETA CATENIN SIGNALING AND TARGET GENE TRANSCRIPTION		62	-0.25527686	-0.8436971	0.74358976	0.98869425	1.0	988	tags=8%, list=7%, signal=9%	
NPAS4 REGULATES EXPRESSION OF TARGET GENES%REACTOME%R-HSA-9768919.3	NPAS4 REGULATES EXPRESSION OF TARGET GENES%REACTOME%R-HSA-9768919.3		17	-0.3344637	-0.8434309	0.6930147	0.98889387	1.0	1938	tags=29%, list=14%, signal=34%	
POSITIVE REGULATION OF OSTEOBLAST DIFFERENTIATION%GOBP%GO:0045669	POSITIVE REGULATION OF OSTEOBLAST DIFFERENTIATION%GOBP%GO:0045669		42	-0.27855155	-0.8433062	0.7074468	0.9887562	1.0	555	tags=7%, list=4%, signal=7%	
TCF DEPENDENT SIGNALING IN RESPONSE TO WNT%REACTOME DATABASE ID RELEASE 93%201681	TCF DEPENDENT SIGNALING IN RESPONSE TO WNT%REACTOME DATABASE ID RELEASE 93%201681		144	-0.22296225	-0.8431067	0.8076285	0.9887815	1.0	1783	tags=13%, list=13%, signal=15%	
MRNA 3'-END PROCESSING%GOBP%GO:0031124	MRNA 3'-END PROCESSING%GOBP%GO:0031124		28	-0.2952139	-0.8424856	0.7282609	0.98980474	1.0	4978	tags=39%, list=37%, signal=62%	
CYTOCHROME COMPLEX ASSEMBLY%GOBP%GO:0017004	CYTOCHROME COMPLEX ASSEMBLY%GOBP%GO:0017004		27	-0.29906029	-0.8424332	0.67979455	0.9894962	1.0	4635	tags=44%, list=34%, signal=67%	
SPERMATID DEVELOPMENT%GOBP%GO:0007286	SPERMATID DEVELOPMENT%GOBP%GO:0007286		78	-0.24399383	-0.8422619	0.76831347	0.989467	1.0	2938	tags=28%, list=22%, signal=36%	
CARDIAC HYPERTROPHIC RESPONSE%WIKIPATHWAYS_20250810%WP2795%HOMO SAPIENS	CARDIAC HYPERTROPHIC RESPONSE%WIKIPATHWAYS_20250810%WP2795%HOMO SAPIENS		46	-0.26934806	-0.8421803	0.70408165	0.9892163	1.0	3376	tags=24%, list=25%, signal=32%	
GAP-FILLING DNA REPAIR SYNTHESIS AND LIGATION IN TC-NER%REACTOME%R-HSA-6782210.3	GAP-FILLING DNA REPAIR SYNTHESIS AND LIGATION IN TC-NER%REACTOME%R-HSA-6782210.3		61	-0.25349247	-0.8417464	0.73239434	0.9897521	1.0	3998	tags=34%, list=29%, signal=49%	
CARDIAC MUSCLE TISSUE MORPHOGENESIS%GOBP%GO:0055008	CARDIAC MUSCLE TISSUE MORPHOGENESIS%GOBP%GO:0055008		25	-0.30677843	-0.84128827	0.7045045	0.9903571	1.0	247	tags=8%, list=2%, signal=8%	
HOST-MEDIATED PERTURBATION OF VIRAL TRANSCRIPTION%GOBP%GO:0043921	HOST-MEDIATED PERTURBATION OF VIRAL TRANSCRIPTION%GOBP%GO:0043921		24	-0.30693102	-0.8412554	0.68233085	0.9900038	1.0	988	tags=13%, list=7%, signal=13%	
PRADER WILLI AND ANGELMAN SYNDROME%WIKIPATHWAYS_20250810%WP3998%HOMO SAPIENS	PRADER WILLI AND ANGELMAN SYNDROME%WIKIPATHWAYS_20250810%WP3998%HOMO SAPIENS		61	-0.2549844	-0.8405633	0.75540763	0.99114966	1.0	1405	tags=13%, list=10%, signal=15%	
POSITIVE REGULATION OF HOMOTYPIC CELL-CELL ADHESION%GOBP%GO:0034112	POSITIVE REGULATION OF HOMOTYPIC CELL-CELL ADHESION%GOBP%GO:0034112		16	-0.33741513	-0.84053236	0.67216116	0.9907858	1.0	1865	tags=25%, list=14%, signal=29%	
POSITIVE REGULATION OF CELL-SUBSTRATE ADHESION%GOBP%GO:0010811	POSITIVE REGULATION OF CELL-SUBSTRATE ADHESION%GOBP%GO:0010811		73	-0.24954936	-0.840467	0.7598628	0.9905223	1.0	884	tags=11%, list=7%, signal=12%	
SIGNAL TRANSDUCTION BY L1%REACTOME%R-HSA-445144.3	SIGNAL TRANSDUCTION BY L1%REACTOME%R-HSA-445144.3		19	-0.31992242	-0.8403136	0.6890034	0.9904343	1.0	1183	tags=16%, list=9%, signal=17%	
CELLULAR SENESCENCE%GOBP%GO:0090398	CELLULAR SENESCENCE%GOBP%GO:0090398		42	-0.27513546	-0.8399645	0.7404326	0.9908201	1.0	3338	tags=29%, list=25%, signal=38%	
MAINTENANCE OF CELL NUMBER%GOBP%GO:0098727	MAINTENANCE OF CELL NUMBER%GOBP%GO:0098727		37	-0.28191566	-0.8398241	0.69926196	0.990727	1.0	227	tags=5%, list=2%, signal=5%	
HCMV LATE EVENTS%REACTOME DATABASE ID RELEASE 93%9610379	HCMV LATE EVENTS%REACTOME DATABASE ID RELEASE 93%9610379		54	-0.26218614	-0.83957493	0.7586207	0.9908645	1.0	4068	tags=31%, list=30%, signal=45%	
APC C:CDC20 MEDIATED DEGRADATION OF CYCLIN B%REACTOME DATABASE ID RELEASE 93%174048	APC C:CDC20 MEDIATED DEGRADATION OF CYCLIN B%REACTOME DATABASE ID RELEASE 93%174048		20	-0.31496155	-0.8392119	0.69014084	0.9912565	1.0	2665	tags=25%, list=20%, signal=31%	
GAMMA CARBOXYLATION, HYPUSINYLATION, HYDROXYLATION, AND ARYLSULFATASE ACTIVATION%REACTOME DATABASE ID RELEASE 93%163841	GAMMA CARBOXYLATION, HYPUSINYLATION, HYDROXYLATION, AND ARYLSULFATASE ACTIVATION%REACTOME DATABASE ID RELEASE 93%163841		49	-0.26096678	-0.83920777	0.7177281	0.9908435	1.0	3102	tags=37%, list=23%, signal=47%	
DEFECTIVE INTRINSIC PATHWAY FOR APOPTOSIS%REACTOME%R-HSA-9734009.2	DEFECTIVE INTRINSIC PATHWAY FOR APOPTOSIS%REACTOME%R-HSA-9734009.2		21	-0.31100664	-0.83841604	0.6808874	0.99218446	1.0	1938	tags=14%, list=14%, signal=17%	
IGF1 PATHWAY%PATHWAY INTERACTION DATABASE NCI-NATURE CURATED DATA%IGF1 PATHWAY	IGF1 PATHWAY%PATHWAY INTERACTION DATABASE NCI-NATURE CURATED DATA%IGF1 PATHWAY		29	-0.2988039	-0.83838785	0.696649	0.9918279	1.0	3149	tags=28%, list=23%, signal=36%	
POSITIVE REGULATION OF NATURAL KILLER CELL MEDIATED CYTOTOXICITY%GOBP%GO:0045954	POSITIVE REGULATION OF NATURAL KILLER CELL MEDIATED CYTOTOXICITY%GOBP%GO:0045954		18	-0.32586512	-0.838152	0.6866792	0.99193054	1.0	2492	tags=28%, list=18%, signal=34%	
CDK-MEDIATED PHOSPHORYLATION AND REMOVAL OF CDC6%REACTOME%R-HSA-69017.4	CDK-MEDIATED PHOSPHORYLATION AND REMOVAL OF CDC6%REACTOME%R-HSA-69017.4		55	-0.25522506	-0.83788925	0.7427598	0.9920796	1.0	4191	tags=33%, list=31%, signal=47%	
MALE INFERTILITY%WIKIPATHWAYS_20250810%WP4673%HOMO SAPIENS	MALE INFERTILITY%WIKIPATHWAYS_20250810%WP4673%HOMO SAPIENS		72	-0.2495259	-0.8378403	0.77272725	0.9917711	1.0	1629	tags=14%, list=12%, signal=16%	
TOLL LIKE RECEPTOR 4 (TLR4) CASCADE%REACTOME DATABASE ID RELEASE 93%166016	TOLL LIKE RECEPTOR 4 (TLR4) CASCADE%REACTOME DATABASE ID RELEASE 93%166016		134	-0.22514495	-0.83768064	0.8280992	0.9917085	1.0	2473	tags=17%, list=18%, signal=21%	
TNF RECEPTOR SIGNALING PATHWAY%PATHWAY INTERACTION DATABASE NCI-NATURE CURATED DATA%TNF RECEPTOR SIGNALING PATHWAY	TNF RECEPTOR SIGNALING PATHWAY%PATHWAY INTERACTION DATABASE NCI-NATURE CURATED DATA%TNF RECEPTOR SIGNALING PATHWAY		44	-0.2713065	-0.83758885	0.7161501	0.991479	1.0	2795	tags=20%, list=21%, signal=26%	
HOST INTERACTIONS OF HIV FACTORS%REACTOME DATABASE ID RELEASE 93%162909	HOST INTERACTIONS OF HIV FACTORS%REACTOME DATABASE ID RELEASE 93%162909		109	-0.22890258	-0.83743554	0.8150573	0.9914038	1.0	4068	tags=30%, list=30%, signal=43%	
METANEPHROS DEVELOPMENT%GOBP%GO:0001656	METANEPHROS DEVELOPMENT%GOBP%GO:0001656		27	-0.30288202	-0.83726656	0.7097345	0.99135894	1.0	95	tags=7%, list=1%, signal=7%	
INTEGRATION OF ENERGY METABOLISM%REACTOME%R-HSA-163685.6	INTEGRATION OF ENERGY METABOLISM%REACTOME%R-HSA-163685.6		82	-0.24362117	-0.8369642	0.77591974	0.99163306	1.0	3958	tags=35%, list=29%, signal=50%	
BIOCARTA_VDR_PATHWAY%MSIGDB_C2%BIOCARTA_VDR_PATHWAY	BIOCARTA_VDR_PATHWAY%MSIGDB_C2%BIOCARTA_VDR_PATHWAY		21	-0.3113203	-0.83686006	0.698324	0.99145156	1.0	4108	tags=38%, list=30%, signal=55%	
PID_E2F_PATHWAY%MSIGDB_C2%PID_E2F_PATHWAY	PID_E2F_PATHWAY%MSIGDB_C2%PID_E2F_PATHWAY		51	-0.2628405	-0.83632517	0.7654321	0.992209	1.0	2435	tags=20%, list=18%, signal=24%	
TRANSLATIONAL ELONGATION%GOBP%GO:0006414	TRANSLATIONAL ELONGATION%GOBP%GO:0006414		50	-0.2594297	-0.836287	0.7478992	0.9918642	1.0	4881	tags=44%, list=36%, signal=69%	
POSITIVE REGULATION OF AUTOPHAGY OF MITOCHONDRION%GOBP%GO:1903599	POSITIVE REGULATION OF AUTOPHAGY OF MITOCHONDRION%GOBP%GO:1903599		20	-0.31794745	-0.8362563	0.7116788	0.9915045	1.0	3704	tags=35%, list=27%, signal=48%	
IL8- AND CXCR2-MEDIATED SIGNALING EVENTS%PATHWAY INTERACTION DATABASE NCI-NATURE CURATED DATA%IL8- AND CXCR2-MEDIATED SIGNALING EVENTS	IL8- AND CXCR2-MEDIATED SIGNALING EVENTS%PATHWAY INTERACTION DATABASE NCI-NATURE CURATED DATA%IL8- AND CXCR2-MEDIATED SIGNALING EVENTS		33	-0.2879567	-0.83608264	0.72329247	0.9914467	1.0	2053	tags=21%, list=15%, signal=25%	
POSITIVE REGULATION OF G1/S TRANSITION OF MITOTIC CELL CYCLE%GOBP%GO:1900087	POSITIVE REGULATION OF G1/S TRANSITION OF MITOTIC CELL CYCLE%GOBP%GO:1900087		33	-0.29058313	-0.83544326	0.71813285	0.99244314	1.0	1423	tags=12%, list=10%, signal=14%	
RENIN ANGIOTENSIN ALDOSTERONE SYSTEM RAAS %WIKIPATHWAYS_20250810%WP4756%HOMO SAPIENS	RENIN ANGIOTENSIN ALDOSTERONE SYSTEM RAAS %WIKIPATHWAYS_20250810%WP4756%HOMO SAPIENS		22	-0.31261742	-0.83528095	0.7195122	0.9923743	1.0	570	tags=9%, list=4%, signal=9%	
REGULATION OF SMOOTH MUSCLE CELL APOPTOTIC PROCESS%GOBP%GO:0034391	REGULATION OF SMOOTH MUSCLE CELL APOPTOTIC PROCESS%GOBP%GO:0034391		16	-0.3385667	-0.8352732	0.6685499	0.99197495	1.0	2054	tags=38%, list=15%, signal=44%	
MITOCHONDRIAL RNA PROCESSING%GOBP%GO:0000963	MITOCHONDRIAL RNA PROCESSING%GOBP%GO:0000963		27	-0.30252406	-0.8350891	0.69924814	0.9919639	1.0	3948	tags=33%, list=29%, signal=47%	
APC-CDC20 MEDIATED DEGRADATION OF NEK2A%REACTOME%R-HSA-179409.5	APC-CDC20 MEDIATED DEGRADATION OF NEK2A%REACTOME%R-HSA-179409.5		21	-0.31523713	-0.83506095	0.6848816	0.9916128	1.0	2665	tags=29%, list=20%, signal=36%	
NEOVASCULARIZATION PROCESSES%WIKIPATHWAYS_20250810%WP4331%HOMO SAPIENS	NEOVASCULARIZATION PROCESSES%WIKIPATHWAYS_20250810%WP4331%HOMO SAPIENS		29	-0.29389322	-0.83498627	0.71530247	0.9913539	1.0	1998	tags=21%, list=15%, signal=24%	
HORMONE-MEDIATED SIGNALING PATHWAY%GOBP%GO:0009755	HORMONE-MEDIATED SIGNALING PATHWAY%GOBP%GO:0009755		83	-0.24219266	-0.834897	0.7891037	0.9911421	1.0	2783	tags=24%, list=21%, signal=30%	
RESPIRATORY CHAIN COMPLEX IV ASSEMBLY%GOBP%GO:0008535	RESPIRATORY CHAIN COMPLEX IV ASSEMBLY%GOBP%GO:0008535		17	-0.3312663	-0.8347643	0.69245285	0.99100864	1.0	5474	tags=59%, list=40%, signal=99%	
PTEN REGULATION%REACTOME DATABASE ID RELEASE 93%6807070	PTEN REGULATION%REACTOME DATABASE ID RELEASE 93%6807070		119	-0.2274808	-0.8346529	0.85240465	0.9908352	1.0	4485	tags=34%, list=33%, signal=50%	
POSITIVE REGULATION OF RECEPTOR SIGNALING PATHWAY VIA JAK-STAT%GOBP%GO:0046427	POSITIVE REGULATION OF RECEPTOR SIGNALING PATHWAY VIA JAK-STAT%GOBP%GO:0046427		26	-0.29922456	-0.83446556	0.69734514	0.9908411	1.0	710	tags=12%, list=5%, signal=12%	
PROTEIN PALMITOYLATION%GOBP%GO:0018345	PROTEIN PALMITOYLATION%GOBP%GO:0018345		18	-0.3264279	-0.83430314	0.676951	0.9907729	1.0	1025	tags=11%, list=8%, signal=12%	
FLT3 SIGNALING IN DISEASE%REACTOME%R-HSA-9682385.3	FLT3 SIGNALING IN DISEASE%REACTOME%R-HSA-9682385.3		27	-0.29182085	-0.834135	0.7258065	0.9907111	1.0	2792	tags=33%, list=21%, signal=42%	
PEPTIDYL-SERINE MODIFICATION%GOBP%GO:0018209	PEPTIDYL-SERINE MODIFICATION%GOBP%GO:0018209		38	-0.2758643	-0.8337336	0.72958255	0.9911948	1.0	2301	tags=13%, list=17%, signal=16%	
PEPTIDYL-SERINE PHOSPHORYLATION%GOBP%GO:0018105	PEPTIDYL-SERINE PHOSPHORYLATION%GOBP%GO:0018105		37	-0.27780783	-0.83372027	0.7419929	0.9908082	1.0	2301	tags=14%, list=17%, signal=16%	
MESODERMAL COMMITMENT PATHWAY%WIKIPATHWAYS_20250810%WP2857%HOMO SAPIENS	MESODERMAL COMMITMENT PATHWAY%WIKIPATHWAYS_20250810%WP2857%HOMO SAPIENS		95	-0.23473175	-0.8336262	0.79491526	0.9906073	1.0	1965	tags=18%, list=14%, signal=21%	
SWITCHING OF ORIGINS TO A POST-REPLICATIVE STATE%REACTOME DATABASE ID RELEASE 93%69052	SWITCHING OF ORIGINS TO A POST-REPLICATIVE STATE%REACTOME DATABASE ID RELEASE 93%69052		72	-0.24853386	-0.8334975	0.7626263	0.99046826	1.0	4191	tags=36%, list=31%, signal=52%	
POSITIVE REGULATION OF HEART GROWTH%GOBP%GO:0060421	POSITIVE REGULATION OF HEART GROWTH%GOBP%GO:0060421		17	-0.33591425	-0.8333643	0.7105263	0.99033594	1.0	1198	tags=18%, list=9%, signal=19%	
SIGNALING BY BRAF AND RAF1 FUSIONS%REACTOME DATABASE ID RELEASE 93%6802952	SIGNALING BY BRAF AND RAF1 FUSIONS%REACTOME DATABASE ID RELEASE 93%6802952		54	-0.25722194	-0.8332242	0.74872667	0.9902303	1.0	2094	tags=13%, list=15%, signal=15%	
HDACS DEACETYLATE HISTONES%REACTOME%R-HSA-3214815.5	HDACS DEACETYLATE HISTONES%REACTOME%R-HSA-3214815.5		37	-0.27568328	-0.83172256	0.7222222	0.9931181	1.0	1184	tags=11%, list=9%, signal=12%	
TRANSPORT OF MATURE MRNA DERIVED FROM AN INTRONLESS TRANSCRIPT%REACTOME%R-HSA-159231.4	TRANSPORT OF MATURE MRNA DERIVED FROM AN INTRONLESS TRANSCRIPT%REACTOME%R-HSA-159231.4		39	-0.27362135	-0.8311366	0.7323689	0.9939505	1.0	5266	tags=38%, list=39%, signal=63%	
ASSEMBLY OF THE PRE-REPLICATIVE COMPLEX%REACTOME%R-HSA-68867.10	ASSEMBLY OF THE PRE-REPLICATIVE COMPLEX%REACTOME%R-HSA-68867.10		76	-0.24301001	-0.8311296	0.80333334	0.9935458	1.0	4191	tags=36%, list=31%, signal=51%	
SIGNALING BY TYPE 1 INSULIN-LIKE GROWTH FACTOR 1 RECEPTOR (IGF1R)%REACTOME%R-HSA-2404192.5	SIGNALING BY TYPE 1 INSULIN-LIKE GROWTH FACTOR 1 RECEPTOR (IGF1R)%REACTOME%R-HSA-2404192.5		34	-0.2837475	-0.8308674	0.7269303	0.99371135	1.0	1748	tags=26%, list=13%, signal=30%	
NEGATIVE REGULATION OF LIPID TRANSPORT%GOBP%GO:0032369	NEGATIVE REGULATION OF LIPID TRANSPORT%GOBP%GO:0032369		15	-0.3447024	-0.830427	0.68324125	0.99422854	1.0	1183	tags=20%, list=9%, signal=22%	
RESPONSE TO ESTROGEN%GOBP%GO:0043627	RESPONSE TO ESTROGEN%GOBP%GO:0043627		26	-0.2960117	-0.83034164	0.70699435	0.99399173	1.0	2479	tags=27%, list=18%, signal=33%	
EMBRYONIC EPITHELIAL TUBE FORMATION%GOBP%GO:0001838	EMBRYONIC EPITHELIAL TUBE FORMATION%GOBP%GO:0001838		33	-0.28140718	-0.830316	0.7408696	0.9936276	1.0	95	tags=6%, list=1%, signal=6%	
MIRNA METABOLIC PROCESS%GOBP%GO:0010586	MIRNA METABOLIC PROCESS%GOBP%GO:0010586		16	-0.33467612	-0.83011043	0.68613136	0.9936873	1.0	5054	tags=56%, list=37%, signal=90%	
POSITIVE REGULATION OF AUTOPHAGOSOME ASSEMBLY%GOBP%GO:2000786	POSITIVE REGULATION OF AUTOPHAGOSOME ASSEMBLY%GOBP%GO:2000786		19	-0.31785685	-0.82938635	0.70280373	0.9948014	1.0	182	tags=5%, list=1%, signal=5%	
TRANSPORT OF MATURE MRNAS DERIVED FROM INTRONLESS TRANSCRIPTS%REACTOME%R-HSA-159234.4	TRANSPORT OF MATURE MRNAS DERIVED FROM INTRONLESS TRANSCRIPTS%REACTOME%R-HSA-159234.4		40	-0.27055958	-0.8287384	0.7495712	0.9957692	1.0	5266	tags=38%, list=39%, signal=61%	
PID_FAS_PATHWAY%MSIGDB_C2%PID_FAS_PATHWAY	PID_FAS_PATHWAY%MSIGDB_C2%PID_FAS_PATHWAY		31	-0.2866948	-0.82873213	0.74733096	0.99536335	1.0	2213	tags=19%, list=16%, signal=23%	
ETHER LIPID BIOSYNTHESIS%WIKIPATHWAYS_20250810%WP5275%HOMO SAPIENS	ETHER LIPID BIOSYNTHESIS%WIKIPATHWAYS_20250810%WP5275%HOMO SAPIENS		15	-0.33608624	-0.82868004	0.68401486	0.9950533	1.0	2922	tags=33%, list=22%, signal=42%	
NUCLEAR ENVELOPE BREAKDOWN%REACTOME DATABASE ID RELEASE 93%2980766	NUCLEAR ENVELOPE BREAKDOWN%REACTOME DATABASE ID RELEASE 93%2980766		47	-0.2624762	-0.827781	0.7735849	0.9965876	1.0	4648	tags=40%, list=34%, signal=61%	
RNA POLYMERASE I PROMOTER CLEARANCE%REACTOME DATABASE ID RELEASE 93%73854	RNA POLYMERASE I PROMOTER CLEARANCE%REACTOME DATABASE ID RELEASE 93%73854		59	-0.24902163	-0.8273217	0.77834177	0.9971732	1.0	2447	tags=19%, list=18%, signal=23%	
EVASION BY RSV OF HOST INTERFERON RESPONSES%REACTOME%R-HSA-9833109.1	EVASION BY RSV OF HOST INTERFERON RESPONSES%REACTOME%R-HSA-9833109.1		20	-0.31326044	-0.8272814	0.7191413	0.99684167	1.0	3039	tags=30%, list=22%, signal=39%	
REGULATION OF INTRACELLULAR PROTEIN TRANSPORT%GOBP%GO:0033157	REGULATION OF INTRACELLULAR PROTEIN TRANSPORT%GOBP%GO:0033157		101	-0.23187351	-0.8263846	0.81260365	0.9983568	1.0	1794	tags=12%, list=13%, signal=14%	
TUBE FORMATION%GOBP%GO:0035148	TUBE FORMATION%GOBP%GO:0035148		45	-0.26623893	-0.8261601	0.75555557	0.99843204	1.0	330	tags=7%, list=2%, signal=7%	
EPITHELIAL CELL DEVELOPMENT%GOBP%GO:0002064	EPITHELIAL CELL DEVELOPMENT%GOBP%GO:0002064		60	-0.25193074	-0.8259342	0.7827476	0.9984878	1.0	3279	tags=33%, list=24%, signal=44%	
2'-DEOXYRIBONUCLEOTIDE METABOLIC PROCESS%GOBP%GO:0009394	2'-DEOXYRIBONUCLEOTIDE METABOLIC PROCESS%GOBP%GO:0009394		33	-0.28055662	-0.82591707	0.7353464	0.99810356	1.0	1286	tags=15%, list=9%, signal=17%	
RNA DECAPPING%GOBP%GO:0110154	RNA DECAPPING%GOBP%GO:0110154		16	-0.3314682	-0.8258125	0.6925926	0.9979096	1.0	2839	tags=31%, list=21%, signal=39%	
PID_PDGFRB_PATHWAY%MSIGDB_C2%PID_PDGFRB_PATHWAY	PID_PDGFRB_PATHWAY%MSIGDB_C2%PID_PDGFRB_PATHWAY		94	-0.23108292	-0.8252517	0.8076923	0.9986838	1.0	2859	tags=21%, list=21%, signal=27%	
POLYOL BIOSYNTHETIC PROCESS%GOBP%GO:0046173	POLYOL BIOSYNTHETIC PROCESS%GOBP%GO:0046173		31	-0.2868489	-0.8250159	0.7016275	0.9987874	1.0	765	tags=10%, list=6%, signal=10%	
PRE IMPLANTATION EMBRYO%WIKIPATHWAYS_20250810%WP3527%HOMO SAPIENS	PRE IMPLANTATION EMBRYO%WIKIPATHWAYS_20250810%WP3527%HOMO SAPIENS		30	-0.28580388	-0.8248846	0.72477067	0.9986568	1.0	1652	tags=20%, list=12%, signal=23%	
RECEPTOR METABOLIC PROCESS%GOBP%GO:0043112	RECEPTOR METABOLIC PROCESS%GOBP%GO:0043112		33	-0.28933203	-0.8247582	0.7356747	0.9985136	1.0	3839	tags=42%, list=28%, signal=59%	
CELLULAR RESPONSE TO GLUCOSE STIMULUS%GOBP%GO:0071333	CELLULAR RESPONSE TO GLUCOSE STIMULUS%GOBP%GO:0071333		30	-0.289201	-0.8247221	0.73083776	0.99816805	1.0	1783	tags=17%, list=13%, signal=19%	
REGULATION OF TRIGLYCERIDE BIOSYNTHETIC PROCESS%GOBP%GO:0010866	REGULATION OF TRIGLYCERIDE BIOSYNTHETIC PROCESS%GOBP%GO:0010866		17	-0.32494953	-0.8236719	0.7081081	0.9999632	1.0	1539	tags=24%, list=11%, signal=27%	
BIOCARTA_CARM_ER_PATHWAY%MSIGDB_C2%BIOCARTA_CARM_ER_PATHWAY	BIOCARTA_CARM_ER_PATHWAY%MSIGDB_C2%BIOCARTA_CARM_ER_PATHWAY		21	-0.31646723	-0.8235141	0.72310406	0.9998784	1.0	988	tags=10%, list=7%, signal=10%	
HALLMARK_UV_RESPONSE_DN%MSIGDBHALLMARK%HALLMARK_UV_RESPONSE_DN	HALLMARK_UV_RESPONSE_DN%MSIGDBHALLMARK%HALLMARK_UV_RESPONSE_DN		113	-0.22709565	-0.8232775	0.8237288	0.9999642	1.0	2212	tags=23%, list=16%, signal=27%	
NEGATIVE REGULATION OF NOTCH4 SIGNALING%REACTOME DATABASE ID RELEASE 93%9604323	NEGATIVE REGULATION OF NOTCH4 SIGNALING%REACTOME DATABASE ID RELEASE 93%9604323		42	-0.27282465	-0.8224602	0.7379679	1.0	1.0	3962	tags=33%, list=29%, signal=47%	
CELLULAR RESPONSE TO CHEMICAL STRESS%GOBP%GO:0062197	CELLULAR RESPONSE TO CHEMICAL STRESS%GOBP%GO:0062197		182	-0.2123005	-0.8223491	0.871118	1.0	1.0	2254	tags=16%, list=17%, signal=19%	
SIGNALING BY SCF-KIT%REACTOME DATABASE ID RELEASE 93%1433557	SIGNALING BY SCF-KIT%REACTOME DATABASE ID RELEASE 93%1433557		35	-0.2787076	-0.82149774	0.7369369	1.0	1.0	1757	tags=20%, list=13%, signal=23%	
MRNA DECAY BY 5' TO 3' EXORIBONUCLEASE%REACTOME%R-HSA-430039.4	MRNA DECAY BY 5' TO 3' EXORIBONUCLEASE%REACTOME%R-HSA-430039.4		15	-0.33360633	-0.8214357	0.69961977	1.0	1.0	2839	tags=27%, list=21%, signal=34%	
CELLULAR RESPONSE TO STARVATION%GOBP%GO:0009267	CELLULAR RESPONSE TO STARVATION%GOBP%GO:0009267		130	-0.22069693	-0.82115203	0.8682927	1.0	1.0	2353	tags=15%, list=17%, signal=18%	
UB-SPECIFIC PROCESSING PROTEASES%REACTOME DATABASE ID RELEASE 93%5689880	UB-SPECIFIC PROCESSING PROTEASES%REACTOME DATABASE ID RELEASE 93%5689880		146	-0.219151	-0.82080114	0.8692185	1.0	1.0	2093	tags=14%, list=15%, signal=17%	
REGULATION OF SYNAPTIC VESICLE EXOCYTOSIS%GOBP%GO:2000300	REGULATION OF SYNAPTIC VESICLE EXOCYTOSIS%GOBP%GO:2000300		20	-0.31109044	-0.8201811	0.7316637	1.0	1.0	1554	tags=20%, list=11%, signal=23%	
POSITIVE REGULATION OF BIOMINERAL TISSUE DEVELOPMENT%GOBP%GO:0070169	POSITIVE REGULATION OF BIOMINERAL TISSUE DEVELOPMENT%GOBP%GO:0070169		35	-0.2738578	-0.8192771	0.7670753	1.0	1.0	95	tags=6%, list=1%, signal=6%	
DECTIN-1 MEDIATED NONCANONICAL NF-KB SIGNALING%REACTOME DATABASE ID RELEASE 93%5607761	DECTIN-1 MEDIATED NONCANONICAL NF-KB SIGNALING%REACTOME DATABASE ID RELEASE 93%5607761		46	-0.2666216	-0.81919634	0.7574171	1.0	1.0	4673	tags=41%, list=34%, signal=63%	
RRNA TRANSCRIPTION%GOBP%GO:0009303	RRNA TRANSCRIPTION%GOBP%GO:0009303		21	-0.31205338	-0.8191884	0.7279279	1.0	1.0	1665	tags=19%, list=12%, signal=22%	
NANOPARTICLE TRIGGERED AUTOPHAGIC CELL DEATH%WIKIPATHWAYS_20250810%WP2509%HOMO SAPIENS	NANOPARTICLE TRIGGERED AUTOPHAGIC CELL DEATH%WIKIPATHWAYS_20250810%WP2509%HOMO SAPIENS		19	-0.3095975	-0.81901455	0.71402216	1.0	1.0	3864	tags=37%, list=29%, signal=51%	
EMBRYONIC AXIS SPECIFICATION%GOBP%GO:0000578	EMBRYONIC AXIS SPECIFICATION%GOBP%GO:0000578		16	-0.33558032	-0.8181788	0.71455574	1.0	1.0	2488	tags=31%, list=18%, signal=38%	
CELLULAR RESPONSE TO CHEMICAL STRESS%REACTOME%R-HSA-9711123.5	CELLULAR RESPONSE TO CHEMICAL STRESS%REACTOME%R-HSA-9711123.5		173	-0.2119745	-0.8181611	0.90189874	1.0	1.0	2725	tags=21%, list=20%, signal=26%	
SENESCENCE ASSOCIATED SECRETORY PHENOTYPE SASP %WIKIPATHWAYS_20250810%WP3391%HOMO SAPIENS	SENESCENCE ASSOCIATED SECRETORY PHENOTYPE SASP %WIKIPATHWAYS_20250810%WP3391%HOMO SAPIENS		49	-0.25402102	-0.8181051	0.78798586	1.0	1.0	2013	tags=16%, list=15%, signal=19%	
TRANSCRIPTIONAL AND POST-TRANSLATIONAL REGULATION OF MITF-M EXPRESSION AND ACTIVITY%REACTOME%R-HSA-9856649.3	TRANSCRIPTIONAL AND POST-TRANSLATIONAL REGULATION OF MITF-M EXPRESSION AND ACTIVITY%REACTOME%R-HSA-9856649.3		44	-0.2630321	-0.8180129	0.7728055	1.0	1.0	1570	tags=14%, list=12%, signal=15%	
TISSUE REMODELING%GOBP%GO:0048771	TISSUE REMODELING%GOBP%GO:0048771		32	-0.27370617	-0.817779	0.7558348	1.0	1.0	1654	tags=16%, list=12%, signal=18%	
RNA SURVEILLANCE%GOBP%GO:0071025	RNA SURVEILLANCE%GOBP%GO:0071025		35	-0.2737469	-0.8174945	0.74516696	1.0	1.0	5147	tags=43%, list=38%, signal=69%	
REGULATION OF AMYLOID PRECURSOR PROTEIN CATABOLIC PROCESS%GOBP%GO:1902991	REGULATION OF AMYLOID PRECURSOR PROTEIN CATABOLIC PROCESS%GOBP%GO:1902991		36	-0.27743536	-0.8174917	0.7376491	1.0	1.0	954	tags=11%, list=7%, signal=12%	
REGULATION OF CELL-MATRIX ADHESION%GOBP%GO:0001952	REGULATION OF CELL-MATRIX ADHESION%GOBP%GO:0001952		93	-0.22910835	-0.8171653	0.8101933	1.0	1.0	1865	tags=15%, list=14%, signal=17%	
PULMONARY VALVE MORPHOGENESIS%GOBP%GO:0003184	PULMONARY VALVE MORPHOGENESIS%GOBP%GO:0003184		17	-0.32571766	-0.8168264	0.6975089	1.0	1.0	389	tags=12%, list=3%, signal=12%	
NEGATIVE REGULATION OF APOPTOTIC SIGNALING PATHWAY%GOBP%GO:2001234	NEGATIVE REGULATION OF APOPTOTIC SIGNALING PATHWAY%GOBP%GO:2001234		140	-0.21916868	-0.8160269	0.8803279	1.0	1.0	2435	tags=21%, list=18%, signal=25%	
G1 TO S CELL CYCLE CONTROL%WIKIPATHWAYS_20250810%WP45%HOMO SAPIENS	G1 TO S CELL CYCLE CONTROL%WIKIPATHWAYS_20250810%WP45%HOMO SAPIENS		49	-0.25491732	-0.8159414	0.76740235	1.0	1.0	2641	tags=22%, list=19%, signal=28%	
ORGAN GROWTH%GOBP%GO:0035265	ORGAN GROWTH%GOBP%GO:0035265		27	-0.2905336	-0.81588715	0.75315315	1.0	1.0	513	tags=7%, list=4%, signal=8%	
FLAGELLATED SPERM MOTILITY%GOBP%GO:0030317	FLAGELLATED SPERM MOTILITY%GOBP%GO:0030317		62	-0.24360174	-0.8156057	0.77956986	1.0	1.0	2699	tags=24%, list=20%, signal=30%	
CHOLESTEROL EFFLUX%GOBP%GO:0033344	CHOLESTEROL EFFLUX%GOBP%GO:0033344		15	-0.3288741	-0.8154163	0.73947895	1.0	1.0	2874	tags=27%, list=21%, signal=34%	
ACTIVIN RECEPTOR SIGNALING PATHWAY%GOBP%GO:0032924	ACTIVIN RECEPTOR SIGNALING PATHWAY%GOBP%GO:0032924		17	-0.32197255	-0.81443745	0.7032374	1.0	1.0	2505	tags=35%, list=18%, signal=43%	
ATF4 ACTIVATES GENES IN RESPONSE TO ENDOPLASMIC RETICULUM STRESS%REACTOME DATABASE ID RELEASE 93%380994	ATF4 ACTIVATES GENES IN RESPONSE TO ENDOPLASMIC RETICULUM STRESS%REACTOME DATABASE ID RELEASE 93%380994		26	-0.2876213	-0.81416285	0.74823946	1.0	1.0	4181	tags=50%, list=31%, signal=72%	
PINK1-PRKN MEDIATED MITOPHAGY%REACTOME%R-HSA-5205685.9	PINK1-PRKN MEDIATED MITOPHAGY%REACTOME%R-HSA-5205685.9		32	-0.27980518	-0.8140048	0.7327273	1.0	1.0	2013	tags=19%, list=15%, signal=22%	
RIPK1-MEDIATED REGULATED NECROSIS%REACTOME%R-HSA-5213460.6	RIPK1-MEDIATED REGULATED NECROSIS%REACTOME%R-HSA-5213460.6		30	-0.2764403	-0.8132742	0.7253142	1.0	1.0	3857	tags=37%, list=28%, signal=51%	
NIK-->NONCANONICAL NF-KB SIGNALING%REACTOME DATABASE ID RELEASE 93%5676590	NIK-->NONCANONICAL NF-KB SIGNALING%REACTOME DATABASE ID RELEASE 93%5676590		45	-0.26034063	-0.81322014	0.7761989	1.0	1.0	4673	tags=40%, list=34%, signal=61%	
EPIDERMAL GROWTH FACTOR RECEPTOR SIGNALING PATHWAY%GOBP%GO:0007173	EPIDERMAL GROWTH FACTOR RECEPTOR SIGNALING PATHWAY%GOBP%GO:0007173		44	-0.2607475	-0.8126044	0.78125	1.0	1.0	1392	tags=14%, list=10%, signal=15%	
POSITIVE REGULATION OF EXTRACELLULAR MATRIX ORGANIZATION%GOBP%GO:1903055	POSITIVE REGULATION OF EXTRACELLULAR MATRIX ORGANIZATION%GOBP%GO:1903055		20	-0.31580976	-0.8120202	0.71532845	1.0	1.0	79	tags=5%, list=1%, signal=5%	
BIOCARTA_MAPK_PATHWAY%MSIGDB_C2%BIOCARTA_MAPK_PATHWAY	BIOCARTA_MAPK_PATHWAY%MSIGDB_C2%BIOCARTA_MAPK_PATHWAY		68	-0.2428955	-0.81064117	0.7996485	1.0	1.0	3506	tags=32%, list=26%, signal=43%	
JAK STAT SIGNALING IN THE REGULATION OF BETA CELLS%WIKIPATHWAYS_20250810%WP5358%HOMO SAPIENS	JAK STAT SIGNALING IN THE REGULATION OF BETA CELLS%WIKIPATHWAYS_20250810%WP5358%HOMO SAPIENS		25	-0.29479596	-0.8104469	0.7433155	1.0	1.0	2114	tags=24%, list=16%, signal=28%	
REGULATION OF STEM CELL POPULATION MAINTENANCE%GOBP%GO:2000036	REGULATION OF STEM CELL POPULATION MAINTENANCE%GOBP%GO:2000036		55	-0.2542837	-0.8090659	0.80449826	1.0	1.0	1586	tags=11%, list=12%, signal=12%	
NEGATIVE REGULATION OF HYDROLASE ACTIVITY%GOBP%GO:0051346	NEGATIVE REGULATION OF HYDROLASE ACTIVITY%GOBP%GO:0051346		22	-0.30086544	-0.8072248	0.75179857	1.0	1.0	1158	tags=18%, list=9%, signal=20%	
MACROAUTOPHAGY%REACTOME%R-HSA-1632852.12	MACROAUTOPHAGY%REACTOME%R-HSA-1632852.12		115	-0.22198348	-0.80720955	0.8636364	1.0	1.0	4254	tags=32%, list=31%, signal=46%	
DEOXYRIBONUCLEOTIDE METABOLIC PROCESS%GOBP%GO:0009262	DEOXYRIBONUCLEOTIDE METABOLIC PROCESS%GOBP%GO:0009262		34	-0.271861	-0.80720407	0.74822694	1.0	1.0	1286	tags=15%, list=9%, signal=16%	
GLUCAGON-LIKE PEPTIDE-1 (GLP1) REGULATES INSULIN SECRETION%REACTOME%R-HSA-381676.8	GLUCAGON-LIKE PEPTIDE-1 (GLP1) REGULATES INSULIN SECRETION%REACTOME%R-HSA-381676.8		29	-0.28342038	-0.80642354	0.7279279	1.0	1.0	1338	tags=17%, list=10%, signal=19%	
TRANSCRIPTIONAL REGULATION BY VENTX%REACTOME%R-HSA-8853884.3	TRANSCRIPTIONAL REGULATION BY VENTX%REACTOME%R-HSA-8853884.3		35	-0.26875076	-0.80614984	0.7743056	1.0	1.0	623	tags=6%, list=5%, signal=6%	
REGULATION OF AXON EXTENSION%GOBP%GO:0030516	REGULATION OF AXON EXTENSION%GOBP%GO:0030516		34	-0.2728548	-0.80601656	0.777193	1.0	1.0	1735	tags=21%, list=13%, signal=24%	
TIGHT JUNCTION ORGANIZATION%GOBP%GO:0120193	TIGHT JUNCTION ORGANIZATION%GOBP%GO:0120193		35	-0.2687004	-0.80439425	0.79322636	1.0	1.0	1497	tags=20%, list=11%, signal=22%	
HYPOTHESIZED PATHWAYS IN PATHOGENESIS OF CARDIOVASCULAR DISEASE%WIKIPATHWAYS_20250810%WP3668%HOMO SAPIENS	HYPOTHESIZED PATHWAYS IN PATHOGENESIS OF CARDIOVASCULAR DISEASE%WIKIPATHWAYS_20250810%WP3668%HOMO SAPIENS		21	-0.29837078	-0.8041529	0.74725276	1.0	1.0	1270	tags=19%, list=9%, signal=21%	
ROLE OF CALCINEURIN-DEPENDENT NFAT SIGNALING IN LYMPHOCYTES%PATHWAY INTERACTION DATABASE NCI-NATURE CURATED DATA%ROLE OF CALCINEURIN-DEPENDENT NFAT SIGNALING IN LYMPHOCYTES	ROLE OF CALCINEURIN-DEPENDENT NFAT SIGNALING IN LYMPHOCYTES%PATHWAY INTERACTION DATABASE NCI-NATURE CURATED DATA%ROLE OF CALCINEURIN-DEPENDENT NFAT SIGNALING IN LYMPHOCYTES		48	-0.25582927	-0.80408055	0.8028169	1.0	1.0	521	tags=6%, list=4%, signal=6%	
REGULATION OF ENDOGENOUS RETROELEMENTS BY PIWI-INTERACTING RNAS (PIRNAS)%REACTOME%R-HSA-9845323.1	REGULATION OF ENDOGENOUS RETROELEMENTS BY PIWI-INTERACTING RNAS (PIRNAS)%REACTOME%R-HSA-9845323.1		44	-0.2593366	-0.8040061	0.7845118	1.0	1.0	1184	tags=11%, list=9%, signal=12%	
RIBONUCLEOSIDE MONOPHOSPHATE BIOSYNTHETIC PROCESS%GOBP%GO:0009156	RIBONUCLEOSIDE MONOPHOSPHATE BIOSYNTHETIC PROCESS%GOBP%GO:0009156		19	-0.3091587	-0.8037549	0.7425926	1.0	1.0	1200	tags=21%, list=9%, signal=23%	
HOMOLOGOUS RECOMBINATION%GOBP%GO:0035825	HOMOLOGOUS RECOMBINATION%GOBP%GO:0035825		45	-0.25582218	-0.8037491	0.7979094	1.0	1.0	2311	tags=24%, list=17%, signal=29%	
SPERM MOTILITY%GOBP%GO:0097722	SPERM MOTILITY%GOBP%GO:0097722		62	-0.24360174	-0.8036333	0.78175896	1.0	1.0	2699	tags=24%, list=20%, signal=30%	
RNA POLYMERASE I TRANSCRIPTION%REACTOME DATABASE ID RELEASE 93%73864	RNA POLYMERASE I TRANSCRIPTION%REACTOME DATABASE ID RELEASE 93%73864		60	-0.24308452	-0.80337256	0.8065069	1.0	1.0	2447	tags=18%, list=18%, signal=22%	
FC-EPSILON RECEPTOR SIGNALING PATHWAY%GOBP%GO:0038095	FC-EPSILON RECEPTOR SIGNALING PATHWAY%GOBP%GO:0038095		22	-0.2996086	-0.803345	0.74727273	1.0	1.0	888	tags=9%, list=7%, signal=10%	
IL1 SIGNALING%WIKIPATHWAYS_20250810%WP195%HOMO SAPIENS	IL1 SIGNALING%WIKIPATHWAYS_20250810%WP195%HOMO SAPIENS		41	-0.26680893	-0.8031176	0.780446	1.0	1.0	847	tags=10%, list=6%, signal=10%	
S1P RECEPTOR SIGNAL TRANSDUCTION%WIKIPATHWAYS_20250810%WP26%HOMO SAPIENS	S1P RECEPTOR SIGNAL TRANSDUCTION%WIKIPATHWAYS_20250810%WP26%HOMO SAPIENS		20	-0.30207753	-0.80301917	0.740038	1.0	1.0	3554	tags=35%, list=26%, signal=47%	
UBIQUITIN-DEPENDENT PROTEIN CATABOLIC PROCESS VIA THE C-END DEGRON RULE PATHWAY%GOBP%GO:0140627	UBIQUITIN-DEPENDENT PROTEIN CATABOLIC PROCESS VIA THE C-END DEGRON RULE PATHWAY%GOBP%GO:0140627		15	-0.3216871	-0.8024022	0.73214287	1.0	1.0	9199	tags=100%, list=68%, signal=311%	
TIGHT JUNCTION ASSEMBLY%GOBP%GO:0120192	TIGHT JUNCTION ASSEMBLY%GOBP%GO:0120192		35	-0.2687004	-0.80217224	0.7910714	1.0	1.0	1497	tags=20%, list=11%, signal=22%	
NANOPARTICLE MEDIATED ACTIVATION OF RECEPTOR SIGNALING%WIKIPATHWAYS_20250810%WP2643%HOMO SAPIENS	NANOPARTICLE MEDIATED ACTIVATION OF RECEPTOR SIGNALING%WIKIPATHWAYS_20250810%WP2643%HOMO SAPIENS		25	-0.2969566	-0.80198866	0.7736842	1.0	1.0	2212	tags=20%, list=16%, signal=24%	
REGULATION OF MRNA CATABOLIC PROCESS%GOBP%GO:0061013	REGULATION OF MRNA CATABOLIC PROCESS%GOBP%GO:0061013		147	-0.21129355	-0.80192465	0.90879476	1.0	1.0	5289	tags=44%, list=39%, signal=71%	
BICELLULAR TIGHT JUNCTION ASSEMBLY%GOBP%GO:0070830	BICELLULAR TIGHT JUNCTION ASSEMBLY%GOBP%GO:0070830		31	-0.27629393	-0.8017877	0.78994614	1.0	1.0	1497	tags=19%, list=11%, signal=22%	
NUCLEOTIDE EXCISION REPAIR%REACTOME%R-HSA-5696398.4	NUCLEOTIDE EXCISION REPAIR%REACTOME%R-HSA-5696398.4		107	-0.22428173	-0.80158895	0.8479339	1.0	1.0	5473	tags=44%, list=40%, signal=73%	
PROTEIN-DNA COMPLEX ORGANIZATION%GOBP%GO:0071824	PROTEIN-DNA COMPLEX ORGANIZATION%GOBP%GO:0071824		132	-0.21481588	-0.8013136	0.91056913	1.0	1.0	4179	tags=30%, list=31%, signal=43%	
CELLULAR RESPONSE TO TOXIC SUBSTANCE%GOBP%GO:0097237	CELLULAR RESPONSE TO TOXIC SUBSTANCE%GOBP%GO:0097237		45	-0.25797975	-0.8009167	0.77797204	1.0	1.0	2545	tags=27%, list=19%, signal=33%	
TRANSCRIPTION-COUPLED NUCLEOTIDE EXCISION REPAIR (TC-NER)%REACTOME%R-HSA-6781827.3	TRANSCRIPTION-COUPLED NUCLEOTIDE EXCISION REPAIR (TC-NER)%REACTOME%R-HSA-6781827.3		75	-0.23561507	-0.80088615	0.81566066	1.0	1.0	4004	tags=32%, list=30%, signal=45%	
TRANSCRIPTIONAL REGULATION BY RUNX3%REACTOME%R-HSA-8878159.4	TRANSCRIPTIONAL REGULATION BY RUNX3%REACTOME%R-HSA-8878159.4		83	-0.23070371	-0.80020183	0.87223166	1.0	1.0	2013	tags=14%, list=15%, signal=17%	
P73 TRANSCRIPTION FACTOR NETWORK%PATHWAY INTERACTION DATABASE NCI-NATURE CURATED DATA%P73 TRANSCRIPTION FACTOR NETWORK	P73 TRANSCRIPTION FACTOR NETWORK%PATHWAY INTERACTION DATABASE NCI-NATURE CURATED DATA%P73 TRANSCRIPTION FACTOR NETWORK		70	-0.23896609	-0.79992795	0.83716816	1.0	1.0	2604	tags=26%, list=19%, signal=32%	
POSITIVE REGULATION OF HYDROLASE ACTIVITY%GOBP%GO:0051345	POSITIVE REGULATION OF HYDROLASE ACTIVITY%GOBP%GO:0051345		88	-0.23051237	-0.79871815	0.85470086	1.0	1.0	1482	tags=14%, list=11%, signal=15%	
PURINE RIBONUCLEOTIDE TRANSPORT%GOBP%GO:0015868	PURINE RIBONUCLEOTIDE TRANSPORT%GOBP%GO:0015868		25	-0.28969657	-0.7985497	0.74904215	1.0	1.0	1690	tags=24%, list=12%, signal=27%	
INTEGRATIVE ANALYSIS OF TREG GLIAL INTERACTIONS %WIKIPATHWAYS_20250810%WP5561%HOMO SAPIENS	INTEGRATIVE ANALYSIS OF TREG GLIAL INTERACTIONS %WIKIPATHWAYS_20250810%WP5561%HOMO SAPIENS		70	-0.2402853	-0.7984443	0.82392025	1.0	1.0	1288	tags=16%, list=10%, signal=17%	
COREGULATION OF ANDROGEN RECEPTOR ACTIVITY%PATHWAY INTERACTION DATABASE NCI-NATURE CURATED DATA%COREGULATION OF ANDROGEN RECEPTOR ACTIVITY	COREGULATION OF ANDROGEN RECEPTOR ACTIVITY%PATHWAY INTERACTION DATABASE NCI-NATURE CURATED DATA%COREGULATION OF ANDROGEN RECEPTOR ACTIVITY		56	-0.25024784	-0.79812014	0.81865287	1.0	1.0	3123	tags=23%, list=23%, signal=30%	
AUTOPHAGY OF PEROXISOME%GOBP%GO:0030242	AUTOPHAGY OF PEROXISOME%GOBP%GO:0030242		16	-0.3212135	-0.7979291	0.7518116	1.0	1.0	4877	tags=50%, list=36%, signal=78%	
HUNTINGTON DISEASE%PANTHER PATHWAY%P00029	HUNTINGTON DISEASE%PANTHER PATHWAY%P00029		79	-0.22938453	-0.7971385	0.8492201	1.0	1.0	2266	tags=22%, list=17%, signal=26%	
DAP12 SIGNALING%REACTOME DATABASE ID RELEASE 93%2424491	DAP12 SIGNALING%REACTOME DATABASE ID RELEASE 93%2424491		24	-0.29159972	-0.79696757	0.74953616	1.0	1.0	1746	tags=17%, list=13%, signal=19%	
AUTOPHAGY%REACTOME%R-HSA-9612973.4	AUTOPHAGY%REACTOME%R-HSA-9612973.4		129	-0.21595949	-0.79653347	0.8904992	1.0	1.0	3864	tags=29%, list=29%, signal=41%	
AMINO ACID TRANSMEMBRANE TRANSPORT%GOBP%GO:0003333	AMINO ACID TRANSMEMBRANE TRANSPORT%GOBP%GO:0003333		52	-0.2506713	-0.7961167	0.7914614	1.0	1.0	1648	tags=17%, list=12%, signal=20%	
INTRACELLULAR PROTEIN TRANSMEMBRANE TRANSPORT%GOBP%GO:0065002	INTRACELLULAR PROTEIN TRANSMEMBRANE TRANSPORT%GOBP%GO:0065002		25	-0.29179204	-0.7958662	0.7659575	1.0	1.0	3880	tags=36%, list=29%, signal=50%	
PID_ERBB2_ERBB3_PATHWAY%MSIGDB_C2%PID_ERBB2_ERBB3_PATHWAY	PID_ERBB2_ERBB3_PATHWAY%MSIGDB_C2%PID_ERBB2_ERBB3_PATHWAY		37	-0.25985414	-0.79568833	0.78965515	1.0	1.0	821	tags=11%, list=6%, signal=11%	
TRNA AMINOACYLATION FOR PROTEIN TRANSLATION%GOBP%GO:0006418	TRNA AMINOACYLATION FOR PROTEIN TRANSLATION%GOBP%GO:0006418		36	-0.26905382	-0.79419476	0.77701545	1.0	1.0	3730	tags=31%, list=28%, signal=42%	
REGULATION OF CHROMATIN ORGANIZATION%GOBP%GO:1902275	REGULATION OF CHROMATIN ORGANIZATION%GOBP%GO:1902275		22	-0.29410937	-0.79416287	0.75090253	1.0	1.0	5555	tags=68%, list=41%, signal=115%	
SARS COV 2 MITOCHONDRIAL CHRONIC OXIDATIVE STRESS AND ENDOTHELIAL DYSFUNCTION%WIKIPATHWAYS_20250810%WP5183%HOMO SAPIENS	SARS COV 2 MITOCHONDRIAL CHRONIC OXIDATIVE STRESS AND ENDOTHELIAL DYSFUNCTION%WIKIPATHWAYS_20250810%WP5183%HOMO SAPIENS		19	-0.3084292	-0.7939505	0.74014336	1.0	1.0	982	tags=16%, list=7%, signal=17%	
GAP-FILLING DNA REPAIR SYNTHESIS AND LIGATION IN GG-NER%REACTOME%R-HSA-5696397.3	GAP-FILLING DNA REPAIR SYNTHESIS AND LIGATION IN GG-NER%REACTOME%R-HSA-5696397.3		24	-0.29187474	-0.7928528	0.78039926	1.0	1.0	3931	tags=33%, list=29%, signal=47%	
POSITIVE EPIGENETIC REGULATION OF RRNA EXPRESSION%REACTOME DATABASE ID RELEASE 93%5250913	POSITIVE EPIGENETIC REGULATION OF RRNA EXPRESSION%REACTOME DATABASE ID RELEASE 93%5250913		54	-0.24822141	-0.79249156	0.8355932	1.0	1.0	2286	tags=17%, list=17%, signal=20%	
GLUTAMATE METABOLIC PROCESS%GOBP%GO:0006536	GLUTAMATE METABOLIC PROCESS%GOBP%GO:0006536		15	-0.3239659	-0.7911518	0.7390511	1.0	1.0	2404	tags=20%, list=18%, signal=24%	
ERK MAPK TARGETS%REACTOME DATABASE ID RELEASE 93%198753	ERK MAPK TARGETS%REACTOME DATABASE ID RELEASE 93%198753		22	-0.2973737	-0.7909926	0.7672253	1.0	1.0	3352	tags=32%, list=25%, signal=42%	
VEGFR3 SIGNALING IN LYMPHATIC ENDOTHELIUM%PATHWAY INTERACTION DATABASE NCI-NATURE CURATED DATA%VEGFR3 SIGNALING IN LYMPHATIC ENDOTHELIUM	VEGFR3 SIGNALING IN LYMPHATIC ENDOTHELIUM%PATHWAY INTERACTION DATABASE NCI-NATURE CURATED DATA%VEGFR3 SIGNALING IN LYMPHATIC ENDOTHELIUM		25	-0.28761703	-0.7909535	0.7670068	1.0	1.0	2212	tags=20%, list=16%, signal=24%	
PHOSPHOLIPID BIOSYNTHETIC PROCESS%GOBP%GO:0008654	PHOSPHOLIPID BIOSYNTHETIC PROCESS%GOBP%GO:0008654		178	-0.20642075	-0.7904232	0.92333335	1.0	1.0	4058	tags=33%, list=30%, signal=47%	
PEXOPHAGY%GOBP%GO:0000425	PEXOPHAGY%GOBP%GO:0000425		16	-0.3212135	-0.7902458	0.7405303	1.0	1.0	4877	tags=50%, list=36%, signal=78%	
RESPONSE TO AMINO ACID STARVATION%GOBP%GO:1990928	RESPONSE TO AMINO ACID STARVATION%GOBP%GO:1990928		47	-0.24774499	-0.7902386	0.80438447	1.0	1.0	2890	tags=21%, list=21%, signal=27%	
RNA POLYMERASE III CHAIN ELONGATION%REACTOME DATABASE ID RELEASE 93%73780	RNA POLYMERASE III CHAIN ELONGATION%REACTOME DATABASE ID RELEASE 93%73780		18	-0.3115088	-0.7901168	0.74822694	1.0	1.0	6164	tags=72%, list=45%, signal=132%	
INSULIN-MEDIATED GLUCOSE TRANSPORT%PATHWAY INTERACTION DATABASE NCI-NATURE CURATED DATA%INSULIN-MEDIATED GLUCOSE TRANSPORT	INSULIN-MEDIATED GLUCOSE TRANSPORT%PATHWAY INTERACTION DATABASE NCI-NATURE CURATED DATA%INSULIN-MEDIATED GLUCOSE TRANSPORT		22	-0.2884609	-0.78961796	0.7647059	1.0	1.0	116	tags=5%, list=1%, signal=5%	
NEGATIVE REGULATION OF RHO PROTEIN SIGNAL TRANSDUCTION%GOBP%GO:0035024	NEGATIVE REGULATION OF RHO PROTEIN SIGNAL TRANSDUCTION%GOBP%GO:0035024		17	-0.31493437	-0.7893155	0.7669173	1.0	1.0	146	tags=6%, list=1%, signal=6%	
PYRIMIDINE NUCLEOTIDE METABOLIC PROCESS%GOBP%GO:0006220	PYRIMIDINE NUCLEOTIDE METABOLIC PROCESS%GOBP%GO:0006220		41	-0.26174638	-0.7888902	0.79928315	1.0	1.0	1286	tags=12%, list=9%, signal=13%	
PHOTORECEPTOR CELL MAINTENANCE%GOBP%GO:0045494	PHOTORECEPTOR CELL MAINTENANCE%GOBP%GO:0045494		21	-0.2925281	-0.7887931	0.7828467	1.0	1.0	2648	tags=33%, list=20%, signal=41%	
SIGNALING EVENTS MEDIATED BY HDAC CLASS I%PATHWAY INTERACTION DATABASE NCI-NATURE CURATED DATA%SIGNALING EVENTS MEDIATED BY HDAC CLASS I	SIGNALING EVENTS MEDIATED BY HDAC CLASS I%PATHWAY INTERACTION DATABASE NCI-NATURE CURATED DATA%SIGNALING EVENTS MEDIATED BY HDAC CLASS I		63	-0.23361634	-0.7884865	0.8313857	1.0	1.0	1583	tags=11%, list=12%, signal=13%	
POSITIVE REGULATION OF GTPASE ACTIVITY%GOBP%GO:0043547	POSITIVE REGULATION OF GTPASE ACTIVITY%GOBP%GO:0043547		72	-0.23548444	-0.788322	0.83472455	1.0	1.0	1482	tags=14%, list=11%, signal=16%	
EPITHELIAL STRUCTURE MAINTENANCE%GOBP%GO:0010669	EPITHELIAL STRUCTURE MAINTENANCE%GOBP%GO:0010669		17	-0.31601822	-0.78825366	0.7555147	1.0	1.0	65	tags=6%, list=0%, signal=6%	
SIGNALING BY MET%REACTOME%R-HSA-6806834.4	SIGNALING BY MET%REACTOME%R-HSA-6806834.4		58	-0.23890832	-0.7881723	0.8433735	1.0	1.0	3279	tags=28%, list=24%, signal=36%	
RNA POLYMERASE III TRANSCRIPTION INITIATION FROM TYPE 1 PROMOTER%REACTOME%R-HSA-76061.4	RNA POLYMERASE III TRANSCRIPTION INITIATION FROM TYPE 1 PROMOTER%REACTOME%R-HSA-76061.4		28	-0.27565303	-0.78791624	0.76719576	1.0	1.0	5775	tags=64%, list=43%, signal=112%	
E3 UBIQUITIN LIGASES UBIQUITINATE TARGET PROTEINS%REACTOME%R-HSA-8866654.5	E3 UBIQUITIN LIGASES UBIQUITINATE TARGET PROTEINS%REACTOME%R-HSA-8866654.5		46	-0.2515865	-0.7872943	0.8103757	1.0	1.0	3592	tags=26%, list=27%, signal=35%	
POSITIVE REGULATION OF LAMELLIPODIUM ASSEMBLY%GOBP%GO:0010592	POSITIVE REGULATION OF LAMELLIPODIUM ASSEMBLY%GOBP%GO:0010592		19	-0.30485323	-0.7872654	0.7582418	1.0	1.0	2053	tags=16%, list=15%, signal=19%	
PARASITIC INFECTION PATHWAYS%REACTOME%R-HSA-9824443.2	PARASITIC INFECTION PATHWAYS%REACTOME%R-HSA-9824443.2		135	-0.20861661	-0.78695154	0.9267516	1.0	1.0	2253	tags=17%, list=17%, signal=20%	
PROTEIN DESTABILIZATION%GOBP%GO:0031648	PROTEIN DESTABILIZATION%GOBP%GO:0031648		35	-0.26565313	-0.78629804	0.8106195	1.0	1.0	2254	tags=26%, list=17%, signal=31%	
RNA POL II CTD PHOSPHORYLATION AND INTERACTION WITH CE DURING HIV INFECTION%REACTOME%R-HSA-167160.4	RNA POL II CTD PHOSPHORYLATION AND INTERACTION WITH CE DURING HIV INFECTION%REACTOME%R-HSA-167160.4		27	-0.27537864	-0.7860798	0.77697843	1.0	1.0	3493	tags=33%, list=26%, signal=45%	
REGULATION OF NECROPTOTIC CELL DEATH%REACTOME%R-HSA-5675482.9	REGULATION OF NECROPTOTIC CELL DEATH%REACTOME%R-HSA-5675482.9		30	-0.2764403	-0.7857424	0.7941712	1.0	1.0	3857	tags=37%, list=28%, signal=51%	
DNA REPLICATION%WIKIPATHWAYS_20250810%WP466%HOMO SAPIENS	DNA REPLICATION%WIKIPATHWAYS_20250810%WP466%HOMO SAPIENS		31	-0.27576184	-0.78539556	0.7755835	1.0	1.0	3646	tags=32%, list=27%, signal=44%	
REGULATION OF TUMOR NECROSIS FACTOR-MEDIATED SIGNALING PATHWAY%GOBP%GO:0010803	REGULATION OF TUMOR NECROSIS FACTOR-MEDIATED SIGNALING PATHWAY%GOBP%GO:0010803		49	-0.24762855	-0.7853832	0.82722515	1.0	1.0	2354	tags=20%, list=17%, signal=25%	
INHIBITION OF DNA RECOMBINATION AT TELOMERE%REACTOME DATABASE ID RELEASE 93%9670095	INHIBITION OF DNA RECOMBINATION AT TELOMERE%REACTOME DATABASE ID RELEASE 93%9670095		29	-0.27668962	-0.78500813	0.7811388	1.0	1.0	2365	tags=21%, list=17%, signal=25%	
APOPTOSIS MODULATION AND SIGNALING%WIKIPATHWAYS_20250810%WP1772%HOMO SAPIENS	APOPTOSIS MODULATION AND SIGNALING%WIKIPATHWAYS_20250810%WP1772%HOMO SAPIENS		68	-0.23467225	-0.7849949	0.851602	1.0	1.0	2214	tags=19%, list=16%, signal=23%	
DNA STRAND ELONGATION%REACTOME DATABASE ID RELEASE 93%69190	DNA STRAND ELONGATION%REACTOME DATABASE ID RELEASE 93%69190		30	-0.27800044	-0.7847905	0.76545453	1.0	1.0	4217	tags=43%, list=31%, signal=63%	
REGULATION OF MYOBLAST DIFFERENTIATION%GOBP%GO:0045661	REGULATION OF MYOBLAST DIFFERENTIATION%GOBP%GO:0045661		48	-0.24699397	-0.78379464	0.83887917	1.0	1.0	4300	tags=40%, list=32%, signal=58%	
KETONE BIOSYNTHETIC PROCESS%GOBP%GO:0042181	KETONE BIOSYNTHETIC PROCESS%GOBP%GO:0042181		22	-0.29474032	-0.78342295	0.78909093	1.0	1.0	3559	tags=41%, list=26%, signal=55%	
P53-DEPENDENT G1 S DNA DAMAGE CHECKPOINT%REACTOME DATABASE ID RELEASE 93%69580	P53-DEPENDENT G1 S DNA DAMAGE CHECKPOINT%REACTOME DATABASE ID RELEASE 93%69580		50	-0.24561869	-0.7830142	0.84467715	1.0	1.0	4264	tags=34%, list=31%, signal=49%	
GABA-B_RECEPTOR_II_SIGNALING%PANTHER PATHWAY%P05731	GABA-B_RECEPTOR_II_SIGNALING%PANTHER PATHWAY%P05731		25	-0.28208444	-0.7823331	0.8031915	1.0	1.0	3854	tags=28%, list=28%, signal=39%	
REGULATION OF RAC1 ACTIVITY%PATHWAY INTERACTION DATABASE NCI-NATURE CURATED DATA%REGULATION OF RAC1 ACTIVITY	REGULATION OF RAC1 ACTIVITY%PATHWAY INTERACTION DATABASE NCI-NATURE CURATED DATA%REGULATION OF RAC1 ACTIVITY		37	-0.26242447	-0.7818883	0.82099825	1.0	1.0	2811	tags=24%, list=21%, signal=31%	
ALPHA 6 BETA 4 SIGNALING%WIKIPATHWAYS_20250810%WP244%HOMO SAPIENS	ALPHA 6 BETA 4 SIGNALING%WIKIPATHWAYS_20250810%WP244%HOMO SAPIENS		26	-0.28366962	-0.7818442	0.7781753	1.0	1.0	2212	tags=23%, list=16%, signal=28%	
ADENINE NUCLEOTIDE TRANSPORT%GOBP%GO:0051503	ADENINE NUCLEOTIDE TRANSPORT%GOBP%GO:0051503		26	-0.28175154	-0.78146935	0.78434783	1.0	1.0	1690	tags=23%, list=12%, signal=26%	
REGULATION OF D-GLUCOSE TRANSMEMBRANE TRANSPORT%GOBP%GO:0010827	REGULATION OF D-GLUCOSE TRANSMEMBRANE TRANSPORT%GOBP%GO:0010827		42	-0.2551395	-0.7813848	0.82746476	1.0	1.0	1629	tags=14%, list=12%, signal=16%	
VLDLR INTERNALISATION AND DEGRADATION%REACTOME%R-HSA-8866427.5	VLDLR INTERNALISATION AND DEGRADATION%REACTOME%R-HSA-8866427.5		15	-0.3228865	-0.78049856	0.7752212	1.0	1.0	2608	tags=40%, list=19%, signal=49%	
REGULATION OF APOPTOSIS%REACTOME DATABASE ID RELEASE 93%169911	REGULATION OF APOPTOSIS%REACTOME DATABASE ID RELEASE 93%169911		39	-0.26003852	-0.7801277	0.81272084	1.0	1.0	3962	tags=31%, list=29%, signal=43%	
INSULIN RECEPTOR SIGNALING PATHWAY%GOBP%GO:0008286	INSULIN RECEPTOR SIGNALING PATHWAY%GOBP%GO:0008286		47	-0.2478715	-0.7800461	0.831058	1.0	1.0	2549	tags=21%, list=19%, signal=26%	
MITOPHAGY%REACTOME%R-HSA-5205647.6	MITOPHAGY%REACTOME%R-HSA-5205647.6		37	-0.25948092	-0.7799933	0.8067376	1.0	1.0	3178	tags=24%, list=23%, signal=32%	
POSITIVE REGULATION OF DNA REPAIR%GOBP%GO:0045739	POSITIVE REGULATION OF DNA REPAIR%GOBP%GO:0045739		122	-0.21078089	-0.77923	0.9128289	1.0	1.0	2501	tags=16%, list=18%, signal=20%	
PROTEIN BRANCHED POLYUBIQUITINATION%GOBP%GO:0141198	PROTEIN BRANCHED POLYUBIQUITINATION%GOBP%GO:0141198		18	-0.30285996	-0.7791933	0.7878229	1.0	1.0	4910	tags=39%, list=36%, signal=61%	
BIOCARTA_IL2_PATHWAY%MSIGDB_C2%BIOCARTA_IL2_PATHWAY	BIOCARTA_IL2_PATHWAY%MSIGDB_C2%BIOCARTA_IL2_PATHWAY		19	-0.2979998	-0.7789292	0.7675676	1.0	1.0	1746	tags=26%, list=13%, signal=30%	
GLI3 IS PROCESSED TO GLI3R BY THE PROTEASOME%REACTOME%R-HSA-5610785.2	GLI3 IS PROCESSED TO GLI3R BY THE PROTEASOME%REACTOME%R-HSA-5610785.2		45	-0.24881595	-0.778886	0.8279387	1.0	1.0	3962	tags=31%, list=29%, signal=44%	
VITAMIN D IN INFLAMMATORY DISEASES%WIKIPATHWAYS_20250810%WP4482%HOMO SAPIENS	VITAMIN D IN INFLAMMATORY DISEASES%WIKIPATHWAYS_20250810%WP4482%HOMO SAPIENS		18	-0.2959704	-0.77847576	0.75949365	1.0	1.0	4663	tags=39%, list=34%, signal=59%	
RIBOSOME DISASSEMBLY%GOBP%GO:0032790	RIBOSOME DISASSEMBLY%GOBP%GO:0032790		37	-0.2593927	-0.7778953	0.83035713	1.0	1.0	4881	tags=41%, list=36%, signal=63%	
PHOSPHATIDYLINOSITOL PHOSPHATE BIOSYNTHETIC PROCESS%GOBP%GO:0046854	PHOSPHATIDYLINOSITOL PHOSPHATE BIOSYNTHETIC PROCESS%GOBP%GO:0046854		35	-0.2625551	-0.77766407	0.7915905	1.0	1.0	3638	tags=29%, list=27%, signal=39%	
INTERLEUKIN-12 FAMILY SIGNALING%REACTOME%R-HSA-447115.7	INTERLEUKIN-12 FAMILY SIGNALING%REACTOME%R-HSA-447115.7		44	-0.25578296	-0.7776111	0.8160535	1.0	1.0	1241	tags=14%, list=9%, signal=15%	
CD28 DEPENDENT PI3K AKT SIGNALING%REACTOME%R-HSA-389357.3	CD28 DEPENDENT PI3K AKT SIGNALING%REACTOME%R-HSA-389357.3		27	-0.27425978	-0.7773593	0.80474454	1.0	1.0	821	tags=11%, list=6%, signal=12%	
REGULATION OF DENDRITIC SPINE DEVELOPMENT%GOBP%GO:0060998	REGULATION OF DENDRITIC SPINE DEVELOPMENT%GOBP%GO:0060998		25	-0.28143674	-0.77725935	0.7759563	1.0	1.0	3649	tags=36%, list=27%, signal=49%	
BIOCARTA_HER2_PATHWAY%MSIGDB_C2%BIOCARTA_HER2_PATHWAY	BIOCARTA_HER2_PATHWAY%MSIGDB_C2%BIOCARTA_HER2_PATHWAY		21	-0.29543376	-0.7770466	0.8	1.0	1.0	2114	tags=19%, list=16%, signal=23%	
POSITIVE REGULATION OF SIGNAL TRANSDUCTION BY P53 CLASS MEDIATOR%GOBP%GO:1901798	POSITIVE REGULATION OF SIGNAL TRANSDUCTION BY P53 CLASS MEDIATOR%GOBP%GO:1901798		29	-0.2720097	-0.7764315	0.79044116	1.0	1.0	2516	tags=31%, list=19%, signal=38%	
VIF-MEDIATED DEGRADATION OF APOBEC3G%REACTOME DATABASE ID RELEASE 93%180585	VIF-MEDIATED DEGRADATION OF APOBEC3G%REACTOME DATABASE ID RELEASE 93%180585		39	-0.25511056	-0.77573425	0.8013817	1.0	1.0	3962	tags=31%, list=29%, signal=43%	
MORPHOGENESIS OF EMBRYONIC EPITHELIUM%GOBP%GO:0016331	MORPHOGENESIS OF EMBRYONIC EPITHELIUM%GOBP%GO:0016331		37	-0.25881723	-0.7757003	0.8142857	1.0	1.0	95	tags=5%, list=1%, signal=5%	
GERM CELL DEVELOPMENT%GOBP%GO:0007281	GERM CELL DEVELOPMENT%GOBP%GO:0007281		117	-0.21238916	-0.7755879	0.93322474	1.0	1.0	2938	tags=25%, list=22%, signal=31%	
GENE AND PROTEIN EXPRESSION BY JAK-STAT SIGNALING AFTER INTERLEUKIN-12 STIMULATION%REACTOME DATABASE ID RELEASE 93%8950505	GENE AND PROTEIN EXPRESSION BY JAK-STAT SIGNALING AFTER INTERLEUKIN-12 STIMULATION%REACTOME DATABASE ID RELEASE 93%8950505		33	-0.26376137	-0.7755841	0.80639434	1.0	1.0	3327	tags=30%, list=25%, signal=40%	
REGULATION OF DNA BIOSYNTHETIC PROCESS%GOBP%GO:2000278	REGULATION OF DNA BIOSYNTHETIC PROCESS%GOBP%GO:2000278		66	-0.23406339	-0.7753253	0.8616145	1.0	1.0	4324	tags=44%, list=32%, signal=64%	
VPR-MEDIATED NUCLEAR IMPORT OF PICS%REACTOME%R-HSA-180910.4	VPR-MEDIATED NUCLEAR IMPORT OF PICS%REACTOME%R-HSA-180910.4		31	-0.26811907	-0.77482325	0.8170056	1.0	1.0	4486	tags=32%, list=33%, signal=48%	
CELL SURFACE TOLL-LIKE RECEPTOR SIGNALING PATHWAY%GOBP%GO:0140895	CELL SURFACE TOLL-LIKE RECEPTOR SIGNALING PATHWAY%GOBP%GO:0140895		29	-0.27175418	-0.7744019	0.80824375	1.0	1.0	761	tags=10%, list=6%, signal=11%	
DENDRITE DEVELOPMENT%GOBP%GO:0016358	DENDRITE DEVELOPMENT%GOBP%GO:0016358		44	-0.24761027	-0.77405095	0.83362216	1.0	1.0	1634	tags=14%, list=12%, signal=15%	
MAPK6 MAPK4 SIGNALING%REACTOME%R-HSA-5687128.5	MAPK6 MAPK4 SIGNALING%REACTOME%R-HSA-5687128.5		70	-0.23013863	-0.7734346	0.8604651	1.0	1.0	3962	tags=34%, list=29%, signal=48%	
REGULATION OF CARDIAC MUSCLE TISSUE GROWTH%GOBP%GO:0055021	REGULATION OF CARDIAC MUSCLE TISSUE GROWTH%GOBP%GO:0055021		21	-0.29953015	-0.7733533	0.7693662	1.0	1.0	1198	tags=14%, list=9%, signal=16%	
ACTIN NUCLEATION%GOBP%GO:0045010	ACTIN NUCLEATION%GOBP%GO:0045010		18	-0.30386105	-0.7730519	0.7839286	1.0	1.0	877	tags=17%, list=6%, signal=18%	
PULMONARY VALVE DEVELOPMENT%GOBP%GO:0003177	PULMONARY VALVE DEVELOPMENT%GOBP%GO:0003177		21	-0.29364356	-0.77302414	0.771836	1.0	1.0	389	tags=10%, list=3%, signal=10%	
ROS AND RNS PRODUCTION IN PHAGOCYTES%REACTOME%R-HSA-1222556.11	ROS AND RNS PRODUCTION IN PHAGOCYTES%REACTOME%R-HSA-1222556.11		28	-0.2753327	-0.7727006	0.81629115	1.0	1.0	3583	tags=32%, list=26%, signal=44%	
LEISHMANIA INFECTION%REACTOME%R-HSA-9658195.3	LEISHMANIA INFECTION%REACTOME%R-HSA-9658195.3		135	-0.20861661	-0.7725768	0.953748	1.0	1.0	2253	tags=17%, list=17%, signal=20%	
P53-DEPENDENT G1 DNA DAMAGE RESPONSE%REACTOME%R-HSA-69563.6	P53-DEPENDENT G1 DNA DAMAGE RESPONSE%REACTOME%R-HSA-69563.6		50	-0.24561869	-0.7721299	0.83454543	1.0	1.0	4264	tags=34%, list=31%, signal=49%	
RNA POL II CTD PHOSPHORYLATION AND INTERACTION WITH CE%REACTOME%R-HSA-77075.4	RNA POL II CTD PHOSPHORYLATION AND INTERACTION WITH CE%REACTOME%R-HSA-77075.4		27	-0.27537864	-0.77201027	0.8113879	1.0	1.0	3493	tags=33%, list=26%, signal=45%	
PURINE NUCLEOTIDE TRANSPORT%GOBP%GO:0015865	PURINE NUCLEOTIDE TRANSPORT%GOBP%GO:0015865		26	-0.28175154	-0.77180403	0.7911025	1.0	1.0	1690	tags=23%, list=12%, signal=26%	
AUTODEGRADATION OF THE E3 UBIQUITIN LIGASE COP1%REACTOME%R-HSA-349425.4	AUTODEGRADATION OF THE E3 UBIQUITIN LIGASE COP1%REACTOME%R-HSA-349425.4		38	-0.25495586	-0.7703548	0.8269581	1.0	1.0	3962	tags=32%, list=29%, signal=44%	
OXIDATIVE STRESS RESPONSE%PANTHER PATHWAY%P00046	OXIDATIVE STRESS RESPONSE%PANTHER PATHWAY%P00046		22	-0.29142803	-0.77000445	0.78558224	1.0	1.0	2461	tags=23%, list=18%, signal=28%	
L-ALPHA-AMINO ACID TRANSMEMBRANE TRANSPORT%GOBP%GO:1902475	L-ALPHA-AMINO ACID TRANSMEMBRANE TRANSPORT%GOBP%GO:1902475		33	-0.27076006	-0.7697365	0.7907407	1.0	1.0	769	tags=12%, list=6%, signal=13%	
REGULATION OF HOMOTYPIC CELL-CELL ADHESION%REACTOME DATABASE ID RELEASE 93%9759476	REGULATION OF HOMOTYPIC CELL-CELL ADHESION%REACTOME DATABASE ID RELEASE 93%9759476		149	-0.20476298	-0.7693403	0.9456522	1.0	1.0	3108	tags=21%, list=23%, signal=27%	
POSITIVE REGULATION OF STEROID BIOSYNTHETIC PROCESS%GOBP%GO:0010893	POSITIVE REGULATION OF STEROID BIOSYNTHETIC PROCESS%GOBP%GO:0010893		20	-0.29385388	-0.7693149	0.81352836	1.0	1.0	2977	tags=40%, list=22%, signal=51%	
HCMV EARLY EVENTS%REACTOME%R-HSA-9609690.2	HCMV EARLY EVENTS%REACTOME%R-HSA-9609690.2		58	-0.2340164	-0.7692712	0.87689716	1.0	1.0	4068	tags=28%, list=30%, signal=39%	
POSITIVE REGULATION OF RHO PROTEIN SIGNAL TRANSDUCTION%GOBP%GO:0035025	POSITIVE REGULATION OF RHO PROTEIN SIGNAL TRANSDUCTION%GOBP%GO:0035025		23	-0.2864337	-0.7691027	0.79787236	1.0	1.0	3207	tags=39%, list=24%, signal=51%	
REGULATION OF TELOMERE MAINTENANCE VIA TELOMERE LENGTHENING%GOBP%GO:1904356	REGULATION OF TELOMERE MAINTENANCE VIA TELOMERE LENGTHENING%GOBP%GO:1904356		47	-0.2414006	-0.76882017	0.848537	1.0	1.0	4324	tags=45%, list=32%, signal=65%	
DNA-TEMPLATED TRANSCRIPTION ELONGATION%GOBP%GO:0006354	DNA-TEMPLATED TRANSCRIPTION ELONGATION%GOBP%GO:0006354		40	-0.25015053	-0.7682855	0.8285199	1.0	1.0	4772	tags=40%, list=35%, signal=62%	
MITOCHONDRIAL CALCIUM ION TRANSPORT%REACTOME%R-HSA-8949215.3	MITOCHONDRIAL CALCIUM ION TRANSPORT%REACTOME%R-HSA-8949215.3		21	-0.29348326	-0.7682311	0.79379565	1.0	1.0	3767	tags=33%, list=28%, signal=46%	
MITOTIC RECOMBINATION%GOBP%GO:0006312	MITOTIC RECOMBINATION%GOBP%GO:0006312		17	-0.3039512	-0.7680746	0.7777778	1.0	1.0	3838	tags=35%, list=28%, signal=49%	
IMPAIRED BRCA2 BINDING TO RAD51%REACTOME%R-HSA-9709570.2	IMPAIRED BRCA2 BINDING TO RAD51%REACTOME%R-HSA-9709570.2		32	-0.26615036	-0.76723355	0.81172293	1.0	1.0	3263	tags=28%, list=24%, signal=37%	
GLUCAGON SIGNALING IN METABOLIC REGULATION%REACTOME DATABASE ID RELEASE 93%163359	GLUCAGON SIGNALING IN METABOLIC REGULATION%REACTOME DATABASE ID RELEASE 93%163359		24	-0.28276345	-0.7667338	0.8136201	1.0	1.0	1096	tags=13%, list=8%, signal=14%	
PID_EPO_PATHWAY%MSIGDB_C2%PID_EPO_PATHWAY	PID_EPO_PATHWAY%MSIGDB_C2%PID_EPO_PATHWAY		28	-0.27209702	-0.76636654	0.81335616	1.0	1.0	2792	tags=29%, list=21%, signal=36%	
REGULATION OF TELOMERE MAINTENANCE%GOBP%GO:0032204	REGULATION OF TELOMERE MAINTENANCE%GOBP%GO:0032204		100	-0.21281667	-0.76592255	0.92504257	1.0	1.0	4324	tags=33%, list=32%, signal=48%	
BETA-CATENIN INDEPENDENT WNT SIGNALING%REACTOME%R-HSA-3858494.5	BETA-CATENIN INDEPENDENT WNT SIGNALING%REACTOME%R-HSA-3858494.5		113	-0.21030803	-0.76374114	0.93333334	1.0	1.0	2238	tags=13%, list=17%, signal=16%	
REGULATION OF MONOATOMIC ION TRANSMEMBRANE TRANSPORTER ACTIVITY%GOBP%GO:0032412	REGULATION OF MONOATOMIC ION TRANSMEMBRANE TRANSPORTER ACTIVITY%GOBP%GO:0032412		48	-0.24358267	-0.76362425	0.84263957	1.0	1.0	3027	tags=29%, list=22%, signal=37%	
GLUTAMATE METABOLISM%PATHWHIZ%PW000003	GLUTAMATE METABOLISM%PATHWHIZ%PW000003		19	-0.28985938	-0.763038	0.80071175	1.0	1.0	1533	tags=16%, list=11%, signal=18%	
TRANSCYTOSIS%GOBP%GO:0045056	TRANSCYTOSIS%GOBP%GO:0045056		15	-0.315795	-0.7626184	0.7924866	1.0	1.0	583	tags=13%, list=4%, signal=14%	
4-HYDROXYBUTYRIC ACIDURIA SUCCINIC SEMIALDEHYDE DEHYDROGENASE DEFICIENCY%SMPDB%SMP0000243	4-HYDROXYBUTYRIC ACIDURIA SUCCINIC SEMIALDEHYDE DEHYDROGENASE DEFICIENCY%SMPDB%SMP0000243		19	-0.28985938	-0.76215833	0.8090909	1.0	1.0	1533	tags=16%, list=11%, signal=18%	
TRNA PROCESSING IN THE NUCLEUS%REACTOME%R-HSA-6784531.6	TRNA PROCESSING IN THE NUCLEUS%REACTOME%R-HSA-6784531.6		53	-0.23720321	-0.76197124	0.88294315	1.0	1.0	4068	tags=32%, list=30%, signal=46%	
SUBSTANTIA NIGRA DEVELOPMENT%GOBP%GO:0021762	SUBSTANTIA NIGRA DEVELOPMENT%GOBP%GO:0021762		36	-0.25767046	-0.76088744	0.83482945	1.0	1.0	1120	tags=11%, list=8%, signal=12%	
REGULATION OF TRANSMEMBRANE TRANSPORTER ACTIVITY%GOBP%GO:0022898	REGULATION OF TRANSMEMBRANE TRANSPORTER ACTIVITY%GOBP%GO:0022898		49	-0.24106294	-0.76086265	0.8505338	1.0	1.0	3027	tags=29%, list=22%, signal=37%	
NUCLEAR RNA SURVEILLANCE%GOBP%GO:0071027	NUCLEAR RNA SURVEILLANCE%GOBP%GO:0071027		31	-0.26788685	-0.760686	0.8295652	1.0	1.0	5147	tags=42%, list=38%, signal=67%	
EGF RECEPTOR (ERBB1) SIGNALING PATHWAY%PATHWAY INTERACTION DATABASE NCI-NATURE CURATED DATA%EGF RECEPTOR (ERBB1) SIGNALING PATHWAY	EGF RECEPTOR (ERBB1) SIGNALING PATHWAY%PATHWAY INTERACTION DATABASE NCI-NATURE CURATED DATA%EGF RECEPTOR (ERBB1) SIGNALING PATHWAY		32	-0.25540483	-0.7603987	0.82688767	1.0	1.0	1757	tags=9%, list=13%, signal=11%	
REGULATION OF MITOCHONDRIAL TRANSLATION%GOBP%GO:0070129	REGULATION OF MITOCHONDRIAL TRANSLATION%GOBP%GO:0070129		18	-0.2937355	-0.7601949	0.8007181	1.0	1.0	5203	tags=56%, list=38%, signal=90%	
REGULATION OF CARBOHYDRATE CATABOLIC PROCESS%GOBP%GO:0043470	REGULATION OF CARBOHYDRATE CATABOLIC PROCESS%GOBP%GO:0043470		40	-0.2523553	-0.7598909	0.8453039	1.0	1.0	1629	tags=13%, list=12%, signal=14%	
SIGNALING BY NOTCH1%REACTOME DATABASE ID RELEASE 93%1980143	SIGNALING BY NOTCH1%REACTOME DATABASE ID RELEASE 93%1980143		70	-0.22825594	-0.75921714	0.8996599	1.0	1.0	3975	tags=34%, list=29%, signal=48%	
INOSITOL PHOSPHATE METABOLISM%REACTOME DATABASE ID RELEASE 93%1483249	INOSITOL PHOSPHATE METABOLISM%REACTOME DATABASE ID RELEASE 93%1483249		40	-0.24867448	-0.7587672	0.86545455	1.0	1.0	3772	tags=40%, list=28%, signal=55%	
AXIS SPECIFICATION%GOBP%GO:0009798	AXIS SPECIFICATION%GOBP%GO:0009798		31	-0.2608512	-0.75810105	0.8282648	1.0	1.0	2488	tags=29%, list=18%, signal=35%	
PANCREATIC ADENOCARCINOMA PATHWAY%WIKIPATHWAYS_20250810%WP4263%HOMO SAPIENS	PANCREATIC ADENOCARCINOMA PATHWAY%WIKIPATHWAYS_20250810%WP4263%HOMO SAPIENS		65	-0.22761649	-0.75809795	0.8708054	1.0	1.0	1675	tags=12%, list=12%, signal=14%	
CELLULAR RESPONSE TO HYPOXIA%REACTOME DATABASE ID RELEASE 93%1234174	CELLULAR RESPONSE TO HYPOXIA%REACTOME DATABASE ID RELEASE 93%1234174		59	-0.23043449	-0.7578661	0.87765956	1.0	1.0	2013	tags=14%, list=15%, signal=16%	
REGULATION OF GLYCOPROTEIN METABOLIC PROCESS%GOBP%GO:1903018	REGULATION OF GLYCOPROTEIN METABOLIC PROCESS%GOBP%GO:1903018		30	-0.26446497	-0.7576235	0.8036036	1.0	1.0	765	tags=10%, list=6%, signal=11%	
BIOCARTA_BAD_PATHWAY%MSIGDB_C2%BIOCARTA_BAD_PATHWAY	BIOCARTA_BAD_PATHWAY%MSIGDB_C2%BIOCARTA_BAD_PATHWAY		16	-0.3062564	-0.7575205	0.7859849	1.0	1.0	4301	tags=44%, list=32%, signal=64%	
ENTRAINMENT OF CIRCADIAN CLOCK%GOBP%GO:0009649	ENTRAINMENT OF CIRCADIAN CLOCK%GOBP%GO:0009649		22	-0.2809293	-0.7572873	0.79518074	1.0	1.0	121	tags=5%, list=1%, signal=5%	
ACTIVATION OF THE PRE-REPLICATIVE COMPLEX%REACTOME%R-HSA-68962.6	ACTIVATION OF THE PRE-REPLICATIVE COMPLEX%REACTOME%R-HSA-68962.6		30	-0.25906673	-0.75684357	0.8259325	1.0	1.0	3633	tags=33%, list=27%, signal=45%	
TORC1 SIGNALING%GOBP%GO:0038202	TORC1 SIGNALING%GOBP%GO:0038202		16	-0.30108824	-0.75643694	0.80478823	1.0	1.0	352	tags=6%, list=3%, signal=6%	
2Q13 COPY NUMBER VARIATION SYNDROME%WIKIPATHWAYS_20250810%WP5222%HOMO SAPIENS	2Q13 COPY NUMBER VARIATION SYNDROME%WIKIPATHWAYS_20250810%WP5222%HOMO SAPIENS		34	-0.25866807	-0.7563941	0.8475177	1.0	1.0	1934	tags=15%, list=14%, signal=17%	
ISG15 ANTIVIRAL MECHANISM%REACTOME DATABASE ID RELEASE 93%1169408	ISG15 ANTIVIRAL MECHANISM%REACTOME DATABASE ID RELEASE 93%1169408		70	-0.22382708	-0.75580674	0.90273035	1.0	1.0	4068	tags=30%, list=30%, signal=43%	
RAS PATHWAY%PANTHER PATHWAY%P04393	RAS PATHWAY%PANTHER PATHWAY%P04393		67	-0.2241216	-0.7554031	0.8994709	1.0	1.0	3630	tags=28%, list=27%, signal=39%	
REGULATION OF NOTCH SIGNALING PATHWAY%GOBP%GO:0008593	REGULATION OF NOTCH SIGNALING PATHWAY%GOBP%GO:0008593		61	-0.2257558	-0.75532395	0.88307154	1.0	1.0	2972	tags=23%, list=22%, signal=29%	
PDGF SIGNALING PATHWAY%PANTHER PATHWAY%P00047	PDGF SIGNALING PATHWAY%PANTHER PATHWAY%P00047		117	-0.20965415	-0.75512475	0.93453354	1.0	1.0	1746	tags=11%, list=13%, signal=13%	
POSITIVE REGULATION OF TELOMERE MAINTENANCE%GOBP%GO:0032206	POSITIVE REGULATION OF TELOMERE MAINTENANCE%GOBP%GO:0032206		68	-0.22500953	-0.75435406	0.90569395	1.0	1.0	3821	tags=29%, list=28%, signal=41%	
PID_CASPASE_PATHWAY%MSIGDB_C2%PID_CASPASE_PATHWAY	PID_CASPASE_PATHWAY%MSIGDB_C2%PID_CASPASE_PATHWAY		37	-0.24836484	-0.75428104	0.84842885	1.0	1.0	2221	tags=22%, list=16%, signal=26%	
SUCCINIC SEMIALDEHYDE DEHYDROGENASE DEFICIENCY%SMPDB%SMP0000567	SUCCINIC SEMIALDEHYDE DEHYDROGENASE DEFICIENCY%SMPDB%SMP0000567		19	-0.28985938	-0.75427806	0.8035714	1.0	1.0	1533	tags=16%, list=11%, signal=18%	
NEGATIVE REGULATION OF RESPONSE TO ENDOPLASMIC RETICULUM STRESS%GOBP%GO:1903573	NEGATIVE REGULATION OF RESPONSE TO ENDOPLASMIC RETICULUM STRESS%GOBP%GO:1903573		42	-0.24869794	-0.7541154	0.8637931	1.0	1.0	1155	tags=12%, list=9%, signal=13%	
PID_REG_GR_PATHWAY%MSIGDB_C2%PID_REG_GR_PATHWAY	PID_REG_GR_PATHWAY%MSIGDB_C2%PID_REG_GR_PATHWAY		53	-0.23819603	-0.7531869	0.857645	1.0	1.0	988	tags=13%, list=7%, signal=14%	
AUTODEGRADATION OF CDH1 BY CDH1:APC C%REACTOME DATABASE ID RELEASE 93%174084	AUTODEGRADATION OF CDH1 BY CDH1:APC C%REACTOME DATABASE ID RELEASE 93%174084		50	-0.23588738	-0.7531539	0.86386555	1.0	1.0	4191	tags=32%, list=31%, signal=46%	
PROTEIN POLYMERIZATION%GOBP%GO:0051258	PROTEIN POLYMERIZATION%GOBP%GO:0051258		78	-0.21609212	-0.7529254	0.9213675	1.0	1.0	1986	tags=12%, list=15%, signal=13%	
15Q11Q13 COPY NUMBER VARIATION%WIKIPATHWAYS_20250810%WP5407%HOMO SAPIENS	15Q11Q13 COPY NUMBER VARIATION%WIKIPATHWAYS_20250810%WP5407%HOMO SAPIENS		27	-0.26947188	-0.7526665	0.82051283	1.0	1.0	1328	tags=15%, list=10%, signal=16%	
CAM PATHWAY%REACTOME%R-HSA-111997.3	CAM PATHWAY%REACTOME%R-HSA-111997.3		29	-0.26031154	-0.7526494	0.83639705	1.0	1.0	1489	tags=14%, list=11%, signal=15%	
PLASMA LIPOPROTEIN PARTICLE ASSEMBLY%GOBP%GO:0034377	PLASMA LIPOPROTEIN PARTICLE ASSEMBLY%GOBP%GO:0034377		16	-0.29911265	-0.75225335	0.7790055	1.0	1.0	546	tags=13%, list=4%, signal=13%	
S PHASE%REACTOME%R-HSA-69242.5	S PHASE%REACTOME%R-HSA-69242.5		139	-0.19998665	-0.7512606	0.9572785	1.0	1.0	4217	tags=35%, list=31%, signal=50%	
POSITIVE REGULATION OF MITOPHAGY%GOBP%GO:1901526	POSITIVE REGULATION OF MITOPHAGY%GOBP%GO:1901526		18	-0.29141307	-0.7508874	0.8218924	1.0	1.0	3704	tags=33%, list=27%, signal=46%	
REGULATION OF HEART GROWTH%GOBP%GO:0060420	REGULATION OF HEART GROWTH%GOBP%GO:0060420		24	-0.26895168	-0.7507637	0.8262477	1.0	1.0	1198	tags=13%, list=9%, signal=14%	
CD209 (DC-SIGN) SIGNALING%REACTOME%R-HSA-5621575.2	CD209 (DC-SIGN) SIGNALING%REACTOME%R-HSA-5621575.2		19	-0.28980917	-0.7501186	0.82007575	1.0	1.0	3245	tags=37%, list=24%, signal=48%	
BIOCARTA_WNT_PATHWAY%MSIGDB_C2%BIOCARTA_WNT_PATHWAY	BIOCARTA_WNT_PATHWAY%MSIGDB_C2%BIOCARTA_WNT_PATHWAY		18	-0.2910869	-0.75010765	0.7948718	1.0	1.0	988	tags=11%, list=7%, signal=12%	
DUAL INCISION IN TC-NER%REACTOME%R-HSA-6782135.4	DUAL INCISION IN TC-NER%REACTOME%R-HSA-6782135.4		62	-0.22437888	-0.7493393	0.88336194	1.0	1.0	3998	tags=32%, list=29%, signal=46%	
DNA REPLICATION INITIATION%GOBP%GO:0006270	DNA REPLICATION INITIATION%GOBP%GO:0006270		22	-0.28551176	-0.7490777	0.8479021	1.0	1.0	4217	tags=41%, list=31%, signal=59%	
HYPERINSULINISM-HYPERAMMONEMIA SYNDROME%PATHWHIZ%PW000072	HYPERINSULINISM-HYPERAMMONEMIA SYNDROME%PATHWHIZ%PW000072		19	-0.28985938	-0.74828905	0.7977316	1.0	1.0	1533	tags=16%, list=11%, signal=18%	
NEGATIVE REGULATION OF EPITHELIAL CELL DIFFERENTIATION%GOBP%GO:0030857	NEGATIVE REGULATION OF EPITHELIAL CELL DIFFERENTIATION%GOBP%GO:0030857		19	-0.2893321	-0.7482553	0.8324022	1.0	1.0	1963	tags=21%, list=14%, signal=25%	
NEGATIVE REGULATION OF PROTEASOMAL UBIQUITIN-DEPENDENT PROTEIN CATABOLIC PROCESS%GOBP%GO:0032435	NEGATIVE REGULATION OF PROTEASOMAL UBIQUITIN-DEPENDENT PROTEIN CATABOLIC PROCESS%GOBP%GO:0032435		36	-0.24758942	-0.74815387	0.84731543	1.0	1.0	4688	tags=44%, list=35%, signal=68%	
RAC1 GTPASE CYCLE%REACTOME DATABASE ID RELEASE 93%9013149	RAC1 GTPASE CYCLE%REACTOME DATABASE ID RELEASE 93%9013149		170	-0.1951149	-0.74782115	0.97406805	1.0	1.0	3119	tags=25%, list=23%, signal=32%	
M-DECAY: DEGRADATION OF MATERNAL MRNAS BY MATERNALLY STORED FACTORS%REACTOME%R-HSA-9820841.1	M-DECAY: DEGRADATION OF MATERNAL MRNAS BY MATERNALLY STORED FACTORS%REACTOME%R-HSA-9820841.1		22	-0.2804462	-0.7472589	0.8120567	1.0	1.0	5073	tags=41%, list=37%, signal=65%	
NEGATIVE REGULATION OF TELOMERE MAINTENANCE VIA TELOMERE LENGTHENING%GOBP%GO:1904357	NEGATIVE REGULATION OF TELOMERE MAINTENANCE VIA TELOMERE LENGTHENING%GOBP%GO:1904357		23	-0.27777165	-0.74665564	0.8239845	1.0	1.0	4324	tags=43%, list=32%, signal=64%	
PID_EPHB_FWD_PATHWAY%MSIGDB_C2%PID_EPHB_FWD_PATHWAY	PID_EPHB_FWD_PATHWAY%MSIGDB_C2%PID_EPHB_FWD_PATHWAY		33	-0.25339767	-0.7455292	0.8472998	1.0	1.0	1746	tags=15%, list=13%, signal=17%	
NEGATIVE REGULATION OF PROTEIN UBIQUITINATION%GOBP%GO:0031397	NEGATIVE REGULATION OF PROTEIN UBIQUITINATION%GOBP%GO:0031397		59	-0.22989036	-0.74540144	0.8921233	1.0	1.0	1963	tags=15%, list=14%, signal=18%	
CONVERSION FROM APC C:CDC20 TO APC C:CDH1 IN LATE ANAPHASE%REACTOME DATABASE ID RELEASE 93%176407	CONVERSION FROM APC C:CDC20 TO APC C:CDH1 IN LATE ANAPHASE%REACTOME DATABASE ID RELEASE 93%176407		16	-0.2961164	-0.74529696	0.8014706	1.0	1.0	4191	tags=38%, list=31%, signal=54%	
GAP JUNCTION TRAFFICKING%REACTOME DATABASE ID RELEASE 93%190828	GAP JUNCTION TRAFFICKING%REACTOME DATABASE ID RELEASE 93%190828		16	-0.29271367	-0.7449631	0.7966728	1.0	1.0	1701	tags=19%, list=13%, signal=21%	
PID_CD40_PATHWAY%MSIGDB_C2%PID_CD40_PATHWAY	PID_CD40_PATHWAY%MSIGDB_C2%PID_CD40_PATHWAY		24	-0.27587453	-0.74471	0.810219	1.0	1.0	4912	tags=50%, list=36%, signal=78%	
HOMOCARNOSINOSIS%SMPDB%SMP0000385	HOMOCARNOSINOSIS%SMPDB%SMP0000385		19	-0.28985938	-0.7440067	0.8142857	1.0	1.0	1533	tags=16%, list=11%, signal=18%	
8P23 1 COPY NUMBER VARIATION SYNDROME%WIKIPATHWAYS_20250810%WP5346%HOMO SAPIENS	8P23 1 COPY NUMBER VARIATION SYNDROME%WIKIPATHWAYS_20250810%WP5346%HOMO SAPIENS		32	-0.25515	-0.74380016	0.857404	1.0	1.0	1853	tags=16%, list=14%, signal=18%	
DISRUPTION OF POSTSYNAPTIC SIGNALING BY CNV%WIKIPATHWAYS_20250810%WP4875%HOMO SAPIENS	DISRUPTION OF POSTSYNAPTIC SIGNALING BY CNV%WIKIPATHWAYS_20250810%WP4875%HOMO SAPIENS		18	-0.29767182	-0.7435264	0.8289703	1.0	1.0	78	tags=6%, list=1%, signal=6%	
SODIUM ION HOMEOSTASIS%GOBP%GO:0055078	SODIUM ION HOMEOSTASIS%GOBP%GO:0055078		16	-0.29962513	-0.7435146	0.82568806	1.0	1.0	397	tags=13%, list=3%, signal=13%	
REGULATION OF AMYLOID-BETA FORMATION%GOBP%GO:1902003	REGULATION OF AMYLOID-BETA FORMATION%GOBP%GO:1902003		31	-0.2575027	-0.74310625	0.85470086	1.0	1.0	1546	tags=13%, list=11%, signal=15%	
GM-CSF%IOB%GM-CSF	GM-CSF%IOB%GM-CSF		49	-0.23557866	-0.74310124	0.87545127	1.0	1.0	3500	tags=24%, list=26%, signal=33%	
PHOSPHOINOSITIDES METABOLISM%WIKIPATHWAYS_20250810%WP4971%HOMO SAPIENS	PHOSPHOINOSITIDES METABOLISM%WIKIPATHWAYS_20250810%WP4971%HOMO SAPIENS		39	-0.24811076	-0.74306464	0.86372006	1.0	1.0	6055	tags=64%, list=45%, signal=116%	
2-HYDROXYGLUTRIC ACIDURIA (D AND L FORM)%SMPDB%SMP0000136	2-HYDROXYGLUTRIC ACIDURIA (D AND L FORM)%SMPDB%SMP0000136		19	-0.28985938	-0.7430362	0.81607145	1.0	1.0	1533	tags=16%, list=11%, signal=18%	
EGF SIGNALLING PATHWAY%SMPDB%SMP0063810	EGF SIGNALLING PATHWAY%SMPDB%SMP0063810		26	-0.26495534	-0.7428148	0.8432836	1.0	1.0	521	tags=8%, list=4%, signal=8%	
HALLMARK_ANDROGEN_RESPONSE%MSIGDBHALLMARK%HALLMARK_ANDROGEN_RESPONSE	HALLMARK_ANDROGEN_RESPONSE%MSIGDBHALLMARK%HALLMARK_ANDROGEN_RESPONSE		66	-0.22302562	-0.7425996	0.9140351	1.0	1.0	2672	tags=26%, list=20%, signal=32%	
PROLIDASE DEFICIENCY (PD)%PATHWHIZ%PW000083	PROLIDASE DEFICIENCY (PD)%PATHWHIZ%PW000083		16	-0.29449388	-0.74233884	0.8139963	1.0	1.0	1704	tags=19%, list=13%, signal=21%	
THYROTROPIN-RELEASING HORMONE RECEPTOR SIGNALING PATHWAY%PANTHER PATHWAY%P04394	THYROTROPIN-RELEASING HORMONE RECEPTOR SIGNALING PATHWAY%PANTHER PATHWAY%P04394		41	-0.2454858	-0.7423167	0.869338	1.0	1.0	1601	tags=15%, list=12%, signal=17%	
NERVE DEVELOPMENT%GOBP%GO:0021675	NERVE DEVELOPMENT%GOBP%GO:0021675		23	-0.27730075	-0.74212474	0.8131673	1.0	1.0	2737	tags=30%, list=20%, signal=38%	
CELL REDOX HOMEOSTASIS%GOBP%GO:0045454	CELL REDOX HOMEOSTASIS%GOBP%GO:0045454		35	-0.25121635	-0.7420403	0.8542435	1.0	1.0	3565	tags=26%, list=26%, signal=35%	
POSITIVE REGULATION OF NERVOUS SYSTEM PROCESS%GOBP%GO:0031646	POSITIVE REGULATION OF NERVOUS SYSTEM PROCESS%GOBP%GO:0031646		17	-0.29362252	-0.7414703	0.82439923	1.0	1.0	67	tags=6%, list=0%, signal=6%	
SPERMATID DIFFERENTIATION%GOBP%GO:0048515	SPERMATID DIFFERENTIATION%GOBP%GO:0048515		83	-0.21249664	-0.73910147	0.9444444	1.0	1.0	2938	tags=27%, list=22%, signal=34%	
NEGATIVE REGULATION OF MONOATOMIC ION TRANSPORT%GOBP%GO:0043271	NEGATIVE REGULATION OF MONOATOMIC ION TRANSPORT%GOBP%GO:0043271		51	-0.23192798	-0.7389243	0.87541527	1.0	1.0	2371	tags=16%, list=17%, signal=19%	
G1 S DNA DAMAGE CHECKPOINTS%REACTOME DATABASE ID RELEASE 93%69615	G1 S DNA DAMAGE CHECKPOINTS%REACTOME DATABASE ID RELEASE 93%69615		56	-0.22694139	-0.73812777	0.8881239	1.0	1.0	4376	tags=34%, list=32%, signal=50%	
BIOCARTA_EGF_PATHWAY%MSIGDB_C2%BIOCARTA_EGF_PATHWAY	BIOCARTA_EGF_PATHWAY%MSIGDB_C2%BIOCARTA_EGF_PATHWAY		23	-0.27183104	-0.73742026	0.8449198	1.0	1.0	521	tags=9%, list=4%, signal=9%	
BIOGENIC AMINE BIOSYNTHETIC PROCESS%GOBP%GO:0042401	BIOGENIC AMINE BIOSYNTHETIC PROCESS%GOBP%GO:0042401		15	-0.30313742	-0.73716944	0.8033708	1.0	1.0	3933	tags=40%, list=29%, signal=56%	
DARPP-32 EVENTS%REACTOME%R-HSA-180024.6	DARPP-32 EVENTS%REACTOME%R-HSA-180024.6		21	-0.2840867	-0.7363794	0.8241563	1.0	1.0	2607	tags=24%, list=19%, signal=29%	
NUCLEAR PORE ORGANIZATION%GOBP%GO:0006999	NUCLEAR PORE ORGANIZATION%GOBP%GO:0006999		15	-0.30712435	-0.7354224	0.8214286	1.0	1.0	3806	tags=33%, list=28%, signal=46%	
POSITIVE REGULATION OF EPIDERMAL GROWTH FACTOR RECEPTOR SIGNALING PATHWAY%GOBP%GO:0045742	POSITIVE REGULATION OF EPIDERMAL GROWTH FACTOR RECEPTOR SIGNALING PATHWAY%GOBP%GO:0045742		22	-0.2742744	-0.73521966	0.80824375	1.0	1.0	1531	tags=14%, list=11%, signal=15%	
NONHOMOLOGOUS END-JOINING (NHEJ)%REACTOME%R-HSA-5693571.3	NONHOMOLOGOUS END-JOINING (NHEJ)%REACTOME%R-HSA-5693571.3		37	-0.24131706	-0.73495966	0.8864865	1.0	1.0	3123	tags=19%, list=23%, signal=25%	
ESTABLISHMENT OF PROTEIN LOCALIZATION TO MEMBRANE%GOBP%GO:0090150	ESTABLISHMENT OF PROTEIN LOCALIZATION TO MEMBRANE%GOBP%GO:0090150		178	-0.18927608	-0.7349394	0.984639	1.0	1.0	3547	tags=24%, list=26%, signal=32%	
RNA POLYMERASE III TRANSCRIPTION INITIATION FROM TYPE 2 PROMOTER%REACTOME%R-HSA-76066.4	RNA POLYMERASE III TRANSCRIPTION INITIATION FROM TYPE 2 PROMOTER%REACTOME%R-HSA-76066.4		27	-0.26688197	-0.734748	0.84210527	1.0	1.0	5775	tags=63%, list=43%, signal=109%	
FANCONI ANEMIA PATHWAY%REACTOME DATABASE ID RELEASE 93%6783310	FANCONI ANEMIA PATHWAY%REACTOME DATABASE ID RELEASE 93%6783310		32	-0.25469908	-0.7344163	0.860177	1.0	1.0	2160	tags=19%, list=16%, signal=22%	
REGULATION OF ANDROGEN RECEPTOR ACTIVITY%PATHWAY INTERACTION DATABASE NCI-NATURE CURATED DATA%REGULATION OF ANDROGEN RECEPTOR ACTIVITY	REGULATION OF ANDROGEN RECEPTOR ACTIVITY%PATHWAY INTERACTION DATABASE NCI-NATURE CURATED DATA%REGULATION OF ANDROGEN RECEPTOR ACTIVITY		47	-0.23172294	-0.7343253	0.89966553	1.0	1.0	4997	tags=45%, list=37%, signal=71%	
LEUKOCYTE INTRINSIC HIPPO PATHWAY FUNCTIONS%WIKIPATHWAYS_20250810%WP4542%HOMO SAPIENS	LEUKOCYTE INTRINSIC HIPPO PATHWAY FUNCTIONS%WIKIPATHWAYS_20250810%WP4542%HOMO SAPIENS		20	-0.27640846	-0.733726	0.8372093	1.0	1.0	2212	tags=25%, list=16%, signal=30%	
NICOTINATE METABOLISM%REACTOME%R-HSA-196807.7	NICOTINATE METABOLISM%REACTOME%R-HSA-196807.7		24	-0.26883405	-0.73363674	0.82664233	1.0	1.0	1597	tags=17%, list=12%, signal=19%	
ORNITHINE AMINOTRANSFERASE DEFICIENCY (OAT DEFICIENCY)%SMPDB%SMP0000363	ORNITHINE AMINOTRANSFERASE DEFICIENCY (OAT DEFICIENCY)%SMPDB%SMP0000363		16	-0.29449388	-0.7334096	0.82662	1.0	1.0	1704	tags=19%, list=13%, signal=21%	
BIOCARTA_ALK_PATHWAY%MSIGDB_C2%BIOCARTA_ALK_PATHWAY	BIOCARTA_ALK_PATHWAY%MSIGDB_C2%BIOCARTA_ALK_PATHWAY		23	-0.27020538	-0.7332282	0.82764506	1.0	1.0	95	tags=4%, list=1%, signal=4%	
REGULATION OF ERAD PATHWAY%GOBP%GO:1904292	REGULATION OF ERAD PATHWAY%GOBP%GO:1904292		21	-0.28229034	-0.7328854	0.8288288	1.0	1.0	1142	tags=10%, list=8%, signal=10%	
BCR SIGNALING PATHWAY%PATHWAY INTERACTION DATABASE NCI-NATURE CURATED DATA%BCR SIGNALING PATHWAY	BCR SIGNALING PATHWAY%PATHWAY INTERACTION DATABASE NCI-NATURE CURATED DATA%BCR SIGNALING PATHWAY		61	-0.22563128	-0.7328043	0.91347754	1.0	1.0	2461	tags=21%, list=18%, signal=26%	
PRESYNAPTIC PHASE OF HOMOLOGOUS DNA PAIRING AND STRAND EXCHANGE%REACTOME%R-HSA-5693616.6	PRESYNAPTIC PHASE OF HOMOLOGOUS DNA PAIRING AND STRAND EXCHANGE%REACTOME%R-HSA-5693616.6		37	-0.24728231	-0.73275155	0.87826085	1.0	1.0	4538	tags=38%, list=33%, signal=57%	
EPHA FORWARD SIGNALING%PATHWAY INTERACTION DATABASE NCI-NATURE CURATED DATA%EPHA FORWARD SIGNALING	EPHA FORWARD SIGNALING%PATHWAY INTERACTION DATABASE NCI-NATURE CURATED DATA%EPHA FORWARD SIGNALING		26	-0.26636744	-0.7321001	0.85636365	1.0	1.0	1671	tags=19%, list=12%, signal=22%	
CREATINE DEFICIENCY, GUANIDINOACETATE METHYLTRANSFERASE DEFICIENCY%PATHWHIZ%PW000480	CREATINE DEFICIENCY, GUANIDINOACETATE METHYLTRANSFERASE DEFICIENCY%PATHWHIZ%PW000480		16	-0.29449388	-0.731311	0.8290909	1.0	1.0	1704	tags=19%, list=13%, signal=21%	
PID_AR_PATHWAY%MSIGDB_C2%PID_AR_PATHWAY	PID_AR_PATHWAY%MSIGDB_C2%PID_AR_PATHWAY		43	-0.23414879	-0.7312435	0.8935018	1.0	1.0	2371	tags=16%, list=17%, signal=20%	
PROTEIN K48-LINKED UBIQUITINATION%GOBP%GO:0070936	PROTEIN K48-LINKED UBIQUITINATION%GOBP%GO:0070936		92	-0.20803855	-0.73111045	0.9466019	1.0	1.0	4	tags=1%, list=0%, signal=1%	
NEURAL NUCLEUS DEVELOPMENT%GOBP%GO:0048857	NEURAL NUCLEUS DEVELOPMENT%GOBP%GO:0048857		39	-0.24304412	-0.7308436	0.86413044	1.0	1.0	2088	tags=15%, list=15%, signal=18%	
REGULATION OF DNA REPAIR%GOBP%GO:0006282	REGULATION OF DNA REPAIR%GOBP%GO:0006282		198	-0.18640158	-0.73074704	0.99041533	1.0	1.0	4854	tags=36%, list=36%, signal=55%	
PID_AR_TF_PATHWAY%MSIGDB_C2%PID_AR_TF_PATHWAY	PID_AR_TF_PATHWAY%MSIGDB_C2%PID_AR_TF_PATHWAY		39	-0.2408403	-0.7306549	0.86404294	1.0	1.0	2604	tags=21%, list=19%, signal=25%	
POSITIVE REGULATION OF BINDING%GOBP%GO:0051099	POSITIVE REGULATION OF BINDING%GOBP%GO:0051099		39	-0.24343914	-0.730561	0.8863636	1.0	1.0	146	tags=5%, list=1%, signal=5%	
MITOTIC PROPHASE%REACTOME DATABASE ID RELEASE 93%68875	MITOTIC PROPHASE%REACTOME DATABASE ID RELEASE 93%68875		83	-0.210458	-0.729126	0.92512476	1.0	1.0	1184	tags=8%, list=9%, signal=9%	
L-ARGININE:GLYCINE AMIDINOTRANSFERASE DEFICIENCY%PATHWHIZ%PW000483	L-ARGININE:GLYCINE AMIDINOTRANSFERASE DEFICIENCY%PATHWHIZ%PW000483		16	-0.29449388	-0.7285352	0.8238636	1.0	1.0	1704	tags=19%, list=13%, signal=21%	
SARS-COV-2 ACTIVATES MODULATES INNATE AND ADAPTIVE IMMUNE RESPONSES%REACTOME%R-HSA-9705671.3	SARS-COV-2 ACTIVATES MODULATES INNATE AND ADAPTIVE IMMUNE RESPONSES%REACTOME%R-HSA-9705671.3		98	-0.20231466	-0.728523	0.96351576	1.0	1.0	4068	tags=29%, list=30%, signal=41%	
ENDOPLASMIC RETICULUM UNFOLDED PROTEIN RESPONSE%GOBP%GO:0030968	ENDOPLASMIC RETICULUM UNFOLDED PROTEIN RESPONSE%GOBP%GO:0030968		47	-0.2327695	-0.7283984	0.8857143	1.0	1.0	1486	tags=11%, list=11%, signal=12%	
INTRACELLULAR RECEPTOR SIGNALING PATHWAY%GOBP%GO:0030522	INTRACELLULAR RECEPTOR SIGNALING PATHWAY%GOBP%GO:0030522		131	-0.1982124	-0.72822523	0.96895427	1.0	1.0	2572	tags=18%, list=19%, signal=21%	
TYROSINE KINASE INHIBITORS IN GLIOBLASTOMA%WIKIPATHWAYS_20250810%WP5494%HOMO SAPIENS	TYROSINE KINASE INHIBITORS IN GLIOBLASTOMA%WIKIPATHWAYS_20250810%WP5494%HOMO SAPIENS		21	-0.27533388	-0.72809345	0.8401421	1.0	1.0	656	tags=10%, list=5%, signal=10%	
NEGATIVE REGULATION OF CANONICAL NF-KAPPAB SIGNAL TRANSDUCTION%GOBP%GO:0043124	NEGATIVE REGULATION OF CANONICAL NF-KAPPAB SIGNAL TRANSDUCTION%GOBP%GO:0043124		65	-0.21496136	-0.72775257	0.9181185	1.0	1.0	2213	tags=17%, list=16%, signal=20%	
SIGNALING EVENTS REGULATED BY RET TYROSINE KINASE%PATHWAY INTERACTION DATABASE NCI-NATURE CURATED DATA%SIGNALING EVENTS REGULATED BY RET TYROSINE KINASE	SIGNALING EVENTS REGULATED BY RET TYROSINE KINASE%PATHWAY INTERACTION DATABASE NCI-NATURE CURATED DATA%SIGNALING EVENTS REGULATED BY RET TYROSINE KINASE		37	-0.24741152	-0.7277244	0.88495576	1.0	1.0	3048	tags=27%, list=22%, signal=35%	
PROTEIN STABILIZATION%GOBP%GO:0050821	PROTEIN STABILIZATION%GOBP%GO:0050821		187	-0.18639174	-0.7276536	0.9842022	1.0	1.0	3186	tags=24%, list=24%, signal=31%	
PROLINEMIA TYPE II%PATHWHIZ%PW000087	PROLINEMIA TYPE II%PATHWHIZ%PW000087		16	-0.29449388	-0.72751015	0.8358209	1.0	1.0	1704	tags=19%, list=13%, signal=21%	
SCF(SKP2)-MEDIATED DEGRADATION OF P27 P21%REACTOME%R-HSA-187577.5	SCF(SKP2)-MEDIATED DEGRADATION OF P27 P21%REACTOME%R-HSA-187577.5		47	-0.23077346	-0.72733504	0.88550985	1.0	1.0	2116	tags=19%, list=16%, signal=23%	
HYPERORNITHINEMIA WITH GYRATE ATROPHY (HOGA)%PATHWHIZ%PW000481	HYPERORNITHINEMIA WITH GYRATE ATROPHY (HOGA)%PATHWHIZ%PW000481		16	-0.29449388	-0.72718656	0.83516484	1.0	1.0	1704	tags=19%, list=13%, signal=21%	
HYPERPROLINEMIA TYPE I%SMPDB%SMP0000361	HYPERPROLINEMIA TYPE I%SMPDB%SMP0000361		16	-0.29449388	-0.7270841	0.8088235	1.0	1.0	1704	tags=19%, list=13%, signal=21%	
HYPERPROLINEMIA TYPE II%SMPDB%SMP0000360	HYPERPROLINEMIA TYPE II%SMPDB%SMP0000360		16	-0.29449388	-0.72675985	0.81800765	1.0	1.0	1704	tags=19%, list=13%, signal=21%	
INTRINSIC PATHWAY FOR APOPTOSIS%REACTOME DATABASE ID RELEASE 93%109606	INTRINSIC PATHWAY FOR APOPTOSIS%REACTOME DATABASE ID RELEASE 93%109606		49	-0.22970031	-0.7262549	0.89492756	1.0	1.0	2379	tags=22%, list=18%, signal=27%	
HYPERORNITHINEMIA-HYPERAMMONEMIA-HOMOCITRULLINURIA [HHH-SYNDROME]%PATHWHIZ%PW000482	HYPERORNITHINEMIA-HYPERAMMONEMIA-HOMOCITRULLINURIA [HHH-SYNDROME]%PATHWHIZ%PW000482		16	-0.29449388	-0.72578603	0.83425415	1.0	1.0	1704	tags=19%, list=13%, signal=21%	
MEMBRANE LIPID BIOSYNTHETIC PROCESS%GOBP%GO:0046467	MEMBRANE LIPID BIOSYNTHETIC PROCESS%GOBP%GO:0046467		107	-0.20215839	-0.7251313	0.9775641	1.0	1.0	1347	tags=10%, list=10%, signal=11%	
GUANIDINOACETATE METHYLTRANSFERASE DEFICIENCY (GAMT DEFICIENCY)%SMPDB%SMP0000188	GUANIDINOACETATE METHYLTRANSFERASE DEFICIENCY (GAMT DEFICIENCY)%SMPDB%SMP0000188		16	-0.29449388	-0.72477454	0.83212996	1.0	1.0	1704	tags=19%, list=13%, signal=21%	
MITOCHONDRIAL UNFOLDED PROTEIN RESPONSE (UPRMT)%REACTOME%R-HSA-9841251.1	MITOCHONDRIAL UNFOLDED PROTEIN RESPONSE (UPRMT)%REACTOME%R-HSA-9841251.1		17	-0.28859577	-0.7247658	0.84770644	1.0	1.0	3475	tags=29%, list=26%, signal=40%	
CALMODULIN INDUCED EVENTS%REACTOME%R-HSA-111933.3	CALMODULIN INDUCED EVENTS%REACTOME%R-HSA-111933.3		29	-0.26031154	-0.72427505	0.8847518	1.0	1.0	1489	tags=14%, list=11%, signal=15%	
TUMOR SUPPRESSOR ACTIVITY OF SMARCB1%WIKIPATHWAYS_20250810%WP4204%HOMO SAPIENS	TUMOR SUPPRESSOR ACTIVITY OF SMARCB1%WIKIPATHWAYS_20250810%WP4204%HOMO SAPIENS		23	-0.26676103	-0.724138	0.8527273	1.0	1.0	5700	tags=74%, list=42%, signal=127%	
CYTOSOLIC SENSORS OF PATHOGEN-ASSOCIATED DNA%REACTOME%R-HSA-1834949.6	CYTOSOLIC SENSORS OF PATHOGEN-ASSOCIATED DNA%REACTOME%R-HSA-1834949.6		61	-0.2203336	-0.72347695	0.915683	1.0	1.0	2368	tags=15%, list=17%, signal=18%	
RNA POLYMERASE I TRANSCRIPTION INITIATION%REACTOME DATABASE ID RELEASE 93%73762	RNA POLYMERASE I TRANSCRIPTION INITIATION%REACTOME DATABASE ID RELEASE 93%73762		47	-0.22951832	-0.723395	0.9172535	1.0	1.0	5418	tags=49%, list=40%, signal=81%	
REGULATION OF CDH1 EXPRESSION AND FUNCTION%REACTOME%R-HSA-9764265.1	REGULATION OF CDH1 EXPRESSION AND FUNCTION%REACTOME%R-HSA-9764265.1		137	-0.19351734	-0.7228655	0.98163605	1.0	1.0	4175	tags=29%, list=31%, signal=42%	
EPITHELIAL CILIUM MOVEMENT INVOLVED IN EXTRACELLULAR FLUID MOVEMENT%GOBP%GO:0003351	EPITHELIAL CILIUM MOVEMENT INVOLVED IN EXTRACELLULAR FLUID MOVEMENT%GOBP%GO:0003351		18	-0.285179	-0.7227533	0.8404453	1.0	1.0	3100	tags=39%, list=23%, signal=50%	
REGULATION OF CYTOPLASMIC TRANSLATION%GOBP%GO:2000765	REGULATION OF CYTOPLASMIC TRANSLATION%GOBP%GO:2000765		34	-0.24227184	-0.7227202	0.88	1.0	1.0	5289	tags=47%, list=39%, signal=77%	
REGULATION OF EXPRESSION AND FUNCTION OF TYPE I CLASSICAL CADHERINS%REACTOME DATABASE ID RELEASE 93%9764274	REGULATION OF EXPRESSION AND FUNCTION OF TYPE I CLASSICAL CADHERINS%REACTOME DATABASE ID RELEASE 93%9764274		137	-0.19351734	-0.72269785	0.9766355	1.0	1.0	4175	tags=29%, list=31%, signal=42%	
PROTEIN TARGETING TO LYSOSOME%GOBP%GO:0006622	PROTEIN TARGETING TO LYSOSOME%GOBP%GO:0006622		25	-0.25914368	-0.7222904	0.8546713	1.0	1.0	122	tags=4%, list=1%, signal=4%	
CELLULAR RESPONSE TO NUTRIENT LEVELS%GOBP%GO:0031669	CELLULAR RESPONSE TO NUTRIENT LEVELS%GOBP%GO:0031669		163	-0.19085728	-0.72217494	0.97868854	1.0	1.0	2524	tags=15%, list=19%, signal=18%	
ALTERNATIVE MRNA SPLICING, VIA SPLICEOSOME%GOBP%GO:0000380	ALTERNATIVE MRNA SPLICING, VIA SPLICEOSOME%GOBP%GO:0000380		20	-0.27165663	-0.7221231	0.86821705	1.0	1.0	5578	tags=55%, list=41%, signal=93%	
REGULATION OF ESTABLISHMENT OF PROTEIN LOCALIZATION TO MITOCHONDRION%GOBP%GO:1903747	REGULATION OF ESTABLISHMENT OF PROTEIN LOCALIZATION TO MITOCHONDRION%GOBP%GO:1903747		42	-0.23745401	-0.7220345	0.8880866	1.0	1.0	3006	tags=29%, list=22%, signal=37%	
ARGININE: GLYCINE AMIDINOTRANSFERASE DEFICIENCY (AGAT DEFICIENCY)%PATHWHIZ%PW000084	ARGININE: GLYCINE AMIDINOTRANSFERASE DEFICIENCY (AGAT DEFICIENCY)%PATHWHIZ%PW000084		16	-0.29449388	-0.7218345	0.818854	1.0	1.0	1704	tags=19%, list=13%, signal=21%	
ARGININE AND PROLINE METABOLISM%SMPDB%SMP0000020	ARGININE AND PROLINE METABOLISM%SMPDB%SMP0000020		16	-0.29449388	-0.72179097	0.80442804	1.0	1.0	1704	tags=19%, list=13%, signal=21%	
CELLULAR RESPONSE TO HEXOSE STIMULUS%GOBP%GO:0071331	CELLULAR RESPONSE TO HEXOSE STIMULUS%GOBP%GO:0071331		32	-0.2454857	-0.72122127	0.8933566	1.0	1.0	1177	tags=13%, list=9%, signal=14%	
NEGATIVE REGULATION OF COLD-INDUCED THERMOGENESIS%GOBP%GO:0120163	NEGATIVE REGULATION OF COLD-INDUCED THERMOGENESIS%GOBP%GO:0120163		45	-0.23025438	-0.7210181	0.9020979	1.0	1.0	3897	tags=38%, list=29%, signal=53%	
MITOTIC G1 PHASE AND G1 S TRANSITION%REACTOME DATABASE ID RELEASE 93%453279	MITOTIC G1 PHASE AND G1 S TRANSITION%REACTOME DATABASE ID RELEASE 93%453279		127	-0.19595923	-0.7200419	0.9647651	1.0	1.0	3962	tags=32%, list=29%, signal=45%	
GLOBAL GENOME NUCLEOTIDE EXCISION REPAIR (GG-NER)%REACTOME%R-HSA-5696399.2	GLOBAL GENOME NUCLEOTIDE EXCISION REPAIR (GG-NER)%REACTOME%R-HSA-5696399.2		83	-0.20929432	-0.7200376	0.9602649	1.0	1.0	5473	tags=42%, list=40%, signal=70%	
MELATONIN METABOLISM AND EFFECTS%WIKIPATHWAYS_20250810%WP3298%HOMO SAPIENS	MELATONIN METABOLISM AND EFFECTS%WIKIPATHWAYS_20250810%WP3298%HOMO SAPIENS		23	-0.2644336	-0.7196393	0.8581688	1.0	1.0	1488	tags=17%, list=11%, signal=20%	
FILOPODIUM ASSEMBLY%GOBP%GO:0046847	FILOPODIUM ASSEMBLY%GOBP%GO:0046847		15	-0.28833356	-0.7196243	0.83553874	1.0	1.0	827	tags=13%, list=6%, signal=14%	
PYRIDINE-CONTAINING COMPOUND CATABOLIC PROCESS%GOBP%GO:0072526	PYRIDINE-CONTAINING COMPOUND CATABOLIC PROCESS%GOBP%GO:0072526		36	-0.24400905	-0.7193775	0.8977072	1.0	1.0	2557	tags=19%, list=19%, signal=24%	
HDR THROUGH SINGLE STRAND ANNEALING (SSA)%REACTOME DATABASE ID RELEASE 93%5685938	HDR THROUGH SINGLE STRAND ANNEALING (SSA)%REACTOME DATABASE ID RELEASE 93%5685938		34	-0.24649844	-0.71933186	0.8828829	1.0	1.0	4538	tags=38%, list=33%, signal=57%	
NEGATIVE REGULATION OF TRANSFERASE ACTIVITY%GOBP%GO:0051348	NEGATIVE REGULATION OF TRANSFERASE ACTIVITY%GOBP%GO:0051348		75	-0.21033052	-0.71897966	0.9483649	1.0	1.0	2091	tags=16%, list=15%, signal=19%	
ASSOCIATION OF TRIC CCT WITH TARGET PROTEINS DURING BIOSYNTHESIS%REACTOME DATABASE ID RELEASE 93%390471	ASSOCIATION OF TRIC CCT WITH TARGET PROTEINS DURING BIOSYNTHESIS%REACTOME DATABASE ID RELEASE 93%390471		35	-0.24065244	-0.7188913	0.89492756	1.0	1.0	3848	tags=43%, list=28%, signal=60%	
TELOMERE C-STRAND (LAGGING STRAND) SYNTHESIS%REACTOME DATABASE ID RELEASE 93%174417	TELOMERE C-STRAND (LAGGING STRAND) SYNTHESIS%REACTOME DATABASE ID RELEASE 93%174417		31	-0.24965014	-0.71860147	0.88987565	1.0	1.0	4969	tags=48%, list=37%, signal=76%	
REGULATION OF TRANSPORTER ACTIVITY%GOBP%GO:0032409	REGULATION OF TRANSPORTER ACTIVITY%GOBP%GO:0032409		53	-0.22671218	-0.7186009	0.92462313	1.0	1.0	3027	tags=26%, list=22%, signal=34%	
PROTEIN-DNA COMPLEX ASSEMBLY%GOBP%GO:0065004	PROTEIN-DNA COMPLEX ASSEMBLY%GOBP%GO:0065004		112	-0.19866025	-0.71776545	0.9655738	1.0	1.0	2986	tags=20%, list=22%, signal=25%	
MAGNESIUM ION TRANSPORT%GOBP%GO:0015693	MAGNESIUM ION TRANSPORT%GOBP%GO:0015693		16	-0.28782442	-0.71737945	0.85365856	1.0	1.0	4128	tags=44%, list=30%, signal=63%	
POSITIVE REGULATION OF STEM CELL DIFFERENTIATION%GOBP%GO:2000738	POSITIVE REGULATION OF STEM CELL DIFFERENTIATION%GOBP%GO:2000738		17	-0.2784391	-0.7171399	0.8475499	1.0	1.0	2052	tags=29%, list=15%, signal=35%	
RETINOL METABOLISM%SMPDB%SMP0000074	RETINOL METABOLISM%SMPDB%SMP0000074		22	-0.2676817	-0.71713966	0.86715865	1.0	1.0	2074	tags=23%, list=15%, signal=27%	
NUCLEOTIDE METABOLISM%REACTOME%R-HSA-15869.7	NUCLEOTIDE METABOLISM%REACTOME%R-HSA-15869.7		77	-0.20899059	-0.71699446	0.9246575	1.0	1.0	3137	tags=25%, list=23%, signal=32%	
PID_LYSOPHOSPHOLIPID_PATHWAY%MSIGDB_C2%PID_LYSOPHOSPHOLIPID_PATHWAY	PID_LYSOPHOSPHOLIPID_PATHWAY%MSIGDB_C2%PID_LYSOPHOSPHOLIPID_PATHWAY		48	-0.22725503	-0.7162843	0.91905564	1.0	1.0	1098	tags=13%, list=8%, signal=14%	
POSITIVE REGULATION OF MRNA METABOLIC PROCESS%GOBP%GO:1903313	POSITIVE REGULATION OF MRNA METABOLIC PROCESS%GOBP%GO:1903313		98	-0.20130275	-0.7161168	0.963141	1.0	1.0	5073	tags=38%, list=37%, signal=60%	
JNK (C-JUN KINASES) PHOSPHORYLATION AND ACTIVATION MEDIATED BY ACTIVATED HUMAN TAK1%REACTOME DATABASE ID RELEASE 93%450321	JNK (C-JUN KINASES) PHOSPHORYLATION AND ACTIVATION MEDIATED BY ACTIVATED HUMAN TAK1%REACTOME DATABASE ID RELEASE 93%450321		17	-0.2866174	-0.7157114	0.83425415	1.0	1.0	4562	tags=35%, list=34%, signal=53%	
REGULATION OF ACTIN DYNAMICS FOR PHAGOCYTIC CUP FORMATION%REACTOME%R-HSA-2029482.4	REGULATION OF ACTIN DYNAMICS FOR PHAGOCYTIC CUP FORMATION%REACTOME%R-HSA-2029482.4		55	-0.22059783	-0.7156044	0.9245283	1.0	1.0	1803	tags=13%, list=13%, signal=15%	
TRANSCRIPTION ELONGATION BY RNA POLYMERASE II%GOBP%GO:0006368	TRANSCRIPTION ELONGATION BY RNA POLYMERASE II%GOBP%GO:0006368		35	-0.23959614	-0.7155488	0.8781818	1.0	1.0	4697	tags=37%, list=35%, signal=57%	
ENERGY DEPENDENT REGULATION OF MTOR BY LKB1-AMPK%REACTOME%R-HSA-380972.4	ENERGY DEPENDENT REGULATION OF MTOR BY LKB1-AMPK%REACTOME%R-HSA-380972.4		26	-0.2563433	-0.7154926	0.88255614	1.0	1.0	5597	tags=46%, list=41%, signal=78%	
KIT RECEPTOR SIGNALING%WIKIPATHWAYS_20250810%WP304%HOMO SAPIENS	KIT RECEPTOR SIGNALING%WIKIPATHWAYS_20250810%WP304%HOMO SAPIENS		44	-0.2304705	-0.71536314	0.9135593	1.0	1.0	2792	tags=25%, list=21%, signal=31%	
POSITIVE REGULATION OF PROTEIN-CONTAINING COMPLEX ASSEMBLY%GOBP%GO:0031334	POSITIVE REGULATION OF PROTEIN-CONTAINING COMPLEX ASSEMBLY%GOBP%GO:0031334		150	-0.18597853	-0.715324	0.97619045	1.0	1.0	2005	tags=13%, list=15%, signal=15%	
PERK REGULATES GENE EXPRESSION%REACTOME%R-HSA-381042.3	PERK REGULATES GENE EXPRESSION%REACTOME%R-HSA-381042.3		31	-0.24875064	-0.71490824	0.8825623	1.0	1.0	5054	tags=58%, list=37%, signal=92%	
MICROAUTOPHAGY%GOBP%GO:0016237	MICROAUTOPHAGY%GOBP%GO:0016237		21	-0.27283475	-0.7148011	0.86126125	1.0	1.0	9862	tags=100%, list=73%, signal=367%	
POSITIVE REGULATION OF CELL CYCLE G1/S PHASE TRANSITION%GOBP%GO:1902808	POSITIVE REGULATION OF CELL CYCLE G1/S PHASE TRANSITION%GOBP%GO:1902808		40	-0.2373658	-0.7143896	0.9051724	1.0	1.0	867	tags=8%, list=6%, signal=8%	
SEGMENTATION%GOBP%GO:0035282	SEGMENTATION%GOBP%GO:0035282		20	-0.2722822	-0.7143129	0.8434164	1.0	1.0	2488	tags=30%, list=18%, signal=37%	
GAP JUNCTION TRAFFICKING AND REGULATION%REACTOME DATABASE ID RELEASE 93%157858	GAP JUNCTION TRAFFICKING AND REGULATION%REACTOME DATABASE ID RELEASE 93%157858		17	-0.28536895	-0.7142967	0.84210527	1.0	1.0	1701	tags=18%, list=13%, signal=20%	
POSTMITOTIC NUCLEAR PORE COMPLEX (NPC) REFORMATION%REACTOME DATABASE ID RELEASE 93%9615933	POSTMITOTIC NUCLEAR PORE COMPLEX (NPC) REFORMATION%REACTOME DATABASE ID RELEASE 93%9615933		24	-0.26154456	-0.7139775	0.887372	1.0	1.0	4903	tags=38%, list=36%, signal=59%	
VITAMIN A DEFICIENCY%SMPDB%SMP0000336	VITAMIN A DEFICIENCY%SMPDB%SMP0000336		22	-0.2676817	-0.7136225	0.8602541	1.0	1.0	2074	tags=23%, list=15%, signal=27%	
APC C:CDC20 MEDIATED DEGRADATION OF SECURIN%REACTOME DATABASE ID RELEASE 93%174154	APC C:CDC20 MEDIATED DEGRADATION OF SECURIN%REACTOME DATABASE ID RELEASE 93%174154		50	-0.22718598	-0.71309483	0.9284437	1.0	1.0	4191	tags=32%, list=31%, signal=46%	
CALCIUM ION IMPORT%GOBP%GO:0070509	CALCIUM ION IMPORT%GOBP%GO:0070509		19	-0.27103782	-0.7129785	0.8716577	1.0	1.0	1719	tags=21%, list=13%, signal=24%	
REGULATION OF ACTIVATED PAK-2P34 BY PROTEASOME MEDIATED DEGRADATION%REACTOME%R-HSA-211733.3	REGULATION OF ACTIVATED PAK-2P34 BY PROTEASOME MEDIATED DEGRADATION%REACTOME%R-HSA-211733.3		36	-0.23952278	-0.7125601	0.906422	1.0	1.0	3962	tags=31%, list=29%, signal=43%	
BIOLOGICAL PROCESS INVOLVED IN SYMBIOTIC INTERACTION%GOBP%GO:0044403	BIOLOGICAL PROCESS INVOLVED IN SYMBIOTIC INTERACTION%GOBP%GO:0044403		77	-0.2073745	-0.7125235	0.93559325	1.0	1.0	1676	tags=12%, list=12%, signal=13%	
POSITIVE REGULATION OF D-GLUCOSE TRANSMEMBRANE TRANSPORT%GOBP%GO:0010828	POSITIVE REGULATION OF D-GLUCOSE TRANSMEMBRANE TRANSPORT%GOBP%GO:0010828		25	-0.25755826	-0.71230733	0.8680556	1.0	1.0	1629	tags=16%, list=12%, signal=18%	
DISEASES OF CARBOHYDRATE METABOLISM%REACTOME DATABASE ID RELEASE 93%5663084	DISEASES OF CARBOHYDRATE METABOLISM%REACTOME DATABASE ID RELEASE 93%5663084		31	-0.24212165	-0.7120296	0.88	1.0	1.0	1566	tags=16%, list=12%, signal=18%	
RIBONUCLEOSIDE DIPHOSPHATE METABOLIC PROCESS%GOBP%GO:0009185	RIBONUCLEOSIDE DIPHOSPHATE METABOLIC PROCESS%GOBP%GO:0009185		46	-0.22736573	-0.71197325	0.91519433	1.0	1.0	2557	tags=17%, list=19%, signal=21%	
MRNA STABILIZATION%GOBP%GO:0048255	MRNA STABILIZATION%GOBP%GO:0048255		40	-0.23660272	-0.71164304	0.90925264	1.0	1.0	4885	tags=45%, list=36%, signal=70%	
NEGATIVE REGULATION OF INTRACELLULAR STEROID HORMONE RECEPTOR SIGNALING PATHWAY%GOBP%GO:0033144	NEGATIVE REGULATION OF INTRACELLULAR STEROID HORMONE RECEPTOR SIGNALING PATHWAY%GOBP%GO:0033144		31	-0.24332449	-0.7113654	0.8835979	1.0	1.0	1380	tags=13%, list=10%, signal=14%	
CELL VOLUME HOMEOSTASIS%GOBP%GO:0006884	CELL VOLUME HOMEOSTASIS%GOBP%GO:0006884		25	-0.25783634	-0.71046865	0.8825623	1.0	1.0	2361	tags=28%, list=17%, signal=34%	
PRIMARY NEURAL TUBE FORMATION%GOBP%GO:0014020	PRIMARY NEURAL TUBE FORMATION%GOBP%GO:0014020		28	-0.25001267	-0.71017635	0.8763441	1.0	1.0	2052	tags=18%, list=15%, signal=21%	
POSITIVE REGULATION OF CHROMOSOME ORGANIZATION%GOBP%GO:2001252	POSITIVE REGULATION OF CHROMOSOME ORGANIZATION%GOBP%GO:2001252		94	-0.20067991	-0.7099023	0.9568221	1.0	1.0	3952	tags=28%, list=29%, signal=39%	
SIGNALING BY PDGFR IN DISEASE%REACTOME DATABASE ID RELEASE 93%9671555	SIGNALING BY PDGFR IN DISEASE%REACTOME DATABASE ID RELEASE 93%9671555		18	-0.27973878	-0.7094086	0.84444445	1.0	1.0	1746	tags=17%, list=13%, signal=19%	
RNA MODIFICATION%GOBP%GO:0009451	RNA MODIFICATION%GOBP%GO:0009451		136	-0.18968418	-0.7087978	0.9851485	1.0	1.0	4333	tags=30%, list=32%, signal=44%	
SIGNALING BY INSULIN RECEPTOR%REACTOME DATABASE ID RELEASE 93%74752	SIGNALING BY INSULIN RECEPTOR%REACTOME DATABASE ID RELEASE 93%74752		60	-0.21400262	-0.7078915	0.9381443	1.0	1.0	1748	tags=17%, list=13%, signal=19%	
HOMOTYPIC CELL-CELL ADHESION%GOBP%GO:0034109	HOMOTYPIC CELL-CELL ADHESION%GOBP%GO:0034109		41	-0.23331936	-0.7072329	0.9112319	1.0	1.0	2267	tags=24%, list=17%, signal=29%	
FORMATION OF INCISION COMPLEX IN GG-NER%REACTOME%R-HSA-5696395.2	FORMATION OF INCISION COMPLEX IN GG-NER%REACTOME%R-HSA-5696395.2		43	-0.22684126	-0.70691025	0.9139785	1.0	1.0	4620	tags=40%, list=34%, signal=60%	
GLYCOSYL COMPOUND CATABOLIC PROCESS%GOBP%GO:1901658	GLYCOSYL COMPOUND CATABOLIC PROCESS%GOBP%GO:1901658		15	-0.28788278	-0.706681	0.8615108	1.0	1.0	3295	tags=33%, list=24%, signal=44%	
CELLULAR RESPONSE TO AMINO ACID STARVATION%GOBP%GO:0034198	CELLULAR RESPONSE TO AMINO ACID STARVATION%GOBP%GO:0034198		45	-0.22978096	-0.70622265	0.909894	1.0	1.0	2890	tags=20%, list=21%, signal=25%	
REGULATION OF RHOA ACTIVITY%PATHWAY INTERACTION DATABASE NCI-NATURE CURATED DATA%REGULATION OF RHOA ACTIVITY	REGULATION OF RHOA ACTIVITY%PATHWAY INTERACTION DATABASE NCI-NATURE CURATED DATA%REGULATION OF RHOA ACTIVITY		44	-0.22616927	-0.70620203	0.91638225	1.0	1.0	2551	tags=25%, list=19%, signal=31%	
PROTEIN-LIPID COMPLEX ASSEMBLY%GOBP%GO:0065005	PROTEIN-LIPID COMPLEX ASSEMBLY%GOBP%GO:0065005		18	-0.2807495	-0.7057308	0.87323946	1.0	1.0	546	tags=11%, list=4%, signal=12%	
STATIN INHIBITION OF CHOLESTEROL PRODUCTION%WIKIPATHWAYS_20250810%WP430%HOMO SAPIENS	STATIN INHIBITION OF CHOLESTEROL PRODUCTION%WIKIPATHWAYS_20250810%WP430%HOMO SAPIENS		17	-0.27550378	-0.70501107	0.8621324	1.0	1.0	2597	tags=29%, list=19%, signal=36%	
POSITIVE REGULATION OF ERBB SIGNALING PATHWAY%GOBP%GO:1901186	POSITIVE REGULATION OF ERBB SIGNALING PATHWAY%GOBP%GO:1901186		24	-0.25309882	-0.7046364	0.8754579	1.0	1.0	1531	tags=13%, list=11%, signal=14%	
NEURAL TUBE FORMATION%GOBP%GO:0001841	NEURAL TUBE FORMATION%GOBP%GO:0001841		28	-0.25001267	-0.7041313	0.88672566	1.0	1.0	2052	tags=18%, list=15%, signal=21%	
INTRACELLULAR ZINC ION HOMEOSTASIS%GOBP%GO:0006882	INTRACELLULAR ZINC ION HOMEOSTASIS%GOBP%GO:0006882		22	-0.26249337	-0.70395046	0.8626761	1.0	1.0	606	tags=9%, list=4%, signal=10%	
FC EPSILON RECEPTOR I SIGNALING IN MAST CELLS%SMPDB%SMP0000358	FC EPSILON RECEPTOR I SIGNALING IN MAST CELLS%SMPDB%SMP0000358		37	-0.23601362	-0.7038503	0.9061947	1.0	1.0	2405	tags=19%, list=18%, signal=23%	
TOLL-LIKE RECEPTOR PATHWAY 2%SMPDB%SMP0069593	TOLL-LIKE RECEPTOR PATHWAY 2%SMPDB%SMP0069593		30	-0.2461334	-0.70362365	0.8603448	1.0	1.0	2212	tags=17%, list=16%, signal=20%	
REGULATION OF DEFENSE RESPONSE TO VIRUS BY HOST%GOBP%GO:0050691	REGULATION OF DEFENSE RESPONSE TO VIRUS BY HOST%GOBP%GO:0050691		29	-0.24925281	-0.7030632	0.8913044	1.0	1.0	440	tags=7%, list=3%, signal=7%	
CELLULAR RESPONSE TO MONOSACCHARIDE STIMULUS%GOBP%GO:0071326	CELLULAR RESPONSE TO MONOSACCHARIDE STIMULUS%GOBP%GO:0071326		32	-0.2454857	-0.7023326	0.8741135	1.0	1.0	1177	tags=13%, list=9%, signal=14%	
GROWTH FACTORS AND HORMONES IN BETA CELL PROLIFERATION%WIKIPATHWAYS_20250810%WP5385%HOMO SAPIENS	GROWTH FACTORS AND HORMONES IN BETA CELL PROLIFERATION%WIKIPATHWAYS_20250810%WP5385%HOMO SAPIENS		18	-0.27226934	-0.702255	0.85	1.0	1.0	1629	tags=17%, list=12%, signal=19%	
TNF ALPHA SIGNALING%WIKIPATHWAYS_20250810%WP231%HOMO SAPIENS	TNF ALPHA SIGNALING%WIKIPATHWAYS_20250810%WP231%HOMO SAPIENS		72	-0.20850682	-0.7018608	0.94736844	1.0	1.0	2213	tags=14%, list=16%, signal=17%	
TRAF6 MEDIATED NF-KB ACTIVATION%REACTOME%R-HSA-933542.3	TRAF6 MEDIATED NF-KB ACTIVATION%REACTOME%R-HSA-933542.3		24	-0.255309	-0.7016142	0.90367776	1.0	1.0	5115	tags=50%, list=38%, signal=80%	
REGULATION OF CARDIAC MUSCLE CELL ACTION POTENTIAL%GOBP%GO:0098901	REGULATION OF CARDIAC MUSCLE CELL ACTION POTENTIAL%GOBP%GO:0098901		26	-0.25596666	-0.7014997	0.88986015	1.0	1.0	2852	tags=27%, list=21%, signal=34%	
UMP SYNTHASE DEFICIENCY (OROTIC ACIDURIA)%SMPDB%SMP0000219	UMP SYNTHASE DEFICIENCY (OROTIC ACIDURIA)%SMPDB%SMP0000219		20	-0.26475456	-0.7010427	0.8792453	1.0	1.0	3584	tags=35%, list=26%, signal=48%	
SPERMATOGENESIS%GOBP%GO:0007283	SPERMATOGENESIS%GOBP%GO:0007283		194	-0.17951645	-0.7005368	0.99682033	1.0	1.0	2951	tags=21%, list=22%, signal=27%	
EXTRACELLULAR TRANSPORT%GOBP%GO:0006858	EXTRACELLULAR TRANSPORT%GOBP%GO:0006858		21	-0.2628183	-0.70050395	0.88745385	1.0	1.0	3100	tags=33%, list=23%, signal=43%	
BASIGIN INTERACTIONS%REACTOME DATABASE ID RELEASE 93%210991	BASIGIN INTERACTIONS%REACTOME DATABASE ID RELEASE 93%210991		19	-0.26697066	-0.70026726	0.87971276	1.0	1.0	1002	tags=11%, list=7%, signal=11%	
CELLULAR PIGMENTATION%GOBP%GO:0033059	CELLULAR PIGMENTATION%GOBP%GO:0033059		51	-0.22242184	-0.69987833	0.9425087	1.0	1.0	1268	tags=10%, list=9%, signal=11%	
7Q11 23 COPY NUMBER VARIATION SYNDROME%WIKIPATHWAYS_20250810%WP4932%HOMO SAPIENS	7Q11 23 COPY NUMBER VARIATION SYNDROME%WIKIPATHWAYS_20250810%WP4932%HOMO SAPIENS		79	-0.20794822	-0.6991828	0.9380379	1.0	1.0	3958	tags=32%, list=29%, signal=44%	
BASE EXCISION REPAIR%REACTOME%R-HSA-73884.4	BASE EXCISION REPAIR%REACTOME%R-HSA-73884.4		50	-0.22357507	-0.69904596	0.9281768	1.0	1.0	3931	tags=30%, list=29%, signal=42%	
MET ACTIVATES PTK2 SIGNALING%REACTOME DATABASE ID RELEASE 93%8874081	MET ACTIVATES PTK2 SIGNALING%REACTOME DATABASE ID RELEASE 93%8874081		17	-0.27481803	-0.698587	0.86870503	1.0	1.0	736	tags=12%, list=5%, signal=12%	
CA-DEPENDENT EVENTS%REACTOME%R-HSA-111996.3	CA-DEPENDENT EVENTS%REACTOME%R-HSA-111996.3		31	-0.24116641	-0.69837314	0.91449815	1.0	1.0	1489	tags=13%, list=11%, signal=14%	
M-CSF%IOB%M-CSF	M-CSF%IOB%M-CSF		19	-0.27730063	-0.6983531	0.8884688	1.0	1.0	2792	tags=37%, list=21%, signal=46%	
REGULATION OF CARDIOCYTE DIFFERENTIATION%GOBP%GO:1905207	REGULATION OF CARDIOCYTE DIFFERENTIATION%GOBP%GO:1905207		18	-0.26803955	-0.6980742	0.8675373	1.0	1.0	2052	tags=17%, list=15%, signal=20%	
DIHYDROPYRIMIDINASE DEFICIENCY%SMPDB%SMP0000178	DIHYDROPYRIMIDINASE DEFICIENCY%SMPDB%SMP0000178		20	-0.26475456	-0.69804657	0.877408	1.0	1.0	3584	tags=35%, list=26%, signal=48%	
POST-TRANSCRIPTIONAL GENE SILENCING%GOBP%GO:0016441	POST-TRANSCRIPTIONAL GENE SILENCING%GOBP%GO:0016441		43	-0.22290076	-0.69797593	0.92142856	1.0	1.0	3775	tags=26%, list=28%, signal=35%	
TRNA METABOLIC PROCESS%GOBP%GO:0006399	TRNA METABOLIC PROCESS%GOBP%GO:0006399		170	-0.18211241	-0.69722444	0.9905363	1.0	1.0	3948	tags=27%, list=29%, signal=38%	
PIECEMEAL MICROAUTOPHAGY OF THE NUCLEUS%GOBP%GO:0034727	PIECEMEAL MICROAUTOPHAGY OF THE NUCLEUS%GOBP%GO:0034727		18	-0.27277428	-0.6955786	0.8718929	1.0	1.0	9862	tags=100%, list=73%, signal=367%	
ONE CARBON METABOLISM%WIKIPATHWAYS_20250810%WP241%HOMO SAPIENS	ONE CARBON METABOLISM%WIKIPATHWAYS_20250810%WP241%HOMO SAPIENS		15	-0.28373143	-0.6952809	0.857685	1.0	1.0	2404	tags=20%, list=18%, signal=24%	
GPER1 SIGNALING%REACTOME%R-HSA-9634597.3	GPER1 SIGNALING%REACTOME%R-HSA-9634597.3		33	-0.24008851	-0.69475347	0.90681005	1.0	1.0	3871	tags=30%, list=29%, signal=42%	
MNGIE (MITOCHONDRIAL NEUROGASTROINTESTINAL ENCEPHALOPATHY)%PATHWHIZ%PW000190	MNGIE (MITOCHONDRIAL NEUROGASTROINTESTINAL ENCEPHALOPATHY)%PATHWHIZ%PW000190		20	-0.26475456	-0.69304943	0.87940633	1.0	1.0	3584	tags=35%, list=26%, signal=48%	
CYCLIN E ASSOCIATED EVENTS DURING G1 S TRANSITION%REACTOME%R-HSA-69202.5	CYCLIN E ASSOCIATED EVENTS DURING G1 S TRANSITION%REACTOME%R-HSA-69202.5		69	-0.2044326	-0.6925483	0.95394737	1.0	1.0	3962	tags=36%, list=29%, signal=51%	
CYTOSOLIC TRANSPORT%GOBP%GO:0016482	CYTOSOLIC TRANSPORT%GOBP%GO:0016482		114	-0.19212338	-0.6920993	0.9854369	1.0	1.0	1951	tags=11%, list=14%, signal=13%	
MACROAUTOPHAGY%GOBP%GO:0016236	MACROAUTOPHAGY%GOBP%GO:0016236		183	-0.17940587	-0.69207585	0.9934534	1.0	1.0	4275	tags=25%, list=32%, signal=36%	
MITOCHONDRIAL TRNA AMINOACYLATION%REACTOME DATABASE ID RELEASE 93%379726	MITOCHONDRIAL TRNA AMINOACYLATION%REACTOME DATABASE ID RELEASE 93%379726		20	-0.27009296	-0.6907839	0.89541286	1.0	1.0	5607	tags=60%, list=41%, signal=102%	
TOLL LIKE RECEPTOR 7 8 (TLR7 8) CASCADE%REACTOME DATABASE ID RELEASE 93%168181	TOLL LIKE RECEPTOR 7 8 (TLR7 8) CASCADE%REACTOME DATABASE ID RELEASE 93%168181		103	-0.19047889	-0.6904214	0.98055106	1.0	1.0	3564	tags=28%, list=26%, signal=38%	
DEGRADATION OF CRY AND PER PROTEINS%REACTOME DATABASE ID RELEASE 93%9932298	DEGRADATION OF CRY AND PER PROTEINS%REACTOME DATABASE ID RELEASE 93%9932298		47	-0.22019011	-0.6897894	0.9404762	1.0	1.0	3962	tags=30%, list=29%, signal=42%	
PYRIMIDINE METABOLISM%PATHWHIZ%PW000160	PYRIMIDINE METABOLISM%PATHWHIZ%PW000160		20	-0.26475456	-0.68878716	0.8840304	1.0	1.0	3584	tags=35%, list=26%, signal=48%	
RAS PROCESSING%REACTOME DATABASE ID RELEASE 93%9648002	RAS PROCESSING%REACTOME DATABASE ID RELEASE 93%9648002		18	-0.27051193	-0.6886483	0.88986015	1.0	1.0	2077	tags=22%, list=15%, signal=26%	
MRNA CIS SPLICING, VIA SPLICEOSOME%GOBP%GO:0045292	MRNA CIS SPLICING, VIA SPLICEOSOME%GOBP%GO:0045292		17	-0.27903992	-0.688318	0.88729876	1.0	1.0	3563	tags=29%, list=26%, signal=40%	
REGULATION OF TP53 ACTIVITY THROUGH METHYLATION%REACTOME DATABASE ID RELEASE 93%6804760	REGULATION OF TP53 ACTIVITY THROUGH METHYLATION%REACTOME DATABASE ID RELEASE 93%6804760		18	-0.26578477	-0.6869831	0.8707865	1.0	1.0	2625	tags=22%, list=19%, signal=28%	
OPIOID PROOPIOMELANOCORTIN PATHWAY%PANTHER PATHWAY%P05917	OPIOID PROOPIOMELANOCORTIN PATHWAY%PANTHER PATHWAY%P05917		15	-0.28608406	-0.686055	0.8780952	1.0	1.0	1096	tags=13%, list=8%, signal=14%	
MIRNA PROCESSING%GOBP%GO:0035196	MIRNA PROCESSING%GOBP%GO:0035196		29	-0.23848489	-0.6858488	0.9029851	1.0	1.0	4686	tags=34%, list=35%, signal=53%	
REGULATION OF SIGNAL TRANSDUCTION BY P53 CLASS MEDIATOR%GOBP%GO:1901796	REGULATION OF SIGNAL TRANSDUCTION BY P53 CLASS MEDIATOR%GOBP%GO:1901796		92	-0.19614024	-0.6855916	0.9701987	1.0	1.0	2578	tags=22%, list=19%, signal=27%	
ACTIVATION OF KAINATE RECEPTORS UPON GLUTAMATE BINDING%REACTOME DATABASE ID RELEASE 93%451326	ACTIVATION OF KAINATE RECEPTORS UPON GLUTAMATE BINDING%REACTOME DATABASE ID RELEASE 93%451326		20	-0.25920045	-0.6849923	0.88461536	1.0	1.0	1455	tags=15%, list=11%, signal=17%	
RESOLUTION OF AP SITES VIA THE MULTIPLE-NUCLEOTIDE PATCH REPLACEMENT PATHWAY%REACTOME%R-HSA-110373.4	RESOLUTION OF AP SITES VIA THE MULTIPLE-NUCLEOTIDE PATCH REPLACEMENT PATHWAY%REACTOME%R-HSA-110373.4		24	-0.251062	-0.68429893	0.885159	1.0	1.0	3931	tags=33%, list=29%, signal=47%	
RHO GTPASES ACTIVATE WASPS AND WAVES%REACTOME DATABASE ID RELEASE 93%5663213	RHO GTPASES ACTIVATE WASPS AND WAVES%REACTOME DATABASE ID RELEASE 93%5663213		32	-0.23294695	-0.6820156	0.90614337	1.0	1.0	1803	tags=9%, list=13%, signal=11%	
NEGATIVE REGULATION OF RNA CATABOLIC PROCESS%GOBP%GO:1902369	NEGATIVE REGULATION OF RNA CATABOLIC PROCESS%GOBP%GO:1902369		61	-0.20823218	-0.6818027	0.96369636	1.0	1.0	5204	tags=49%, list=38%, signal=79%	
POSITIVE REGULATION OF DNA-TEMPLATED TRANSCRIPTION, ELONGATION%GOBP%GO:0032786	POSITIVE REGULATION OF DNA-TEMPLATED TRANSCRIPTION, ELONGATION%GOBP%GO:0032786		58	-0.20643552	-0.6815428	0.95190716	1.0	1.0	4963	tags=41%, list=37%, signal=65%	
AUTOPHAGOSOME MATURATION%GOBP%GO:0097352	AUTOPHAGOSOME MATURATION%GOBP%GO:0097352		45	-0.21967447	-0.6812244	0.9500832	1.0	1.0	28	tags=2%, list=0%, signal=2%	
LATE SARS-COV-2 INFECTION EVENTS%REACTOME DATABASE ID RELEASE 93%9772573	LATE SARS-COV-2 INFECTION EVENTS%REACTOME DATABASE ID RELEASE 93%9772573		68	-0.20171255	-0.68081075	0.9715719	1.0	1.0	3070	tags=21%, list=23%, signal=26%	
NUCLEAR ENVELOPE ORGANIZATION%GOBP%GO:0006998	NUCLEAR ENVELOPE ORGANIZATION%GOBP%GO:0006998		50	-0.21354154	-0.6804174	0.95320624	1.0	1.0	854	tags=6%, list=6%, signal=6%	
TRANSCRIPTION BY RNA POLYMERASE I%GOBP%GO:0006360	TRANSCRIPTION BY RNA POLYMERASE I%GOBP%GO:0006360		22	-0.25596076	-0.6798572	0.87765956	1.0	1.0	3414	tags=27%, list=25%, signal=36%	
NUCLEOSIDE DIPHOSPHATE METABOLIC PROCESS%GOBP%GO:0009132	NUCLEOSIDE DIPHOSPHATE METABOLIC PROCESS%GOBP%GO:0009132		51	-0.21385074	-0.6796875	0.9468085	1.0	1.0	2557	tags=18%, list=19%, signal=22%	
TP53 REGULATES TRANSCRIPTION OF ADDITIONAL CELL CYCLE GENES WHOSE EXACT ROLE IN THE P53 PATHWAY REMAIN UNCERTAIN%REACTOME DATABASE ID RELEASE 93%6804115	TP53 REGULATES TRANSCRIPTION OF ADDITIONAL CELL CYCLE GENES WHOSE EXACT ROLE IN THE P53 PATHWAY REMAIN UNCERTAIN%REACTOME DATABASE ID RELEASE 93%6804115		18	-0.2655315	-0.67955714	0.8683729	1.0	1.0	2712	tags=22%, list=20%, signal=28%	
NUCLEAR ENVELOPE (NE) REASSEMBLY%REACTOME DATABASE ID RELEASE 93%2995410	NUCLEAR ENVELOPE (NE) REASSEMBLY%REACTOME DATABASE ID RELEASE 93%2995410		60	-0.2062583	-0.67950517	0.95098037	1.0	1.0	1916	tags=12%, list=14%, signal=14%	
DAG AND IP3 SIGNALING%REACTOME DATABASE ID RELEASE 93%1489509	DAG AND IP3 SIGNALING%REACTOME DATABASE ID RELEASE 93%1489509		35	-0.23070368	-0.6792321	0.9368421	1.0	1.0	1489	tags=11%, list=11%, signal=13%	
POSITIVE REGULATION OF NEURAL PRECURSOR CELL PROLIFERATION%GOBP%GO:2000179	POSITIVE REGULATION OF NEURAL PRECURSOR CELL PROLIFERATION%GOBP%GO:2000179		18	-0.26337415	-0.6790262	0.88848263	1.0	1.0	2397	tags=17%, list=18%, signal=20%	
MYD88 DEPENDENT CASCADE INITIATED ON ENDOSOME%REACTOME DATABASE ID RELEASE 93%975155	MYD88 DEPENDENT CASCADE INITIATED ON ENDOSOME%REACTOME DATABASE ID RELEASE 93%975155		100	-0.18726674	-0.67803675	0.9768977	1.0	1.0	3564	tags=28%, list=26%, signal=38%	
NEGATIVE REGULATION OF DNA BIOSYNTHETIC PROCESS%GOBP%GO:2000279	NEGATIVE REGULATION OF DNA BIOSYNTHETIC PROCESS%GOBP%GO:2000279		21	-0.2542972	-0.6779255	0.9043321	1.0	1.0	4324	tags=52%, list=32%, signal=77%	
ORC1 REMOVAL FROM CHROMATIN%REACTOME%R-HSA-68949.5	ORC1 REMOVAL FROM CHROMATIN%REACTOME%R-HSA-68949.5		54	-0.20560363	-0.6762386	0.962963	1.0	1.0	3962	tags=33%, list=29%, signal=47%	
REGULATION OF TP53 ACTIVITY THROUGH PHOSPHORYLATION%REACTOME%R-HSA-6804756.4	REGULATION OF TP53 ACTIVITY THROUGH PHOSPHORYLATION%REACTOME%R-HSA-6804756.4		85	-0.19406064	-0.6752325	0.97931033	1.0	1.0	4538	tags=39%, list=33%, signal=58%	
MITOCHONDRIAL TRNA PROCESSING%GOBP%GO:0090646	MITOCHONDRIAL TRNA PROCESSING%GOBP%GO:0090646		17	-0.26587045	-0.6744668	0.89228004	1.0	1.0	3948	tags=29%, list=29%, signal=41%	
PCNA-DEPENDENT LONG PATCH BASE EXCISION REPAIR%REACTOME%R-HSA-5651801.3	PCNA-DEPENDENT LONG PATCH BASE EXCISION REPAIR%REACTOME%R-HSA-5651801.3		20	-0.24960098	-0.6741742	0.8859813	1.0	1.0	4969	tags=45%, list=37%, signal=71%	
FORMATION OF THE CANONICAL BAF (CBAF) COMPLEX%REACTOME DATABASE ID RELEASE 93%9933937	FORMATION OF THE CANONICAL BAF (CBAF) COMPLEX%REACTOME DATABASE ID RELEASE 93%9933937		17	-0.2693989	-0.6740856	0.919708	1.0	1.0	5575	tags=59%, list=41%, signal=100%	
HALLMARK_DNA_REPAIR%MSIGDBHALLMARK%HALLMARK_DNA_REPAIR	HALLMARK_DNA_REPAIR%MSIGDBHALLMARK%HALLMARK_DNA_REPAIR		118	-0.18569031	-0.673837	0.98876405	1.0	1.0	5046	tags=42%, list=37%, signal=67%	
REGULATION OF PROTEIN TARGETING TO MITOCHONDRION%GOBP%GO:1903214	REGULATION OF PROTEIN TARGETING TO MITOCHONDRION%GOBP%GO:1903214		37	-0.22699243	-0.67315626	0.9376083	1.0	1.0	3006	tags=30%, list=22%, signal=38%	
BIOCARTA_ATRBRCA_PATHWAY%MSIGDB_C2%BIOCARTA_ATRBRCA_PATHWAY	BIOCARTA_ATRBRCA_PATHWAY%MSIGDB_C2%BIOCARTA_ATRBRCA_PATHWAY		20	-0.25677103	-0.6730698	0.9007353	1.0	1.0	1675	tags=15%, list=12%, signal=17%	
OVARIAN TUMOR DOMAIN PROTEASES%REACTOME DATABASE ID RELEASE 93%5689896	OVARIAN TUMOR DOMAIN PROTEASES%REACTOME DATABASE ID RELEASE 93%5689896		36	-0.22401251	-0.6720629	0.91964287	1.0	1.0	2588	tags=22%, list=19%, signal=27%	
APC:CDC20 MEDIATED DEGRADATION OF CELL CYCLE PROTEINS PRIOR TO SATISFATION OF THE CELL CYCLE CHECKPOINT%REACTOME DATABASE ID RELEASE 93%179419	APC:CDC20 MEDIATED DEGRADATION OF CELL CYCLE PROTEINS PRIOR TO SATISFATION OF THE CELL CYCLE CHECKPOINT%REACTOME DATABASE ID RELEASE 93%179419		54	-0.20674822	-0.6717232	0.94957983	1.0	1.0	4191	tags=31%, list=31%, signal=45%	
BETA-UREIDOPROPIONASE DEFICIENCY%PATHWHIZ%PW000187	BETA-UREIDOPROPIONASE DEFICIENCY%PATHWHIZ%PW000187		20	-0.26475456	-0.67117655	0.89830506	1.0	1.0	3584	tags=35%, list=26%, signal=48%	
REGULATION OF AUTOPHAGOSOME MATURATION%GOBP%GO:1901096	REGULATION OF AUTOPHAGOSOME MATURATION%GOBP%GO:1901096		16	-0.26870027	-0.6698003	0.89686924	1.0	1.0	3040	tags=19%, list=22%, signal=24%	
PKA ACTIVATION IN GLUCAGON SIGNALLING%REACTOME%R-HSA-164378.5	PKA ACTIVATION IN GLUCAGON SIGNALLING%REACTOME%R-HSA-164378.5		15	-0.27188614	-0.6685643	0.8701299	1.0	1.0	3871	tags=33%, list=29%, signal=47%	
DISEASES OF DNA REPAIR%REACTOME%R-HSA-9675135.6	DISEASES OF DNA REPAIR%REACTOME%R-HSA-9675135.6		47	-0.21206981	-0.66848713	0.9497307	1.0	1.0	4124	tags=32%, list=30%, signal=46%	
PEPTIDYL-LYSINE MODIFICATION%GOBP%GO:0018205	PEPTIDYL-LYSINE MODIFICATION%GOBP%GO:0018205		89	-0.19047153	-0.66839963	0.9782972	1.0	1.0	1901	tags=10%, list=14%, signal=12%	
ACTIVATION OF ATR IN RESPONSE TO REPLICATION STRESS%REACTOME%R-HSA-176187.4	ACTIVATION OF ATR IN RESPONSE TO REPLICATION STRESS%REACTOME%R-HSA-176187.4		33	-0.22724405	-0.667928	0.91681415	1.0	1.0	4538	tags=42%, list=33%, signal=64%	
NUCLEAR-TRANSCRIBED MRNA CATABOLIC PROCESS, NONSENSE-MEDIATED DECAY%GOBP%GO:0000184	NUCLEAR-TRANSCRIBED MRNA CATABOLIC PROCESS, NONSENSE-MEDIATED DECAY%GOBP%GO:0000184		26	-0.23644455	-0.66757977	0.93035716	1.0	1.0	3189	tags=27%, list=24%, signal=35%	
IMATINIB INHIBITION OF BCR-ABL%SMPDB%SMP0031694	IMATINIB INHIBITION OF BCR-ABL%SMPDB%SMP0031694		20	-0.25091356	-0.6674132	0.90960455	1.0	1.0	2554	tags=20%, list=19%, signal=25%	
FBXL7 DOWN-REGULATES AURKA DURING MITOTIC ENTRY AND IN EARLY MITOSIS%REACTOME DATABASE ID RELEASE 93%8854050	FBXL7 DOWN-REGULATES AURKA DURING MITOTIC ENTRY AND IN EARLY MITOSIS%REACTOME DATABASE ID RELEASE 93%8854050		41	-0.21695943	-0.667332	0.9515571	1.0	1.0	3962	tags=29%, list=29%, signal=41%	
VACUOLAR LOCALIZATION%GOBP%GO:1990849	VACUOLAR LOCALIZATION%GOBP%GO:1990849		36	-0.22313818	-0.6669798	0.9271758	1.0	1.0	1045	tags=8%, list=8%, signal=9%	
POSITIVE REGULATION OF FOCAL ADHESION ASSEMBLY%GOBP%GO:0051894	POSITIVE REGULATION OF FOCAL ADHESION ASSEMBLY%GOBP%GO:0051894		18	-0.25935152	-0.66614634	0.89520425	1.0	1.0	1422	tags=17%, list=10%, signal=19%	
INTRACELLULAR CHOLESTEROL TRANSPORT%GOBP%GO:0032367	INTRACELLULAR CHOLESTEROL TRANSPORT%GOBP%GO:0032367		18	-0.25586078	-0.6652742	0.8942486	1.0	1.0	2598	tags=28%, list=19%, signal=34%	
NEGATIVE REGULATION OF PROTEIN KINASE ACTIVITY%GOBP%GO:0006469	NEGATIVE REGULATION OF PROTEIN KINASE ACTIVITY%GOBP%GO:0006469		58	-0.20094453	-0.66478497	0.9527027	1.0	1.0	3096	tags=24%, list=23%, signal=31%	
ANAPHASE-PROMOTING COMPLEX-DEPENDENT CATABOLIC PROCESS%GOBP%GO:0031145	ANAPHASE-PROMOTING COMPLEX-DEPENDENT CATABOLIC PROCESS%GOBP%GO:0031145		16	-0.2714341	-0.66464823	0.90592337	1.0	1.0	4191	tags=31%, list=31%, signal=45%	
DEFECTIVE HDR THROUGH HOMOLOGOUS RECOMBINATION REPAIR (HRR) DUE TO PALB2 LOSS OF BRCA2 RAD51 RAD51C BINDING FUNCTION%REACTOME DATABASE ID RELEASE 93%9704646	DEFECTIVE HDR THROUGH HOMOLOGOUS RECOMBINATION REPAIR (HRR) DUE TO PALB2 LOSS OF BRCA2 RAD51 RAD51C BINDING FUNCTION%REACTOME DATABASE ID RELEASE 93%9704646		23	-0.24227348	-0.664418	0.9459459	1.0	1.0	2568	tags=26%, list=19%, signal=32%	
CELLULAR RESPONSE TO NUTRIENT%GOBP%GO:0031670	CELLULAR RESPONSE TO NUTRIENT%GOBP%GO:0031670		20	-0.25613156	-0.66388947	0.8860294	1.0	1.0	4093	tags=35%, list=30%, signal=50%	
REGULATION OF RUNX3 EXPRESSION AND ACTIVITY%REACTOME%R-HSA-8941858.3	REGULATION OF RUNX3 EXPRESSION AND ACTIVITY%REACTOME%R-HSA-8941858.3		43	-0.21597506	-0.66329706	0.96309966	1.0	1.0	3962	tags=28%, list=29%, signal=39%	
AUTOPHAGOSOME ASSEMBLY%GOBP%GO:0000045	AUTOPHAGOSOME ASSEMBLY%GOBP%GO:0000045		65	-0.20187365	-0.6628947	0.96503496	1.0	1.0	2188	tags=11%, list=16%, signal=13%	
EPHB FORWARD SIGNALING%PATHWAY INTERACTION DATABASE NCI-NATURE CURATED DATA%EPHB FORWARD SIGNALING	EPHB FORWARD SIGNALING%PATHWAY INTERACTION DATABASE NCI-NATURE CURATED DATA%EPHB FORWARD SIGNALING		38	-0.21939561	-0.66279584	0.95368785	1.0	1.0	1746	tags=13%, list=13%, signal=15%	
DEFECTIVE HDR THROUGH HOMOLOGOUS RECOMBINATION REPAIR (HRR) DUE TO PALB2 LOSS OF BRCA1 BINDING FUNCTION%REACTOME%R-HSA-9704331.4	DEFECTIVE HDR THROUGH HOMOLOGOUS RECOMBINATION REPAIR (HRR) DUE TO PALB2 LOSS OF BRCA1 BINDING FUNCTION%REACTOME%R-HSA-9704331.4		23	-0.24227348	-0.66153383	0.9157706	1.0	1.0	2568	tags=26%, list=19%, signal=32%	
NEGATIVE REGULATION OF SMALL GTPASE MEDIATED SIGNAL TRANSDUCTION%GOBP%GO:0051058	NEGATIVE REGULATION OF SMALL GTPASE MEDIATED SIGNAL TRANSDUCTION%GOBP%GO:0051058		47	-0.21278268	-0.66063994	0.96027637	1.0	1.0	2418	tags=19%, list=18%, signal=23%	
VASOPRESSIN REGULATES RENAL WATER HOMEOSTASIS VIA AQUAPORINS%REACTOME DATABASE ID RELEASE 93%432040	VASOPRESSIN REGULATES RENAL WATER HOMEOSTASIS VIA AQUAPORINS%REACTOME DATABASE ID RELEASE 93%432040		30	-0.22617649	-0.65962917	0.93900186	1.0	1.0	1096	tags=10%, list=8%, signal=11%	
CDC20:PHOSPHO-APC C MEDIATED DEGRADATION OF CYCLIN A%REACTOME DATABASE ID RELEASE 93%174184	CDC20:PHOSPHO-APC C MEDIATED DEGRADATION OF CYCLIN A%REACTOME DATABASE ID RELEASE 93%174184		54	-0.20674822	-0.65820575	0.9662162	1.0	1.0	4191	tags=31%, list=31%, signal=45%	
NEGATIVE REGULATION OF INTRACELLULAR PROTEIN TRANSPORT%GOBP%GO:0090317	NEGATIVE REGULATION OF INTRACELLULAR PROTEIN TRANSPORT%GOBP%GO:0090317		23	-0.2420583	-0.6581285	0.91821563	1.0	1.0	1794	tags=13%, list=13%, signal=15%	
RESPONSE TO DSRNA%GOBP%GO:0043331	RESPONSE TO DSRNA%GOBP%GO:0043331		21	-0.24759664	-0.65792835	0.8976109	1.0	1.0	2816	tags=24%, list=21%, signal=30%	
INHIBITION OF EXOSOME BIOGENESIS AND SECRETION BY MANUMYCIN A IN CRPC CELLS%WIKIPATHWAYS_20250810%WP4301%HOMO SAPIENS	INHIBITION OF EXOSOME BIOGENESIS AND SECRETION BY MANUMYCIN A IN CRPC CELLS%WIKIPATHWAYS_20250810%WP4301%HOMO SAPIENS		17	-0.26056442	-0.65791863	0.9013035	1.0	1.0	2446	tags=24%, list=18%, signal=29%	
CYCLIN A:CDK2-ASSOCIATED EVENTS AT S PHASE ENTRY%REACTOME%R-HSA-69656.6	CYCLIN A:CDK2-ASSOCIATED EVENTS AT S PHASE ENTRY%REACTOME%R-HSA-69656.6		71	-0.19370995	-0.656879	0.9847199	1.0	1.0	3962	tags=35%, list=29%, signal=49%	
DEFECTIVE HOMOLOGOUS RECOMBINATION REPAIR (HRR) DUE TO BRCA1 LOSS OF FUNCTION%REACTOME%R-HSA-9701192.4	DEFECTIVE HOMOLOGOUS RECOMBINATION REPAIR (HRR) DUE TO BRCA1 LOSS OF FUNCTION%REACTOME%R-HSA-9701192.4		23	-0.24227348	-0.6568773	0.92362344	1.0	1.0	2568	tags=26%, list=19%, signal=32%	
REGULATION OF AUTOPHAGY OF MITOCHONDRION%GOBP%GO:1903146	REGULATION OF AUTOPHAGY OF MITOCHONDRION%GOBP%GO:1903146		39	-0.21648212	-0.65658486	0.9419795	1.0	1.0	2557	tags=23%, list=19%, signal=28%	
CD40 CD40L SIGNALING%PATHWAY INTERACTION DATABASE NCI-NATURE CURATED DATA%CD40 CD40L SIGNALING	CD40 CD40L SIGNALING%PATHWAY INTERACTION DATABASE NCI-NATURE CURATED DATA%CD40 CD40L SIGNALING		33	-0.22340502	-0.655676	0.9290909	1.0	1.0	4663	tags=42%, list=34%, signal=65%	
PID_RHOA_REG_PATHWAY%MSIGDB_C2%PID_RHOA_REG_PATHWAY	PID_RHOA_REG_PATHWAY%MSIGDB_C2%PID_RHOA_REG_PATHWAY		35	-0.22575703	-0.65451974	0.9379433	1.0	1.0	2551	tags=26%, list=19%, signal=32%	
ATM SIGNALING IN DEVELOPMENT AND DISEASE %WIKIPATHWAYS_20250810%WP3878%HOMO SAPIENS	ATM SIGNALING IN DEVELOPMENT AND DISEASE %WIKIPATHWAYS_20250810%WP3878%HOMO SAPIENS		36	-0.22016871	-0.6543776	0.95238096	1.0	1.0	2212	tags=11%, list=16%, signal=13%	
TERMINATION OF TRANSLESION DNA SYNTHESIS%REACTOME%R-HSA-5656169.2	TERMINATION OF TRANSLESION DNA SYNTHESIS%REACTOME%R-HSA-5656169.2		29	-0.2319961	-0.65419054	0.93345654	1.0	1.0	3646	tags=28%, list=27%, signal=38%	
PIGMENTATION%GOBP%GO:0043473	PIGMENTATION%GOBP%GO:0043473		64	-0.19773497	-0.65409553	0.97815126	1.0	1.0	1268	tags=9%, list=9%, signal=10%	
DEFECTIVE HOMOLOGOUS RECOMBINATION REPAIR (HRR) DUE TO PALB2 LOSS OF FUNCTION%REACTOME DATABASE ID RELEASE 93%9701193	DEFECTIVE HOMOLOGOUS RECOMBINATION REPAIR (HRR) DUE TO PALB2 LOSS OF FUNCTION%REACTOME DATABASE ID RELEASE 93%9701193		23	-0.24227348	-0.6538909	0.9139194	1.0	1.0	2568	tags=26%, list=19%, signal=32%	
REGULATION OF MITOCHONDRIAL FISSION%GOBP%GO:0090140	REGULATION OF MITOCHONDRIAL FISSION%GOBP%GO:0090140		26	-0.23798446	-0.6538575	0.9163701	1.0	1.0	1696	tags=15%, list=13%, signal=18%	
NUCLEAR RECEPTOR-MEDIATED STEROID HORMONE SIGNALING PATHWAY%GOBP%GO:0030518	NUCLEAR RECEPTOR-MEDIATED STEROID HORMONE SIGNALING PATHWAY%GOBP%GO:0030518		45	-0.2077247	-0.65349025	0.947644	1.0	1.0	2572	tags=20%, list=19%, signal=25%	
GSK3B AND BTRC:CUL1-MEDIATED-DEGRADATION OF NFE2L2%REACTOME%R-HSA-9762114.3	GSK3B AND BTRC:CUL1-MEDIATED-DEGRADATION OF NFE2L2%REACTOME%R-HSA-9762114.3		41	-0.21197282	-0.652964	0.9635701	1.0	1.0	3962	tags=29%, list=29%, signal=41%	
IMPORT INTO NUCLEUS%GOBP%GO:0051170	IMPORT INTO NUCLEUS%GOBP%GO:0051170		75	-0.18989746	-0.65095127	0.9895652	1.0	1.0	4068	tags=28%, list=30%, signal=40%	
REGULATION OF MICROTUBULE NUCLEATION%GOBP%GO:0010968	REGULATION OF MICROTUBULE NUCLEATION%GOBP%GO:0010968		18	-0.25369504	-0.6494613	0.9035088	1.0	1.0	3214	tags=33%, list=24%, signal=44%	
DEGRADATION OF AXIN%REACTOME%R-HSA-4641257.3	DEGRADATION OF AXIN%REACTOME%R-HSA-4641257.3		41	-0.2151864	-0.6485928	0.94148934	1.0	1.0	3962	tags=29%, list=29%, signal=41%	
RAB GEFS EXCHANGE GTP FOR GDP ON RABS%REACTOME DATABASE ID RELEASE 93%8876198	RAB GEFS EXCHANGE GTP FOR GDP ON RABS%REACTOME DATABASE ID RELEASE 93%8876198		82	-0.18651041	-0.648342	0.9930435	1.0	1.0	3863	tags=24%, list=29%, signal=34%	
FAS LIGAND PATHWAY AND STRESS INDUCTION OF HEAT SHOCK PROTEINS%WIKIPATHWAYS_20250810%WP314%HOMO SAPIENS	FAS LIGAND PATHWAY AND STRESS INDUCTION OF HEAT SHOCK PROTEINS%WIKIPATHWAYS_20250810%WP314%HOMO SAPIENS		32	-0.2242383	-0.6481036	0.94608694	1.0	1.0	3214	tags=28%, list=24%, signal=37%	
REGULATION OF DNA DAMAGE CHECKPOINT%GOBP%GO:2000001	REGULATION OF DNA DAMAGE CHECKPOINT%GOBP%GO:2000001		17	-0.2528559	-0.6475215	0.90943396	1.0	1.0	1675	tags=12%, list=12%, signal=13%	
REGULATION OF PTEN GENE TRANSCRIPTION%REACTOME%R-HSA-8943724.2	REGULATION OF PTEN GENE TRANSCRIPTION%REACTOME%R-HSA-8943724.2		54	-0.20121682	-0.6465647	0.96258503	1.0	1.0	1212	tags=9%, list=9%, signal=10%	
POSITIVE REGULATION OF VACUOLE ORGANIZATION%GOBP%GO:0044090	POSITIVE REGULATION OF VACUOLE ORGANIZATION%GOBP%GO:0044090		23	-0.23985596	-0.6464853	0.9126394	1.0	1.0	182	tags=4%, list=1%, signal=4%	
STABILIZATION OF P53%REACTOME DATABASE ID RELEASE 93%69541	STABILIZATION OF P53%REACTOME DATABASE ID RELEASE 93%69541		42	-0.20892882	-0.6464387	0.95507485	1.0	1.0	3962	tags=29%, list=29%, signal=40%	
PROTEIN LIPIDATION%GOBP%GO:0006497	PROTEIN LIPIDATION%GOBP%GO:0006497		26	-0.23477943	-0.6462358	0.92375886	1.0	1.0	1025	tags=8%, list=8%, signal=8%	
NEGATIVE REGULATION OF PROTEIN MODIFICATION BY SMALL PROTEIN CONJUGATION OR REMOVAL%GOBP%GO:1903321	NEGATIVE REGULATION OF PROTEIN MODIFICATION BY SMALL PROTEIN CONJUGATION OR REMOVAL%GOBP%GO:1903321		64	-0.19544047	-0.64591134	0.9862779	1.0	1.0	1963	tags=14%, list=14%, signal=16%	
CIRCADIAN RHYTHM PATHWAY%PATHWAY INTERACTION DATABASE NCI-NATURE CURATED DATA%CIRCADIAN RHYTHM PATHWAY	CIRCADIAN RHYTHM PATHWAY%PATHWAY INTERACTION DATABASE NCI-NATURE CURATED DATA%CIRCADIAN RHYTHM PATHWAY		15	-0.26439306	-0.64581615	0.9153846	1.0	1.0	3208	tags=27%, list=24%, signal=35%	
BIOCARTA_AT1R_PATHWAY%MSIGDB_C2%BIOCARTA_AT1R_PATHWAY	BIOCARTA_AT1R_PATHWAY%MSIGDB_C2%BIOCARTA_AT1R_PATHWAY		22	-0.24041025	-0.6448957	0.9325843	1.0	1.0	3506	tags=32%, list=26%, signal=43%	
NOTCH-HLH TRANSCRIPTION PATHWAY%REACTOME DATABASE ID RELEASE 93%350054	NOTCH-HLH TRANSCRIPTION PATHWAY%REACTOME DATABASE ID RELEASE 93%350054		28	-0.22786844	-0.6438573	0.9310345	1.0	1.0	3855	tags=29%, list=28%, signal=40%	
TELOMERE MAINTENANCE%GOBP%GO:0000723	TELOMERE MAINTENANCE%GOBP%GO:0000723		82	-0.1855427	-0.64268106	0.9836066	1.0	1.0	3931	tags=27%, list=29%, signal=38%	
REGULATION OF CARDIAC MUSCLE CELL PROLIFERATION%GOBP%GO:0060043	REGULATION OF CARDIAC MUSCLE CELL PROLIFERATION%GOBP%GO:0060043		17	-0.25575188	-0.6422618	0.9038817	1.0	1.0	1198	tags=12%, list=9%, signal=13%	
IMMUNOGLOBULIN PRODUCTION%GOBP%GO:0002377	IMMUNOGLOBULIN PRODUCTION%GOBP%GO:0002377		27	-0.22525415	-0.6421415	0.93526405	1.0	1.0	2367	tags=15%, list=17%, signal=18%	
ANTIVIRAL AND ANTI INFLAMMATORY EFFECTS OF NRF2 ON SARS COV 2 PATHWAY%WIKIPATHWAYS_20250810%WP5113%HOMO SAPIENS	ANTIVIRAL AND ANTI INFLAMMATORY EFFECTS OF NRF2 ON SARS COV 2 PATHWAY%WIKIPATHWAYS_20250810%WP5113%HOMO SAPIENS		24	-0.22843355	-0.6409204	0.9259928	1.0	1.0	1279	tags=13%, list=9%, signal=14%	
TRAF6 MEDIATED INDUCTION OF NFKB AND MAP KINASES UPON TLR7 8 OR 9 ACTIVATION%REACTOME DATABASE ID RELEASE 93%975138	TRAF6 MEDIATED INDUCTION OF NFKB AND MAP KINASES UPON TLR7 8 OR 9 ACTIVATION%REACTOME DATABASE ID RELEASE 93%975138		99	-0.17982224	-0.6408478	0.99508196	1.0	1.0	3564	tags=27%, list=26%, signal=37%	
RESPONSE TO EXOGENOUS DSRNA%GOBP%GO:0043330	RESPONSE TO EXOGENOUS DSRNA%GOBP%GO:0043330		17	-0.25439048	-0.64053226	0.91265595	1.0	1.0	873	tags=12%, list=6%, signal=13%	
IKK COMPLEX RECRUITMENT MEDIATED BY RIP1%REACTOME DATABASE ID RELEASE 93%937041	IKK COMPLEX RECRUITMENT MEDIATED BY RIP1%REACTOME DATABASE ID RELEASE 93%937041		21	-0.24038473	-0.6388423	0.9411765	1.0	1.0	2013	tags=19%, list=15%, signal=22%	
FORMATION OF THE POLYBROMO-BAF (PBAF) COMPLEX%REACTOME DATABASE ID RELEASE 93%9933939	FORMATION OF THE POLYBROMO-BAF (PBAF) COMPLEX%REACTOME DATABASE ID RELEASE 93%9933939		18	-0.25150234	-0.6384259	0.9383698	1.0	1.0	5025	tags=50%, list=37%, signal=79%	
NEGATIVE REGULATION OF PROTEASOMAL PROTEIN CATABOLIC PROCESS%GOBP%GO:1901799	NEGATIVE REGULATION OF PROTEASOMAL PROTEIN CATABOLIC PROCESS%GOBP%GO:1901799		49	-0.2007454	-0.6383814	0.9717314	1.0	1.0	2632	tags=18%, list=19%, signal=23%	
PKA ACTIVATION%REACTOME%R-HSA-163615.6	PKA ACTIVATION%REACTOME%R-HSA-163615.6		16	-0.25340497	-0.63836086	0.92021275	1.0	1.0	3604	tags=31%, list=27%, signal=43%	
ADORA2B MEDIATED ANTI-INFLAMMATORY CYTOKINES PRODUCTION%REACTOME%R-HSA-9660821.4	ADORA2B MEDIATED ANTI-INFLAMMATORY CYTOKINES PRODUCTION%REACTOME%R-HSA-9660821.4		32	-0.21625537	-0.6378047	0.96045196	1.0	1.0	3871	tags=31%, list=29%, signal=44%	
TRNA AMINOACYLATION%REACTOME%R-HSA-379724.3	TRNA AMINOACYLATION%REACTOME%R-HSA-379724.3		40	-0.20852323	-0.63740265	0.943299	1.0	1.0	3783	tags=28%, list=28%, signal=38%	
EXERCISE INDUCED CIRCADIAN REGULATION%WIKIPATHWAYS_20250810%WP410%HOMO SAPIENS	EXERCISE INDUCED CIRCADIAN REGULATION%WIKIPATHWAYS_20250810%WP410%HOMO SAPIENS		29	-0.22407198	-0.63655764	0.9490909	1.0	1.0	1756	tags=14%, list=13%, signal=16%	
PKA-MEDIATED PHOSPHORYLATION OF CREB%REACTOME%R-HSA-111931.3	PKA-MEDIATED PHOSPHORYLATION OF CREB%REACTOME%R-HSA-111931.3		17	-0.25200322	-0.6356646	0.9166667	1.0	1.0	3604	tags=29%, list=27%, signal=40%	
DNA RECOMBINATION%GOBP%GO:0006310	DNA RECOMBINATION%GOBP%GO:0006310		160	-0.16651377	-0.6351684	1.0	1.0	1.0	3960	tags=28%, list=29%, signal=39%	
REGULATION OF MRNA STABILITY%GOBP%GO:0043488	REGULATION OF MRNA STABILITY%GOBP%GO:0043488		128	-0.17152278	-0.63508767	1.0	1.0	1.0	5289	tags=41%, list=39%, signal=66%	
STEROID HORMONE RECEPTOR SIGNALING PATHWAY%GOBP%GO:0043401	STEROID HORMONE RECEPTOR SIGNALING PATHWAY%GOBP%GO:0043401		46	-0.2020385	-0.633989	0.96891195	1.0	1.0	2572	tags=20%, list=19%, signal=24%	
INTERLEUKIN-12 SIGNALING%REACTOME%R-HSA-9020591.3	INTERLEUKIN-12 SIGNALING%REACTOME%R-HSA-9020591.3		38	-0.20888855	-0.63334906	0.95068026	1.0	1.0	3327	tags=29%, list=25%, signal=38%	
PRODUCTION OF MOLECULAR MEDIATOR OF IMMUNE RESPONSE%GOBP%GO:0002440	PRODUCTION OF MOLECULAR MEDIATOR OF IMMUNE RESPONSE%GOBP%GO:0002440		27	-0.22525415	-0.6325697	0.9496528	1.0	1.0	2367	tags=15%, list=17%, signal=18%	
SYNAPTIC VESICLE TRANSPORT%GOBP%GO:0048489	SYNAPTIC VESICLE TRANSPORT%GOBP%GO:0048489		34	-0.21385196	-0.6324087	0.9582609	1.0	1.0	2132	tags=15%, list=16%, signal=17%	
NUCLEOPHAGY%GOBP%GO:0044804	NUCLEOPHAGY%GOBP%GO:0044804		23	-0.23174216	-0.6322857	0.9453925	1.0	1.0	4254	tags=30%, list=31%, signal=44%	
REGULATION OF RECEPTOR RECYCLING%GOBP%GO:0001919	REGULATION OF RECEPTOR RECYCLING%GOBP%GO:0001919		16	-0.2514691	-0.63144666	0.93726236	1.0	1.0	2002	tags=19%, list=15%, signal=22%	
NOVEL INTRACELLULAR COMPONENTS OF RIG I LIKE RECEPTOR PATHWAY%WIKIPATHWAYS_20250810%WP3865%HOMO SAPIENS	NOVEL INTRACELLULAR COMPONENTS OF RIG I LIKE RECEPTOR PATHWAY%WIKIPATHWAYS_20250810%WP3865%HOMO SAPIENS		51	-0.19737567	-0.6313327	0.9728814	1.0	1.0	3424	tags=22%, list=25%, signal=29%	
DNA DOUBLE-STRAND BREAK REPAIR%REACTOME DATABASE ID RELEASE 93%5693532	DNA DOUBLE-STRAND BREAK REPAIR%REACTOME DATABASE ID RELEASE 93%5693532		130	-0.1700697	-0.6312733	0.9967533	1.0	1.0	2168	tags=13%, list=16%, signal=15%	
MRNA TRANSCRIPTION BY RNA POLYMERASE II%GOBP%GO:0042789	MRNA TRANSCRIPTION BY RNA POLYMERASE II%GOBP%GO:0042789		37	-0.20958887	-0.63089544	0.9573284	1.0	1.0	5316	tags=54%, list=39%, signal=89%	
INTRACELLULAR LIPID TRANSPORT%GOBP%GO:0032365	INTRACELLULAR LIPID TRANSPORT%GOBP%GO:0032365		35	-0.21212916	-0.629831	0.9664903	1.0	1.0	3533	tags=29%, list=26%, signal=39%	
AMYOTROPHIC LATERAL SCLEROSIS ALS %WIKIPATHWAYS_20250810%WP2447%HOMO SAPIENS	AMYOTROPHIC LATERAL SCLEROSIS ALS %WIKIPATHWAYS_20250810%WP2447%HOMO SAPIENS		24	-0.23208284	-0.62891525	0.9319853	1.0	1.0	2861	tags=21%, list=21%, signal=26%	
AMINO ACIDS REGULATE MTORC1%REACTOME DATABASE ID RELEASE 93%9639288	AMINO ACIDS REGULATE MTORC1%REACTOME DATABASE ID RELEASE 93%9639288		48	-0.19984569	-0.62835723	0.9697509	1.0	1.0	4072	tags=31%, list=30%, signal=45%	
POSITIVE REGULATION OF MACROAUTOPHAGY%GOBP%GO:0016239	POSITIVE REGULATION OF MACROAUTOPHAGY%GOBP%GO:0016239		78	-0.1838349	-0.6272435	0.989726	1.0	1.0	2193	tags=14%, list=16%, signal=17%	
VPU MEDIATED DEGRADATION OF CD4%REACTOME%R-HSA-180534.3	VPU MEDIATED DEGRADATION OF CD4%REACTOME%R-HSA-180534.3		38	-0.20783101	-0.6264722	0.964467	1.0	1.0	3962	tags=32%, list=29%, signal=44%	
NEGATIVE REGULATION OF DNA REPAIR%GOBP%GO:0045738	NEGATIVE REGULATION OF DNA REPAIR%GOBP%GO:0045738		30	-0.21999113	-0.62640876	0.9457505	1.0	1.0	1295	tags=10%, list=10%, signal=11%	
RNA 5'-END PROCESSING%GOBP%GO:0000966	RNA 5'-END PROCESSING%GOBP%GO:0000966		32	-0.21592969	-0.62639415	0.95621717	1.0	1.0	5165	tags=47%, list=38%, signal=76%	
LYSOSOME LOCALIZATION%GOBP%GO:0032418	LYSOSOME LOCALIZATION%GOBP%GO:0032418		35	-0.21290977	-0.6259186	0.980322	1.0	1.0	531	tags=6%, list=4%, signal=6%	
TELOMERE ORGANIZATION%GOBP%GO:0032200	TELOMERE ORGANIZATION%GOBP%GO:0032200		84	-0.17950742	-0.62569374	0.9898305	1.0	1.0	3931	tags=26%, list=29%, signal=37%	
RNA POLYMERASE II HIV PROMOTER ESCAPE%REACTOME%R-HSA-167162.5	RNA POLYMERASE II HIV PROMOTER ESCAPE%REACTOME%R-HSA-167162.5		46	-0.19775376	-0.625314	0.9808696	1.0	1.0	5477	tags=54%, list=40%, signal=91%	
SOMATIC DIVERSIFICATION OF IMMUNOGLOBULINS%GOBP%GO:0016445	SOMATIC DIVERSIFICATION OF IMMUNOGLOBULINS%GOBP%GO:0016445		27	-0.22525415	-0.6250305	0.9480287	1.0	1.0	2367	tags=15%, list=17%, signal=18%	
CELLULAR OXIDANT DETOXIFICATION%GOBP%GO:0098869	CELLULAR OXIDANT DETOXIFICATION%GOBP%GO:0098869		17	-0.24287698	-0.62495387	0.92335117	1.0	1.0	2545	tags=24%, list=19%, signal=29%	
SARS CORONAVIRUS AND INNATE IMMUNITY%WIKIPATHWAYS_20250810%WP4912%HOMO SAPIENS	SARS CORONAVIRUS AND INNATE IMMUNITY%WIKIPATHWAYS_20250810%WP4912%HOMO SAPIENS		17	-0.24697243	-0.62489563	0.9393382	1.0	1.0	2745	tags=18%, list=20%, signal=22%	
ANDROGENRECEPTOR%IOB%ANDROGENRECEPTOR	ANDROGENRECEPTOR%IOB%ANDROGENRECEPTOR		85	-0.17875685	-0.62434435	0.9931741	1.0	1.0	4663	tags=35%, list=34%, signal=53%	
NUCLEAR MEMBRANE ORGANIZATION%GOBP%GO:0071763	NUCLEAR MEMBRANE ORGANIZATION%GOBP%GO:0071763		43	-0.20096119	-0.623988	0.9820144	1.0	1.0	521	tags=5%, list=4%, signal=5%	
HIV TRANSCRIPTION INITIATION%REACTOME%R-HSA-167161.4	HIV TRANSCRIPTION INITIATION%REACTOME%R-HSA-167161.4		46	-0.19775376	-0.623858	0.9789104	1.0	1.0	5477	tags=54%, list=40%, signal=91%	
RHO GTPASES ACTIVATE PKNS%REACTOME DATABASE ID RELEASE 93%5625740	RHO GTPASES ACTIVATE PKNS%REACTOME DATABASE ID RELEASE 93%5625740		39	-0.20256294	-0.6236839	0.9607509	1.0	1.0	1184	tags=10%, list=9%, signal=11%	
REGULATION OF RAS BY GAPS%REACTOME DATABASE ID RELEASE 93%5658442	REGULATION OF RAS BY GAPS%REACTOME DATABASE ID RELEASE 93%5658442		50	-0.1957475	-0.6234692	0.9712352	1.0	1.0	2013	tags=16%, list=15%, signal=19%	
INTERLEUKIN-17 SIGNALING%REACTOME%R-HSA-448424.8	INTERLEUKIN-17 SIGNALING%REACTOME%R-HSA-448424.8		65	-0.18600726	-0.6229747	0.98440206	1.0	1.0	3564	tags=31%, list=26%, signal=42%	
HCMV INFECTION%REACTOME DATABASE ID RELEASE 93%9609646	HCMV INFECTION%REACTOME DATABASE ID RELEASE 93%9609646		80	-0.17961673	-0.62275195	0.9931624	1.0	1.0	4068	tags=26%, list=30%, signal=37%	
IL3 SIGNALING%WIKIPATHWAYS_20250810%WP286%HOMO SAPIENS	IL3 SIGNALING%WIKIPATHWAYS_20250810%WP286%HOMO SAPIENS		40	-0.20560458	-0.62228113	0.97573656	1.0	1.0	2792	tags=23%, list=21%, signal=28%	
RNA POLYMERASE II TRANSCRIPTION INITIATION%REACTOME%R-HSA-75953.4	RNA POLYMERASE II TRANSCRIPTION INITIATION%REACTOME%R-HSA-75953.4		46	-0.19775376	-0.6220328	0.98021585	1.0	1.0	5477	tags=54%, list=40%, signal=91%	
MAPK CASCADE%WIKIPATHWAYS_20250810%WP422%HOMO SAPIENS	MAPK CASCADE%WIKIPATHWAYS_20250810%WP422%HOMO SAPIENS		30	-0.21793227	-0.6209286	0.94727594	1.0	1.0	2212	tags=20%, list=16%, signal=24%	
REGULATION OF DNA-TEMPLATED TRANSCRIPTION INITIATION%GOBP%GO:2000142	REGULATION OF DNA-TEMPLATED TRANSCRIPTION INITIATION%GOBP%GO:2000142		71	-0.1826812	-0.6206007	0.99325466	1.0	1.0	5316	tags=41%, list=39%, signal=67%	
REGULATION OF HSF1-MEDIATED HEAT SHOCK RESPONSE%REACTOME DATABASE ID RELEASE 93%3371453	REGULATION OF HSF1-MEDIATED HEAT SHOCK RESPONSE%REACTOME DATABASE ID RELEASE 93%3371453		67	-0.18860146	-0.6201685	0.99121267	1.0	1.0	4722	tags=34%, list=35%, signal=52%	
REGULATION OF ENDOGENOUS RETROELEMENTS BY KRAB-ZFP PROTEINS%REACTOME%R-HSA-9843940.1	REGULATION OF ENDOGENOUS RETROELEMENTS BY KRAB-ZFP PROTEINS%REACTOME%R-HSA-9843940.1		56	-0.19283237	-0.6198849	0.991274	1.0	1.0	1359	tags=9%, list=10%, signal=10%	
MITOPHAGY%GOBP%GO:0000423	MITOPHAGY%GOBP%GO:0000423		45	-0.19818212	-0.619852	0.9801085	1.0	1.0	4761	tags=36%, list=35%, signal=55%	
PID_ECADHERIN_NASCENT_AJ_PATHWAY%MSIGDB_C2%PID_ECADHERIN_NASCENT_AJ_PATHWAY	PID_ECADHERIN_NASCENT_AJ_PATHWAY%MSIGDB_C2%PID_ECADHERIN_NASCENT_AJ_PATHWAY		29	-0.21938542	-0.6189079	0.9672414	1.0	1.0	875	tags=7%, list=6%, signal=7%	
MRNA TRANSCRIPTION%GOBP%GO:0009299	MRNA TRANSCRIPTION%GOBP%GO:0009299		40	-0.20494552	-0.61836493	0.9668325	1.0	1.0	5316	tags=52%, list=39%, signal=86%	
RNA POLYMERASE II TRANSCRIPTION INITIATION AND PROMOTER CLEARANCE%REACTOME%R-HSA-76042.5	RNA POLYMERASE II TRANSCRIPTION INITIATION AND PROMOTER CLEARANCE%REACTOME%R-HSA-76042.5		46	-0.19775376	-0.61815	0.96985817	1.0	1.0	5477	tags=54%, list=40%, signal=91%	
NEGATIVE REGULATION OF ERK1 AND ERK2 CASCADE%GOBP%GO:0070373	NEGATIVE REGULATION OF ERK1 AND ERK2 CASCADE%GOBP%GO:0070373		42	-0.19832699	-0.6168151	0.97022766	1.0	1.0	3047	tags=21%, list=22%, signal=28%	
FAS SIGNALING PATHWAY%PANTHER PATHWAY%P00020	FAS SIGNALING PATHWAY%PANTHER PATHWAY%P00020		30	-0.21315174	-0.61664027	0.9734982	1.0	1.0	2214	tags=17%, list=16%, signal=20%	
AUTOPHAGOSOME ORGANIZATION%GOBP%GO:1905037	AUTOPHAGOSOME ORGANIZATION%GOBP%GO:1905037		69	-0.1837626	-0.61639214	0.99	1.0	1.0	2188	tags=10%, list=16%, signal=12%	
DEGRADATION OF GLI1 BY THE PROTEASOME%REACTOME%R-HSA-5610780.2	DEGRADATION OF GLI1 BY THE PROTEASOME%REACTOME%R-HSA-5610780.2		45	-0.19641855	-0.6161061	0.9856115	1.0	1.0	3968	tags=31%, list=29%, signal=44%	
RNA POLYMERASE II PROMOTER ESCAPE%REACTOME DATABASE ID RELEASE 93%73776	RNA POLYMERASE II PROMOTER ESCAPE%REACTOME DATABASE ID RELEASE 93%73776		46	-0.19775376	-0.6158551	0.9797794	1.0	1.0	5477	tags=54%, list=40%, signal=91%	
FOXO FAMILY SIGNALING%PATHWAY INTERACTION DATABASE NCI-NATURE CURATED DATA%FOXO FAMILY SIGNALING	FOXO FAMILY SIGNALING%PATHWAY INTERACTION DATABASE NCI-NATURE CURATED DATA%FOXO FAMILY SIGNALING		47	-0.19112204	-0.61553055	0.97601473	1.0	1.0	3530	tags=21%, list=26%, signal=29%	
PROTEASOME ASSEMBLY%REACTOME DATABASE ID RELEASE 93%9907900	PROTEASOME ASSEMBLY%REACTOME DATABASE ID RELEASE 93%9907900		49	-0.1945306	-0.6150284	0.97495526	1.0	1.0	3962	tags=27%, list=29%, signal=37%	
REGULATION OF ENDOGENOUS RETROELEMENTS%REACTOME%R-HSA-9842860.2	REGULATION OF ENDOGENOUS RETROELEMENTS%REACTOME%R-HSA-9842860.2		87	-0.17639402	-0.6147437	0.9966887	1.0	1.0	1359	tags=8%, list=10%, signal=9%	
MELANOSOME ORGANIZATION%GOBP%GO:0032438	MELANOSOME ORGANIZATION%GOBP%GO:0032438		35	-0.2070153	-0.6134799	0.9612676	1.0	1.0	1268	tags=9%, list=9%, signal=9%	
RNA POLYMERASE II TRANSCRIPTION PRE-INITIATION AND PROMOTER OPENING%REACTOME%R-HSA-73779.4	RNA POLYMERASE II TRANSCRIPTION PRE-INITIATION AND PROMOTER OPENING%REACTOME%R-HSA-73779.4		46	-0.19775376	-0.61347324	0.9767442	1.0	1.0	5477	tags=54%, list=40%, signal=91%	
EPO%IOB%EPO	EPO%IOB%EPO		23	-0.22675833	-0.6134143	0.95	1.0	1.0	2792	tags=26%, list=21%, signal=33%	
POSITIVE REGULATION OF TRANSCRIPTION ELONGATION BY RNA POLYMERASE II%GOBP%GO:0032968	POSITIVE REGULATION OF TRANSCRIPTION ELONGATION BY RNA POLYMERASE II%GOBP%GO:0032968		50	-0.18992127	-0.6127026	0.9840708	1.0	1.0	4612	tags=36%, list=34%, signal=54%	
ENDOPLASMIC RETICULUM STRESS RESPONSE IN CORONAVIRUS INFECTION%WIKIPATHWAYS_20250810%WP4861%HOMO SAPIENS	ENDOPLASMIC RETICULUM STRESS RESPONSE IN CORONAVIRUS INFECTION%WIKIPATHWAYS_20250810%WP4861%HOMO SAPIENS		35	-0.20513919	-0.6125978	0.9649123	1.0	1.0	2087	tags=14%, list=15%, signal=17%	
EGF EGFR SIGNALING%WIKIPATHWAYS_20250810%WP437%HOMO SAPIENS	EGF EGFR SIGNALING%WIKIPATHWAYS_20250810%WP437%HOMO SAPIENS		114	-0.16813801	-0.6117503	0.9967533	1.0	1.0	3214	tags=24%, list=24%, signal=31%	
PID_TELOMERASE_PATHWAY%MSIGDB_C2%PID_TELOMERASE_PATHWAY	PID_TELOMERASE_PATHWAY%MSIGDB_C2%PID_TELOMERASE_PATHWAY		54	-0.19051792	-0.6116898	0.97644925	1.0	1.0	4434	tags=35%, list=33%, signal=52%	
PROTEIN LOCALIZATION TO LYSOSOME%GOBP%GO:0061462	PROTEIN LOCALIZATION TO LYSOSOME%GOBP%GO:0061462		38	-0.20209996	-0.61148477	0.9688581	1.0	1.0	1951	tags=13%, list=14%, signal=15%	
TNF SIGNALING%REACTOME%R-HSA-75893.10	TNF SIGNALING%REACTOME%R-HSA-75893.10		54	-0.18919964	-0.6113132	0.9896194	1.0	1.0	2795	tags=20%, list=21%, signal=26%	
JOUBERT SYNDROME%SMPDB%SMP0000582	JOUBERT SYNDROME%SMPDB%SMP0000582		22	-0.22565646	-0.61011416	0.9484733	1.0	1.0	3682	tags=36%, list=27%, signal=50%	
TELOMERE MAINTENANCE%REACTOME DATABASE ID RELEASE 93%157579	TELOMERE MAINTENANCE%REACTOME DATABASE ID RELEASE 93%157579		68	-0.18026988	-0.6093219	0.99001664	1.0	1.0	4969	tags=40%, list=37%, signal=62%	
REGULATION OF TP53 ACTIVITY THROUGH ACETYLATION%REACTOME DATABASE ID RELEASE 93%6804758	REGULATION OF TP53 ACTIVITY THROUGH ACETYLATION%REACTOME DATABASE ID RELEASE 93%6804758		30	-0.21642606	-0.60899144	0.963964	1.0	1.0	5615	tags=50%, list=41%, signal=85%	
PROTEIN TARGETING TO VACUOLE%GOBP%GO:0006623	PROTEIN TARGETING TO VACUOLE%GOBP%GO:0006623		36	-0.20754975	-0.6087723	0.9677419	1.0	1.0	122	tags=3%, list=1%, signal=3%	
ONCOGENIC MAPK SIGNALING%REACTOME DATABASE ID RELEASE 93%6802957	ONCOGENIC MAPK SIGNALING%REACTOME DATABASE ID RELEASE 93%6802957		70	-0.18207462	-0.6083789	0.9881757	1.0	1.0	1746	tags=9%, list=13%, signal=10%	
TRANSFERRIN ENDOCYTOSIS AND RECYCLING%REACTOME DATABASE ID RELEASE 93%917977	TRANSFERRIN ENDOCYTOSIS AND RECYCLING%REACTOME DATABASE ID RELEASE 93%917977		27	-0.21905693	-0.60750425	0.9575221	1.0	1.0	134	tags=4%, list=1%, signal=4%	
PHOSPHATIDYLINOSITOL PHOSPHATE METABOLISM%SMPDB%SMP0000463	PHOSPHATIDYLINOSITOL PHOSPHATE METABOLISM%SMPDB%SMP0000463		22	-0.22565646	-0.6074983	0.9358974	1.0	1.0	3682	tags=36%, list=27%, signal=50%	
REGULATION OF CDH11 EXPRESSION AND FUNCTION%REACTOME DATABASE ID RELEASE 93%9759475	REGULATION OF CDH11 EXPRESSION AND FUNCTION%REACTOME DATABASE ID RELEASE 93%9759475		25	-0.2194667	-0.607327	0.9393382	1.0	1.0	1291	tags=12%, list=10%, signal=13%	
TELOMERE MAINTENANCE VIA TELOMERE LENGTHENING%GOBP%GO:0010833	TELOMERE MAINTENANCE VIA TELOMERE LENGTHENING%GOBP%GO:0010833		24	-0.22284195	-0.6067494	0.9577465	1.0	1.0	3852	tags=42%, list=28%, signal=58%	
PIGMENT GRANULE ORGANIZATION%GOBP%GO:0048753	PIGMENT GRANULE ORGANIZATION%GOBP%GO:0048753		35	-0.2070153	-0.6059634	0.97898424	1.0	1.0	1268	tags=9%, list=9%, signal=9%	
TRANSLESION SYNTHESIS BY Y FAMILY DNA POLYMERASES BYPASSES LESIONS ON DNA TEMPLATE%REACTOME%R-HSA-110313.3	TRANSLESION SYNTHESIS BY Y FAMILY DNA POLYMERASES BYPASSES LESIONS ON DNA TEMPLATE%REACTOME%R-HSA-110313.3		35	-0.20726198	-0.6049547	0.9716814	1.0	1.0	3646	tags=26%, list=27%, signal=35%	
NUCLEAR TRANSPORT%GOBP%GO:0051169	NUCLEAR TRANSPORT%GOBP%GO:0051169		168	-0.15841584	-0.60487145	1.0	1.0	1.0	4068	tags=27%, list=30%, signal=39%	
AUTOPHAGY%WIKIPATHWAYS_20250810%WP4923%HOMO SAPIENS	AUTOPHAGY%WIKIPATHWAYS_20250810%WP4923%HOMO SAPIENS		23	-0.21862704	-0.60280174	0.96603775	1.0	1.0	5627	tags=52%, list=42%, signal=89%	
CROSS-PRESENTATION OF SOLUBLE EXOGENOUS ANTIGENS (ENDOSOMES)%REACTOME%R-HSA-1236978.5	CROSS-PRESENTATION OF SOLUBLE EXOGENOUS ANTIGENS (ENDOSOMES)%REACTOME%R-HSA-1236978.5		37	-0.20201825	-0.6026097	0.9676259	1.0	1.0	3962	tags=30%, list=29%, signal=42%	
MAP KINASE ACTIVATION%REACTOME DATABASE ID RELEASE 93%450294	MAP KINASE ACTIVATION%REACTOME DATABASE ID RELEASE 93%450294		61	-0.18357733	-0.6025596	0.9932203	1.0	1.0	3564	tags=30%, list=26%, signal=40%	
REGULATION OF RIG-I SIGNALING PATHWAY%GOBP%GO:0039535	REGULATION OF RIG-I SIGNALING PATHWAY%GOBP%GO:0039535		17	-0.23807639	-0.6021366	0.9542124	1.0	1.0	4169	tags=41%, list=31%, signal=59%	
NOTCH%NETPATH%NOTCH	NOTCH%NETPATH%NOTCH		43	-0.19672848	-0.6015118	0.9879102	1.0	1.0	83	tags=2%, list=1%, signal=2%	
PYRIMIDINE-CONTAINING COMPOUND BIOSYNTHETIC PROCESS%GOBP%GO:0072528	PYRIMIDINE-CONTAINING COMPOUND BIOSYNTHETIC PROCESS%GOBP%GO:0072528		25	-0.22046773	-0.6014675	0.94871795	1.0	1.0	703	tags=8%, list=5%, signal=8%	
POSITIVE REGULATION OF DENDRITIC SPINE DEVELOPMENT%GOBP%GO:0060999	POSITIVE REGULATION OF DENDRITIC SPINE DEVELOPMENT%GOBP%GO:0060999		18	-0.23668408	-0.59841704	0.942029	1.0	1.0	3649	tags=33%, list=27%, signal=46%	
G2 M CHECKPOINTS%REACTOME%R-HSA-69481.5	G2 M CHECKPOINTS%REACTOME%R-HSA-69481.5		114	-0.16659547	-0.59749436	1.0	1.0	1.0	3263	tags=21%, list=24%, signal=27%	
REGULATORY NCRNA-MEDIATED GENE SILENCING%GOBP%GO:0031047	REGULATORY NCRNA-MEDIATED GENE SILENCING%GOBP%GO:0031047		79	-0.17280228	-0.59710187	0.9968454	1.0	1.0	4736	tags=30%, list=35%, signal=46%	
NEGATIVE REGULATION OF SIGNAL TRANSDUCTION BY P53 CLASS MEDIATOR%GOBP%GO:1901797	NEGATIVE REGULATION OF SIGNAL TRANSDUCTION BY P53 CLASS MEDIATOR%GOBP%GO:1901797		30	-0.21023189	-0.5969317	0.9647266	1.0	1.0	1839	tags=17%, list=14%, signal=19%	
PID_NEPHRIN_NEPH1_PATHWAY%MSIGDB_C2%PID_NEPHRIN_NEPH1_PATHWAY	PID_NEPHRIN_NEPH1_PATHWAY%MSIGDB_C2%PID_NEPHRIN_NEPH1_PATHWAY		26	-0.21335272	-0.59673303	0.9752212	1.0	1.0	821	tags=8%, list=6%, signal=8%	
INTEGRATED CANCER PATHWAY%WIKIPATHWAYS_20250810%WP1971%HOMO SAPIENS	INTEGRATED CANCER PATHWAY%WIKIPATHWAYS_20250810%WP1971%HOMO SAPIENS		34	-0.2030684	-0.59644955	0.96133566	1.0	1.0	3821	tags=26%, list=28%, signal=37%	
BASE-EXCISION REPAIR%GOBP%GO:0006284	BASE-EXCISION REPAIR%GOBP%GO:0006284		39	-0.19781426	-0.5961792	0.97364086	1.0	1.0	3495	tags=21%, list=26%, signal=28%	
CYTOSOLIC DNA SENSING PATHWAY%WIKIPATHWAYS_20250810%WP4655%HOMO SAPIENS	CYTOSOLIC DNA SENSING PATHWAY%WIKIPATHWAYS_20250810%WP4655%HOMO SAPIENS		51	-0.18676998	-0.59546465	0.9928952	1.0	1.0	2368	tags=16%, list=17%, signal=19%	
TAIL-ANCHORED MEMBRANE PROTEIN INSERTION INTO ER MEMBRANE%GOBP%GO:0071816	TAIL-ANCHORED MEMBRANE PROTEIN INSERTION INTO ER MEMBRANE%GOBP%GO:0071816		15	-0.23799495	-0.5951739	0.93320966	1.0	1.0	2100	tags=13%, list=15%, signal=16%	
REGULATION OF MITOPHAGY%GOBP%GO:1901524	REGULATION OF MITOPHAGY%GOBP%GO:1901524		33	-0.20701921	-0.5948439	0.9729242	1.0	1.0	3704	tags=30%, list=27%, signal=42%	
EPHA2 FORWARD SIGNALING%PATHWAY INTERACTION DATABASE NCI-NATURE CURATED DATA%EPHA2 FORWARD SIGNALING	EPHA2 FORWARD SIGNALING%PATHWAY INTERACTION DATABASE NCI-NATURE CURATED DATA%EPHA2 FORWARD SIGNALING		19	-0.23009217	-0.5947505	0.95604396	1.0	1.0	4344	tags=37%, list=32%, signal=54%	
REGULATORY NCRNA PROCESSING%GOBP%GO:0070918	REGULATORY NCRNA PROCESSING%GOBP%GO:0070918		42	-0.1927586	-0.5935769	0.9791667	1.0	1.0	4686	tags=33%, list=35%, signal=51%	
SELECTIVE AUTOPHAGY%REACTOME%R-HSA-9663891.5	SELECTIVE AUTOPHAGY%REACTOME%R-HSA-9663891.5		65	-0.17430635	-0.59352905	0.9982578	1.0	1.0	3767	tags=25%, list=28%, signal=34%	
POSITIVE REGULATION OF STEM CELL POPULATION MAINTENANCE%GOBP%GO:1902459	POSITIVE REGULATION OF STEM CELL POPULATION MAINTENANCE%GOBP%GO:1902459		40	-0.19695027	-0.59283406	0.9825784	1.0	1.0	4555	tags=38%, list=34%, signal=56%	
PROTEIN ACYLATION%GOBP%GO:0043543	PROTEIN ACYLATION%GOBP%GO:0043543		48	-0.18813376	-0.5923426	0.985	1.0	1.0	3232	tags=21%, list=24%, signal=27%	
P53-INDEPENDENT G1 S DNA DAMAGE CHECKPOINT%REACTOME DATABASE ID RELEASE 93%69613	P53-INDEPENDENT G1 S DNA DAMAGE CHECKPOINT%REACTOME DATABASE ID RELEASE 93%69613		42	-0.1908575	-0.59077483	0.98456264	1.0	1.0	3962	tags=29%, list=29%, signal=40%	
CILIARY LANDSCAPE%WIKIPATHWAYS_20250810%WP4352%HOMO SAPIENS	CILIARY LANDSCAPE%WIKIPATHWAYS_20250810%WP4352%HOMO SAPIENS		162	-0.15565278	-0.59027666	1.0	1.0	1.0	3797	tags=26%, list=28%, signal=36%	
NUCLEOCYTOPLASMIC TRANSPORT%GOBP%GO:0006913	NUCLEOCYTOPLASMIC TRANSPORT%GOBP%GO:0006913		167	-0.15346298	-0.58982265	0.99841523	1.0	1.0	4068	tags=27%, list=30%, signal=38%	
CELLULAR RESPONSE TO ACID CHEMICAL%GOBP%GO:0071229	CELLULAR RESPONSE TO ACID CHEMICAL%GOBP%GO:0071229		39	-0.19470955	-0.5886683	0.989228	1.0	1.0	2344	tags=15%, list=17%, signal=19%	
RESPONSE TO ACID CHEMICAL%GOBP%GO:0001101	RESPONSE TO ACID CHEMICAL%GOBP%GO:0001101		42	-0.18985336	-0.5881147	0.9910873	1.0	1.0	4301	tags=31%, list=32%, signal=45%	
ORGANELLE FUSION%GOBP%GO:0048284	ORGANELLE FUSION%GOBP%GO:0048284		109	-0.16449785	-0.5880806	1.0	1.0	1.0	2455	tags=17%, list=18%, signal=21%	
RECOMBINATIONAL REPAIR%GOBP%GO:0000725	RECOMBINATIONAL REPAIR%GOBP%GO:0000725		104	-0.16423	-0.58749497	0.99835527	1.0	1.0	3960	tags=29%, list=29%, signal=40%	
CALCINEURIN-MEDIATED SIGNALING%GOBP%GO:0097720	CALCINEURIN-MEDIATED SIGNALING%GOBP%GO:0097720		15	-0.23857751	-0.5870968	0.94186044	1.0	1.0	3996	tags=40%, list=29%, signal=57%	
RESOLUTION OF D-LOOP STRUCTURES THROUGH SYNTHESIS-DEPENDENT STRAND ANNEALING (SDSA)%REACTOME%R-HSA-5693554.3	RESOLUTION OF D-LOOP STRUCTURES THROUGH SYNTHESIS-DEPENDENT STRAND ANNEALING (SDSA)%REACTOME%R-HSA-5693554.3		25	-0.21348499	-0.58671844	0.9705341	1.0	1.0	2568	tags=24%, list=19%, signal=30%	
DDX58 IFIH1-MEDIATED INDUCTION OF INTERFERON-ALPHA BETA%REACTOME DATABASE ID RELEASE 93%168928	DDX58 IFIH1-MEDIATED INDUCTION OF INTERFERON-ALPHA BETA%REACTOME DATABASE ID RELEASE 93%168928		67	-0.17244604	-0.5860106	0.99649125	1.0	1.0	3318	tags=19%, list=24%, signal=26%	
SYNAPTIC VESICLE LOCALIZATION%GOBP%GO:0097479	SYNAPTIC VESICLE LOCALIZATION%GOBP%GO:0097479		36	-0.19945371	-0.585807	0.9738676	1.0	1.0	2132	tags=14%, list=16%, signal=16%	
UBIQUITIN-MEDIATED DEGRADATION OF PHOSPHORYLATED CDC25A%REACTOME DATABASE ID RELEASE 93%69601	UBIQUITIN-MEDIATED DEGRADATION OF PHOSPHORYLATED CDC25A%REACTOME DATABASE ID RELEASE 93%69601		42	-0.1908575	-0.5856161	0.98415494	1.0	1.0	3962	tags=29%, list=29%, signal=40%	
POSITIVE REGULATION OF AMYLOID PRECURSOR PROTEIN CATABOLIC PROCESS%GOBP%GO:1902993	POSITIVE REGULATION OF AMYLOID PRECURSOR PROTEIN CATABOLIC PROCESS%GOBP%GO:1902993		18	-0.2293607	-0.58519804	0.96153843	1.0	1.0	1546	tags=17%, list=11%, signal=19%	
PROTEIN LOCALIZATION TO NUCLEUS%GOBP%GO:0034504	PROTEIN LOCALIZATION TO NUCLEUS%GOBP%GO:0034504		133	-0.15699074	-0.58516645	1.0	1.0	1.0	3806	tags=23%, list=28%, signal=32%	
PERTURBATIONS TO HOST CELL AUTOPHAGY INDUCED BY SARS COV 2 PROTEINS%WIKIPATHWAYS_20250810%WP4936%HOMO SAPIENS	PERTURBATIONS TO HOST CELL AUTOPHAGY INDUCED BY SARS COV 2 PROTEINS%WIKIPATHWAYS_20250810%WP4936%HOMO SAPIENS		36	-0.20034927	-0.58394426	0.98214287	1.0	1.0	1491	tags=8%, list=11%, signal=9%	
NEGATIVE REGULATION OF TELOMERE MAINTENANCE%GOBP%GO:0032205	NEGATIVE REGULATION OF TELOMERE MAINTENANCE%GOBP%GO:0032205		31	-0.20132224	-0.58375204	0.98185116	1.0	1.0	4324	tags=35%, list=32%, signal=52%	
NICOTINE PHARMACODYNAMICS PATHWAY%PANTHER PATHWAY%P06587	NICOTINE PHARMACODYNAMICS PATHWAY%PANTHER PATHWAY%P06587		17	-0.232603	-0.5828526	0.94331986	1.0	1.0	3251	tags=35%, list=24%, signal=46%	
DNA REPAIR PATHWAYS FULL NETWORK%WIKIPATHWAYS_20250810%WP4946%HOMO SAPIENS	DNA REPAIR PATHWAYS FULL NETWORK%WIKIPATHWAYS_20250810%WP4946%HOMO SAPIENS		93	-0.16428247	-0.58271784	0.9966722	1.0	1.0	3957	tags=25%, list=29%, signal=35%	
AXON GUIDANCE MEDIATED BY SEMAPHORINS%PANTHER PATHWAY%P00007	AXON GUIDANCE MEDIATED BY SEMAPHORINS%PANTHER PATHWAY%P00007		16	-0.23999754	-0.5821527	0.95840865	1.0	1.0	296	tags=6%, list=2%, signal=6%	
PHOSPHATIDYLINOSITOL BIOSYNTHETIC PROCESS%GOBP%GO:0006661	PHOSPHATIDYLINOSITOL BIOSYNTHETIC PROCESS%GOBP%GO:0006661		92	-0.165136	-0.581806	0.9948718	1.0	1.0	3849	tags=26%, list=28%, signal=36%	
REGULATION OF NUCLEOCYTOPLASMIC TRANSPORT%GOBP%GO:0046822	REGULATION OF NUCLEOCYTOPLASMIC TRANSPORT%GOBP%GO:0046822		75	-0.17262296	-0.5808223	0.9967213	1.0	1.0	3868	tags=25%, list=29%, signal=35%	
APC C:CDH1 MEDIATED DEGRADATION OF CDC20 AND OTHER APC C:CDH1 TARGETED PROTEINS IN LATE MITOSIS EARLY G1%REACTOME DATABASE ID RELEASE 93%174178	APC C:CDH1 MEDIATED DEGRADATION OF CDC20 AND OTHER APC C:CDH1 TARGETED PROTEINS IN LATE MITOSIS EARLY G1%REACTOME DATABASE ID RELEASE 93%174178		55	-0.18058719	-0.58048075	0.99455535	1.0	1.0	4191	tags=29%, list=31%, signal=42%	
RNA POLYMERASE II TRANSCRIPTION THE PREINITIATION COMPLEX%WIKIPATHWAYS_20250810%WP5563%HOMO SAPIENS	RNA POLYMERASE II TRANSCRIPTION THE PREINITIATION COMPLEX%WIKIPATHWAYS_20250810%WP5563%HOMO SAPIENS		61	-0.17533508	-0.5802206	0.9932088	1.0	1.0	5170	tags=43%, list=38%, signal=69%	
DEGRADATION OF GLI2 BY THE PROTEASOME%REACTOME%R-HSA-5610783.2	DEGRADATION OF GLI2 BY THE PROTEASOME%REACTOME%R-HSA-5610783.2		45	-0.18676148	-0.5798859	0.98507464	1.0	1.0	3962	tags=29%, list=29%, signal=41%	
PATHWAYS AFFECTED IN ADENOID CYSTIC CARCINOMA%WIKIPATHWAYS_20250810%WP3651%HOMO SAPIENS	PATHWAYS AFFECTED IN ADENOID CYSTIC CARCINOMA%WIKIPATHWAYS_20250810%WP3651%HOMO SAPIENS		47	-0.18137215	-0.5793072	0.9897084	1.0	1.0	4301	tags=34%, list=32%, signal=50%	
TOLL LIKE RECEPTOR 3 (TLR3) CASCADE%REACTOME%R-HSA-168164.6	TOLL LIKE RECEPTOR 3 (TLR3) CASCADE%REACTOME%R-HSA-168164.6		102	-0.16175981	-0.5787143	1.0	1.0	1.0	3564	tags=24%, list=26%, signal=32%	
POSITIVE REGULATION OF DOUBLE-STRAND BREAK REPAIR%GOBP%GO:2000781	POSITIVE REGULATION OF DOUBLE-STRAND BREAK REPAIR%GOBP%GO:2000781		84	-0.16809663	-0.57870245	0.9933993	1.0	1.0	4115	tags=32%, list=30%, signal=46%	
PID_FOXO_PATHWAY%MSIGDB_C2%PID_FOXO_PATHWAY	PID_FOXO_PATHWAY%MSIGDB_C2%PID_FOXO_PATHWAY		36	-0.19474886	-0.57854164	0.98741007	1.0	1.0	3530	tags=22%, list=26%, signal=30%	
REGULATION OF DOUBLE-STRAND BREAK REPAIR%GOBP%GO:2000779	REGULATION OF DOUBLE-STRAND BREAK REPAIR%GOBP%GO:2000779		122	-0.15824771	-0.5777604	1.0	1.0	1.0	5025	tags=42%, list=37%, signal=66%	
PHOSPHATIDYLINOSITOL METABOLIC PROCESS%GOBP%GO:0046488	PHOSPHATIDYLINOSITOL METABOLIC PROCESS%GOBP%GO:0046488		111	-0.16003142	-0.577594	1.0	1.0	1.0	3869	tags=29%, list=29%, signal=40%	
UCH PROTEINASES%REACTOME%R-HSA-5689603.4	UCH PROTEINASES%REACTOME%R-HSA-5689603.4		72	-0.17204593	-0.5773283	0.9982993	1.0	1.0	3962	tags=26%, list=29%, signal=37%	
TOLL LIKE RECEPTOR 9 (TLR9) CASCADE%REACTOME DATABASE ID RELEASE 93%168138	TOLL LIKE RECEPTOR 9 (TLR9) CASCADE%REACTOME DATABASE ID RELEASE 93%168138		106	-0.16103408	-0.57671875	1.0	1.0	1.0	3638	tags=27%, list=27%, signal=37%	
TNF STRESS RELATED SIGNALING%PATHWHIZ%PW064784	TNF STRESS RELATED SIGNALING%PATHWHIZ%PW064784		21	-0.21979168	-0.5745682	0.96768063	1.0	1.0	374	tags=5%, list=3%, signal=5%	
PLASMA MEMBRANE ESTROGEN RECEPTOR SIGNALING%PATHWAY INTERACTION DATABASE NCI-NATURE CURATED DATA%PLASMA MEMBRANE ESTROGEN RECEPTOR SIGNALING	PLASMA MEMBRANE ESTROGEN RECEPTOR SIGNALING%PATHWAY INTERACTION DATABASE NCI-NATURE CURATED DATA%PLASMA MEMBRANE ESTROGEN RECEPTOR SIGNALING		41	-0.18929522	-0.5736879	0.9879518	1.0	1.0	4344	tags=41%, list=32%, signal=61%	
MACROMOLECULE METHYLATION%GOBP%GO:0043414	MACROMOLECULE METHYLATION%GOBP%GO:0043414		97	-0.16120887	-0.57313997	1.0	1.0	1.0	4305	tags=35%, list=32%, signal=51%	
TRNA METHYLATION%GOBP%GO:0030488	TRNA METHYLATION%GOBP%GO:0030488		34	-0.192398	-0.5729632	0.9745917	1.0	1.0	3450	tags=32%, list=25%, signal=43%	
PID_ATR_PATHWAY%MSIGDB_C2%PID_ATR_PATHWAY	PID_ATR_PATHWAY%MSIGDB_C2%PID_ATR_PATHWAY		32	-0.19444071	-0.5725138	0.9775862	1.0	1.0	3263	tags=25%, list=24%, signal=33%	
RAB REGULATION OF TRAFFICKING%REACTOME%R-HSA-9007101.4	RAB REGULATION OF TRAFFICKING%REACTOME%R-HSA-9007101.4		112	-0.156986	-0.57198614	0.99660444	1.0	1.0	3863	tags=21%, list=29%, signal=30%	
ADRENALINE,NORADRENALINE INHIBITS INSULIN SECRETION%REACTOME%R-HSA-400042.6	ADRENALINE,NORADRENALINE INHIBITS INSULIN SECRETION%REACTOME%R-HSA-400042.6		20	-0.21813937	-0.57155186	0.9738806	1.0	1.0	1096	tags=10%, list=8%, signal=11%	
SCF-BETA-TRCP MEDIATED DEGRADATION OF EMI1%REACTOME DATABASE ID RELEASE 93%174113	SCF-BETA-TRCP MEDIATED DEGRADATION OF EMI1%REACTOME DATABASE ID RELEASE 93%174113		40	-0.1872716	-0.5708703	0.99640936	1.0	1.0	3962	tags=30%, list=29%, signal=42%	
RECRUITMENT OF MITOTIC CENTROSOME PROTEINS AND COMPLEXES%REACTOME DATABASE ID RELEASE 93%380270	RECRUITMENT OF MITOTIC CENTROSOME PROTEINS AND COMPLEXES%REACTOME DATABASE ID RELEASE 93%380270		78	-0.16463752	-0.5702066	0.99657536	1.0	1.0	3286	tags=18%, list=24%, signal=24%	
PID_ATM_PATHWAY%MSIGDB_C2%PID_ATM_PATHWAY	PID_ATM_PATHWAY%MSIGDB_C2%PID_ATM_PATHWAY		24	-0.20630339	-0.5694897	0.97153026	1.0	1.0	2568	tags=17%, list=19%, signal=21%	
RECRUITMENT OF NUMA TO MITOTIC CENTROSOMES%REACTOME DATABASE ID RELEASE 93%380320	RECRUITMENT OF NUMA TO MITOTIC CENTROSOMES%REACTOME DATABASE ID RELEASE 93%380320		77	-0.16501814	-0.5692072	0.9982669	1.0	1.0	3286	tags=18%, list=24%, signal=24%	
ASSEMBLY OF THE HIV VIRION%REACTOME DATABASE ID RELEASE 93%175474	ASSEMBLY OF THE HIV VIRION%REACTOME DATABASE ID RELEASE 93%175474		15	-0.2348455	-0.56713855	0.9618875	1.0	1.0	3688	tags=40%, list=27%, signal=55%	
TNFALPHA%NETPATH%TNFALPHA	TNFALPHA%NETPATH%TNFALPHA		163	-0.14972852	-0.56702375	1.0	1.0	1.0	2230	tags=13%, list=16%, signal=15%	
ARF6 DOWNSTREAM PATHWAY%PATHWAY INTERACTION DATABASE NCI-NATURE CURATED DATA%ARF6 DOWNSTREAM PATHWAY	ARF6 DOWNSTREAM PATHWAY%PATHWAY INTERACTION DATABASE NCI-NATURE CURATED DATA%ARF6 DOWNSTREAM PATHWAY		15	-0.23295465	-0.5649008	0.96582735	1.0	1.0	1513	tags=13%, list=11%, signal=15%	
MAINTENANCE OF PROTEIN LOCATION IN NUCLEUS%GOBP%GO:0051457	MAINTENANCE OF PROTEIN LOCATION IN NUCLEUS%GOBP%GO:0051457		20	-0.21812089	-0.5630338	0.9476534	1.0	1.0	5605	tags=45%, list=41%, signal=77%	
CENTROSOME MATURATION%REACTOME DATABASE ID RELEASE 93%380287	CENTROSOME MATURATION%REACTOME DATABASE ID RELEASE 93%380287		78	-0.16463752	-0.5627897	1.0	1.0	1.0	3286	tags=18%, list=24%, signal=24%	
RNA STABILIZATION%GOBP%GO:0043489	RNA STABILIZATION%GOBP%GO:0043489		50	-0.17466138	-0.56137395	0.9893993	1.0	1.0	5204	tags=48%, list=38%, signal=78%	
G2 M DNA DAMAGE CHECKPOINT%REACTOME DATABASE ID RELEASE 93%69473	G2 M DNA DAMAGE CHECKPOINT%REACTOME DATABASE ID RELEASE 93%69473		59	-0.1711418	-0.5612152	0.9933222	1.0	1.0	3263	tags=20%, list=24%, signal=27%	
PID_FANCONI_PATHWAY%MSIGDB_C2%PID_FANCONI_PATHWAY	PID_FANCONI_PATHWAY%MSIGDB_C2%PID_FANCONI_PATHWAY		40	-0.18349683	-0.56021786	0.98720294	1.0	1.0	4481	tags=38%, list=33%, signal=56%	
PROTEIN AUTOUBIQUITINATION%GOBP%GO:0051865	PROTEIN AUTOUBIQUITINATION%GOBP%GO:0051865		58	-0.17709495	-0.55936444	0.99824256	1.0	1.0	3408	tags=22%, list=25%, signal=30%	
RESCUE OF STALLED RIBOSOME%GOBP%GO:0072344	RESCUE OF STALLED RIBOSOME%GOBP%GO:0072344		30	-0.19487232	-0.5590614	0.97754747	1.0	1.0	6003	tags=50%, list=44%, signal=90%	
RNA-TEMPLATED DNA BIOSYNTHETIC PROCESS%GOBP%GO:0006278	RNA-TEMPLATED DNA BIOSYNTHETIC PROCESS%GOBP%GO:0006278		20	-0.2112783	-0.5590032	0.9773519	1.0	1.0	4306	tags=45%, list=32%, signal=66%	
REGULATION OF D-GLUCOSE IMPORT%GOBP%GO:0046324	REGULATION OF D-GLUCOSE IMPORT%GOBP%GO:0046324		28	-0.1955647	-0.55737495	0.9869159	1.0	1.0	3576	tags=29%, list=26%, signal=39%	
MULTIVESICULAR BODY SORTING PATHWAY%GOBP%GO:0071985	MULTIVESICULAR BODY SORTING PATHWAY%GOBP%GO:0071985		44	-0.17608784	-0.5571354	0.9913644	1.0	1.0	2848	tags=18%, list=21%, signal=23%	
DEFECTIVE CFTR CAUSES CYSTIC FIBROSIS%REACTOME DATABASE ID RELEASE 93%5678895	DEFECTIVE CFTR CAUSES CYSTIC FIBROSIS%REACTOME DATABASE ID RELEASE 93%5678895		45	-0.17848611	-0.55707526	0.9948718	1.0	1.0	3962	tags=29%, list=29%, signal=41%	
GLUCOSE 6-PHOSPHATE METABOLIC PROCESS%GOBP%GO:0051156	GLUCOSE 6-PHOSPHATE METABOLIC PROCESS%GOBP%GO:0051156		16	-0.22799194	-0.5568706	0.95169944	1.0	1.0	4556	tags=31%, list=34%, signal=47%	
INTRACELLULAR STEROL TRANSPORT%GOBP%GO:0032366	INTRACELLULAR STEROL TRANSPORT%GOBP%GO:0032366		22	-0.20877527	-0.5549682	0.97262776	1.0	1.0	3533	tags=32%, list=26%, signal=43%	
TRNA PROCESSING%REACTOME DATABASE ID RELEASE 93%72306	TRNA PROCESSING%REACTOME DATABASE ID RELEASE 93%72306		99	-0.15776467	-0.55490404	1.0	1.0	1.0	5529	tags=42%, list=41%, signal=71%	
POTENTIAL THERAPEUTICS FOR SARS%REACTOME%R-HSA-9679191.5	POTENTIAL THERAPEUTICS FOR SARS%REACTOME%R-HSA-9679191.5		88	-0.15739357	-0.5544494	1.0	1.0	1.0	3487	tags=25%, list=26%, signal=33%	
PROTEIN LOCALIZATION TO PHAGOPHORE ASSEMBLY SITE%GOBP%GO:0034497	PROTEIN LOCALIZATION TO PHAGOPHORE ASSEMBLY SITE%GOBP%GO:0034497		16	-0.22378004	-0.5532618	0.9722222	1.0	1.0	1777	tags=13%, list=13%, signal=14%	
TELOMERE MAINTENANCE VIA TELOMERASE%GOBP%GO:0007004	TELOMERE MAINTENANCE VIA TELOMERASE%GOBP%GO:0007004		20	-0.2112783	-0.55300653	0.973822	1.0	1.0	4306	tags=45%, list=32%, signal=66%	
BASE EXCISION REPAIR%WIKIPATHWAYS_20250810%WP4752%HOMO SAPIENS	BASE EXCISION REPAIR%WIKIPATHWAYS_20250810%WP4752%HOMO SAPIENS		27	-0.19471921	-0.5529112	0.9895833	1.0	1.0	312	tags=4%, list=2%, signal=4%	
REGULATORY NCRNA-MEDIATED POST-TRANSCRIPTIONAL GENE SILENCING%GOBP%GO:0035194	REGULATORY NCRNA-MEDIATED POST-TRANSCRIPTIONAL GENE SILENCING%GOBP%GO:0035194		34	-0.19162409	-0.552339	0.9867987	1.0	1.0	3775	tags=26%, list=28%, signal=37%	
DEGRADATION OF CDH1%REACTOME DATABASE ID RELEASE 93%9766229	DEGRADATION OF CDH1%REACTOME DATABASE ID RELEASE 93%9766229		50	-0.1770999	-0.55037117	0.99454546	1.0	1.0	4175	tags=30%, list=31%, signal=43%	
REGULATION OF DNA-TEMPLATED TRANSCRIPTION ELONGATION%GOBP%GO:0032784	REGULATION OF DNA-TEMPLATED TRANSCRIPTION ELONGATION%GOBP%GO:0032784		91	-0.15796736	-0.550185	0.9983525	1.0	1.0	5001	tags=37%, list=37%, signal=59%	
PROTEIN-CONTAINING COMPLEX LOCALIZATION%GOBP%GO:0031503	PROTEIN-CONTAINING COMPLEX LOCALIZATION%GOBP%GO:0031503		34	-0.18512912	-0.5493681	0.99103945	1.0	1.0	2094	tags=15%, list=15%, signal=17%	
REGULATION OF TP53 ACTIVITY%REACTOME DATABASE ID RELEASE 93%5633007	REGULATION OF TP53 ACTIVITY%REACTOME DATABASE ID RELEASE 93%5633007		148	-0.14477102	-0.54928344	1.0	1.0	1.0	4538	tags=31%, list=33%, signal=46%	
BIOCARTA_CTCF_PATHWAY%MSIGDB_C2%BIOCARTA_CTCF_PATHWAY	BIOCARTA_CTCF_PATHWAY%MSIGDB_C2%BIOCARTA_CTCF_PATHWAY		16	-0.22331388	-0.5479155	0.97773653	1.0	1.0	10531	tags=100%, list=78%, signal=448%	
DOUBLE-STRAND BREAK REPAIR VIA HOMOLOGOUS RECOMBINATION%GOBP%GO:0000724	DOUBLE-STRAND BREAK REPAIR VIA HOMOLOGOUS RECOMBINATION%GOBP%GO:0000724		102	-0.15199874	-0.5473085	1.0	1.0	1.0	3960	tags=27%, list=29%, signal=38%	
REGULATION OF CDH1 FUNCTION%REACTOME DATABASE ID RELEASE 93%9764561	REGULATION OF CDH1 FUNCTION%REACTOME DATABASE ID RELEASE 93%9764561		51	-0.1729922	-0.5470594	0.9964413	1.0	1.0	4175	tags=29%, list=31%, signal=42%	
INTERLEUKIN-37 SIGNALING%REACTOME DATABASE ID RELEASE 93%9008059	INTERLEUKIN-37 SIGNALING%REACTOME DATABASE ID RELEASE 93%9008059		18	-0.21820578	-0.5458411	0.96750903	1.0	1.0	3267	tags=33%, list=24%, signal=44%	
HDR THROUGH HOMOLOGOUS RECOMBINATION (HRR) OR SINGLE STRAND ANNEALING (SSA)%REACTOME%R-HSA-5693567.4	HDR THROUGH HOMOLOGOUS RECOMBINATION (HRR) OR SINGLE STRAND ANNEALING (SSA)%REACTOME%R-HSA-5693567.4		94	-0.15465704	-0.54539484	0.99833333	1.0	1.0	2568	tags=16%, list=19%, signal=20%	
BIOCARTA_STRESS_PATHWAY%MSIGDB_C2%BIOCARTA_STRESS_PATHWAY	BIOCARTA_STRESS_PATHWAY%MSIGDB_C2%BIOCARTA_STRESS_PATHWAY		23	-0.20201793	-0.5447087	0.9814815	1.0	1.0	374	tags=4%, list=3%, signal=4%	
GLYCOLIPID BIOSYNTHETIC PROCESS%GOBP%GO:0009247	GLYCOLIPID BIOSYNTHETIC PROCESS%GOBP%GO:0009247		59	-0.16376974	-0.54401976	0.9982578	1.0	1.0	3849	tags=27%, list=28%, signal=38%	
EBSTEIN BARR VIRUS LMP1 SIGNALING%WIKIPATHWAYS_20250810%WP262%HOMO SAPIENS	EBSTEIN BARR VIRUS LMP1 SIGNALING%WIKIPATHWAYS_20250810%WP262%HOMO SAPIENS		18	-0.21651465	-0.54358506	0.9838129	1.0	1.0	4663	tags=33%, list=34%, signal=51%	
MAP3K8 (TPL2)-DEPENDENT MAPK1 3 ACTIVATION%REACTOME DATABASE ID RELEASE 93%5684264	MAP3K8 (TPL2)-DEPENDENT MAPK1 3 ACTIVATION%REACTOME DATABASE ID RELEASE 93%5684264		15	-0.22281335	-0.54287076	0.97508895	1.0	1.0	2013	tags=20%, list=15%, signal=23%	
NEGATIVE REGULATION OF TOR SIGNALING%GOBP%GO:0032007	NEGATIVE REGULATION OF TOR SIGNALING%GOBP%GO:0032007		67	-0.1604892	-0.54277223	0.9982639	1.0	1.0	3352	tags=21%, list=25%, signal=28%	
PROTEIN ACETYLATION%GOBP%GO:0006473	PROTEIN ACETYLATION%GOBP%GO:0006473		25	-0.19553018	-0.54276395	0.99102336	1.0	1.0	3232	tags=24%, list=24%, signal=31%	
REGULATION OF TRANSCRIPTION INITIATION BY RNA POLYMERASE II%GOBP%GO:0060260	REGULATION OF TRANSCRIPTION INITIATION BY RNA POLYMERASE II%GOBP%GO:0060260		64	-0.16231984	-0.5420411	0.9983361	1.0	1.0	5316	tags=41%, list=39%, signal=67%	
CELLULAR RESPONSE TO HEAT STRESS%REACTOME DATABASE ID RELEASE 93%3371556	CELLULAR RESPONSE TO HEAT STRESS%REACTOME DATABASE ID RELEASE 93%3371556		85	-0.15608804	-0.5412618	0.9984051	1.0	1.0	4792	tags=33%, list=35%, signal=51%	
PROCESSING OF CAPPED INTRONLESS PRE-MRNA%REACTOME DATABASE ID RELEASE 93%75067	PROCESSING OF CAPPED INTRONLESS PRE-MRNA%REACTOME DATABASE ID RELEASE 93%75067		28	-0.18996167	-0.54115665	0.9836956	1.0	1.0	3226	tags=18%, list=24%, signal=23%	
BUDDING AND MATURATION OF HIV VIRION%REACTOME%R-HSA-162588.4	BUDDING AND MATURATION OF HIV VIRION%REACTOME%R-HSA-162588.4		26	-0.194503	-0.5402625	0.9837838	1.0	1.0	3688	tags=35%, list=27%, signal=47%	
REGULATION OF TP53 EXPRESSION AND DEGRADATION%REACTOME DATABASE ID RELEASE 93%6806003	REGULATION OF TP53 EXPRESSION AND DEGRADATION%REACTOME DATABASE ID RELEASE 93%6806003		35	-0.18212754	-0.5393123	0.9846154	1.0	1.0	11092	tags=100%, list=82%, signal=549%	
POSITIVE REGULATION OF RELEASE OF CYTOCHROME C FROM MITOCHONDRIA%GOBP%GO:0090200	POSITIVE REGULATION OF RELEASE OF CYTOCHROME C FROM MITOCHONDRIA%GOBP%GO:0090200		19	-0.20823829	-0.53925127	0.9813084	1.0	1.0	3227	tags=26%, list=24%, signal=34%	
DEFECTIVE HOMOLOGOUS RECOMBINATION REPAIR (HRR) DUE TO BRCA2 LOSS OF FUNCTION%REACTOME%R-HSA-9701190.3	DEFECTIVE HOMOLOGOUS RECOMBINATION REPAIR (HRR) DUE TO BRCA2 LOSS OF FUNCTION%REACTOME%R-HSA-9701190.3		38	-0.17671835	-0.5388884	0.9965217	1.0	1.0	4538	tags=37%, list=33%, signal=55%	
PEPTIDYL-THREONINE PHOSPHORYLATION%GOBP%GO:0018107	PEPTIDYL-THREONINE PHOSPHORYLATION%GOBP%GO:0018107		18	-0.21155182	-0.5379719	0.975	1.0	1.0	2107	tags=17%, list=16%, signal=20%	
HOMOLOGOUS DNA PAIRING AND STRAND EXCHANGE%REACTOME%R-HSA-5693579.5	HOMOLOGOUS DNA PAIRING AND STRAND EXCHANGE%REACTOME%R-HSA-5693579.5		40	-0.17858765	-0.53666073	0.9896014	1.0	1.0	4538	tags=38%, list=33%, signal=56%	
REGULATION OF RNA STABILITY%GOBP%GO:0043487	REGULATION OF RNA STABILITY%GOBP%GO:0043487		139	-0.14445291	-0.53643686	1.0	1.0	1.0	5289	tags=41%, list=39%, signal=67%	
DISEASES OF DNA DOUBLE-STRAND BREAK REPAIR%REACTOME%R-HSA-9675136.4	DISEASES OF DNA DOUBLE-STRAND BREAK REPAIR%REACTOME%R-HSA-9675136.4		38	-0.17671835	-0.5363805	0.99819165	1.0	1.0	4538	tags=37%, list=33%, signal=55%	
ANTIVIRAL MECHANISM BY IFN-STIMULATED GENES%REACTOME DATABASE ID RELEASE 93%1169410	ANTIVIRAL MECHANISM BY IFN-STIMULATED GENES%REACTOME DATABASE ID RELEASE 93%1169410		122	-0.14405385	-0.5363287	1.0	1.0	1.0	4486	tags=29%, list=33%, signal=42%	
PEPTIDYL-THREONINE MODIFICATION%GOBP%GO:0018210	PEPTIDYL-THREONINE MODIFICATION%GOBP%GO:0018210		18	-0.21155182	-0.536309	0.97020483	1.0	1.0	2107	tags=17%, list=16%, signal=20%	
TP53 REGULATES TRANSCRIPTION OF DNA REPAIR GENES%REACTOME%R-HSA-6796648.5	TP53 REGULATES TRANSCRIPTION OF DNA REPAIR GENES%REACTOME%R-HSA-6796648.5		61	-0.16154163	-0.5362494	0.9982818	1.0	1.0	3822	tags=31%, list=28%, signal=43%	
RECOGNITION OF DNA DAMAGE BY PCNA-CONTAINING REPLICATION COMPLEX%REACTOME%R-HSA-110314.5	RECOGNITION OF DNA DAMAGE BY PCNA-CONTAINING REPLICATION COMPLEX%REACTOME%R-HSA-110314.5		29	-0.19032477	-0.53623396	0.9747748	1.0	1.0	3957	tags=31%, list=29%, signal=44%	
REGULATION OF TP53 DEGRADATION%REACTOME DATABASE ID RELEASE 93%6804757	REGULATION OF TP53 DEGRADATION%REACTOME DATABASE ID RELEASE 93%6804757		34	-0.18211406	-0.5347035	0.9915541	1.0	1.0	11092	tags=100%, list=82%, signal=549%	
16P13 11 COPY NUMBER VARIATION SYNDROME %WIKIPATHWAYS_20250810%WP5502%HOMO SAPIENS	16P13 11 COPY NUMBER VARIATION SYNDROME %WIKIPATHWAYS_20250810%WP5502%HOMO SAPIENS		24	-0.19304767	-0.5346726	0.987156	1.0	1.0	1297	tags=8%, list=10%, signal=9%	
PROTEIN IMPORT INTO NUCLEUS%GOBP%GO:0006606	PROTEIN IMPORT INTO NUCLEUS%GOBP%GO:0006606		70	-0.16160867	-0.53395677	1.0	1.0	1.0	4068	tags=27%, list=30%, signal=39%	
EUKARYOTIC TRANSCRIPTION INITIATION%WIKIPATHWAYS_20250810%WP405%HOMO SAPIENS	EUKARYOTIC TRANSCRIPTION INITIATION%WIKIPATHWAYS_20250810%WP405%HOMO SAPIENS		32	-0.1820768	-0.53103566	0.99473685	1.0	1.0	5418	tags=56%, list=40%, signal=93%	
PORE COMPLEX ASSEMBLY%GOBP%GO:0046931	PORE COMPLEX ASSEMBLY%GOBP%GO:0046931		19	-0.20523348	-0.528077	0.9789104	1.0	1.0	3283	tags=26%, list=24%, signal=35%	
SCF-DEPENDENT PROTEASOMAL UBIQUITIN-DEPENDENT PROTEIN CATABOLIC PROCESS%GOBP%GO:0031146	SCF-DEPENDENT PROTEASOMAL UBIQUITIN-DEPENDENT PROTEIN CATABOLIC PROCESS%GOBP%GO:0031146		38	-0.17969131	-0.5279934	0.9964158	1.0	1.0	3893	tags=29%, list=29%, signal=40%	
REGULATION OF INTRACELLULAR STEROID HORMONE RECEPTOR SIGNALING PATHWAY%GOBP%GO:0033143	REGULATION OF INTRACELLULAR STEROID HORMONE RECEPTOR SIGNALING PATHWAY%GOBP%GO:0033143		58	-0.16078953	-0.5275536	0.9983361	1.0	1.0	4317	tags=29%, list=32%, signal=43%	
CYTOSOLIC TRNA AMINOACYLATION%REACTOME%R-HSA-379716.3	CYTOSOLIC TRNA AMINOACYLATION%REACTOME%R-HSA-379716.3		22	-0.19606496	-0.52611387	0.98049647	1.0	1.0	2034	tags=14%, list=15%, signal=16%	
HALLMARK_MYC_TARGETS_V2%MSIGDBHALLMARK%HALLMARK_MYC_TARGETS_V2	HALLMARK_MYC_TARGETS_V2%MSIGDBHALLMARK%HALLMARK_MYC_TARGETS_V2		46	-0.17097884	-0.52559036	0.99637026	1.0	1.0	2574	tags=17%, list=19%, signal=21%	
REGULATION OF ANDROGEN RECEPTOR SIGNALING PATHWAY%GOBP%GO:0060765	REGULATION OF ANDROGEN RECEPTOR SIGNALING PATHWAY%GOBP%GO:0060765		30	-0.18285447	-0.5253775	0.98545456	1.0	1.0	5619	tags=57%, list=41%, signal=97%	
NS1 MEDIATED EFFECTS ON HOST PATHWAYS%REACTOME DATABASE ID RELEASE 93%168276	NS1 MEDIATED EFFECTS ON HOST PATHWAYS%REACTOME DATABASE ID RELEASE 93%168276		37	-0.17342232	-0.5248864	0.9946619	1.0	1.0	4068	tags=30%, list=30%, signal=42%	
TRNA PROCESSING%GOBP%GO:0008033	TRNA PROCESSING%GOBP%GO:0008033		110	-0.14486597	-0.52479726	1.0	1.0	1.0	4032	tags=28%, list=30%, signal=40%	
CELLULAR RESPONSE TO GLUCOSE STARVATION%GOBP%GO:0042149	CELLULAR RESPONSE TO GLUCOSE STARVATION%GOBP%GO:0042149		40	-0.17285283	-0.52448577	0.9930435	1.0	1.0	3638	tags=25%, list=27%, signal=34%	
BIOCARTA_EDG1_PATHWAY%MSIGDB_C2%BIOCARTA_EDG1_PATHWAY	BIOCARTA_EDG1_PATHWAY%MSIGDB_C2%BIOCARTA_EDG1_PATHWAY		17	-0.21156944	-0.52407473	0.9836956	1.0	1.0	2642	tags=24%, list=19%, signal=29%	
AUF1 (HNRNP D0) BINDS AND DESTABILIZES MRNA%REACTOME%R-HSA-450408.5	AUF1 (HNRNP D0) BINDS AND DESTABILIZES MRNA%REACTOME%R-HSA-450408.5		40	-0.17035748	-0.5221038	0.9982639	1.0	1.0	3962	tags=28%, list=29%, signal=39%	
NEGATIVE REGULATION OF INTRACELLULAR TRANSPORT%GOBP%GO:0032387	NEGATIVE REGULATION OF INTRACELLULAR TRANSPORT%GOBP%GO:0032387		37	-0.17249382	-0.52179724	0.9964539	1.0	1.0	3045	tags=19%, list=22%, signal=24%	
DNA MISMATCH REPAIR%WIKIPATHWAYS_20250810%WP531%HOMO SAPIENS	DNA MISMATCH REPAIR%WIKIPATHWAYS_20250810%WP531%HOMO SAPIENS		18	-0.20367478	-0.51949	0.9846416	1.0	1.0	4969	tags=44%, list=37%, signal=70%	
HDR THROUGH HOMOLOGOUS RECOMBINATION (HRR)%REACTOME%R-HSA-5685942.4	HDR THROUGH HOMOLOGOUS RECOMBINATION (HRR)%REACTOME%R-HSA-5685942.4		62	-0.15588793	-0.5193477	1.0	1.0	1.0	2168	tags=16%, list=16%, signal=19%	
EXIT FROM HOST CELL%GOBP%GO:0035891	EXIT FROM HOST CELL%GOBP%GO:0035891		25	-0.18393855	-0.51811457	0.9791667	1.0	1.0	3706	tags=36%, list=27%, signal=49%	
DOUBLE-STRAND BREAK REPAIR%GOBP%GO:0006302	DOUBLE-STRAND BREAK REPAIR%GOBP%GO:0006302		180	-0.13545033	-0.51765394	1.0	1.0	1.0	3960	tags=26%, list=29%, signal=36%	
ABERRANT REGULATION OF MITOTIC EXIT IN CANCER DUE TO RB1 DEFECTS%REACTOME DATABASE ID RELEASE 93%9687136	ABERRANT REGULATION OF MITOTIC EXIT IN CANCER DUE TO RB1 DEFECTS%REACTOME DATABASE ID RELEASE 93%9687136		17	-0.20532995	-0.51751876	0.9798165	1.0	1.0	623	tags=6%, list=5%, signal=6%	
REGULATION OF BETA-CELL DEVELOPMENT%REACTOME%R-HSA-186712.4	REGULATION OF BETA-CELL DEVELOPMENT%REACTOME%R-HSA-186712.4		19	-0.19882786	-0.5163885	0.9767025	1.0	1.0	1423	tags=11%, list=10%, signal=12%	
PID_IFNG_PATHWAY%MSIGDB_C2%PID_IFNG_PATHWAY	PID_IFNG_PATHWAY%MSIGDB_C2%PID_IFNG_PATHWAY		26	-0.18330178	-0.5127026	0.989228	1.0	1.0	411	tags=4%, list=3%, signal=4%	
VIRAL RELEASE FROM HOST CELL%GOBP%GO:0019076	VIRAL RELEASE FROM HOST CELL%GOBP%GO:0019076		25	-0.18393855	-0.5103745	0.98239434	1.0	1.0	3706	tags=36%, list=27%, signal=49%	
REGULATION OF TRANSCRIPTION ELONGATION BY RNA POLYMERASE II%GOBP%GO:0034243	REGULATION OF TRANSCRIPTION ELONGATION BY RNA POLYMERASE II%GOBP%GO:0034243		80	-0.14937316	-0.5092784	1.0	1.0	1.0	5001	tags=36%, list=37%, signal=57%	
HH MUTANTS ARE DEGRADED BY ERAD%REACTOME DATABASE ID RELEASE 93%5362768	HH MUTANTS ARE DEGRADED BY ERAD%REACTOME DATABASE ID RELEASE 93%5362768		41	-0.16254559	-0.50916564	0.99647266	1.0	1.0	3962	tags=27%, list=29%, signal=38%	
RNA LOCALIZATION%GOBP%GO:0006403	RNA LOCALIZATION%GOBP%GO:0006403		114	-0.1379112	-0.5081376	1.0	1.0	1.0	5295	tags=42%, list=39%, signal=69%	
TRANSLOCATION OF SLC2A4 (GLUT4) TO THE PLASMA MEMBRANE%REACTOME%R-HSA-1445148.4	TRANSLOCATION OF SLC2A4 (GLUT4) TO THE PLASMA MEMBRANE%REACTOME%R-HSA-1445148.4		49	-0.15999277	-0.5074562	1.0	1.0	1.0	116	tags=2%, list=1%, signal=2%	
POSITIVE REGULATION OF TRANSLATION%GOBP%GO:0045727	POSITIVE REGULATION OF TRANSLATION%GOBP%GO:0045727		100	-0.14154257	-0.5072969	1.0	1.0	1.0	4236	tags=31%, list=31%, signal=45%	
TRANSCRIPTION PREINITIATION COMPLEX ASSEMBLY%GOBP%GO:0070897	TRANSCRIPTION PREINITIATION COMPLEX ASSEMBLY%GOBP%GO:0070897		51	-0.15804036	-0.5071082	0.996357	1.0	1.0	4667	tags=35%, list=34%, signal=54%	
FANCONI ANEMIA PATHWAY%PATHWAY INTERACTION DATABASE NCI-NATURE CURATED DATA%FANCONI ANEMIA PATHWAY	FANCONI ANEMIA PATHWAY%PATHWAY INTERACTION DATABASE NCI-NATURE CURATED DATA%FANCONI ANEMIA PATHWAY		45	-0.16078281	-0.5051537	0.9982669	1.0	1.0	4481	tags=33%, list=33%, signal=50%	
LOSS OF PROTEINS REQUIRED FOR INTERPHASE MICROTUBULE ORGANIZATION FROM THE CENTROSOME%REACTOME%R-HSA-380284.3	LOSS OF PROTEINS REQUIRED FOR INTERPHASE MICROTUBULE ORGANIZATION FROM THE CENTROSOME%REACTOME%R-HSA-380284.3		66	-0.14821291	-0.502668	0.99832773	1.0	1.0	3286	tags=18%, list=24%, signal=24%	
CHROMOSOME MAINTENANCE%REACTOME DATABASE ID RELEASE 93%73886	CHROMOSOME MAINTENANCE%REACTOME DATABASE ID RELEASE 93%73886		90	-0.14331919	-0.501277	1.0	1.0	1.0	2989	tags=19%, list=22%, signal=24%	
ATR SIGNALING PATHWAY%PATHWAY INTERACTION DATABASE NCI-NATURE CURATED DATA%ATR SIGNALING PATHWAY	ATR SIGNALING PATHWAY%PATHWAY INTERACTION DATABASE NCI-NATURE CURATED DATA%ATR SIGNALING PATHWAY		37	-0.16660434	-0.49966845	0.99473685	1.0	1.0	3263	tags=22%, list=24%, signal=28%	
LOSS OF NLP FROM MITOTIC CENTROSOMES%REACTOME DATABASE ID RELEASE 93%380259	LOSS OF NLP FROM MITOTIC CENTROSOMES%REACTOME DATABASE ID RELEASE 93%380259		66	-0.14821291	-0.49914256	1.0	1.0	1.0	3286	tags=18%, list=24%, signal=24%	
VESICLE TETHERING%GOBP%GO:0099022	VESICLE TETHERING%GOBP%GO:0099022		29	-0.17931084	-0.4975082	0.99464285	1.0	1.0	11129	tags=100%, list=82%, signal=558%	
REGULATION OF INTRACELLULAR ESTROGEN RECEPTOR SIGNALING PATHWAY%GOBP%GO:0033146	REGULATION OF INTRACELLULAR ESTROGEN RECEPTOR SIGNALING PATHWAY%GOBP%GO:0033146		23	-0.18406963	-0.49689665	0.98899084	1.0	1.0	3846	tags=22%, list=28%, signal=30%	
PHOSPHORYLATION OF THE APC C%REACTOME DATABASE ID RELEASE 93%176412	PHOSPHORYLATION OF THE APC C%REACTOME DATABASE ID RELEASE 93%176412		17	-0.200232	-0.49577	0.9875666	1.0	1.0	623	tags=6%, list=5%, signal=6%	
APC C:CDC20 MEDIATED DEGRADATION OF MITOTIC PROTEINS%REACTOME%R-HSA-176409.5	APC C:CDC20 MEDIATED DEGRADATION OF MITOTIC PROTEINS%REACTOME%R-HSA-176409.5		56	-0.152218	-0.49334705	0.99831367	1.0	1.0	4191	tags=30%, list=31%, signal=44%	
BOSUTINIB INHIBITION OF BCR-ABL%PATHWHIZ%PW032596	BOSUTINIB INHIBITION OF BCR-ABL%PATHWHIZ%PW032596		18	-0.18858367	-0.49192342	0.9904215	1.0	1.0	2554	tags=17%, list=19%, signal=21%	
PID_MYC_PATHWAY%MSIGDB_C2%PID_MYC_PATHWAY	PID_MYC_PATHWAY%MSIGDB_C2%PID_MYC_PATHWAY		20	-0.1855339	-0.489073	0.98734176	1.0	1.0	5605	tags=55%, list=41%, signal=94%	
ACTIVATION OF APC C AND APC C:CDC20 MEDIATED DEGRADATION OF MITOTIC PROTEINS%REACTOME DATABASE ID RELEASE 93%176814	ACTIVATION OF APC C AND APC C:CDC20 MEDIATED DEGRADATION OF MITOTIC PROTEINS%REACTOME DATABASE ID RELEASE 93%176814		57	-0.14962514	-0.48687786	1.0	1.0	1.0	4191	tags=30%, list=31%, signal=43%	
BAFETINIB INHIBITION OF BCR-ABL%PATHWHIZ%PW032597	BAFETINIB INHIBITION OF BCR-ABL%PATHWHIZ%PW032597		18	-0.18858367	-0.48653397	0.987061	1.0	1.0	2554	tags=17%, list=19%, signal=21%	
RNA POLYMERASE II TRANSCRIBES SNRNA GENES%REACTOME%R-HSA-6807505.4	RNA POLYMERASE II TRANSCRIBES SNRNA GENES%REACTOME%R-HSA-6807505.4		72	-0.14332367	-0.48533928	1.0	1.0	1.0	5240	tags=42%, list=39%, signal=68%	
CELLULAR RESPONSE TO LAMINAR FLUID SHEAR STRESS%GOBP%GO:0071499	CELLULAR RESPONSE TO LAMINAR FLUID SHEAR STRESS%GOBP%GO:0071499		26	-0.17520222	-0.48234826	0.9980695	1.0	1.0	2936	tags=19%, list=22%, signal=25%	
PONATINIB INHIBITION OF BCR-ABL%PATHWHIZ%PW032598	PONATINIB INHIBITION OF BCR-ABL%PATHWHIZ%PW032598		18	-0.18858367	-0.48155963	0.9910873	1.0	1.0	2554	tags=17%, list=19%, signal=21%	
TSLP%NETPATH%TSLP	TSLP%NETPATH%TSLP		16	-0.19251445	-0.48111755	0.982659	1.0	1.0	2792	tags=19%, list=21%, signal=24%	
PID_EPHA2_FWD_PATHWAY%MSIGDB_C2%PID_EPHA2_FWD_PATHWAY	PID_EPHA2_FWD_PATHWAY%MSIGDB_C2%PID_EPHA2_FWD_PATHWAY		15	-0.1968031	-0.4810224	0.9844358	1.0	1.0	4344	tags=33%, list=32%, signal=49%	
VESICLE TARGETING%GOBP%GO:0006903	VESICLE TARGETING%GOBP%GO:0006903		54	-0.14904808	-0.48088485	1.0	1.0	1.0	11542	tags=100%, list=85%, signal=671%	
GLUCOSE CATABOLIC PROCESS TO PYRUVATE%GOBP%GO:0061718	GLUCOSE CATABOLIC PROCESS TO PYRUVATE%GOBP%GO:0061718		16	-0.19425096	-0.47834778	0.98501873	1.0	1.0	2923	tags=19%, list=22%, signal=24%	
VASCULAR ENDOTHELIAL CELL RESPONSE TO LAMINAR FLUID SHEAR STRESS%GOBP%GO:0097700	VASCULAR ENDOTHELIAL CELL RESPONSE TO LAMINAR FLUID SHEAR STRESS%GOBP%GO:0097700		19	-0.18575996	-0.4778592	0.9928058	1.0	1.0	3604	tags=21%, list=27%, signal=29%	
CANONICAL GLYCOLYSIS%GOBP%GO:0061621	CANONICAL GLYCOLYSIS%GOBP%GO:0061621		16	-0.19425096	-0.47758588	0.99038464	1.0	1.0	2923	tags=19%, list=22%, signal=24%	
DASATINIB INHIBITION OF BCR-ABL%PATHWHIZ%PW032594	DASATINIB INHIBITION OF BCR-ABL%PATHWHIZ%PW032594		18	-0.18858367	-0.4773621	0.9876325	1.0	1.0	2554	tags=17%, list=19%, signal=21%	
PID_IGF1_PATHWAY%MSIGDB_C2%PID_IGF1_PATHWAY	PID_IGF1_PATHWAY%MSIGDB_C2%PID_IGF1_PATHWAY		21	-0.17829068	-0.47697726	0.9948454	1.0	1.0	4344	tags=33%, list=32%, signal=49%	
BCR-ABL ACTION IN CML PATHOGENESIS%SMPDB%SMP0031692	BCR-ABL ACTION IN CML PATHOGENESIS%SMPDB%SMP0031692		18	-0.18858367	-0.4768211	0.9905123	1.0	1.0	2554	tags=17%, list=19%, signal=21%	
SYNDECAN-2-MEDIATED SIGNALING EVENTS%PATHWAY INTERACTION DATABASE NCI-NATURE CURATED DATA%SYNDECAN-2-MEDIATED SIGNALING EVENTS	SYNDECAN-2-MEDIATED SIGNALING EVENTS%PATHWAY INTERACTION DATABASE NCI-NATURE CURATED DATA%SYNDECAN-2-MEDIATED SIGNALING EVENTS		29	-0.1689102	-0.47611085	0.9965398	1.0	1.0	3700	tags=28%, list=27%, signal=38%	
PROCESSIVE SYNTHESIS ON THE C-STRAND OF THE TELOMERE%REACTOME DATABASE ID RELEASE 93%174414	PROCESSIVE SYNTHESIS ON THE C-STRAND OF THE TELOMERE%REACTOME DATABASE ID RELEASE 93%174414		18	-0.18686058	-0.4746252	0.99284434	1.0	1.0	3931	tags=33%, list=29%, signal=47%	
DEGRADATION OF DVL%REACTOME DATABASE ID RELEASE 93%4641258	DEGRADATION OF DVL%REACTOME DATABASE ID RELEASE 93%4641258		42	-0.15245463	-0.47449005	0.99640936	1.0	1.0	3962	tags=26%, list=29%, signal=37%	
DUAL INCISION IN GG-NER%REACTOME DATABASE ID RELEASE 93%5696400	DUAL INCISION IN GG-NER%REACTOME DATABASE ID RELEASE 93%5696400		40	-0.156482	-0.47446418	0.99814814	1.0	1.0	4620	tags=35%, list=34%, signal=53%	
PI3 KINASE PATHWAY%PANTHER PATHWAY%P00048	PI3 KINASE PATHWAY%PANTHER PATHWAY%P00048		35	-0.15726769	-0.47416416	0.9981447	1.0	1.0	4304	tags=31%, list=32%, signal=46%	
REGULATION OF AUTOPHAGOSOME ASSEMBLY%GOBP%GO:2000785	REGULATION OF AUTOPHAGOSOME ASSEMBLY%GOBP%GO:2000785		43	-0.15333664	-0.47372144	1.0	1.0	1.0	999	tags=5%, list=7%, signal=5%	
RNA POLYMERASE II PREINITIATION COMPLEX ASSEMBLY%GOBP%GO:0051123	RNA POLYMERASE II PREINITIATION COMPLEX ASSEMBLY%GOBP%GO:0051123		48	-0.15273373	-0.47363707	0.9982639	1.0	1.0	5316	tags=44%, list=39%, signal=72%	
NILOTINIB INHIBITION OF BCR-ABL%PATHWHIZ%PW032595	NILOTINIB INHIBITION OF BCR-ABL%PATHWHIZ%PW032595		18	-0.18858367	-0.473451	0.9946524	1.0	1.0	2554	tags=17%, list=19%, signal=21%	
POLYMERASE SWITCHING ON THE C-STRAND OF THE TELOMERE%REACTOME DATABASE ID RELEASE 93%174411	POLYMERASE SWITCHING ON THE C-STRAND OF THE TELOMERE%REACTOME DATABASE ID RELEASE 93%174411		23	-0.17520188	-0.47320732	0.99119717	1.0	1.0	4217	tags=35%, list=31%, signal=50%	
BIOCARTA_IGF1R_PATHWAY%MSIGDB_C2%BIOCARTA_IGF1R_PATHWAY	BIOCARTA_IGF1R_PATHWAY%MSIGDB_C2%BIOCARTA_IGF1R_PATHWAY		17	-0.18920127	-0.47145474	0.9895105	1.0	1.0	4344	tags=41%, list=32%, signal=61%	
ER QUALITY CONTROL COMPARTMENT (ERQC)%REACTOME%R-HSA-901032.7	ER QUALITY CONTROL COMPARTMENT (ERQC)%REACTOME%R-HSA-901032.7		21	-0.18153527	-0.4714195	0.9892857	1.0	1.0	3344	tags=24%, list=25%, signal=32%	
RNA TRANSPORT%GOBP%GO:0050658	RNA TRANSPORT%GOBP%GO:0050658		90	-0.132985	-0.46941486	1.0	1.0	1.0	3830	tags=26%, list=28%, signal=35%	
PKR-MEDIATED SIGNALING%REACTOME DATABASE ID RELEASE 93%9833482	PKR-MEDIATED SIGNALING%REACTOME DATABASE ID RELEASE 93%9833482		51	-0.14705297	-0.46921566	1.0	1.0	1.0	4481	tags=29%, list=33%, signal=44%	
IL17 SIGNALING%WIKIPATHWAYS_20250810%WP2112%HOMO SAPIENS	IL17 SIGNALING%WIKIPATHWAYS_20250810%WP2112%HOMO SAPIENS		22	-0.17845434	-0.46853274	0.9947183	1.0	1.0	1259	tags=9%, list=9%, signal=10%	
REGULATION OF ANOIKIS%GOBP%GO:2000209	REGULATION OF ANOIKIS%GOBP%GO:2000209		19	-0.17917661	-0.46825665	0.9928952	1.0	1.0	3108	tags=21%, list=23%, signal=27%	
REGULATION OF APC C ACTIVATORS BETWEEN G1 S AND EARLY ANAPHASE%REACTOME DATABASE ID RELEASE 93%176408	REGULATION OF APC C ACTIVATORS BETWEEN G1 S AND EARLY ANAPHASE%REACTOME DATABASE ID RELEASE 93%176408		62	-0.14189236	-0.46586975	1.0	1.0	1.0	4191	tags=29%, list=31%, signal=42%	
GLYCOLYTIC PROCESS THROUGH FRUCTOSE-6-PHOSPHATE%GOBP%GO:0061615	GLYCOLYTIC PROCESS THROUGH FRUCTOSE-6-PHOSPHATE%GOBP%GO:0061615		17	-0.1831848	-0.46573338	0.99636364	1.0	1.0	2923	tags=18%, list=22%, signal=22%	
NUCLEIC ACID TRANSPORT%GOBP%GO:0050657	NUCLEIC ACID TRANSPORT%GOBP%GO:0050657		90	-0.132985	-0.46469525	1.0	1.0	1.0	3830	tags=26%, list=28%, signal=35%	
GLYCOLYTIC PROCESS THROUGH GLUCOSE-6-PHOSPHATE%GOBP%GO:0061620	GLYCOLYTIC PROCESS THROUGH GLUCOSE-6-PHOSPHATE%GOBP%GO:0061620		17	-0.1831848	-0.46193415	0.9944751	1.0	1.0	2923	tags=18%, list=22%, signal=22%	
EXTENSION OF TELOMERES%REACTOME DATABASE ID RELEASE 93%180786	EXTENSION OF TELOMERES%REACTOME DATABASE ID RELEASE 93%180786		45	-0.14893502	-0.4611634	0.9982332	1.0	1.0	4969	tags=42%, list=37%, signal=66%	
POSITIVE REGULATION OF TRANSCRIPTION BY RNA POLYMERASE I%GOBP%GO:0045943	POSITIVE REGULATION OF TRANSCRIPTION BY RNA POLYMERASE I%GOBP%GO:0045943		32	-0.15811944	-0.45952037	1.0	1.0	1.0	1580	tags=9%, list=12%, signal=11%	
REGULATION OF TRANSCRIPTION BY RNA POLYMERASE III%GOBP%GO:0006359	REGULATION OF TRANSCRIPTION BY RNA POLYMERASE III%GOBP%GO:0006359		27	-0.16339438	-0.45711654	0.9982699	1.0	1.0	5080	tags=41%, list=37%, signal=65%	
VASCULAR ENDOTHELIAL CELL RESPONSE TO FLUID SHEAR STRESS%GOBP%GO:0097699	VASCULAR ENDOTHELIAL CELL RESPONSE TO FLUID SHEAR STRESS%GOBP%GO:0097699		23	-0.16807096	-0.45639592	0.9965398	1.0	1.0	11280	tags=100%, list=83%, signal=595%	
HYPOXIC AND OXYGEN HOMEOSTASIS REGULATION OF HIF-1-ALPHA%PATHWAY INTERACTION DATABASE NCI-NATURE CURATED DATA%HYPOXIC AND OXYGEN HOMEOSTASIS REGULATION OF HIF-1-ALPHA	HYPOXIC AND OXYGEN HOMEOSTASIS REGULATION OF HIF-1-ALPHA%PATHWAY INTERACTION DATABASE NCI-NATURE CURATED DATA%HYPOXIC AND OXYGEN HOMEOSTASIS REGULATION OF HIF-1-ALPHA		18	-0.17732415	-0.45598754	0.9965157	1.0	1.0	5238	tags=50%, list=39%, signal=81%	
REGULATION OF TRANSCRIPTION BY RNA POLYMERASE I%GOBP%GO:0006356	REGULATION OF TRANSCRIPTION BY RNA POLYMERASE I%GOBP%GO:0006356		40	-0.15151761	-0.45527366	1.0	1.0	1.0	5172	tags=38%, list=38%, signal=60%	
AUTOPHAGY OF MITOCHONDRION%GOBP%GO:0000422	AUTOPHAGY OF MITOCHONDRION%GOBP%GO:0000422		61	-0.1378645	-0.4529612	1.0	1.0	1.0	4254	tags=31%, list=31%, signal=45%	
ORGANELLE DISASSEMBLY%GOBP%GO:1903008	ORGANELLE DISASSEMBLY%GOBP%GO:1903008		66	-0.13454986	-0.45185414	1.0	1.0	1.0	4881	tags=36%, list=36%, signal=57%	
NEGATIVE REGULATION OF DOUBLE-STRAND BREAK REPAIR%GOBP%GO:2000780	NEGATIVE REGULATION OF DOUBLE-STRAND BREAK REPAIR%GOBP%GO:2000780		28	-0.15791026	-0.45170766	0.99142367	1.0	1.0	4963	tags=43%, list=37%, signal=67%	
REGULATION OF CELLULAR RESPONSE TO HEAT%GOBP%GO:1900034	REGULATION OF CELLULAR RESPONSE TO HEAT%GOBP%GO:1900034		15	-0.18720019	-0.4506189	0.9905838	1.0	1.0	5012	tags=33%, list=37%, signal=53%	
HH MUTANTS ABROGATE LIGAND SECRETION%REACTOME DATABASE ID RELEASE 93%5387390	HH MUTANTS ABROGATE LIGAND SECRETION%REACTOME DATABASE ID RELEASE 93%5387390		42	-0.1487729	-0.44852	1.0	1.0	1.0	3962	tags=26%, list=29%, signal=37%	
OXYGEN-DEPENDENT PROLINE HYDROXYLATION OF HYPOXIA-INDUCIBLE FACTOR ALPHA%REACTOME DATABASE ID RELEASE 93%1234176	OXYGEN-DEPENDENT PROLINE HYDROXYLATION OF HYPOXIA-INDUCIBLE FACTOR ALPHA%REACTOME DATABASE ID RELEASE 93%1234176		52	-0.13922785	-0.44573137	1.0	1.0	1.0	3962	tags=25%, list=29%, signal=35%	
C-MYC PATHWAY%PATHWAY INTERACTION DATABASE NCI-NATURE CURATED DATA%C-MYC PATHWAY	C-MYC PATHWAY%PATHWAY INTERACTION DATABASE NCI-NATURE CURATED DATA%C-MYC PATHWAY		24	-0.16401282	-0.44349936	1.0	1.0	1.0	3825	tags=29%, list=28%, signal=41%	
ENDOCYTIC RECYCLING%GOBP%GO:0032456	ENDOCYTIC RECYCLING%GOBP%GO:0032456		64	-0.13352013	-0.4404151	0.9982639	1.0	1.0	4503	tags=27%, list=33%, signal=40%	
NUCLEAR EXPORT%GOBP%GO:0051168	NUCLEAR EXPORT%GOBP%GO:0051168		101	-0.1229881	-0.4399297	1.0	1.0	1.0	5529	tags=45%, list=41%, signal=75%	
NEGATIVE REGULATORS OF RIG-I MDA5 SIGNALING%REACTOME%R-HSA-936440.6	NEGATIVE REGULATORS OF RIG-I MDA5 SIGNALING%REACTOME%R-HSA-936440.6		35	-0.14955883	-0.43979436	0.9981982	1.0	1.0	3318	tags=20%, list=24%, signal=26%	
TRANSCRIPTION BY RNA POLYMERASE III%GOBP%GO:0006383	TRANSCRIPTION BY RNA POLYMERASE III%GOBP%GO:0006383		34	-0.14769123	-0.43975192	1.0	1.0	1.0	5394	tags=47%, list=40%, signal=78%	
ESTABLISHMENT OF RNA LOCALIZATION%GOBP%GO:0051236	ESTABLISHMENT OF RNA LOCALIZATION%GOBP%GO:0051236		92	-0.12378742	-0.43754205	1.0	1.0	1.0	3830	tags=25%, list=28%, signal=35%	
RIP-MEDIATED NFKB ACTIVATION VIA ZBP1%REACTOME%R-HSA-1810476.4	RIP-MEDIATED NFKB ACTIVATION VIA ZBP1%REACTOME%R-HSA-1810476.4		16	-0.17891705	-0.43520457	0.9965096	1.0	1.0	11132	tags=100%, list=82%, signal=559%	
POSITIVE REGULATION OF DNA-TEMPLATED TRANSCRIPTION INITIATION%GOBP%GO:2000144	POSITIVE REGULATION OF DNA-TEMPLATED TRANSCRIPTION INITIATION%GOBP%GO:2000144		60	-0.1338493	-0.43332037	1.0	1.0	1.0	5316	tags=40%, list=39%, signal=66%	
RNA POLYMERASE III TRANSCRIPTION INITIATION%REACTOME%R-HSA-76046.4	RNA POLYMERASE III TRANSCRIPTION INITIATION%REACTOME%R-HSA-76046.4		36	-0.14433332	-0.427302	1.0	1.0	1.0	5775	tags=56%, list=43%, signal=97%	
PROTEIN K63-LINKED DEUBIQUITINATION%GOBP%GO:0070536	PROTEIN K63-LINKED DEUBIQUITINATION%GOBP%GO:0070536		23	-0.16062179	-0.4261335	1.0	1.0	1.0	2632	tags=17%, list=19%, signal=22%	
DNA DAMAGE BYPASS%REACTOME%R-HSA-73893.3	DNA DAMAGE BYPASS%REACTOME%R-HSA-73893.3		44	-0.13604462	-0.4226321	1.0	1.0	1.0	3263	tags=20%, list=24%, signal=27%	
ATM PATHWAY%PATHWAY INTERACTION DATABASE NCI-NATURE CURATED DATA%ATM PATHWAY	ATM PATHWAY%PATHWAY INTERACTION DATABASE NCI-NATURE CURATED DATA%ATM PATHWAY		32	-0.14257373	-0.4211087	1.0	1.0	1.0	3384	tags=19%, list=25%, signal=25%	
PHOSPHATIDYL INOSITOL PHOSPHATE PATHWAY%WIKIPATHWAYS_20250810%WP5411%HOMO SAPIENS	PHOSPHATIDYL INOSITOL PHOSPHATE PATHWAY%WIKIPATHWAYS_20250810%WP5411%HOMO SAPIENS		37	-0.14146481	-0.42099535	0.99821746	1.0	1.0	4454	tags=30%, list=33%, signal=44%	
TRNA MODIFICATION%GOBP%GO:0006400	TRNA MODIFICATION%GOBP%GO:0006400		81	-0.120928	-0.41703773	1.0	1.0	1.0	5550	tags=44%, list=41%, signal=75%	
IFN-GAMMA PATHWAY%PATHWAY INTERACTION DATABASE NCI-NATURE CURATED DATA%IFN-GAMMA PATHWAY	IFN-GAMMA PATHWAY%PATHWAY INTERACTION DATABASE NCI-NATURE CURATED DATA%IFN-GAMMA PATHWAY		37	-0.13588266	-0.41635156	1.0	1.0	1.0	3744	tags=22%, list=28%, signal=30%	
RNA POLYMERASE III TRANSCRIPTION TERMINATION%REACTOME%R-HSA-73980.5	RNA POLYMERASE III TRANSCRIPTION TERMINATION%REACTOME%R-HSA-73980.5		23	-0.15395418	-0.41388252	1.0	1.0	1.0	11471	tags=100%, list=85%, signal=650%	
REGULATION OF CDH1 POSTTRANSLATIONAL PROCESSING AND TRAFFICKING TO PLASMA MEMBRANE%REACTOME DATABASE ID RELEASE 93%9768727	REGULATION OF CDH1 POSTTRANSLATIONAL PROCESSING AND TRAFFICKING TO PLASMA MEMBRANE%REACTOME DATABASE ID RELEASE 93%9768727		30	-0.14120719	-0.4094867	1.0	1.0	1.0	3552	tags=23%, list=26%, signal=32%	
VESICLE-MEDIATED TRANSPORT TO THE PLASMA MEMBRANE%GOBP%GO:0098876	VESICLE-MEDIATED TRANSPORT TO THE PLASMA MEMBRANE%GOBP%GO:0098876		110	-0.11309807	-0.4060616	1.0	1.0	1.0	1087	tags=5%, list=8%, signal=5%	
ESTABLISHMENT OF PROTEIN LOCALIZATION TO PLASMA MEMBRANE%GOBP%GO:0061951	ESTABLISHMENT OF PROTEIN LOCALIZATION TO PLASMA MEMBRANE%GOBP%GO:0061951		40	-0.13527714	-0.40591857	1.0	1.0	1.0	11726	tags=100%, list=87%, signal=740%	
POSITIVE REGULATION OF MRNA CATABOLIC PROCESS%GOBP%GO:0061014	POSITIVE REGULATION OF MRNA CATABOLIC PROCESS%GOBP%GO:0061014		78	-0.117588	-0.4042365	1.0	1.0	1.0	5267	tags=35%, list=39%, signal=56%	
RNA EXPORT FROM NUCLEUS%GOBP%GO:0006405	RNA EXPORT FROM NUCLEUS%GOBP%GO:0006405		68	-0.11912897	-0.40241295	1.0	1.0	1.0	5529	tags=43%, list=41%, signal=72%	
REGULATION OF POST-TRANSCRIPTIONAL GENE SILENCING%GOBP%GO:0060147	REGULATION OF POST-TRANSCRIPTIONAL GENE SILENCING%GOBP%GO:0060147		19	-0.14995977	-0.39854428	0.9963437	1.0	1.0	5289	tags=42%, list=39%, signal=69%	
REGULATION OF POST-TRANSCRIPTIONAL GENE SILENCING BY REGULATORY NCRNA%GOBP%GO:1900368	REGULATION OF POST-TRANSCRIPTIONAL GENE SILENCING BY REGULATORY NCRNA%GOBP%GO:1900368		19	-0.14995977	-0.39160582	0.9963768	1.0	1.0	5289	tags=42%, list=39%, signal=69%	
REGULATION OF MIRNA-MEDIATED GENE SILENCING%GOBP%GO:0060964	REGULATION OF MIRNA-MEDIATED GENE SILENCING%GOBP%GO:0060964		19	-0.14995977	-0.38471848	0.996357	1.0	1.0	5289	tags=42%, list=39%, signal=69%	
PROTEIN MODIFICATION BY SMALL PROTEIN REMOVAL%GOBP%GO:0070646	PROTEIN MODIFICATION BY SMALL PROTEIN REMOVAL%GOBP%GO:0070646		90	-0.10913625	-0.38244486	1.0	1.0	1.0	5581	tags=43%, list=41%, signal=73%	
ENDOSOME TO LYSOSOME TRANSPORT%GOBP%GO:0008333	ENDOSOME TO LYSOSOME TRANSPORT%GOBP%GO:0008333		57	-0.11650029	-0.3777299	1.0	1.0	1.0	5627	tags=46%, list=42%, signal=78%	
GOLGI TO PLASMA MEMBRANE TRANSPORT%GOBP%GO:0006893	GOLGI TO PLASMA MEMBRANE TRANSPORT%GOBP%GO:0006893		47	-0.11498593	-0.366555	1.0	1.0	1.0	12001	tags=100%, list=89%, signal=870%	
MULTIVESICULAR BODY ORGANIZATION%GOBP%GO:0036257	MULTIVESICULAR BODY ORGANIZATION%GOBP%GO:0036257		30	-0.11703033	-0.33386153	1.0	1.0	1.0	3688	tags=23%, list=27%, signal=32%	
POSITIVE REGULATION OF TRANSCRIPTION BY RNA POLYMERASE III%GOBP%GO:0045945	POSITIVE REGULATION OF TRANSCRIPTION BY RNA POLYMERASE III%GOBP%GO:0045945		15	-0.122396216	-0.29623523	1.0	0.99999756	1.0	11897	tags=100%, list=88%, signal=818%	
