NAME	GS<br> follow link to MSigDB	GS DETAILS	SIZE	ES	NES	NOM p-val	FDR q-val	FWER p-val	RANK AT MAX	LEADING EDGE	
COLLAGEN FIBRIL ORGANIZATION%GOBP%GO:0030199	COLLAGEN FIBRIL ORGANIZATION%GOBP%GO:0030199	Details ...	42	0.7233218	2.3575497	0.0	0.0	0.0	1992	tags=55%, list=15%, signal=64%	
HALLMARK_EPITHELIAL_MESENCHYMAL_TRANSITION%MSIGDBHALLMARK%HALLMARK_EPITHELIAL_MESENCHYMAL_TRANSITION	HALLMARK_EPITHELIAL_MESENCHYMAL_TRANSITION%MSIGDBHALLMARK%HALLMARK_EPITHELIAL_MESENCHYMAL_TRANSITION	Details ...	145	0.58617043	2.3185675	0.0	0.0	0.0	2196	tags=50%, list=16%, signal=59%	
BETA1 INTEGRIN CELL SURFACE INTERACTIONS%PATHWAY INTERACTION DATABASE NCI-NATURE CURATED DATA%BETA1 INTEGRIN CELL SURFACE INTERACTIONS	BETA1 INTEGRIN CELL SURFACE INTERACTIONS%PATHWAY INTERACTION DATABASE NCI-NATURE CURATED DATA%BETA1 INTEGRIN CELL SURFACE INTERACTIONS	Details ...	59	0.62744546	2.1267495	0.0	0.028860956	0.08	2103	tags=46%, list=16%, signal=54%	
ANTIGEN PROCESSING AND PRESENTATION OF PEPTIDE OR POLYSACCHARIDE ANTIGEN VIA MHC CLASS II%GOBP%GO:0002504	ANTIGEN PROCESSING AND PRESENTATION OF PEPTIDE OR POLYSACCHARIDE ANTIGEN VIA MHC CLASS II%GOBP%GO:0002504	Details ...	26	0.7222026	2.0909421	0.0	0.042773947	0.151	1942	tags=62%, list=14%, signal=72%	
ANTIGEN PROCESSING AND PRESENTATION OF EXOGENOUS PEPTIDE ANTIGEN VIA MHC CLASS II%GOBP%GO:0019886	ANTIGEN PROCESSING AND PRESENTATION OF EXOGENOUS PEPTIDE ANTIGEN VIA MHC CLASS II%GOBP%GO:0019886	Details ...	23	0.7337588	2.0772254	0.0	0.04188017	0.183	1942	tags=70%, list=14%, signal=81%	
ANTIGEN PROCESSING AND PRESENTATION OF PEPTIDE ANTIGEN VIA MHC CLASS II%GOBP%GO:0002495	ANTIGEN PROCESSING AND PRESENTATION OF PEPTIDE ANTIGEN VIA MHC CLASS II%GOBP%GO:0002495	Details ...	25	0.7258077	2.0749676	0.0	0.037299577	0.192	1942	tags=64%, list=14%, signal=75%	
SYNAPTIC TRANSMISSION, GLUTAMATERGIC%GOBP%GO:0035249	SYNAPTIC TRANSMISSION, GLUTAMATERGIC%GOBP%GO:0035249	Details ...	16	0.7990219	2.0632994	0.0	0.03875722	0.233	205	tags=25%, list=2%, signal=25%	
ASSEMBLY OF COLLAGEN FIBRILS AND OTHER MULTIMERIC STRUCTURES%REACTOME%R-HSA-2022090.5	ASSEMBLY OF COLLAGEN FIBRILS AND OTHER MULTIMERIC STRUCTURES%REACTOME%R-HSA-2022090.5	Details ...	44	0.63989365	2.057956	0.0	0.036744747	0.245	903	tags=34%, list=7%, signal=36%	
ANTIGEN PROCESSING AND PRESENTATION OF EXOGENOUS PEPTIDE ANTIGEN%GOBP%GO:0002478	ANTIGEN PROCESSING AND PRESENTATION OF EXOGENOUS PEPTIDE ANTIGEN%GOBP%GO:0002478	Details ...	32	0.66845214	2.0341508	0.0	0.049154602	0.347	1647	tags=50%, list=12%, signal=57%	
PRIMARY FOCAL SEGMENTAL GLOMERULOSCLEROSIS FSGS %WIKIPATHWAYS_20250810%WP2572%HOMO SAPIENS	PRIMARY FOCAL SEGMENTAL GLOMERULOSCLEROSIS FSGS %WIKIPATHWAYS_20250810%WP2572%HOMO SAPIENS	Details ...	48	0.6167548	2.031845	0.0	0.0458826	0.356	1687	tags=40%, list=12%, signal=45%	
COLLAGEN FORMATION%REACTOME DATABASE ID RELEASE 93%1474290	COLLAGEN FORMATION%REACTOME DATABASE ID RELEASE 93%1474290	Details ...	71	0.57073534	2.0231614	0.0	0.048372597	0.402	2146	tags=46%, list=16%, signal=55%	
MHC CLASS II ANTIGEN PRESENTATION%REACTOME DATABASE ID RELEASE 93%2132295	MHC CLASS II ANTIGEN PRESENTATION%REACTOME DATABASE ID RELEASE 93%2132295	Details ...	92	0.5417809	2.0085278	0.0	0.05536753	0.477	2033	tags=39%, list=15%, signal=46%	
DISEASES ASSOCIATED WITH GLYCOSAMINOGLYCAN METABOLISM%REACTOME%R-HSA-3560782.5	DISEASES ASSOCIATED WITH GLYCOSAMINOGLYCAN METABOLISM%REACTOME%R-HSA-3560782.5	Details ...	33	0.65439165	1.9887351	0.0	0.07038982	0.592	2594	tags=64%, list=19%, signal=79%	
PID_INTEGRIN1_PATHWAY%MSIGDB_C2%PID_INTEGRIN1_PATHWAY	PID_INTEGRIN1_PATHWAY%MSIGDB_C2%PID_INTEGRIN1_PATHWAY	Details ...	45	0.62457865	1.9816096	0.0	0.07170295	0.624	1687	tags=40%, list=12%, signal=46%	
EPIDERMIS DEVELOPMENT%GOBP%GO:0008544	EPIDERMIS DEVELOPMENT%GOBP%GO:0008544	Details ...	90	0.52723885	1.960836	0.0	0.09044807	0.732	1744	tags=37%, list=13%, signal=42%	
CORTICAL ACTIN CYTOSKELETON ORGANIZATION%GOBP%GO:0030866	CORTICAL ACTIN CYTOSKELETON ORGANIZATION%GOBP%GO:0030866	Details ...	24	0.6670104	1.9586719	0.008733625	0.087253295	0.742	3213	tags=58%, list=24%, signal=76%	
MHC PROTEIN COMPLEX ASSEMBLY%GOBP%GO:0002396	MHC PROTEIN COMPLEX ASSEMBLY%GOBP%GO:0002396	Details ...	18	0.7300908	1.9403496	0.002105263	0.10167465	0.805	951	tags=56%, list=7%, signal=60%	
ANTIGEN PROCESSING AND PRESENTATION OF EXOGENOUS ANTIGEN%GOBP%GO:0019884	ANTIGEN PROCESSING AND PRESENTATION OF EXOGENOUS ANTIGEN%GOBP%GO:0019884	Details ...	36	0.60650784	1.926929	0.002375297	0.11512889	0.859	1647	tags=47%, list=12%, signal=54%	
SYNDECAN-1-MEDIATED SIGNALING EVENTS%PATHWAY INTERACTION DATABASE NCI-NATURE CURATED DATA%SYNDECAN-1-MEDIATED SIGNALING EVENTS	SYNDECAN-1-MEDIATED SIGNALING EVENTS%PATHWAY INTERACTION DATABASE NCI-NATURE CURATED DATA%SYNDECAN-1-MEDIATED SIGNALING EVENTS	Details ...	29	0.6458779	1.9144273	0.0066815144	0.12792718	0.914	1075	tags=38%, list=8%, signal=41%	
ELASTIC FIBRE FORMATION%REACTOME%R-HSA-1566948.4	ELASTIC FIBRE FORMATION%REACTOME%R-HSA-1566948.4	Details ...	36	0.6014954	1.9099754	0.004889976	0.12925898	0.935	1950	tags=64%, list=14%, signal=74%	
REGULATION OF MITOTIC SISTER CHROMATID SEPARATION%GOBP%GO:0010965	REGULATION OF MITOTIC SISTER CHROMATID SEPARATION%GOBP%GO:0010965		49	0.58383983	1.9072002	0.0	0.12791143	0.941	1807	tags=37%, list=13%, signal=42%	
INTEGRINS IN ANGIOGENESIS%PATHWAY INTERACTION DATABASE NCI-NATURE CURATED DATA%INTEGRINS IN ANGIOGENESIS	INTEGRINS IN ANGIOGENESIS%PATHWAY INTERACTION DATABASE NCI-NATURE CURATED DATA%INTEGRINS IN ANGIOGENESIS		58	0.55902416	1.9052182	0.0	0.12515062	0.943	1491	tags=33%, list=11%, signal=37%	
REGULATION OF MICROTUBULE DEPOLYMERIZATION%GOBP%GO:0031114	REGULATION OF MICROTUBULE DEPOLYMERIZATION%GOBP%GO:0031114		21	0.69205344	1.9010415	0.0	0.12536086	0.947	1572	tags=38%, list=12%, signal=43%	
KERATAN SULFATE KERATIN METABOLISM%REACTOME%R-HSA-1638074.4	KERATAN SULFATE KERATIN METABOLISM%REACTOME%R-HSA-1638074.4		27	0.6298651	1.8880743	0.0	0.1406565	0.969	2594	tags=59%, list=19%, signal=73%	
APAP ADME%REACTOME DATABASE ID RELEASE 93%9753281	APAP ADME%REACTOME DATABASE ID RELEASE 93%9753281		16	0.7286113	1.8849916	0.0	0.14036548	0.975	1425	tags=56%, list=11%, signal=63%	
PEPTIDE ANTIGEN ASSEMBLY WITH MHC PROTEIN COMPLEX%GOBP%GO:0002501	PEPTIDE ANTIGEN ASSEMBLY WITH MHC PROTEIN COMPLEX%GOBP%GO:0002501		18	0.7300908	1.8773766	0.0	0.14774664	0.986	951	tags=56%, list=7%, signal=60%	
ACTIVATION OF PROTEIN KINASE ACTIVITY%GOBP%GO:0032147	ACTIVATION OF PROTEIN KINASE ACTIVITY%GOBP%GO:0032147		31	0.6167722	1.8748132	0.0022935779	0.14697267	0.989	1460	tags=42%, list=11%, signal=47%	
NEGATIVE REGULATION OF PROTEIN LOCALIZATION TO NUCLEUS%GOBP%GO:1900181	NEGATIVE REGULATION OF PROTEIN LOCALIZATION TO NUCLEUS%GOBP%GO:1900181		22	0.6667685	1.8650055	0.0021276595	0.15853697	0.992	2719	tags=45%, list=20%, signal=57%	
GLYCOSAMINOGLYCAN METABOLISM%REACTOME DATABASE ID RELEASE 93%1630316	GLYCOSAMINOGLYCAN METABOLISM%REACTOME DATABASE ID RELEASE 93%1630316		103	0.49823	1.8607383	0.0	0.16085653	0.995	2594	tags=46%, list=19%, signal=56%	
NEGATIVE REGULATION OF MICROTUBULE DEPOLYMERIZATION%GOBP%GO:0007026	NEGATIVE REGULATION OF MICROTUBULE DEPOLYMERIZATION%GOBP%GO:0007026		17	0.6979755	1.855929	0.0021881838	0.16375974	0.996	1572	tags=35%, list=12%, signal=40%	
SYNAPTIC ADHESION-LIKE MOLECULES%REACTOME DATABASE ID RELEASE 93%8849932	SYNAPTIC ADHESION-LIKE MOLECULES%REACTOME DATABASE ID RELEASE 93%8849932		15	0.7135995	1.8474975	0.0	0.17245461	0.997	205	tags=20%, list=2%, signal=20%	
POSITIVE REGULATION OF RELEASE OF SEQUESTERED CALCIUM ION INTO CYTOSOL%GOBP%GO:0051281	POSITIVE REGULATION OF RELEASE OF SEQUESTERED CALCIUM ION INTO CYTOSOL%GOBP%GO:0051281		22	0.6628042	1.8448745	0.002202643	0.17207068	0.998	975	tags=36%, list=7%, signal=39%	
CHEMOKINE-MEDIATED SIGNALING PATHWAY%GOBP%GO:0070098	CHEMOKINE-MEDIATED SIGNALING PATHWAY%GOBP%GO:0070098		40	0.57679296	1.8423848	0.0022573364	0.17164235	0.998	766	tags=35%, list=6%, signal=37%	
PID_AVB3_INTEGRIN_PATHWAY%MSIGDB_C2%PID_AVB3_INTEGRIN_PATHWAY	PID_AVB3_INTEGRIN_PATHWAY%MSIGDB_C2%PID_AVB3_INTEGRIN_PATHWAY		50	0.545405	1.8348155	0.004672897	0.18178675	0.998	1611	tags=38%, list=12%, signal=43%	
AXONOGENESIS%GOBP%GO:0007409	AXONOGENESIS%GOBP%GO:0007409		186	0.44789264	1.8308429	0.0	0.18366519	0.998	1768	tags=30%, list=13%, signal=34%	
NON-CANONICAL WNT SIGNALING PATHWAY%GOBP%GO:0035567	NON-CANONICAL WNT SIGNALING PATHWAY%GOBP%GO:0035567		39	0.581587	1.8301516	0.004524887	0.17996608	0.998	1534	tags=28%, list=11%, signal=32%	
MITOTIC SPINDLE ASSEMBLY CHECKPOINT SIGNALING%GOBP%GO:0007094	MITOTIC SPINDLE ASSEMBLY CHECKPOINT SIGNALING%GOBP%GO:0007094		23	0.643547	1.8253978	0.004385965	0.18438053	0.998	1717	tags=35%, list=13%, signal=40%	
DISEASES OF GLYCOSYLATION%REACTOME%R-HSA-3781865.4	DISEASES OF GLYCOSYLATION%REACTOME%R-HSA-3781865.4		116	0.47483248	1.8245877	0.0	0.18088673	0.998	2403	tags=39%, list=18%, signal=47%	
SPINDLE CHECKPOINT SIGNALING%GOBP%GO:0031577	SPINDLE CHECKPOINT SIGNALING%GOBP%GO:0031577		24	0.6347814	1.8159195	0.0	0.19197421	0.998	1717	tags=33%, list=13%, signal=38%	
MITOTIC SPINDLE CHECKPOINT SIGNALING%GOBP%GO:0071174	MITOTIC SPINDLE CHECKPOINT SIGNALING%GOBP%GO:0071174		23	0.643547	1.8140566	0.004385965	0.19045642	0.998	1717	tags=35%, list=13%, signal=40%	
SPINDLE ASSEMBLY CHECKPOINT SIGNALING%GOBP%GO:0071173	SPINDLE ASSEMBLY CHECKPOINT SIGNALING%GOBP%GO:0071173		23	0.643547	1.810626	0.0043668123	0.1920897	0.998	1717	tags=35%, list=13%, signal=40%	
REGULATION OF CHROMOSOME SEPARATION%GOBP%GO:1905818	REGULATION OF CHROMOSOME SEPARATION%GOBP%GO:1905818		62	0.52947503	1.8064842	0.0	0.19604528	0.999	1991	tags=34%, list=15%, signal=40%	
RND1 GTPASE CYCLE%REACTOME DATABASE ID RELEASE 93%9696273	RND1 GTPASE CYCLE%REACTOME DATABASE ID RELEASE 93%9696273		37	0.572009	1.8036889	0.0024271845	0.19754246	0.999	1531	tags=24%, list=11%, signal=27%	
PID_SYNDECAN_1_PATHWAY%MSIGDB_C2%PID_SYNDECAN_1_PATHWAY	PID_SYNDECAN_1_PATHWAY%MSIGDB_C2%PID_SYNDECAN_1_PATHWAY		30	0.6019455	1.8028277	0.0064655175	0.19448404	0.999	1075	tags=37%, list=8%, signal=40%	
AXON EXTENSION%GOBP%GO:0048675	AXON EXTENSION%GOBP%GO:0048675		22	0.6592886	1.8025556	0.0022779044	0.19057642	0.999	1057	tags=32%, list=8%, signal=34%	
NEURON PROJECTION GUIDANCE%GOBP%GO:0097485	NEURON PROJECTION GUIDANCE%GOBP%GO:0097485		127	0.46369907	1.8013947	0.0	0.18806814	0.999	1573	tags=31%, list=12%, signal=34%	
NEPHROTIC SYNDROME%WIKIPATHWAYS_20250810%WP4758%HOMO SAPIENS	NEPHROTIC SYNDROME%WIKIPATHWAYS_20250810%WP4758%HOMO SAPIENS		30	0.60008967	1.8000536	0.0045454544	0.18654788	1.0	2132	tags=47%, list=16%, signal=55%	
AXON GUIDANCE%GOBP%GO:0007411	AXON GUIDANCE%GOBP%GO:0007411		126	0.46074426	1.7936178	0.0	0.19465849	1.0	1573	tags=30%, list=12%, signal=34%	
AMINOGLYCAN METABOLIC PROCESS%GOBP%GO:0006022	AMINOGLYCAN METABOLIC PROCESS%GOBP%GO:0006022		42	0.5668996	1.7918925	0.004474273	0.19376042	1.0	3064	tags=55%, list=23%, signal=71%	
REGULATION OF PROTEIN DEPOLYMERIZATION%GOBP%GO:1901879	REGULATION OF PROTEIN DEPOLYMERIZATION%GOBP%GO:1901879		52	0.5336494	1.7906587	0.0	0.19240272	1.0	3169	tags=50%, list=23%, signal=65%	
COLLAGEN BIOSYNTHESIS AND MODIFYING ENZYMES%REACTOME%R-HSA-1650814.6	COLLAGEN BIOSYNTHESIS AND MODIFYING ENZYMES%REACTOME%R-HSA-1650814.6		51	0.534565	1.7876494	0.0046948357	0.1936403	1.0	2146	tags=45%, list=16%, signal=53%	
REGULATION OF COMPLEMENT CASCADE%REACTOME%R-HSA-977606.7	REGULATION OF COMPLEMENT CASCADE%REACTOME%R-HSA-977606.7		26	0.61747	1.7865961	0.0	0.19195695	1.0	1174	tags=46%, list=9%, signal=50%	
OVULATION CYCLE%GOBP%GO:0042698	OVULATION CYCLE%GOBP%GO:0042698		15	0.69763243	1.784068	0.0066225166	0.19332361	1.0	906	tags=47%, list=7%, signal=50%	
REGULATION OF MITOTIC SISTER CHROMATID SEGREGATION%GOBP%GO:0033047	REGULATION OF MITOTIC SISTER CHROMATID SEGREGATION%GOBP%GO:0033047		45	0.54393995	1.7770464	0.0	0.20305088	1.0	1807	tags=36%, list=13%, signal=41%	
NEGATIVE REGULATION OF MYELOID LEUKOCYTE DIFFERENTIATION%GOBP%GO:0002762	NEGATIVE REGULATION OF MYELOID LEUKOCYTE DIFFERENTIATION%GOBP%GO:0002762		29	0.6056345	1.7722808	0.004524887	0.20914309	1.0	460	tags=34%, list=3%, signal=36%	
POSITIVE REGULATION OF CELL CYCLE CHECKPOINT%GOBP%GO:1901978	POSITIVE REGULATION OF CELL CYCLE CHECKPOINT%GOBP%GO:1901978		15	0.7128965	1.7721251	0.0045351475	0.20559093	1.0	1807	tags=47%, list=13%, signal=54%	
PLK1 SIGNALING EVENTS%PATHWAY INTERACTION DATABASE NCI-NATURE CURATED DATA%PLK1 SIGNALING EVENTS	PLK1 SIGNALING EVENTS%PATHWAY INTERACTION DATABASE NCI-NATURE CURATED DATA%PLK1 SIGNALING EVENTS		42	0.5477788	1.7699099	0.004962779	0.20601967	1.0	2453	tags=40%, list=18%, signal=49%	
PHENOL-CONTAINING COMPOUND METABOLIC PROCESS%GOBP%GO:0018958	PHENOL-CONTAINING COMPOUND METABOLIC PROCESS%GOBP%GO:0018958		31	0.58596814	1.7652686	0.004640371	0.21077138	1.0	1996	tags=39%, list=15%, signal=45%	
NOTCH SIGNALING PATHWAY%PATHWAY INTERACTION DATABASE NCI-NATURE CURATED DATA%NOTCH SIGNALING PATHWAY	NOTCH SIGNALING PATHWAY%PATHWAY INTERACTION DATABASE NCI-NATURE CURATED DATA%NOTCH SIGNALING PATHWAY		54	0.51864755	1.7649102	0.002352941	0.20777564	1.0	2063	tags=30%, list=15%, signal=35%	
WNT SIGNALING NETWORK%PATHWAY INTERACTION DATABASE NCI-NATURE CURATED DATA%WNT SIGNALING NETWORK	WNT SIGNALING NETWORK%PATHWAY INTERACTION DATABASE NCI-NATURE CURATED DATA%WNT SIGNALING NETWORK		16	0.69367397	1.762615	0.008752735	0.20870297	1.0	1534	tags=50%, list=11%, signal=56%	
TYPE I COLLAGEN SYNTHESIS IN THE CONTEXT OF OSTEOGENESIS IMPERFECTA%WIKIPATHWAYS_20250810%WP4786%HOMO SAPIENS	TYPE I COLLAGEN SYNTHESIS IN THE CONTEXT OF OSTEOGENESIS IMPERFECTA%WIKIPATHWAYS_20250810%WP4786%HOMO SAPIENS		23	0.6281537	1.7598053	0.0043010754	0.21027827	1.0	1520	tags=30%, list=11%, signal=34%	
NEGATIVE REGULATION OF METAPHASE/ANAPHASE TRANSITION OF CELL CYCLE%GOBP%GO:1902100	NEGATIVE REGULATION OF METAPHASE/ANAPHASE TRANSITION OF CELL CYCLE%GOBP%GO:1902100		26	0.58840466	1.7562267	0.006637168	0.2133753	1.0	1717	tags=35%, list=13%, signal=40%	
NEGATIVE REGULATION OF PROTEIN DEPOLYMERIZATION%GOBP%GO:1901880	NEGATIVE REGULATION OF PROTEIN DEPOLYMERIZATION%GOBP%GO:1901880		36	0.556875	1.7550313	0.00477327	0.21215782	1.0	3169	tags=53%, list=23%, signal=69%	
NEURON RECOGNITION%GOBP%GO:0008038	NEURON RECOGNITION%GOBP%GO:0008038		28	0.583333	1.7530465	0.0049261083	0.21272936	1.0	1836	tags=36%, list=14%, signal=41%	
NEGATIVE REGULATION OF TYPE II INTERFERON PRODUCTION%GOBP%GO:0032689	NEGATIVE REGULATION OF TYPE II INTERFERON PRODUCTION%GOBP%GO:0032689		20	0.65115714	1.7449666	0.0022624435	0.22583619	1.0	1817	tags=45%, list=13%, signal=52%	
PID_AP1_PATHWAY%MSIGDB_C2%PID_AP1_PATHWAY	PID_AP1_PATHWAY%MSIGDB_C2%PID_AP1_PATHWAY		48	0.52578604	1.7445389	0.0023364485	0.22324464	1.0	1022	tags=27%, list=8%, signal=29%	
FOREBRAIN DEVELOPMENT%GOBP%GO:0030900	FOREBRAIN DEVELOPMENT%GOBP%GO:0030900		111	0.45820272	1.7431201	0.0	0.22243232	1.0	1868	tags=29%, list=14%, signal=33%	
DEVELOPMENT OF PRIMARY FEMALE SEXUAL CHARACTERISTICS%GOBP%GO:0046545	DEVELOPMENT OF PRIMARY FEMALE SEXUAL CHARACTERISTICS%GOBP%GO:0046545		24	0.61422336	1.7403795	0.00477327	0.22448896	1.0	955	tags=38%, list=7%, signal=40%	
INTEGRIN CELL SURFACE INTERACTIONS%REACTOME DATABASE ID RELEASE 93%216083	INTEGRIN CELL SURFACE INTERACTIONS%REACTOME DATABASE ID RELEASE 93%216083		49	0.5176167	1.7377471	0.0022075055	0.22645552	1.0	1879	tags=39%, list=14%, signal=45%	
EBOLA VIRUS INFECTION IN HOST%WIKIPATHWAYS_20250810%WP4217%HOMO SAPIENS	EBOLA VIRUS INFECTION IN HOST%WIKIPATHWAYS_20250810%WP4217%HOMO SAPIENS		101	0.4621084	1.7369783	0.0	0.22479905	1.0	2062	tags=31%, list=15%, signal=36%	
NEGATIVE REGULATION OF PEPTIDYL-TYROSINE PHOSPHORYLATION%GOBP%GO:0050732	NEGATIVE REGULATION OF PEPTIDYL-TYROSINE PHOSPHORYLATION%GOBP%GO:0050732		16	0.6634501	1.7357017	0.010309278	0.22412841	1.0	2401	tags=50%, list=18%, signal=61%	
CORTICAL CYTOSKELETON ORGANIZATION%GOBP%GO:0030865	CORTICAL CYTOSKELETON ORGANIZATION%GOBP%GO:0030865		38	0.5503008	1.7296206	0.0023094688	0.23263408	1.0	3493	tags=53%, list=26%, signal=71%	
ODONTOGENESIS%GOBP%GO:0042476	ODONTOGENESIS%GOBP%GO:0042476		34	0.55824983	1.7285818	0.0067264573	0.23149616	1.0	1048	tags=32%, list=8%, signal=35%	
FEMALE GONAD DEVELOPMENT%GOBP%GO:0008585	FEMALE GONAD DEVELOPMENT%GOBP%GO:0008585		23	0.6028285	1.7267619	0.010964912	0.23200798	1.0	906	tags=35%, list=7%, signal=37%	
NEGATIVE REGULATION OF MITOTIC SISTER CHROMATID SEGREGATION%GOBP%GO:0033048	NEGATIVE REGULATION OF MITOTIC SISTER CHROMATID SEGREGATION%GOBP%GO:0033048		25	0.5956292	1.7261051	0.011547344	0.23038538	1.0	1717	tags=36%, list=13%, signal=41%	
FOREBRAIN GENERATION OF NEURONS%GOBP%GO:0021872	FOREBRAIN GENERATION OF NEURONS%GOBP%GO:0021872		26	0.59725523	1.7203383	0.00952381	0.2389199	1.0	1622	tags=38%, list=12%, signal=44%	
PID_FOXM1_PATHWAY%MSIGDB_C2%PID_FOXM1_PATHWAY	PID_FOXM1_PATHWAY%MSIGDB_C2%PID_FOXM1_PATHWAY		32	0.57479507	1.7202343	0.00862069	0.23600546	1.0	1807	tags=34%, list=13%, signal=40%	
NEGATIVE REGULATION OF MITOTIC SISTER CHROMATID SEPARATION%GOBP%GO:2000816	NEGATIVE REGULATION OF MITOTIC SISTER CHROMATID SEPARATION%GOBP%GO:2000816		25	0.5956292	1.7188766	0.008830022	0.23576823	1.0	1717	tags=36%, list=13%, signal=41%	
NEGATIVE REGULATION OF CHROMOSOME SEPARATION%GOBP%GO:1905819	NEGATIVE REGULATION OF CHROMOSOME SEPARATION%GOBP%GO:1905819		26	0.58840466	1.7177716	0.024663677	0.234967	1.0	1717	tags=35%, list=13%, signal=40%	
BETA3 INTEGRIN CELL SURFACE INTERACTIONS%PATHWAY INTERACTION DATABASE NCI-NATURE CURATED DATA%BETA3 INTEGRIN CELL SURFACE INTERACTIONS	BETA3 INTEGRIN CELL SURFACE INTERACTIONS%PATHWAY INTERACTION DATABASE NCI-NATURE CURATED DATA%BETA3 INTEGRIN CELL SURFACE INTERACTIONS		36	0.541145	1.7107022	0.00968523	0.24659337	1.0	1467	tags=36%, list=11%, signal=40%	
GLUTATHIONE METABOLIC PROCESS%GOBP%GO:0006749	GLUTATHIONE METABOLIC PROCESS%GOBP%GO:0006749		29	0.5655506	1.7103503	0.004494382	0.24441595	1.0	3072	tags=48%, list=23%, signal=62%	
POSITIVE REGULATION OF SYNAPTIC TRANSMISSION%GOBP%GO:0050806	POSITIVE REGULATION OF SYNAPTIC TRANSMISSION%GOBP%GO:0050806		61	0.48744616	1.7096931	0.0024937657	0.24250765	1.0	1244	tags=25%, list=9%, signal=27%	
NEGATIVE REGULATION OF SISTER CHROMATID SEGREGATION%GOBP%GO:0033046	NEGATIVE REGULATION OF SISTER CHROMATID SEGREGATION%GOBP%GO:0033046		25	0.5956292	1.708451	0.014285714	0.2422208	1.0	1717	tags=36%, list=13%, signal=41%	
BINDING AND UPTAKE OF LIGANDS BY SCAVENGER RECEPTORS%REACTOME%R-HSA-2173782.3	BINDING AND UPTAKE OF LIGANDS BY SCAVENGER RECEPTORS%REACTOME%R-HSA-2173782.3		32	0.5744305	1.707756	0.01746725	0.24051505	1.0	1608	tags=50%, list=12%, signal=57%	
FOREBRAIN NEURON DIFFERENTIATION%GOBP%GO:0021879	FOREBRAIN NEURON DIFFERENTIATION%GOBP%GO:0021879		22	0.6069463	1.7051562	0.006666667	0.2429485	1.0	1622	tags=41%, list=12%, signal=46%	
NEGATIVE REGULATION OF HEMOPOIESIS%GOBP%GO:1903707	NEGATIVE REGULATION OF HEMOPOIESIS%GOBP%GO:1903707		63	0.48349807	1.7022908	0.0025445293	0.24595042	1.0	1348	tags=35%, list=10%, signal=39%	
RHO GTPASES ACTIVATE FORMINS%REACTOME DATABASE ID RELEASE 93%5663220	RHO GTPASES ACTIVATE FORMINS%REACTOME DATABASE ID RELEASE 93%5663220		108	0.44404435	1.7013193	0.0	0.24504678	1.0	3680	tags=44%, list=27%, signal=61%	
FEMALE SEX DIFFERENTIATION%GOBP%GO:0046660	FEMALE SEX DIFFERENTIATION%GOBP%GO:0046660		26	0.59028155	1.7008481	0.0068965517	0.2432909	1.0	955	tags=35%, list=7%, signal=37%	
RESPONSE TO AXON INJURY%GOBP%GO:0048678	RESPONSE TO AXON INJURY%GOBP%GO:0048678		16	0.6659914	1.6945682	0.008791209	0.25389302	1.0	2950	tags=50%, list=22%, signal=64%	
NEGATIVE REGULATION OF OSTEOCLAST DIFFERENTIATION%GOBP%GO:0045671	NEGATIVE REGULATION OF OSTEOCLAST DIFFERENTIATION%GOBP%GO:0045671		19	0.6251103	1.6942044	0.014799154	0.25158766	1.0	1583	tags=58%, list=12%, signal=65%	
EPIDERMAL CELL DIFFERENTIATION%GOBP%GO:0009913	EPIDERMAL CELL DIFFERENTIATION%GOBP%GO:0009913		44	0.52183545	1.6895827	0.0068965517	0.258127	1.0	2372	tags=43%, list=18%, signal=52%	
SKIN DEVELOPMENT%GOBP%GO:0043588	SKIN DEVELOPMENT%GOBP%GO:0043588		68	0.4854694	1.689019	0.0	0.25644073	1.0	2363	tags=44%, list=17%, signal=53%	
REGULATION OF FIBROBLAST PROLIFERATION%GOBP%GO:0048145	REGULATION OF FIBROBLAST PROLIFERATION%GOBP%GO:0048145		42	0.5218852	1.688476	0.002415459	0.2547239	1.0	1884	tags=45%, list=14%, signal=52%	
BIOCARTA_NGF_PATHWAY%MSIGDB_C2%BIOCARTA_NGF_PATHWAY	BIOCARTA_NGF_PATHWAY%MSIGDB_C2%BIOCARTA_NGF_PATHWAY		16	0.6618555	1.6882892	0.013274336	0.25245312	1.0	1552	tags=31%, list=11%, signal=35%	
NEGATIVE REGULATION OF LEUKOCYTE DIFFERENTIATION%GOBP%GO:1902106	NEGATIVE REGULATION OF LEUKOCYTE DIFFERENTIATION%GOBP%GO:1902106		61	0.48158967	1.6877443	0.004784689	0.25100172	1.0	1348	tags=34%, list=10%, signal=38%	
NEGATIVE REGULATION OF CHROMOSOME SEGREGATION%GOBP%GO:0051985	NEGATIVE REGULATION OF CHROMOSOME SEGREGATION%GOBP%GO:0051985		26	0.58840466	1.6839509	0.0091743115	0.25594708	1.0	1717	tags=35%, list=13%, signal=40%	
KERATAN SULFATE BIOSYNTHESIS%REACTOME DATABASE ID RELEASE 93%2022854	KERATAN SULFATE BIOSYNTHESIS%REACTOME DATABASE ID RELEASE 93%2022854		21	0.6027408	1.6802391	0.029268293	0.26119608	1.0	1328	tags=38%, list=10%, signal=42%	
INTERFERON GAMMA SIGNALING%REACTOME DATABASE ID RELEASE 93%877300	INTERFERON GAMMA SIGNALING%REACTOME DATABASE ID RELEASE 93%877300		79	0.47167304	1.6796098	0.0024096386	0.25978458	1.0	1491	tags=27%, list=11%, signal=30%	
NEGATIVE REGULATION OF AXONOGENESIS%GOBP%GO:0050771	NEGATIVE REGULATION OF AXONOGENESIS%GOBP%GO:0050771		20	0.62156004	1.676548	0.012371134	0.26351047	1.0	1057	tags=30%, list=8%, signal=32%	
REGULATION OF NUCLEAR DIVISION%GOBP%GO:0051783	REGULATION OF NUCLEAR DIVISION%GOBP%GO:0051783		89	0.45673934	1.6757528	0.0	0.26248732	1.0	1807	tags=31%, list=13%, signal=36%	
REGULATION OF MITOTIC NUCLEAR DIVISION%GOBP%GO:0007088	REGULATION OF MITOTIC NUCLEAR DIVISION%GOBP%GO:0007088		84	0.4552882	1.673678	0.004901961	0.26400352	1.0	1807	tags=32%, list=13%, signal=37%	
METABOLISM OF STEROID HORMONES%REACTOME%R-HSA-196071.5	METABOLISM OF STEROID HORMONES%REACTOME%R-HSA-196071.5		23	0.5969392	1.6708264	0.01039501	0.26766223	1.0	1171	tags=39%, list=9%, signal=43%	
NEGATIVE REGULATION OF MITOTIC METAPHASE/ANAPHASE TRANSITION%GOBP%GO:0045841	NEGATIVE REGULATION OF MITOTIC METAPHASE/ANAPHASE TRANSITION%GOBP%GO:0045841		25	0.5956292	1.6684599	0.009153318	0.27036446	1.0	1717	tags=36%, list=13%, signal=41%	
FOXM1 TRANSCRIPTION FACTOR NETWORK%PATHWAY INTERACTION DATABASE NCI-NATURE CURATED DATA%FOXM1 TRANSCRIPTION FACTOR NETWORK	FOXM1 TRANSCRIPTION FACTOR NETWORK%PATHWAY INTERACTION DATABASE NCI-NATURE CURATED DATA%FOXM1 TRANSCRIPTION FACTOR NETWORK		36	0.53892076	1.6657568	0.0070921984	0.2738207	1.0	1807	tags=31%, list=13%, signal=35%	
RESPONSE TO DOPAMINE%GOBP%GO:1903350	RESPONSE TO DOPAMINE%GOBP%GO:1903350		21	0.6003832	1.6655703	0.011415525	0.27158615	1.0	1319	tags=29%, list=10%, signal=32%	
RANKL%NETPATH%RANKL	RANKL%NETPATH%RANKL		17	0.63072354	1.663898	0.020366598	0.27251208	1.0	294	tags=12%, list=2%, signal=12%	
PROTEOGLYCAN METABOLIC PROCESS%GOBP%GO:0006029	PROTEOGLYCAN METABOLIC PROCESS%GOBP%GO:0006029		67	0.46762946	1.6566874	0.0024813896	0.28587762	1.0	2587	tags=42%, list=19%, signal=51%	
REGULATION OF EARLY ENDOSOME TO LATE ENDOSOME TRANSPORT%GOBP%GO:2000641	REGULATION OF EARLY ENDOSOME TO LATE ENDOSOME TRANSPORT%GOBP%GO:2000641		20	0.60222936	1.6564058	0.018561484	0.2838255	1.0	2199	tags=35%, list=16%, signal=42%	
DEFECTIVE B4GALT7 CAUSES EDS, PROGEROID TYPE%REACTOME%R-HSA-3560783.4	DEFECTIVE B4GALT7 CAUSES EDS, PROGEROID TYPE%REACTOME%R-HSA-3560783.4		15	0.6389289	1.6516289	0.037199125	0.2923327	1.0	2403	tags=60%, list=18%, signal=73%	
PROTEIN DEPOLYMERIZATION%GOBP%GO:0051261	PROTEIN DEPOLYMERIZATION%GOBP%GO:0051261		27	0.57242364	1.6504685	0.01946472	0.2921227	1.0	3784	tags=59%, list=28%, signal=82%	
NEGATIVE REGULATION OF MICROTUBULE POLYMERIZATION OR DEPOLYMERIZATION%GOBP%GO:0031111	NEGATIVE REGULATION OF MICROTUBULE POLYMERIZATION OR DEPOLYMERIZATION%GOBP%GO:0031111		27	0.55278015	1.6476873	0.014184397	0.29559737	1.0	1572	tags=26%, list=12%, signal=29%	
PID_PLK1_PATHWAY%MSIGDB_C2%PID_PLK1_PATHWAY	PID_PLK1_PATHWAY%MSIGDB_C2%PID_PLK1_PATHWAY		31	0.54901636	1.6467954	0.016627079	0.29527134	1.0	2453	tags=42%, list=18%, signal=51%	
PD-1 SIGNALING%REACTOME%R-HSA-389948.6	PD-1 SIGNALING%REACTOME%R-HSA-389948.6		18	0.61769557	1.6465266	0.02742616	0.29325825	1.0	908	tags=50%, list=7%, signal=54%	
RESPONSE TO MONOAMINE%GOBP%GO:0071867	RESPONSE TO MONOAMINE%GOBP%GO:0071867		22	0.58981746	1.6461663	0.019565217	0.29153585	1.0	1319	tags=27%, list=10%, signal=30%	
CELLULAR RESPONSE TO DOPAMINE%GOBP%GO:1903351	CELLULAR RESPONSE TO DOPAMINE%GOBP%GO:1903351		21	0.6003832	1.6457776	0.017391304	0.28998765	1.0	1319	tags=29%, list=10%, signal=32%	
ZINC ION TRANSPORT%GOBP%GO:0006829	ZINC ION TRANSPORT%GOBP%GO:0006829		22	0.58565646	1.642752	0.011389522	0.29438624	1.0	2675	tags=55%, list=20%, signal=68%	
CELLULAR RESPONSE TO CATECHOLAMINE STIMULUS%GOBP%GO:0071870	CELLULAR RESPONSE TO CATECHOLAMINE STIMULUS%GOBP%GO:0071870		22	0.58981746	1.6423321	0.019693654	0.29285803	1.0	1319	tags=27%, list=10%, signal=30%	
LOCOMOTORY BEHAVIOR%GOBP%GO:0007626	LOCOMOTORY BEHAVIOR%GOBP%GO:0007626		30	0.5538575	1.6388663	0.009302326	0.2980761	1.0	943	tags=23%, list=7%, signal=25%	
POSITIVE REGULATION OF MACROPHAGE MIGRATION%GOBP%GO:1905523	POSITIVE REGULATION OF MACROPHAGE MIGRATION%GOBP%GO:1905523		19	0.60366446	1.6385987	0.010729614	0.29612592	1.0	973	tags=37%, list=7%, signal=40%	
REGULATION OF AMINE TRANSPORT%GOBP%GO:0051952	REGULATION OF AMINE TRANSPORT%GOBP%GO:0051952		24	0.58328223	1.6375506	0.018181818	0.29613444	1.0	1762	tags=33%, list=13%, signal=38%	
ANTIGEN PROCESSING AND PRESENTATION OF PEPTIDE ANTIGEN%GOBP%GO:0048002	ANTIGEN PROCESSING AND PRESENTATION OF PEPTIDE ANTIGEN%GOBP%GO:0048002		52	0.48368803	1.6369001	0.011933174	0.2951725	1.0	1647	tags=35%, list=12%, signal=39%	
CELLULAR RESPONSE TO CHEMOKINE%GOBP%GO:1990869	CELLULAR RESPONSE TO CHEMOKINE%GOBP%GO:1990869		47	0.50149924	1.6358218	0.011961723	0.2950357	1.0	766	tags=30%, list=6%, signal=31%	
OUTFLOW TRACT SEPTUM MORPHOGENESIS%GOBP%GO:0003148	OUTFLOW TRACT SEPTUM MORPHOGENESIS%GOBP%GO:0003148		18	0.6195061	1.633927	0.021929825	0.29681107	1.0	1048	tags=33%, list=8%, signal=36%	
RESPONSE TO CATECHOLAMINE%GOBP%GO:0071869	RESPONSE TO CATECHOLAMINE%GOBP%GO:0071869		22	0.58981746	1.6325284	0.02739726	0.297663	1.0	1319	tags=27%, list=10%, signal=30%	
PID_LIS1_PATHWAY%MSIGDB_C2%PID_LIS1_PATHWAY	PID_LIS1_PATHWAY%MSIGDB_C2%PID_LIS1_PATHWAY		20	0.5931749	1.632387	0.027777778	0.2955942	1.0	2013	tags=35%, list=15%, signal=41%	
GONAD DEVELOPMENT%GOBP%GO:0008406	GONAD DEVELOPMENT%GOBP%GO:0008406		50	0.49080622	1.6289284	0.016746411	0.30093187	1.0	998	tags=24%, list=7%, signal=26%	
RESPONSE TO CHEMOKINE%GOBP%GO:1990868	RESPONSE TO CHEMOKINE%GOBP%GO:1990868		47	0.50149924	1.6278535	0.0	0.30085886	1.0	766	tags=30%, list=6%, signal=31%	
NEGATIVE REGULATION OF PROTEIN-CONTAINING COMPLEX DISASSEMBLY%GOBP%GO:0043242	NEGATIVE REGULATION OF PROTEIN-CONTAINING COMPLEX DISASSEMBLY%GOBP%GO:0043242		46	0.5030709	1.6275679	0.0023923444	0.29906437	1.0	3169	tags=43%, list=23%, signal=57%	
POSITIVE REGULATION OF GLIAL CELL DIFFERENTIATION%GOBP%GO:0045687	POSITIVE REGULATION OF GLIAL CELL DIFFERENTIATION%GOBP%GO:0045687		16	0.6112877	1.6261692	0.023504274	0.3001772	1.0	1168	tags=38%, list=9%, signal=41%	
EXTERNAL ENCAPSULATING STRUCTURE ORGANIZATION%GOBP%GO:0045229	EXTERNAL ENCAPSULATING STRUCTURE ORGANIZATION%GOBP%GO:0045229		142	0.41220644	1.6255289	0.005181347	0.29945043	1.0	2290	tags=39%, list=17%, signal=47%	
EML4 AND NUDC IN MITOTIC SPINDLE FORMATION%REACTOME DATABASE ID RELEASE 93%9648025	EML4 AND NUDC IN MITOTIC SPINDLE FORMATION%REACTOME DATABASE ID RELEASE 93%9648025		87	0.4389093	1.6238503	0.0073710075	0.30084184	1.0	3611	tags=44%, list=27%, signal=59%	
TGF-BETA RECEPTOR SIGNALING%PATHWAY INTERACTION DATABASE NCI-NATURE CURATED DATA%TGF-BETA RECEPTOR SIGNALING	TGF-BETA RECEPTOR SIGNALING%PATHWAY INTERACTION DATABASE NCI-NATURE CURATED DATA%TGF-BETA RECEPTOR SIGNALING		49	0.4910153	1.6224492	0.011655011	0.30188364	1.0	3893	tags=43%, list=29%, signal=60%	
CELLULAR RESPONSE TO MONOAMINE STIMULUS%GOBP%GO:0071868	CELLULAR RESPONSE TO MONOAMINE STIMULUS%GOBP%GO:0071868		22	0.58981746	1.6219431	0.024017468	0.300745	1.0	1319	tags=27%, list=10%, signal=30%	
CYCLIN A B1 B2 ASSOCIATED EVENTS DURING G2 M TRANSITION%REACTOME%R-HSA-69273.10	CYCLIN A B1 B2 ASSOCIATED EVENTS DURING G2 M TRANSITION%REACTOME%R-HSA-69273.10		24	0.5730484	1.6182183	0.020930232	0.30684125	1.0	1755	tags=29%, list=13%, signal=33%	
BIOCARTA_TOLL_PATHWAY%MSIGDB_C2%BIOCARTA_TOLL_PATHWAY	BIOCARTA_TOLL_PATHWAY%MSIGDB_C2%BIOCARTA_TOLL_PATHWAY		20	0.59246606	1.6170092	0.020134227	0.30739218	1.0	1003	tags=20%, list=7%, signal=22%	
POSITIVE REGULATION OF EPIDERMIS DEVELOPMENT%GOBP%GO:0045684	POSITIVE REGULATION OF EPIDERMIS DEVELOPMENT%GOBP%GO:0045684		18	0.6163573	1.6160797	0.015053763	0.30724823	1.0	1293	tags=33%, list=10%, signal=37%	
HS-GAG BIOSYNTHESIS%REACTOME DATABASE ID RELEASE 93%2022928	HS-GAG BIOSYNTHESIS%REACTOME DATABASE ID RELEASE 93%2022928		22	0.5801744	1.6154499	0.024122806	0.30641946	1.0	2547	tags=55%, list=19%, signal=67%	
GLYCOSAMINOGLYCAN-PROTEIN LINKAGE REGION BIOSYNTHESIS%REACTOME%R-HSA-1971475.6	GLYCOSAMINOGLYCAN-PROTEIN LINKAGE REGION BIOSYNTHESIS%REACTOME%R-HSA-1971475.6		23	0.57169753	1.6143706	0.017621145	0.3069663	1.0	2403	tags=48%, list=18%, signal=58%	
NEGATIVE REGULATION OF CELL GROWTH%GOBP%GO:0030308	NEGATIVE REGULATION OF CELL GROWTH%GOBP%GO:0030308		100	0.42422694	1.6132722	0.005449591	0.30740944	1.0	2608	tags=33%, list=19%, signal=41%	
PHOTODYNAMIC THERAPY INDUCED NFE2L2 NRF2 SURVIVAL SIGNALING%WIKIPATHWAYS_20250810%WP3612%HOMO SAPIENS	PHOTODYNAMIC THERAPY INDUCED NFE2L2 NRF2 SURVIVAL SIGNALING%WIKIPATHWAYS_20250810%WP3612%HOMO SAPIENS		21	0.5831702	1.6131933	0.023094688	0.30536777	1.0	2861	tags=67%, list=21%, signal=84%	
OLIGODENDROCYTE DIFFERENTIATION%GOBP%GO:0048709	OLIGODENDROCYTE DIFFERENTIATION%GOBP%GO:0048709		25	0.5629093	1.61199	0.019911505	0.30584288	1.0	1328	tags=24%, list=10%, signal=27%	
OUTFLOW TRACT MORPHOGENESIS%GOBP%GO:0003151	OUTFLOW TRACT MORPHOGENESIS%GOBP%GO:0003151		46	0.48742557	1.6113613	0.009501188	0.3051947	1.0	1168	tags=28%, list=9%, signal=31%	
ZINC ION TRANSMEMBRANE TRANSPORT%GOBP%GO:0071577	ZINC ION TRANSMEMBRANE TRANSPORT%GOBP%GO:0071577		20	0.59128886	1.6105782	0.021276595	0.3048274	1.0	2675	tags=55%, list=20%, signal=68%	
THYROXINE THYROID HORMONE PRODUCTION%WIKIPATHWAYS_20250810%WP1981%HOMO SAPIENS	THYROXINE THYROID HORMONE PRODUCTION%WIKIPATHWAYS_20250810%WP1981%HOMO SAPIENS		16	0.6207253	1.6103278	0.022522522	0.30338386	1.0	2199	tags=31%, list=16%, signal=37%	
POSITIVE REGULATION OF EPIDERMAL CELL DIFFERENTIATION%GOBP%GO:0045606	POSITIVE REGULATION OF EPIDERMAL CELL DIFFERENTIATION%GOBP%GO:0045606		15	0.6327655	1.6100315	0.030042918	0.30188075	1.0	1293	tags=33%, list=10%, signal=37%	
REGULATION OF EPIDERMIS DEVELOPMENT%GOBP%GO:0045682	REGULATION OF EPIDERMIS DEVELOPMENT%GOBP%GO:0045682		32	0.5254678	1.6092851	0.022123894	0.30155918	1.0	1703	tags=31%, list=13%, signal=36%	
REGULATION OF ENDOTHELIAL CELL APOPTOTIC PROCESS%GOBP%GO:2000351	REGULATION OF ENDOTHELIAL CELL APOPTOTIC PROCESS%GOBP%GO:2000351		35	0.51657	1.607591	0.009756098	0.30328408	1.0	1236	tags=34%, list=9%, signal=38%	
FACE DEVELOPMENT%GOBP%GO:0060324	FACE DEVELOPMENT%GOBP%GO:0060324		15	0.6279113	1.6070604	0.016913319	0.302378	1.0	1868	tags=47%, list=14%, signal=54%	
HAIR FOLLICLE DEVELOPMENT CYTODIFFERENTIATION STAGE 3 OF 3%WIKIPATHWAYS_20250810%WP2840%HOMO SAPIENS	HAIR FOLLICLE DEVELOPMENT CYTODIFFERENTIATION STAGE 3 OF 3%WIKIPATHWAYS_20250810%WP2840%HOMO SAPIENS		48	0.48675814	1.6068366	0.011185682	0.30091485	1.0	1542	tags=29%, list=11%, signal=33%	
DEVELOPMENT OF PRIMARY SEXUAL CHARACTERISTICS%GOBP%GO:0045137	DEVELOPMENT OF PRIMARY SEXUAL CHARACTERISTICS%GOBP%GO:0045137		52	0.4826742	1.6052188	0.004750594	0.3023246	1.0	998	tags=25%, list=7%, signal=27%	
ZINC HOMEOSTASIS%WIKIPATHWAYS_20250810%WP3529%HOMO SAPIENS	ZINC HOMEOSTASIS%WIKIPATHWAYS_20250810%WP3529%HOMO SAPIENS		21	0.5869344	1.6044601	0.017738359	0.30204463	1.0	2598	tags=43%, list=19%, signal=53%	
NEGATIVE REGULATION OF CANONICAL WNT SIGNALING PATHWAY%GOBP%GO:0090090	NEGATIVE REGULATION OF CANONICAL WNT SIGNALING PATHWAY%GOBP%GO:0090090		98	0.42877358	1.6040777	0.0025575447	0.3009143	1.0	1534	tags=24%, list=11%, signal=27%	
PROSTAGLANDIN METABOLIC PROCESS%GOBP%GO:0006693	PROSTAGLANDIN METABOLIC PROCESS%GOBP%GO:0006693		26	0.55322796	1.6035497	0.02202643	0.30021635	1.0	2215	tags=54%, list=16%, signal=64%	
CELLULAR RESPONSE TO EPIDERMAL GROWTH FACTOR STIMULUS%GOBP%GO:0071364	CELLULAR RESPONSE TO EPIDERMAL GROWTH FACTOR STIMULUS%GOBP%GO:0071364		26	0.54247224	1.6020331	0.025287356	0.301691	1.0	1644	tags=31%, list=12%, signal=35%	
PROSTANOID METABOLIC PROCESS%GOBP%GO:0006692	PROSTANOID METABOLIC PROCESS%GOBP%GO:0006692		29	0.548805	1.5984087	0.020737328	0.3078514	1.0	2215	tags=48%, list=16%, signal=58%	
PID_INTEGRIN3_PATHWAY%MSIGDB_C2%PID_INTEGRIN3_PATHWAY	PID_INTEGRIN3_PATHWAY%MSIGDB_C2%PID_INTEGRIN3_PATHWAY		30	0.53579426	1.5975	0.01826484	0.3080579	1.0	1467	tags=37%, list=11%, signal=41%	
LISSENCEPHALY GENE (LIS1) IN NEURONAL MIGRATION AND DEVELOPMENT%PATHWAY INTERACTION DATABASE NCI-NATURE CURATED DATA%LISSENCEPHALY GENE (LIS1) IN NEURONAL MIGRATION AND DEVELOPMENT	LISSENCEPHALY GENE (LIS1) IN NEURONAL MIGRATION AND DEVELOPMENT%PATHWAY INTERACTION DATABASE NCI-NATURE CURATED DATA%LISSENCEPHALY GENE (LIS1) IN NEURONAL MIGRATION AND DEVELOPMENT		26	0.5516435	1.5972458	0.018823529	0.30675456	1.0	3501	tags=50%, list=26%, signal=67%	
NEGATIVE REGULATION OF PROTEIN POLYMERIZATION%GOBP%GO:0032272	NEGATIVE REGULATION OF PROTEIN POLYMERIZATION%GOBP%GO:0032272		39	0.5189382	1.5964109	0.022883296	0.30669206	1.0	2563	tags=44%, list=19%, signal=54%	
EXTRACELLULAR MATRIX ORGANIZATION%GOBP%GO:0030198	EXTRACELLULAR MATRIX ORGANIZATION%GOBP%GO:0030198		140	0.40249547	1.5945327	0.0	0.30887213	1.0	2290	tags=39%, list=17%, signal=47%	
CELLULAR RESPONSE TO FIBROBLAST GROWTH FACTOR STIMULUS%GOBP%GO:0044344	CELLULAR RESPONSE TO FIBROBLAST GROWTH FACTOR STIMULUS%GOBP%GO:0044344		38	0.50391984	1.5931764	0.017369727	0.31023082	1.0	2557	tags=42%, list=19%, signal=52%	
RESOLUTION OF SISTER CHROMATID COHESION%REACTOME DATABASE ID RELEASE 93%2500257	RESOLUTION OF SISTER CHROMATID COHESION%REACTOME DATABASE ID RELEASE 93%2500257		95	0.42499492	1.5926107	0.0054200543	0.30965242	1.0	3611	tags=41%, list=27%, signal=56%	
COLLAGEN CHAIN TRIMERIZATION%REACTOME DATABASE ID RELEASE 93%8948216	COLLAGEN CHAIN TRIMERIZATION%REACTOME DATABASE ID RELEASE 93%8948216		30	0.5276078	1.592483	0.020689655	0.30793816	1.0	978	tags=30%, list=7%, signal=32%	
REGULATION OF ACTIN FILAMENT BUNDLE ASSEMBLY%GOBP%GO:0032231	REGULATION OF ACTIN FILAMENT BUNDLE ASSEMBLY%GOBP%GO:0032231		76	0.44679946	1.5923097	0.0076530613	0.3064104	1.0	3516	tags=51%, list=26%, signal=69%	
AMYLOID-BETA CLEARANCE%GOBP%GO:0097242	AMYLOID-BETA CLEARANCE%GOBP%GO:0097242		25	0.55797315	1.5920141	0.017621145	0.305266	1.0	1141	tags=24%, list=8%, signal=26%	
NEGATIVE REGULATION OF MYELOID CELL DIFFERENTIATION%GOBP%GO:0045638	NEGATIVE REGULATION OF MYELOID CELL DIFFERENTIATION%GOBP%GO:0045638		48	0.4783109	1.5912234	0.012254902	0.30508518	1.0	460	tags=21%, list=3%, signal=21%	
PROTEIN O-LINKED GLYCOSYLATION VIA XYLOSE%GOBP%GO:0180064	PROTEIN O-LINKED GLYCOSYLATION VIA XYLOSE%GOBP%GO:0180064		39	0.48720604	1.5897061	0.013544018	0.30665922	1.0	2464	tags=41%, list=18%, signal=50%	
CANONICAL AND NON CANONICAL TGF B SIGNALING%WIKIPATHWAYS_20250810%WP3874%HOMO SAPIENS	CANONICAL AND NON CANONICAL TGF B SIGNALING%WIKIPATHWAYS_20250810%WP3874%HOMO SAPIENS		16	0.6008378	1.5881559	0.037527595	0.308128	1.0	3627	tags=56%, list=27%, signal=77%	
REGULATION OF OSTEOCLAST DIFFERENTIATION%GOBP%GO:0045670	REGULATION OF OSTEOCLAST DIFFERENTIATION%GOBP%GO:0045670		38	0.51793873	1.5878646	0.018099548	0.30695128	1.0	925	tags=37%, list=7%, signal=39%	
MITOTIC CYTOKINESIS%GOBP%GO:0000281	MITOTIC CYTOKINESIS%GOBP%GO:0000281		78	0.4431697	1.5858229	0.0053908355	0.30983633	1.0	3278	tags=37%, list=24%, signal=49%	
TELENCEPHALON DEVELOPMENT%GOBP%GO:0021537	TELENCEPHALON DEVELOPMENT%GOBP%GO:0021537		82	0.43996194	1.5852351	0.0025445293	0.30916214	1.0	1868	tags=29%, list=14%, signal=34%	
AURORA B SIGNALING%PATHWAY INTERACTION DATABASE NCI-NATURE CURATED DATA%AURORA B SIGNALING	AURORA B SIGNALING%PATHWAY INTERACTION DATABASE NCI-NATURE CURATED DATA%AURORA B SIGNALING		36	0.51014805	1.5846442	0.02078522	0.30872568	1.0	3663	tags=47%, list=27%, signal=65%	
MIRNA TARGETS IN ECM AND MEMBRANE RECEPTORS%WIKIPATHWAYS_20250810%WP2911%HOMO SAPIENS	MIRNA TARGETS IN ECM AND MEMBRANE RECEPTORS%WIKIPATHWAYS_20250810%WP2911%HOMO SAPIENS		15	0.6211272	1.5818332	0.038548753	0.31339642	1.0	1687	tags=47%, list=12%, signal=53%	
SYNDECAN INTERACTIONS%REACTOME%R-HSA-3000170.4	SYNDECAN INTERACTIONS%REACTOME%R-HSA-3000170.4		18	0.59583503	1.5804919	0.030837005	0.3144968	1.0	1344	tags=39%, list=10%, signal=43%	
SCAVENGING BY CLASS A RECEPTORS%REACTOME%R-HSA-3000480.2	SCAVENGING BY CLASS A RECEPTORS%REACTOME%R-HSA-3000480.2		16	0.6263587	1.580078	0.028634362	0.3136014	1.0	1016	tags=44%, list=7%, signal=47%	
BONE MINERALIZATION%GOBP%GO:0030282	BONE MINERALIZATION%GOBP%GO:0030282		17	0.5943425	1.5779873	0.04494382	0.3162749	1.0	979	tags=35%, list=7%, signal=38%	
RESPONSE TO CORTICOSTEROID%GOBP%GO:0031960	RESPONSE TO CORTICOSTEROID%GOBP%GO:0031960		29	0.53702843	1.5770346	0.026966292	0.31657392	1.0	1402	tags=34%, list=10%, signal=38%	
NALBUPHINE ACTION PATHWAY%SMPDB%SMP0000691	NALBUPHINE ACTION PATHWAY%SMPDB%SMP0000691		19	0.5878677	1.5768791	0.021881837	0.31522137	1.0	509	tags=26%, list=4%, signal=27%	
GLUTATHIONE CONJUGATION%REACTOME%R-HSA-156590.4	GLUTATHIONE CONJUGATION%REACTOME%R-HSA-156590.4		25	0.54369414	1.5692949	0.028037382	0.3307682	1.0	967	tags=24%, list=7%, signal=26%	
SENSORY PROCESSING OF SOUND BY INNER HAIR CELLS OF THE COCHLEA%REACTOME%R-HSA-9662360.2	SENSORY PROCESSING OF SOUND BY INNER HAIR CELLS OF THE COCHLEA%REACTOME%R-HSA-9662360.2		39	0.49971104	1.5687928	0.022271715	0.3301373	1.0	2195	tags=41%, list=16%, signal=49%	
NETRIN UNC5B SIGNALING%WIKIPATHWAYS_20250810%WP4747%HOMO SAPIENS	NETRIN UNC5B SIGNALING%WIKIPATHWAYS_20250810%WP4747%HOMO SAPIENS		38	0.5016167	1.5685432	0.020050125	0.32892275	1.0	2997	tags=50%, list=22%, signal=64%	
ACTIN FILAMENT BUNDLE ORGANIZATION%GOBP%GO:0061572	ACTIN FILAMENT BUNDLE ORGANIZATION%GOBP%GO:0061572		47	0.48628345	1.5684152	0.009433962	0.32736763	1.0	2125	tags=34%, list=16%, signal=40%	
REGULATION OF NEURAL PRECURSOR CELL PROLIFERATION%GOBP%GO:2000177	REGULATION OF NEURAL PRECURSOR CELL PROLIFERATION%GOBP%GO:2000177		30	0.5249897	1.5683572	0.02844639	0.32571143	1.0	1965	tags=30%, list=14%, signal=35%	
MICROTUBULE POLYMERIZATION OR DEPOLYMERIZATION%GOBP%GO:0031109	MICROTUBULE POLYMERIZATION OR DEPOLYMERIZATION%GOBP%GO:0031109		46	0.48403248	1.567852	0.022727273	0.32524067	1.0	3035	tags=33%, list=22%, signal=42%	
VALIDATED TRANSCRIPTIONAL TARGETS OF AP1 FAMILY MEMBERS FRA1 AND FRA2%PATHWAY INTERACTION DATABASE NCI-NATURE CURATED DATA%VALIDATED TRANSCRIPTIONAL TARGETS OF AP1 FAMILY MEMBERS FRA1 AND FRA2	VALIDATED TRANSCRIPTIONAL TARGETS OF AP1 FAMILY MEMBERS FRA1 AND FRA2%PATHWAY INTERACTION DATABASE NCI-NATURE CURATED DATA%VALIDATED TRANSCRIPTIONAL TARGETS OF AP1 FAMILY MEMBERS FRA1 AND FRA2		31	0.5121682	1.5645331	0.04899777	0.33124086	1.0	2196	tags=35%, list=16%, signal=42%	
SKELETAL SYSTEM MORPHOGENESIS%GOBP%GO:0048705	SKELETAL SYSTEM MORPHOGENESIS%GOBP%GO:0048705		67	0.44466525	1.5632418	0.009803922	0.3321935	1.0	1048	tags=22%, list=8%, signal=24%	
NEGATIVE REGULATION OF CELL DEVELOPMENT%GOBP%GO:0010721	NEGATIVE REGULATION OF CELL DEVELOPMENT%GOBP%GO:0010721		120	0.41143805	1.562775	0.0075376886	0.3314204	1.0	1348	tags=25%, list=10%, signal=28%	
O-LINKED GLYCOSYLATION%REACTOME DATABASE ID RELEASE 93%5173105	O-LINKED GLYCOSYLATION%REACTOME DATABASE ID RELEASE 93%5173105		89	0.41777217	1.5622432	0.013921114	0.33082983	1.0	2318	tags=34%, list=17%, signal=40%	
REGULATION OF MYELINATION%GOBP%GO:0031641	REGULATION OF MYELINATION%GOBP%GO:0031641		22	0.5658141	1.562126	0.030973451	0.3293342	1.0	260	tags=14%, list=2%, signal=14%	
EXTRACELLULAR STRUCTURE ORGANIZATION%GOBP%GO:0043062	EXTRACELLULAR STRUCTURE ORGANIZATION%GOBP%GO:0043062		141	0.40118673	1.5618935	0.0054644807	0.328055	1.0	2290	tags=39%, list=17%, signal=46%	
RESPONSE TO TUMOR NECROSIS FACTOR%GOBP%GO:0034612	RESPONSE TO TUMOR NECROSIS FACTOR%GOBP%GO:0034612		100	0.41681948	1.5610433	0.0	0.32836553	1.0	1387	tags=23%, list=10%, signal=25%	
O-GLYCOSYLATION OF TSR DOMAIN-CONTAINING PROTEINS%REACTOME%R-HSA-5173214.3	O-GLYCOSYLATION OF TSR DOMAIN-CONTAINING PROTEINS%REACTOME%R-HSA-5173214.3		31	0.5093	1.560789	0.021691974	0.32724577	1.0	1698	tags=35%, list=13%, signal=40%	
SYNAPSE ORGANIZATION%GOBP%GO:0050808	SYNAPSE ORGANIZATION%GOBP%GO:0050808		159	0.38774136	1.560256	0.0	0.32674333	1.0	1850	tags=27%, list=14%, signal=31%	
PID_REELIN_PATHWAY%MSIGDB_C2%PID_REELIN_PATHWAY	PID_REELIN_PATHWAY%MSIGDB_C2%PID_REELIN_PATHWAY		22	0.5671431	1.5582429	0.035794184	0.32961425	1.0	576	tags=18%, list=4%, signal=19%	
WNT%IOB%WNT	WNT%IOB%WNT		51	0.46578485	1.557758	0.020833334	0.3291282	1.0	1671	tags=25%, list=12%, signal=29%	
REGULATION OF ATTACHMENT OF SPINDLE MICROTUBULES TO KINETOCHORE%GOBP%GO:0051988	REGULATION OF ATTACHMENT OF SPINDLE MICROTUBULES TO KINETOCHORE%GOBP%GO:0051988		19	0.561779	1.5567861	0.03644647	0.3296295	1.0	4008	tags=63%, list=30%, signal=90%	
REGULATION OF METAPHASE/ANAPHASE TRANSITION OF CELL CYCLE%GOBP%GO:1902099	REGULATION OF METAPHASE/ANAPHASE TRANSITION OF CELL CYCLE%GOBP%GO:1902099		78	0.43294853	1.5549392	0.010928961	0.332287	1.0	2081	tags=28%, list=15%, signal=33%	
PHOSPHORYLATION OF CD3 AND TCR ZETA CHAINS%REACTOME%R-HSA-202427.8	PHOSPHORYLATION OF CD3 AND TCR ZETA CHAINS%REACTOME%R-HSA-202427.8		18	0.5746104	1.5544488	0.034802783	0.33172145	1.0	1211	tags=50%, list=9%, signal=55%	
AMINOGLYCAN BIOSYNTHETIC PROCESS%GOBP%GO:0006023	AMINOGLYCAN BIOSYNTHETIC PROCESS%GOBP%GO:0006023		22	0.5441786	1.5524129	0.04524887	0.33475536	1.0	2587	tags=50%, list=19%, signal=62%	
COMPLEMENT PATHWAY%PATHWHIZ%PW064819	COMPLEMENT PATHWAY%PATHWHIZ%PW064819		15	0.6070123	1.5523546	0.035555556	0.33323902	1.0	1174	tags=47%, list=9%, signal=51%	
NCAM1 INTERACTIONS%REACTOME DATABASE ID RELEASE 93%419037	NCAM1 INTERACTIONS%REACTOME DATABASE ID RELEASE 93%419037		23	0.5514148	1.5520368	0.029953917	0.33232242	1.0	533	tags=30%, list=4%, signal=32%	
TRANS-SYNAPTIC SIGNALING%GOBP%GO:0099537	TRANS-SYNAPTIC SIGNALING%GOBP%GO:0099537		181	0.37754422	1.5518526	0.0	0.33105886	1.0	879	tags=15%, list=6%, signal=16%	
POSITIVE REGULATION OF CALCIUM ION TRANSPORT%GOBP%GO:0051928	POSITIVE REGULATION OF CALCIUM ION TRANSPORT%GOBP%GO:0051928		55	0.46500376	1.5506771	0.022727273	0.33230853	1.0	975	tags=25%, list=7%, signal=27%	
CCR5%IOB%CCR5	CCR5%IOB%CCR5		23	0.5519042	1.550324	0.048309177	0.3314658	1.0	766	tags=22%, list=6%, signal=23%	
AMYLOID-BETA METABOLIC PROCESS%GOBP%GO:0050435	AMYLOID-BETA METABOLIC PROCESS%GOBP%GO:0050435		19	0.5638672	1.55011	0.03862661	0.33034262	1.0	3696	tags=63%, list=27%, signal=87%	
COMPLEMENT CASCADE%REACTOME%R-HSA-166658.6	COMPLEMENT CASCADE%REACTOME%R-HSA-166658.6		31	0.5185734	1.5492321	0.020408163	0.3309044	1.0	1174	tags=42%, list=9%, signal=46%	
REGULATION OF GLIAL CELL DIFFERENTIATION%GOBP%GO:0045685	REGULATION OF GLIAL CELL DIFFERENTIATION%GOBP%GO:0045685		28	0.52757967	1.5488799	0.024498885	0.33015084	1.0	1168	tags=25%, list=9%, signal=27%	
AMINOGLYCAN CATABOLIC PROCESS%GOBP%GO:0006026	AMINOGLYCAN CATABOLIC PROCESS%GOBP%GO:0006026		17	0.5918446	1.5487697	0.038961038	0.32880813	1.0	1109	tags=29%, list=8%, signal=32%	
REGULATION OF IGF ACTIVITY BY IGFBP%REACTOME%R-HSA-381426.4	REGULATION OF IGF ACTIVITY BY IGFBP%REACTOME%R-HSA-381426.4		84	0.42847696	1.5469558	0.022332506	0.33155224	1.0	1499	tags=32%, list=11%, signal=36%	
RESPONSE TO FIBROBLAST GROWTH FACTOR%GOBP%GO:0071774	RESPONSE TO FIBROBLAST GROWTH FACTOR%GOBP%GO:0071774		40	0.48863986	1.5465539	0.03087886	0.33097306	1.0	2557	tags=40%, list=19%, signal=49%	
REGULATION OF MITOTIC METAPHASE/ANAPHASE TRANSITION%GOBP%GO:0030071	REGULATION OF MITOTIC METAPHASE/ANAPHASE TRANSITION%GOBP%GO:0030071		77	0.43521887	1.5459782	0.013550135	0.33081245	1.0	2081	tags=29%, list=15%, signal=34%	
TRANSLESION SYNTHESIS%GOBP%GO:0019985	TRANSLESION SYNTHESIS%GOBP%GO:0019985		20	0.56191605	1.5454031	0.0372807	0.33043322	1.0	1150	tags=20%, list=8%, signal=22%	
REPRODUCTIVE SYSTEM DEVELOPMENT%GOBP%GO:0061458	REPRODUCTIVE SYSTEM DEVELOPMENT%GOBP%GO:0061458		63	0.4381809	1.5449809	0.013824885	0.32981354	1.0	998	tags=22%, list=7%, signal=24%	
ANTIGEN PROCESSING AND PRESENTATION%GOBP%GO:0019882	ANTIGEN PROCESSING AND PRESENTATION%GOBP%GO:0019882		73	0.43760592	1.5449771	0.0074074073	0.32827	1.0	1647	tags=30%, list=12%, signal=34%	
REGULATION OF NEURON MIGRATION%GOBP%GO:2001222	REGULATION OF NEURON MIGRATION%GOBP%GO:2001222		28	0.52883923	1.5444504	0.027842227	0.32800004	1.0	1075	tags=25%, list=8%, signal=27%	
AMPLIFICATION OF SIGNAL FROM THE KINETOCHORES%REACTOME%R-HSA-141424.4	AMPLIFICATION OF SIGNAL FROM THE KINETOCHORES%REACTOME%R-HSA-141424.4		83	0.43027797	1.5439203	0.0025839794	0.32769352	1.0	3611	tags=43%, list=27%, signal=59%	
REGULATION OF EPIDERMAL CELL DIFFERENTIATION%GOBP%GO:0045604	REGULATION OF EPIDERMAL CELL DIFFERENTIATION%GOBP%GO:0045604		29	0.5310449	1.5437311	0.030973451	0.32660675	1.0	1703	tags=31%, list=13%, signal=35%	
NEGATIVE REGULATION OF SUPRAMOLECULAR FIBER ORGANIZATION%GOBP%GO:1902904	NEGATIVE REGULATION OF SUPRAMOLECULAR FIBER ORGANIZATION%GOBP%GO:1902904		100	0.41890222	1.5430052	0.0049875313	0.326681	1.0	3169	tags=43%, list=23%, signal=56%	
REGULATION OF MYELOID LEUKOCYTE DIFFERENTIATION%GOBP%GO:0002761	REGULATION OF MYELOID LEUKOCYTE DIFFERENTIATION%GOBP%GO:0002761		73	0.43297446	1.5428301	0.014084507	0.32551873	1.0	925	tags=29%, list=7%, signal=31%	
PHYSICO CHEMICAL FEATURES AND TOXICITY ASSOCIATED PATHWAYS%WIKIPATHWAYS_20250810%WP3680%HOMO SAPIENS	PHYSICO CHEMICAL FEATURES AND TOXICITY ASSOCIATED PATHWAYS%WIKIPATHWAYS_20250810%WP3680%HOMO SAPIENS		45	0.48107702	1.5426171	0.030837005	0.32446235	1.0	2573	tags=40%, list=19%, signal=49%	
RESPIRATORY SYNCYTIAL VIRUS (RSV) ATTACHMENT AND ENTRY%REACTOME%R-HSA-9820960.2	RESPIRATORY SYNCYTIAL VIRUS (RSV) ATTACHMENT AND ENTRY%REACTOME%R-HSA-9820960.2		20	0.5654914	1.5422435	0.047058824	0.32385966	1.0	2653	tags=45%, list=20%, signal=56%	
RESPONSE TO EPIDERMAL GROWTH FACTOR%GOBP%GO:0070849	RESPONSE TO EPIDERMAL GROWTH FACTOR%GOBP%GO:0070849		29	0.5269687	1.5420035	0.03908046	0.32280537	1.0	1644	tags=28%, list=12%, signal=31%	
GLOMERULUS DEVELOPMENT%GOBP%GO:0032835	GLOMERULUS DEVELOPMENT%GOBP%GO:0032835		32	0.4976968	1.54133	0.044289045	0.32285297	1.0	1614	tags=31%, list=12%, signal=35%	
TRANSLOCATION OF ZAP-70 TO IMMUNOLOGICAL SYNAPSE%REACTOME%R-HSA-202430.7	TRANSLOCATION OF ZAP-70 TO IMMUNOLOGICAL SYNAPSE%REACTOME%R-HSA-202430.7		15	0.60260403	1.540877	0.041841004	0.3223842	1.0	1211	tags=60%, list=9%, signal=66%	
SYNAPTIC SIGNALING%GOBP%GO:0099536	SYNAPTIC SIGNALING%GOBP%GO:0099536		200	0.37165615	1.5404207	0.0	0.321875	1.0	879	tags=15%, list=6%, signal=16%	
AMPLIFICATION OF SIGNAL FROM UNATTACHED KINETOCHORES VIA A MAD2 INHIBITORY SIGNAL%REACTOME%R-HSA-141444.4	AMPLIFICATION OF SIGNAL FROM UNATTACHED KINETOCHORES VIA A MAD2 INHIBITORY SIGNAL%REACTOME%R-HSA-141444.4		83	0.43027797	1.5394938	0.0071599046	0.32234976	1.0	3611	tags=43%, list=27%, signal=59%	
DEFECTIVE B3GALTL CAUSES PPS%REACTOME%R-HSA-5083635.4	DEFECTIVE B3GALTL CAUSES PPS%REACTOME%R-HSA-5083635.4		30	0.50984323	1.5385661	0.028824834	0.32305717	1.0	1698	tags=37%, list=13%, signal=42%	
RANKL RANK SIGNALING%WIKIPATHWAYS_20250810%WP2018%HOMO SAPIENS	RANKL RANK SIGNALING%WIKIPATHWAYS_20250810%WP2018%HOMO SAPIENS		41	0.4782315	1.5378025	0.019138755	0.3232144	1.0	2737	tags=27%, list=20%, signal=34%	
NEGATIVE REGULATION OF NEURON PROJECTION DEVELOPMENT%GOBP%GO:0010977	NEGATIVE REGULATION OF NEURON PROJECTION DEVELOPMENT%GOBP%GO:0010977		58	0.45277295	1.537689	0.020408163	0.3220229	1.0	1160	tags=19%, list=9%, signal=21%	
ACTIN FILAMENT BUNDLE ASSEMBLY%GOBP%GO:0051017	ACTIN FILAMENT BUNDLE ASSEMBLY%GOBP%GO:0051017		45	0.47707704	1.537206	0.019417476	0.32171106	1.0	2125	tags=33%, list=16%, signal=39%	
DEFECTIVE B3GALT6 CAUSES EDSP2 AND SEMDJL1%REACTOME%R-HSA-4420332.4	DEFECTIVE B3GALT6 CAUSES EDSP2 AND SEMDJL1%REACTOME%R-HSA-4420332.4		15	0.60808045	1.5366875	0.054466233	0.32155886	1.0	2403	tags=53%, list=18%, signal=65%	
REGULATION OF PHOSPHOLIPID METABOLIC PROCESS%GOBP%GO:1903725	REGULATION OF PHOSPHOLIPID METABOLIC PROCESS%GOBP%GO:1903725		19	0.5740421	1.5351881	0.060402684	0.32334277	1.0	2027	tags=32%, list=15%, signal=37%	
HALLMARK_MITOTIC_SPINDLE%MSIGDBHALLMARK%HALLMARK_MITOTIC_SPINDLE	HALLMARK_MITOTIC_SPINDLE%MSIGDBHALLMARK%HALLMARK_MITOTIC_SPINDLE		151	0.3782773	1.5348519	0.0026595744	0.32269228	1.0	3086	tags=33%, list=23%, signal=42%	
AP-1 TRANSCRIPTION FACTOR NETWORK%PATHWAY INTERACTION DATABASE NCI-NATURE CURATED DATA%AP-1 TRANSCRIPTION FACTOR NETWORK	AP-1 TRANSCRIPTION FACTOR NETWORK%PATHWAY INTERACTION DATABASE NCI-NATURE CURATED DATA%AP-1 TRANSCRIPTION FACTOR NETWORK		57	0.45463538	1.5340482	0.02631579	0.32298452	1.0	1022	tags=25%, list=8%, signal=26%	
CALCIUM ION HOMEOSTASIS%GOBP%GO:0055074	CALCIUM ION HOMEOSTASIS%GOBP%GO:0055074		116	0.39996386	1.5329136	0.0023923444	0.32400015	1.0	2275	tags=33%, list=17%, signal=39%	
LUNG PATHOLOGY OF COVID 19%WIKIPATHWAYS_20250810%WP5146%HOMO SAPIENS	LUNG PATHOLOGY OF COVID 19%WIKIPATHWAYS_20250810%WP5146%HOMO SAPIENS		16	0.5901994	1.5317292	0.047727272	0.32530048	1.0	578	tags=31%, list=4%, signal=33%	
PID_NOTCH_PATHWAY%MSIGDB_C2%PID_NOTCH_PATHWAY	PID_NOTCH_PATHWAY%MSIGDB_C2%PID_NOTCH_PATHWAY		43	0.48687512	1.530405	0.020179372	0.32691482	1.0	2000	tags=28%, list=15%, signal=33%	
REGULATION OF RELEASE OF SEQUESTERED CALCIUM ION INTO CYTOSOL%GOBP%GO:0051279	REGULATION OF RELEASE OF SEQUESTERED CALCIUM ION INTO CYTOSOL%GOBP%GO:0051279		47	0.46006608	1.5291522	0.02538071	0.32838583	1.0	1001	tags=23%, list=7%, signal=25%	
POSITIVE REGULATION OF CYTOSKELETON ORGANIZATION%GOBP%GO:0051495	POSITIVE REGULATION OF CYTOSKELETON ORGANIZATION%GOBP%GO:0051495		130	0.3881521	1.5285842	0.0024570024	0.32828373	1.0	1958	tags=25%, list=14%, signal=28%	
CARBOHYDRATE DERIVATIVE TRANSPORT%GOBP%GO:1901264	CARBOHYDRATE DERIVATIVE TRANSPORT%GOBP%GO:1901264		61	0.43761298	1.5271307	0.03	0.32993326	1.0	2634	tags=38%, list=19%, signal=47%	
REGULATION OF NEURON APOPTOTIC PROCESS%GOBP%GO:0043523	REGULATION OF NEURON APOPTOTIC PROCESS%GOBP%GO:0043523		105	0.40383902	1.5261681	0.0051150895	0.3307634	1.0	2030	tags=27%, list=15%, signal=31%	
CEREBELLUM DEVELOPMENT%GOBP%GO:0021549	CEREBELLUM DEVELOPMENT%GOBP%GO:0021549		18	0.56833154	1.5255018	0.042283297	0.3309929	1.0	1286	tags=33%, list=9%, signal=37%	
NEGATIVE REGULATION OF ENDOTHELIAL CELL PROLIFERATION%GOBP%GO:0001937	NEGATIVE REGULATION OF ENDOTHELIAL CELL PROLIFERATION%GOBP%GO:0001937		29	0.5160886	1.524931	0.032863848	0.33092993	1.0	823	tags=24%, list=6%, signal=26%	
PID_FRA_PATHWAY%MSIGDB_C2%PID_FRA_PATHWAY	PID_FRA_PATHWAY%MSIGDB_C2%PID_FRA_PATHWAY		28	0.51991093	1.5242469	0.036697246	0.33111492	1.0	2196	tags=36%, list=16%, signal=43%	
AMINE METABOLIC PROCESS%GOBP%GO:0009308	AMINE METABOLIC PROCESS%GOBP%GO:0009308		42	0.47466022	1.5234394	0.019480519	0.33162725	1.0	1996	tags=29%, list=15%, signal=33%	
GLYCOSAMINOGLYCAN SYNTHESIS IN FIBROBLASTS%WIKIPATHWAYS_20250810%WP5395%HOMO SAPIENS	GLYCOSAMINOGLYCAN SYNTHESIS IN FIBROBLASTS%WIKIPATHWAYS_20250810%WP5395%HOMO SAPIENS		25	0.52156144	1.5218657	0.044444446	0.3337519	1.0	2547	tags=52%, list=19%, signal=64%	
RESPONSE TO ALCOHOL%GOBP%GO:0097305	RESPONSE TO ALCOHOL%GOBP%GO:0097305		69	0.43327615	1.5208849	0.021563342	0.33460587	1.0	826	tags=19%, list=6%, signal=20%	
ANTEROGRADE TRANS-SYNAPTIC SIGNALING%GOBP%GO:0098916	ANTEROGRADE TRANS-SYNAPTIC SIGNALING%GOBP%GO:0098916		178	0.37004596	1.5192939	0.0	0.33682838	1.0	879	tags=15%, list=6%, signal=16%	
OXIDATIVE DAMAGE RESPONSE%WIKIPATHWAYS_20250810%WP3941%HOMO SAPIENS	OXIDATIVE DAMAGE RESPONSE%WIKIPATHWAYS_20250810%WP3941%HOMO SAPIENS		35	0.49588197	1.5188782	0.037037037	0.3364852	1.0	1174	tags=26%, list=9%, signal=28%	
POSITIVE REGULATION OF POTASSIUM ION TRANSPORT%GOBP%GO:0043268	POSITIVE REGULATION OF POTASSIUM ION TRANSPORT%GOBP%GO:0043268		21	0.5546798	1.5179611	0.030434782	0.33738244	1.0	1375	tags=38%, list=10%, signal=42%	
ASSOCIATIVE LEARNING%GOBP%GO:0008306	ASSOCIATIVE LEARNING%GOBP%GO:0008306		15	0.61464727	1.5177407	0.0554371	0.33651528	1.0	1457	tags=33%, list=11%, signal=37%	
ODONTOGENESIS OF DENTIN-CONTAINING TOOTH%GOBP%GO:0042475	ODONTOGENESIS OF DENTIN-CONTAINING TOOTH%GOBP%GO:0042475		17	0.58250135	1.5177193	0.07158352	0.33521962	1.0	855	tags=35%, list=6%, signal=38%	
METABOTROPIC GLUTAMATE RECEPTOR GROUP III PATHWAY%PANTHER PATHWAY%P00039	METABOTROPIC GLUTAMATE RECEPTOR GROUP III PATHWAY%PANTHER PATHWAY%P00039		42	0.4762156	1.5177184	0.036170214	0.33389756	1.0	267	tags=12%, list=2%, signal=12%	
PHASE II - CONJUGATION OF COMPOUNDS%REACTOME%R-HSA-156580.4	PHASE II - CONJUGATION OF COMPOUNDS%REACTOME%R-HSA-156580.4		55	0.44637775	1.5152436	0.023980815	0.337882	1.0	1268	tags=24%, list=9%, signal=26%	
INTEGRIN SIGNALLING PATHWAY%PANTHER PATHWAY%P00034	INTEGRIN SIGNALLING PATHWAY%PANTHER PATHWAY%P00034		151	0.38303465	1.5147277	0.0	0.33772296	1.0	2642	tags=31%, list=19%, signal=38%	
POSITIVE REGULATION OF ACTIN FILAMENT BUNDLE ASSEMBLY%GOBP%GO:0032233	POSITIVE REGULATION OF ACTIN FILAMENT BUNDLE ASSEMBLY%GOBP%GO:0032233		46	0.4562075	1.5140024	0.028571429	0.33798644	1.0	2496	tags=41%, list=18%, signal=50%	
MOLECULES ASSOCIATED WITH ELASTIC FIBRES%REACTOME DATABASE ID RELEASE 93%2129379	MOLECULES ASSOCIATED WITH ELASTIC FIBRES%REACTOME DATABASE ID RELEASE 93%2129379		26	0.53715223	1.51382	0.055793993	0.33715963	1.0	1879	tags=62%, list=14%, signal=71%	
PID_FAK_PATHWAY%MSIGDB_C2%PID_FAK_PATHWAY	PID_FAK_PATHWAY%MSIGDB_C2%PID_FAK_PATHWAY		48	0.4628933	1.5122805	0.03422983	0.3393045	1.0	1599	tags=23%, list=12%, signal=26%	
DISEASES ASSOCIATED WITH O-GLYCOSYLATION OF PROTEINS%REACTOME%R-HSA-3906995.5	DISEASES ASSOCIATED WITH O-GLYCOSYLATION OF PROTEINS%REACTOME%R-HSA-3906995.5		48	0.45411867	1.5120696	0.023640662	0.3385413	1.0	1732	tags=33%, list=13%, signal=38%	
RESPONSE TO CHOLESTEROL%GOBP%GO:0070723	RESPONSE TO CHOLESTEROL%GOBP%GO:0070723		18	0.58140045	1.5120069	0.03189066	0.33736548	1.0	3666	tags=61%, list=27%, signal=84%	
G PROTEIN-COUPLED RECEPTOR SIGNALING PATHWAY, COUPLED TO CYCLIC NUCLEOTIDE SECOND MESSENGER%GOBP%GO:0007187	G PROTEIN-COUPLED RECEPTOR SIGNALING PATHWAY, COUPLED TO CYCLIC NUCLEOTIDE SECOND MESSENGER%GOBP%GO:0007187		22	0.5500003	1.5111716	0.0625	0.33792013	1.0	1197	tags=50%, list=9%, signal=55%	
CHEMICAL SYNAPTIC TRANSMISSION%GOBP%GO:0007268	CHEMICAL SYNAPTIC TRANSMISSION%GOBP%GO:0007268		178	0.37004596	1.5109869	0.0	0.33700162	1.0	879	tags=15%, list=6%, signal=16%	
NEPHRON DEVELOPMENT%GOBP%GO:0072006	NEPHRON DEVELOPMENT%GOBP%GO:0072006		57	0.44117314	1.5108182	0.027093597	0.33610117	1.0	1695	tags=28%, list=13%, signal=32%	
SENSORY PROCESSING OF SOUND%REACTOME DATABASE ID RELEASE 93%9659379	SENSORY PROCESSING OF SOUND%REACTOME DATABASE ID RELEASE 93%9659379		42	0.46503186	1.5103885	0.023529412	0.33581254	1.0	2195	tags=38%, list=16%, signal=45%	
MBDNF AND PROBDNF REGULATION OF GABA NEUROTRANSMISSION%WIKIPATHWAYS_20250810%WP4829%HOMO SAPIENS	MBDNF AND PROBDNF REGULATION OF GABA NEUROTRANSMISSION%WIKIPATHWAYS_20250810%WP4829%HOMO SAPIENS		21	0.5458785	1.5069238	0.04255319	0.34218794	1.0	1283	tags=29%, list=9%, signal=32%	
REELIN SIGNALING PATHWAY%PATHWAY INTERACTION DATABASE NCI-NATURE CURATED DATA%REELIN SIGNALING PATHWAY	REELIN SIGNALING PATHWAY%PATHWAY INTERACTION DATABASE NCI-NATURE CURATED DATA%REELIN SIGNALING PATHWAY		26	0.5225585	1.5066155	0.052747253	0.34162447	1.0	576	tags=15%, list=4%, signal=16%	
GLYCOLIPID CATABOLIC PROCESS%GOBP%GO:0019377	GLYCOLIPID CATABOLIC PROCESS%GOBP%GO:0019377		15	0.5994965	1.506129	0.054704595	0.34146172	1.0	2684	tags=53%, list=20%, signal=66%	
KERATINOCYTE DIFFERENTIATION%GOBP%GO:0030216	KERATINOCYTE DIFFERENTIATION%GOBP%GO:0030216		27	0.51655364	1.5052655	0.054054055	0.3421163	1.0	2799	tags=59%, list=21%, signal=75%	
REGULATION OF SPINDLE CHECKPOINT%GOBP%GO:0090231	REGULATION OF SPINDLE CHECKPOINT%GOBP%GO:0090231		20	0.5568329	1.5048926	0.043010753	0.34163168	1.0	1807	tags=50%, list=13%, signal=58%	
VALIDATED TRANSCRIPTIONAL TARGETS OF TAP63 ISOFORMS%PATHWAY INTERACTION DATABASE NCI-NATURE CURATED DATA%VALIDATED TRANSCRIPTIONAL TARGETS OF TAP63 ISOFORMS	VALIDATED TRANSCRIPTIONAL TARGETS OF TAP63 ISOFORMS%PATHWAY INTERACTION DATABASE NCI-NATURE CURATED DATA%VALIDATED TRANSCRIPTIONAL TARGETS OF TAP63 ISOFORMS		48	0.45471638	1.5022304	0.028503563	0.3461969	1.0	1748	tags=25%, list=13%, signal=29%	
METENCEPHALON DEVELOPMENT%GOBP%GO:0022037	METENCEPHALON DEVELOPMENT%GOBP%GO:0022037		18	0.56833154	1.5020739	0.044025157	0.34526664	1.0	1286	tags=33%, list=9%, signal=37%	
DIPHENOXYLATE ACTION PATHWAY%SMPDB%SMP0000675	DIPHENOXYLATE ACTION PATHWAY%SMPDB%SMP0000675		18	0.5470525	1.5017332	0.06401766	0.34471467	1.0	509	tags=22%, list=4%, signal=23%	
SENSORY PROCESSING OF SOUND BY OUTER HAIR CELLS OF THE COCHLEA%REACTOME%R-HSA-9662361.2	SENSORY PROCESSING OF SOUND BY OUTER HAIR CELLS OF THE COCHLEA%REACTOME%R-HSA-9662361.2		32	0.48525673	1.5011829	0.041769043	0.34453797	1.0	2195	tags=41%, list=16%, signal=48%	
UROKINASE-TYPE PLASMINOGEN ACTIVATOR (UPA) AND UPAR-MEDIATED SIGNALING%PATHWAY INTERACTION DATABASE NCI-NATURE CURATED DATA%UROKINASE-TYPE PLASMINOGEN ACTIVATOR (UPA) AND UPAR-MEDIATED SIGNALING	UROKINASE-TYPE PLASMINOGEN ACTIVATOR (UPA) AND UPAR-MEDIATED SIGNALING%PATHWAY INTERACTION DATABASE NCI-NATURE CURATED DATA%UROKINASE-TYPE PLASMINOGEN ACTIVATOR (UPA) AND UPAR-MEDIATED SIGNALING		34	0.48497754	1.5008674	0.03587444	0.34396827	1.0	2290	tags=47%, list=17%, signal=56%	
SMOOTHENED SIGNALING PATHWAY%GOBP%GO:0007224	SMOOTHENED SIGNALING PATHWAY%GOBP%GO:0007224		26	0.51780665	1.5007875	0.045146726	0.34288636	1.0	3740	tags=54%, list=28%, signal=74%	
FIBROBLAST GROWTH FACTOR RECEPTOR SIGNALING PATHWAY%GOBP%GO:0008543	FIBROBLAST GROWTH FACTOR RECEPTOR SIGNALING PATHWAY%GOBP%GO:0008543		23	0.53373855	1.4985719	0.058685444	0.34670135	1.0	2557	tags=48%, list=19%, signal=59%	
NEGATIVE REGULATION OF CYTOSKELETON ORGANIZATION%GOBP%GO:0051494	NEGATIVE REGULATION OF CYTOSKELETON ORGANIZATION%GOBP%GO:0051494		101	0.3968452	1.4980624	0.02020202	0.3466782	1.0	3086	tags=40%, list=23%, signal=51%	
REGULATION OF ACTOMYOSIN STRUCTURE ORGANIZATION%GOBP%GO:0110020	REGULATION OF ACTOMYOSIN STRUCTURE ORGANIZATION%GOBP%GO:0110020		71	0.4249726	1.4980409	0.024038462	0.34546784	1.0	3054	tags=42%, list=23%, signal=54%	
HIPPOCAMPUS DEVELOPMENT%GOBP%GO:0021766	HIPPOCAMPUS DEVELOPMENT%GOBP%GO:0021766		18	0.54476243	1.4975275	0.05676856	0.34539914	1.0	1257	tags=28%, list=9%, signal=31%	
FENTANYL ACTION PATHWAY%PATHWHIZ%PW000421	FENTANYL ACTION PATHWAY%PATHWHIZ%PW000421		18	0.5470525	1.4964596	0.049217	0.3463797	1.0	509	tags=22%, list=4%, signal=23%	
MICROTUBULE CYTOSKELETON ORGANIZATION INVOLVED IN MITOSIS%GOBP%GO:1902850	MICROTUBULE CYTOSKELETON ORGANIZATION INVOLVED IN MITOSIS%GOBP%GO:1902850		106	0.39307204	1.4961091	0.017114915	0.34598672	1.0	3680	tags=42%, list=27%, signal=57%	
POSITIVE REGULATION OF SMOOTHENED SIGNALING PATHWAY%GOBP%GO:0045880	POSITIVE REGULATION OF SMOOTHENED SIGNALING PATHWAY%GOBP%GO:0045880		17	0.5714312	1.4955571	0.047722343	0.346083	1.0	1689	tags=29%, list=12%, signal=34%	
MITOTIC SPINDLE ORGANIZATION%GOBP%GO:0007052	MITOTIC SPINDLE ORGANIZATION%GOBP%GO:0007052		81	0.41062903	1.4952012	0.012135922	0.34561595	1.0	3646	tags=43%, list=27%, signal=59%	
REPRODUCTIVE STRUCTURE DEVELOPMENT%GOBP%GO:0048608	REPRODUCTIVE STRUCTURE DEVELOPMENT%GOBP%GO:0048608		63	0.4381809	1.4951264	0.020100502	0.3445812	1.0	998	tags=22%, list=7%, signal=24%	
BEHAVIOR%GOBP%GO:0007610	BEHAVIOR%GOBP%GO:0007610		149	0.37653565	1.4950726	0.008287293	0.34346282	1.0	1457	tags=21%, list=11%, signal=23%	
CENTRAL NERVOUS SYSTEM NEURON DEVELOPMENT%GOBP%GO:0021954	CENTRAL NERVOUS SYSTEM NEURON DEVELOPMENT%GOBP%GO:0021954		37	0.47219688	1.4927629	0.028888889	0.34738228	1.0	1622	tags=30%, list=12%, signal=34%	
DISEASES ASSOCIATED WITH N-GLYCOSYLATION OF PROTEINS%REACTOME%R-HSA-3781860.5	DISEASES ASSOCIATED WITH N-GLYCOSYLATION OF PROTEINS%REACTOME%R-HSA-3781860.5		20	0.54901433	1.4921844	0.04783599	0.34757525	1.0	5226	tags=85%, list=39%, signal=138%	
GENES RELATED TO PRIMARY CILIUM DEVELOPMENT BASED ON CRISPR %WIKIPATHWAYS_20250810%WP4536%HOMO SAPIENS	GENES RELATED TO PRIMARY CILIUM DEVELOPMENT BASED ON CRISPR %WIKIPATHWAYS_20250810%WP4536%HOMO SAPIENS		78	0.41496733	1.4916666	0.011337869	0.34739637	1.0	4174	tags=49%, list=31%, signal=70%	
BUPRENORPHINE ACTION PATHWAY%SMPDB%SMP0000684	BUPRENORPHINE ACTION PATHWAY%SMPDB%SMP0000684		18	0.5470525	1.4907371	0.056947608	0.34829473	1.0	509	tags=22%, list=4%, signal=23%	
CHONDROITIN SULFATE DERMATAN SULFATE METABOLISM%REACTOME DATABASE ID RELEASE 93%1793185	CHONDROITIN SULFATE DERMATAN SULFATE METABOLISM%REACTOME DATABASE ID RELEASE 93%1793185		30	0.49945313	1.4896848	0.055084746	0.34953287	1.0	2594	tags=47%, list=19%, signal=58%	
REGULATION OF EXTRACELLULAR MATRIX DISASSEMBLY%GOBP%GO:0010715	REGULATION OF EXTRACELLULAR MATRIX DISASSEMBLY%GOBP%GO:0010715		16	0.585518	1.489558	0.06122449	0.3485947	1.0	3023	tags=50%, list=22%, signal=64%	
DEFECTIVE B3GAT3 CAUSES JDSSDHD%REACTOME%R-HSA-3560801.4	DEFECTIVE B3GAT3 CAUSES JDSSDHD%REACTOME%R-HSA-3560801.4		15	0.5834088	1.489224	0.06185567	0.34809557	1.0	2403	tags=53%, list=18%, signal=65%	
REGULATION OF PROTEIN PROCESSING%GOBP%GO:0070613	REGULATION OF PROTEIN PROCESSING%GOBP%GO:0070613		29	0.49559844	1.4887047	0.037558686	0.3480919	1.0	2396	tags=45%, list=18%, signal=54%	
DIHYDROMORPHINE ACTION PATHWAY%PATHWHIZ%PW000666	DIHYDROMORPHINE ACTION PATHWAY%PATHWHIZ%PW000666		18	0.5470525	1.4870402	0.06263499	0.3505445	1.0	509	tags=22%, list=4%, signal=23%	
CYTOKINETIC PROCESS%GOBP%GO:0032506	CYTOKINETIC PROCESS%GOBP%GO:0032506		41	0.4639357	1.4853815	0.03517588	0.3530007	1.0	2472	tags=29%, list=18%, signal=36%	
EPITHELIAL CELL MIGRATION%GOBP%GO:0010631	EPITHELIAL CELL MIGRATION%GOBP%GO:0010631		16	0.577169	1.4848849	0.06833713	0.3529485	1.0	3284	tags=44%, list=24%, signal=58%	
REGULATION OF BONE REMODELING%GOBP%GO:0046850	REGULATION OF BONE REMODELING%GOBP%GO:0046850		30	0.50844306	1.4847542	0.042986427	0.35207033	1.0	2119	tags=47%, list=16%, signal=55%	
NEURON MIGRATION%GOBP%GO:0001764	NEURON MIGRATION%GOBP%GO:0001764		53	0.44499344	1.4832002	0.03504673	0.35439506	1.0	2013	tags=30%, list=15%, signal=35%	
FIBRIN COMPLEMENT RECEPTOR 3 SIGNALING%WIKIPATHWAYS_20250810%WP4136%HOMO SAPIENS	FIBRIN COMPLEMENT RECEPTOR 3 SIGNALING%WIKIPATHWAYS_20250810%WP4136%HOMO SAPIENS		29	0.5011846	1.4831996	0.04464286	0.3532058	1.0	2726	tags=31%, list=20%, signal=39%	
NEGATIVE REGULATION OF ACTIN FILAMENT POLYMERIZATION%GOBP%GO:0030837	NEGATIVE REGULATION OF ACTIN FILAMENT POLYMERIZATION%GOBP%GO:0030837		29	0.4920674	1.4828119	0.03794643	0.35294345	1.0	2806	tags=52%, list=21%, signal=65%	
PID_PDGFRA_PATHWAY%MSIGDB_C2%PID_PDGFRA_PATHWAY	PID_PDGFRA_PATHWAY%MSIGDB_C2%PID_PDGFRA_PATHWAY		17	0.5595312	1.4821967	0.07359307	0.3531544	1.0	1552	tags=24%, list=11%, signal=27%	
CRANIAL SKELETAL SYSTEM DEVELOPMENT%GOBP%GO:1904888	CRANIAL SKELETAL SYSTEM DEVELOPMENT%GOBP%GO:1904888		20	0.5352466	1.4803907	0.06567796	0.35597432	1.0	1862	tags=40%, list=14%, signal=46%	
NGF-STIMULATED TRANSCRIPTION%REACTOME DATABASE ID RELEASE 93%9031628	NGF-STIMULATED TRANSCRIPTION%REACTOME DATABASE ID RELEASE 93%9031628		30	0.49609384	1.4796461	0.059241705	0.35656112	1.0	2306	tags=33%, list=17%, signal=40%	
REGULATION OF STRESS FIBER ASSEMBLY%GOBP%GO:0051492	REGULATION OF STRESS FIBER ASSEMBLY%GOBP%GO:0051492		67	0.4198429	1.4795729	0.029268293	0.35558897	1.0	3054	tags=43%, list=23%, signal=56%	
POSITIVE REGULATION OF FIBROBLAST PROLIFERATION%GOBP%GO:0048146	POSITIVE REGULATION OF FIBROBLAST PROLIFERATION%GOBP%GO:0048146		24	0.5285119	1.4775662	0.042056076	0.3589857	1.0	3038	tags=67%, list=22%, signal=86%	
MODIFIED AMINO ACID METABOLIC PROCESS%GOBP%GO:0006575	MODIFIED AMINO ACID METABOLIC PROCESS%GOBP%GO:0006575		111	0.38196507	1.4769514	0.00990099	0.3592056	1.0	2305	tags=29%, list=17%, signal=34%	
REGULATION OF ACTIN FILAMENT ORGANIZATION%GOBP%GO:0110053	REGULATION OF ACTIN FILAMENT ORGANIZATION%GOBP%GO:0110053		178	0.36144367	1.4765791	0.014577259	0.3589275	1.0	3080	tags=39%, list=23%, signal=50%	
ALLOGRAFT REJECTION%WIKIPATHWAYS_20250810%WP2328%HOMO SAPIENS	ALLOGRAFT REJECTION%WIKIPATHWAYS_20250810%WP2328%HOMO SAPIENS		57	0.43392146	1.475592	0.031026253	0.3599715	1.0	951	tags=30%, list=7%, signal=32%	
3-METHYLTHIOFENTANYL ACTION PATHWAY%PATHWHIZ%PW000656	3-METHYLTHIOFENTANYL ACTION PATHWAY%PATHWHIZ%PW000656		18	0.5470525	1.4748021	0.0627907	0.360611	1.0	509	tags=22%, list=4%, signal=23%	
LUNG DEVELOPMENT%GOBP%GO:0030324	LUNG DEVELOPMENT%GOBP%GO:0030324		35	0.47758126	1.4733714	0.038369305	0.36263964	1.0	1802	tags=34%, list=13%, signal=39%	
REGULATION OF NON-CANONICAL WNT SIGNALING PATHWAY%GOBP%GO:2000050	REGULATION OF NON-CANONICAL WNT SIGNALING PATHWAY%GOBP%GO:2000050		16	0.5827246	1.4727981	0.06753813	0.36280635	1.0	764	tags=31%, list=6%, signal=33%	
GLYCOSPHINGOLIPID CATABOLISM%REACTOME DATABASE ID RELEASE 93%9840310	GLYCOSPHINGOLIPID CATABOLISM%REACTOME DATABASE ID RELEASE 93%9840310		28	0.49054247	1.4718996	0.0456621	0.36369476	1.0	2684	tags=54%, list=20%, signal=67%	
NEGATIVE REGULATION OF GROWTH%GOBP%GO:0045926	NEGATIVE REGULATION OF GROWTH%GOBP%GO:0045926		119	0.38396022	1.4717674	0.0025974025	0.3628501	1.0	1212	tags=18%, list=9%, signal=19%	
VESICLE DOCKING INVOLVED IN EXOCYTOSIS%GOBP%GO:0006904	VESICLE DOCKING INVOLVED IN EXOCYTOSIS%GOBP%GO:0006904		30	0.4943998	1.4715117	0.039045554	0.3622017	1.0	267	tags=10%, list=2%, signal=10%	
POSITIVE REGULATION OF CALCIUM ION TRANSMEMBRANE TRANSPORT%GOBP%GO:1904427	POSITIVE REGULATION OF CALCIUM ION TRANSMEMBRANE TRANSPORT%GOBP%GO:1904427		34	0.4673724	1.471356	0.034883723	0.36141598	1.0	975	tags=26%, list=7%, signal=28%	
REGULATION OF SYNAPTIC TRANSMISSION, GLUTAMATERGIC%GOBP%GO:0051966	REGULATION OF SYNAPTIC TRANSMISSION, GLUTAMATERGIC%GOBP%GO:0051966		34	0.477537	1.4707762	0.051522247	0.36163163	1.0	1457	tags=29%, list=11%, signal=33%	
POSITIVE REGULATION OF MONOATOMIC ION TRANSPORT%GOBP%GO:0043270	POSITIVE REGULATION OF MONOATOMIC ION TRANSPORT%GOBP%GO:0043270		102	0.3902635	1.4702779	0.009779952	0.36176726	1.0	1401	tags=25%, list=10%, signal=27%	
RESPONSE TO ISCHEMIA%GOBP%GO:0002931	RESPONSE TO ISCHEMIA%GOBP%GO:0002931		21	0.54598665	1.46909	0.050660793	0.36315545	1.0	1608	tags=33%, list=12%, signal=38%	
RESPONSE TO NERVE GROWTH FACTOR%GOBP%GO:1990089	RESPONSE TO NERVE GROWTH FACTOR%GOBP%GO:1990089		17	0.5574975	1.4682893	0.047732696	0.3637103	1.0	2	tags=6%, list=0%, signal=6%	
PROTEOGLYCAN BIOSYNTHETIC PROCESS%GOBP%GO:0030166	PROTEOGLYCAN BIOSYNTHETIC PROCESS%GOBP%GO:0030166		51	0.44118798	1.4675593	0.030303031	0.36412525	1.0	2587	tags=37%, list=19%, signal=46%	
INTRACELLULAR CALCIUM ION HOMEOSTASIS%GOBP%GO:0006874	INTRACELLULAR CALCIUM ION HOMEOSTASIS%GOBP%GO:0006874		106	0.39099652	1.4673623	0.023195876	0.3633835	1.0	2078	tags=31%, list=15%, signal=36%	
NICOTINE ACTION PATHWAY%SMPDB%SMP0000431	NICOTINE ACTION PATHWAY%SMPDB%SMP0000431		20	0.5335217	1.466824	0.073459715	0.36345172	1.0	1247	tags=30%, list=9%, signal=33%	
HYDROCODONE ACTION PATHWAY%SMPDB%SMP0000411	HYDROCODONE ACTION PATHWAY%SMPDB%SMP0000411		18	0.5470525	1.4666665	0.04680851	0.36267948	1.0	509	tags=22%, list=4%, signal=23%	
HOMOPHILIC CELL ADHESION VIA PLASMA MEMBRANE ADHESION MOLECULES%GOBP%GO:0007156	HOMOPHILIC CELL ADHESION VIA PLASMA MEMBRANE ADHESION MOLECULES%GOBP%GO:0007156		46	0.44919327	1.4660492	0.038004752	0.3628826	1.0	906	tags=20%, list=7%, signal=21%	
P53 TRANSCRIPTIONAL GENE NETWORK%WIKIPATHWAYS_20250810%WP4963%HOMO SAPIENS	P53 TRANSCRIPTIONAL GENE NETWORK%WIKIPATHWAYS_20250810%WP4963%HOMO SAPIENS		65	0.41883135	1.4655267	0.045212764	0.36299273	1.0	1896	tags=26%, list=14%, signal=30%	
ALFENTANIL ACTION PATHWAY%PATHWHIZ%PW000419	ALFENTANIL ACTION PATHWAY%PATHWHIZ%PW000419		18	0.5470525	1.4652985	0.06081081	0.3623907	1.0	509	tags=22%, list=4%, signal=23%	
REGULATION OF PROTEIN MATURATION%GOBP%GO:1903317	REGULATION OF PROTEIN MATURATION%GOBP%GO:1903317		30	0.49231967	1.4651372	0.057777777	0.36164242	1.0	2396	tags=43%, list=18%, signal=53%	
RHO PROTEIN SIGNAL TRANSDUCTION%GOBP%GO:0007266	RHO PROTEIN SIGNAL TRANSDUCTION%GOBP%GO:0007266		51	0.44015428	1.4636157	0.045346063	0.36421204	1.0	2253	tags=37%, list=17%, signal=45%	
PENTAZOCINE ACTION PATHWAY%SMPDB%SMP0000686	PENTAZOCINE ACTION PATHWAY%SMPDB%SMP0000686		18	0.5470525	1.4630786	0.061946902	0.3643601	1.0	509	tags=22%, list=4%, signal=23%	
CARFENTANIL ACTION PATHWAY%SMPDB%SMP0000414	CARFENTANIL ACTION PATHWAY%SMPDB%SMP0000414		18	0.5470525	1.4627209	0.07603686	0.36412117	1.0	509	tags=22%, list=4%, signal=23%	
REGULATION OF PROTEIN-CONTAINING COMPLEX DISASSEMBLY%GOBP%GO:0043244	REGULATION OF PROTEIN-CONTAINING COMPLEX DISASSEMBLY%GOBP%GO:0043244		85	0.40176663	1.4626626	0.01	0.36314592	1.0	3169	tags=34%, list=23%, signal=44%	
AMEBOIDAL-TYPE CELL MIGRATION%GOBP%GO:0001667	AMEBOIDAL-TYPE CELL MIGRATION%GOBP%GO:0001667		64	0.41902477	1.4624542	0.03908046	0.36256868	1.0	1424	tags=28%, list=11%, signal=31%	
LEVORPHANOL ACTION PATHWAY%SMPDB%SMP0000673	LEVORPHANOL ACTION PATHWAY%SMPDB%SMP0000673		18	0.5470525	1.4622006	0.06833713	0.3620917	1.0	509	tags=22%, list=4%, signal=23%	
HEDGEHOG SIGNALING%WIKIPATHWAYS_20250810%WP4249%HOMO SAPIENS	HEDGEHOG SIGNALING%WIKIPATHWAYS_20250810%WP4249%HOMO SAPIENS		29	0.49383643	1.4620032	0.066974595	0.36143214	1.0	1587	tags=21%, list=12%, signal=23%	
LEVOBUPIVACAINE ACTION PATHWAY%PATHWHIZ%PW000403	LEVOBUPIVACAINE ACTION PATHWAY%PATHWHIZ%PW000403		18	0.5470525	1.4615507	0.06323185	0.3614084	1.0	509	tags=22%, list=4%, signal=23%	
DESIPRAMINE ACTION PATHWAY%PATHWHIZ%PW000425	DESIPRAMINE ACTION PATHWAY%PATHWHIZ%PW000425		18	0.5470525	1.4612911	0.069869	0.36085987	1.0	509	tags=22%, list=4%, signal=23%	
MEPIVACAINE ACTION PATHWAY%PATHWHIZ%PW000405	MEPIVACAINE ACTION PATHWAY%PATHWHIZ%PW000405		18	0.5470525	1.46054	0.07280514	0.36137274	1.0	509	tags=22%, list=4%, signal=23%	
HYDROMORPHONE ACTION PATHWAY%PATHWHIZ%PW000416	HYDROMORPHONE ACTION PATHWAY%PATHWHIZ%PW000416		18	0.5470525	1.4605274	0.058411215	0.36033723	1.0	509	tags=22%, list=4%, signal=23%	
POST-TRANSLATIONAL MODIFICATION: SYNTHESIS OF GPI-ANCHORED PROTEINS%REACTOME DATABASE ID RELEASE 93%163125	POST-TRANSLATIONAL MODIFICATION: SYNTHESIS OF GPI-ANCHORED PROTEINS%REACTOME DATABASE ID RELEASE 93%163125		55	0.42708	1.4603847	0.036144577	0.35956436	1.0	1470	tags=29%, list=11%, signal=32%	
DEZOCINE ACTION PATHWAY%PATHWHIZ%PW000653	DEZOCINE ACTION PATHWAY%PATHWHIZ%PW000653		18	0.5470525	1.4602903	0.07112069	0.35867727	1.0	509	tags=22%, list=4%, signal=23%	
VOLTAGE GATED POTASSIUM CHANNELS%REACTOME%R-HSA-1296072.4	VOLTAGE GATED POTASSIUM CHANNELS%REACTOME%R-HSA-1296072.4		19	0.5289254	1.4601016	0.04597701	0.35805646	1.0	1138	tags=42%, list=8%, signal=46%	
REGULATION OF MITOTIC SPINDLE CHECKPOINT%GOBP%GO:1903504	REGULATION OF MITOTIC SPINDLE CHECKPOINT%GOBP%GO:1903504		19	0.5390127	1.4593428	0.059734512	0.3585666	1.0	1807	tags=47%, list=13%, signal=55%	
GLYCOPROTEIN CATABOLIC PROCESS%GOBP%GO:0006516	GLYCOPROTEIN CATABOLIC PROCESS%GOBP%GO:0006516		27	0.49179745	1.4592592	0.06619386	0.35770556	1.0	2666	tags=52%, list=20%, signal=64%	
RESPIRATORY SYSTEM DEVELOPMENT%GOBP%GO:0060541	RESPIRATORY SYSTEM DEVELOPMENT%GOBP%GO:0060541		44	0.44753113	1.4590242	0.024390243	0.35712683	1.0	1868	tags=34%, list=14%, signal=39%	
NALOXONE ACTION PATHWAY%SMPDB%SMP0000688	NALOXONE ACTION PATHWAY%SMPDB%SMP0000688		18	0.5470525	1.4582955	0.07068607	0.3576783	1.0	509	tags=22%, list=4%, signal=23%	
TOLL LIKE RECEPTOR SIGNALING%WIKIPATHWAYS_20250810%WP75%HOMO SAPIENS	TOLL LIKE RECEPTOR SIGNALING%WIKIPATHWAYS_20250810%WP75%HOMO SAPIENS		66	0.41995332	1.4573872	0.024390243	0.3586972	1.0	2836	tags=36%, list=21%, signal=46%	
PROPARACAINE ACTION PATHWAY%PATHWHIZ%PW000409	PROPARACAINE ACTION PATHWAY%PATHWHIZ%PW000409		18	0.5470525	1.4570405	0.057471264	0.35842526	1.0	509	tags=22%, list=4%, signal=23%	
ESCITALOPRAM ACTION PATHWAY%PATHWHIZ%PW000427	ESCITALOPRAM ACTION PATHWAY%PATHWHIZ%PW000427		18	0.5470525	1.4559934	0.0647482	0.35968357	1.0	509	tags=22%, list=4%, signal=23%	
TRAMADOL ACTION ACTION PATHWAY%SMPDB%SMP0000671	TRAMADOL ACTION ACTION PATHWAY%SMPDB%SMP0000671		18	0.5470525	1.4551862	0.056179777	0.36026567	1.0	509	tags=22%, list=4%, signal=23%	
EXOCYTIC PROCESS%GOBP%GO:0140029	EXOCYTIC PROCESS%GOBP%GO:0140029		42	0.45646316	1.4551628	0.050808314	0.3592807	1.0	319	tags=10%, list=2%, signal=10%	
CELLULAR RESPONSE TO NERVE GROWTH FACTOR STIMULUS%GOBP%GO:1990090	CELLULAR RESPONSE TO NERVE GROWTH FACTOR STIMULUS%GOBP%GO:1990090		17	0.5574975	1.4545366	0.08971553	0.35962555	1.0	2	tags=6%, list=0%, signal=6%	
DIMETHYLTHIAMBUTENE ACTION PATHWAY%SMPDB%SMP0000680	DIMETHYLTHIAMBUTENE ACTION PATHWAY%SMPDB%SMP0000680		18	0.5470525	1.4532325	0.06550218	0.3614124	1.0	509	tags=22%, list=4%, signal=23%	
DIBUCAINE ACTION PATHWAY%SMPDB%SMP0000396	DIBUCAINE ACTION PATHWAY%SMPDB%SMP0000396		18	0.5470525	1.4528863	0.0744921	0.3612538	1.0	509	tags=22%, list=4%, signal=23%	
CARTILAGE DEVELOPMENT%GOBP%GO:0051216	CARTILAGE DEVELOPMENT%GOBP%GO:0051216		49	0.44545156	1.4519291	0.026829269	0.3624371	1.0	1900	tags=29%, list=14%, signal=33%	
GLUTAMATE RECEPTOR SIGNALING PATHWAY%GOBP%GO:0007215	GLUTAMATE RECEPTOR SIGNALING PATHWAY%GOBP%GO:0007215		28	0.4847856	1.4516814	0.06278027	0.3619316	1.0	205	tags=14%, list=2%, signal=14%	
REGULATION OF SISTER CHROMATID SEGREGATION%GOBP%GO:0033045	REGULATION OF SISTER CHROMATID SEGREGATION%GOBP%GO:0033045		88	0.39447206	1.4512991	0.02173913	0.3617593	1.0	2081	tags=25%, list=15%, signal=29%	
POSITIVE REGULATION OF SUPRAMOLECULAR FIBER ORGANIZATION%GOBP%GO:1902905	POSITIVE REGULATION OF SUPRAMOLECULAR FIBER ORGANIZATION%GOBP%GO:1902905		119	0.3751854	1.4510716	0.010256411	0.3612207	1.0	1958	tags=24%, list=14%, signal=28%	
INTRAFLAGELLAR TRANSPORT PROTEINS BINDING TO DYNEIN%WIKIPATHWAYS_20250810%WP4532%HOMO SAPIENS	INTRAFLAGELLAR TRANSPORT PROTEINS BINDING TO DYNEIN%WIKIPATHWAYS_20250810%WP4532%HOMO SAPIENS		19	0.54017633	1.4507614	0.062084258	0.36088213	1.0	4326	tags=74%, list=32%, signal=108%	
EPITHELIUM MIGRATION%GOBP%GO:0090132	EPITHELIUM MIGRATION%GOBP%GO:0090132		16	0.577169	1.4503945	0.06546275	0.3607715	1.0	3284	tags=44%, list=24%, signal=58%	
PID_AURORA_B_PATHWAY%MSIGDB_C2%PID_AURORA_B_PATHWAY	PID_AURORA_B_PATHWAY%MSIGDB_C2%PID_AURORA_B_PATHWAY		20	0.5275613	1.4503154	0.08026031	0.3599218	1.0	1991	tags=35%, list=15%, signal=41%	
COLLAGEN METABOLIC PROCESS%GOBP%GO:0032963	COLLAGEN METABOLIC PROCESS%GOBP%GO:0032963		40	0.44892797	1.4498061	0.05357143	0.3599597	1.0	2290	tags=45%, list=17%, signal=54%	
POST-TRANSLATIONAL PROTEIN PHOSPHORYLATION%REACTOME%R-HSA-8957275.2	POST-TRANSLATIONAL PROTEIN PHOSPHORYLATION%REACTOME%R-HSA-8957275.2		75	0.41257688	1.4496574	0.022332506	0.359248	1.0	1499	tags=31%, list=11%, signal=34%	
BUPIVACAINE ACTION PATHWAY%SMPDB%SMP0000393	BUPIVACAINE ACTION PATHWAY%SMPDB%SMP0000393		18	0.5470525	1.449133	0.060475163	0.35941067	1.0	509	tags=22%, list=4%, signal=23%	
DEVELOPMENT OF PRIMARY MALE SEXUAL CHARACTERISTICS%GOBP%GO:0046546	DEVELOPMENT OF PRIMARY MALE SEXUAL CHARACTERISTICS%GOBP%GO:0046546		29	0.48755392	1.4483825	0.054117646	0.36001995	1.0	998	tags=24%, list=7%, signal=26%	
PRILOCAINE ACTION PATHWAY%PATHWHIZ%PW000407	PRILOCAINE ACTION PATHWAY%PATHWHIZ%PW000407		18	0.5470525	1.4481208	0.0862069	0.35961425	1.0	509	tags=22%, list=4%, signal=23%	
NALTREXONE ACTION PATHWAY%PATHWHIZ%PW000664	NALTREXONE ACTION PATHWAY%PATHWHIZ%PW000664		18	0.5470525	1.4481126	0.078774616	0.35864612	1.0	509	tags=22%, list=4%, signal=23%	
CHLOROPROCAINE ACTION PATHWAY%SMPDB%SMP0000394	CHLOROPROCAINE ACTION PATHWAY%SMPDB%SMP0000394		18	0.5470525	1.4478414	0.06866953	0.35820198	1.0	509	tags=22%, list=4%, signal=23%	
SUFENTANIL ACTION PATHWAY%PATHWHIZ%PW000423	SUFENTANIL ACTION PATHWAY%PATHWHIZ%PW000423		18	0.5470525	1.4475907	0.08258928	0.35772043	1.0	509	tags=22%, list=4%, signal=23%	
METAL ION SLC TRANSPORTERS%REACTOME%R-HSA-425410.4	METAL ION SLC TRANSPORTERS%REACTOME%R-HSA-425410.4		18	0.53073	1.4471055	0.08181818	0.35780007	1.0	2934	tags=61%, list=22%, signal=78%	
CELLULAR RESPONSE TO TUMOR NECROSIS FACTOR%GOBP%GO:0071356	CELLULAR RESPONSE TO TUMOR NECROSIS FACTOR%GOBP%GO:0071356		81	0.39551094	1.446998	0.03827751	0.35707426	1.0	1387	tags=21%, list=10%, signal=23%	
BENZOCAINE ACTION PATHWAY%SMPDB%SMP0000392	BENZOCAINE ACTION PATHWAY%SMPDB%SMP0000392		18	0.5470525	1.4469327	0.0625	0.3562877	1.0	509	tags=22%, list=4%, signal=23%	
TISSUE MIGRATION%GOBP%GO:0090130	TISSUE MIGRATION%GOBP%GO:0090130		18	0.54072165	1.4466661	0.072186835	0.35591164	1.0	3284	tags=39%, list=24%, signal=51%	
PROCAINE ACTION PATHWAY%PATHWHIZ%PW000408	PROCAINE ACTION PATHWAY%PATHWHIZ%PW000408		18	0.5470525	1.445939	0.06507592	0.35652524	1.0	509	tags=22%, list=4%, signal=23%	
RESPONSE TO XENOBIOTIC STIMULUS%GOBP%GO:0009410	RESPONSE TO XENOBIOTIC STIMULUS%GOBP%GO:0009410		129	0.3714924	1.4458305	0.0123152705	0.35579908	1.0	1693	tags=26%, list=12%, signal=29%	
ALVIMOPAN ACTION PATHWAY%SMPDB%SMP0000685	ALVIMOPAN ACTION PATHWAY%SMPDB%SMP0000685		18	0.5470525	1.4453597	0.081677705	0.35588244	1.0	509	tags=22%, list=4%, signal=23%	
KETOBEMIDONE ACTION PATHWAY%SMPDB%SMP0000690	KETOBEMIDONE ACTION PATHWAY%SMPDB%SMP0000690		18	0.5470525	1.4451042	0.059633028	0.35553262	1.0	509	tags=22%, list=4%, signal=23%	
ETHYLMORPHINE ACTION PATHWAY%SMPDB%SMP0000681	ETHYLMORPHINE ACTION PATHWAY%SMPDB%SMP0000681		18	0.5470525	1.4449527	0.05882353	0.35490075	1.0	509	tags=22%, list=4%, signal=23%	
LEVOMETHADYL ACETATE ACTION ACTION PATHWAY%SMPDB%SMP0000677	LEVOMETHADYL ACETATE ACTION ACTION PATHWAY%SMPDB%SMP0000677		18	0.5470525	1.4445013	0.073891625	0.35482293	1.0	509	tags=22%, list=4%, signal=23%	
PROPOXYPHENE ACTION PATHWAY%PATHWHIZ%PW000649	PROPOXYPHENE ACTION PATHWAY%PATHWHIZ%PW000649		18	0.5470525	1.4436415	0.090322584	0.35585016	1.0	509	tags=22%, list=4%, signal=23%	
LEVALLORPHAN ACTION PATHWAY%SMPDB%SMP0000683	LEVALLORPHAN ACTION PATHWAY%SMPDB%SMP0000683		18	0.5470525	1.4431788	0.0745614	0.3558758	1.0	509	tags=22%, list=4%, signal=23%	
COMPLEMENT SYSTEM IN NEURONAL DEVELOPMENT AND PLASTICITY%WIKIPATHWAYS_20250810%WP5090%HOMO SAPIENS	COMPLEMENT SYSTEM IN NEURONAL DEVELOPMENT AND PLASTICITY%WIKIPATHWAYS_20250810%WP5090%HOMO SAPIENS		74	0.39936802	1.4421377	0.025522042	0.35721084	1.0	1237	tags=23%, list=9%, signal=25%	
BMP SIGNALING IN EYELID DEVELOPMENT%WIKIPATHWAYS_20250810%WP3927%HOMO SAPIENS	BMP SIGNALING IN EYELID DEVELOPMENT%WIKIPATHWAYS_20250810%WP3927%HOMO SAPIENS		16	0.5671537	1.4420505	0.07912088	0.35650352	1.0	1048	tags=31%, list=8%, signal=34%	
REMIFENTANIL ACTION PATHWAY%PATHWHIZ%PW000422	REMIFENTANIL ACTION PATHWAY%PATHWHIZ%PW000422		18	0.5470525	1.4414176	0.084033616	0.3568839	1.0	509	tags=22%, list=4%, signal=23%	
RESPONSE TO PH%GOBP%GO:0009268	RESPONSE TO PH%GOBP%GO:0009268		18	0.5393386	1.4407715	0.077097505	0.3572993	1.0	1535	tags=33%, list=11%, signal=38%	
XBP1(S) ACTIVATES CHAPERONE GENES%REACTOME%R-HSA-381038.5	XBP1(S) ACTIVATES CHAPERONE GENES%REACTOME%R-HSA-381038.5		44	0.44953978	1.4405375	0.036674816	0.3568437	1.0	3421	tags=45%, list=25%, signal=61%	
RESPIRATORY TUBE DEVELOPMENT%GOBP%GO:0030323	RESPIRATORY TUBE DEVELOPMENT%GOBP%GO:0030323		37	0.45734325	1.4405186	0.03803132	0.35595453	1.0	1802	tags=32%, list=13%, signal=37%	
OXYCODONE ACTION PATHWAY%SMPDB%SMP0000409	OXYCODONE ACTION PATHWAY%SMPDB%SMP0000409		18	0.5470525	1.4392196	0.08222222	0.35795432	1.0	509	tags=22%, list=4%, signal=23%	
ANILERIDINE ACTION PATHWAY%SMPDB%SMP0000674	ANILERIDINE ACTION PATHWAY%SMPDB%SMP0000674		18	0.5470525	1.4380041	0.09312639	0.35962555	1.0	509	tags=22%, list=4%, signal=23%	
REGULATION OF MACROPHAGE ACTIVATION%GOBP%GO:0043030	REGULATION OF MACROPHAGE ACTIVATION%GOBP%GO:0043030		38	0.46584654	1.4376736	0.04494382	0.35940462	1.0	1888	tags=37%, list=14%, signal=43%	
GLUTAMATE BINDING, ACTIVATION OF AMPA RECEPTORS AND SYNAPTIC PLASTICITY%REACTOME%R-HSA-399721.5	GLUTAMATE BINDING, ACTIVATION OF AMPA RECEPTORS AND SYNAPTIC PLASTICITY%REACTOME%R-HSA-399721.5		19	0.5359613	1.4374646	0.06593407	0.35895783	1.0	205	tags=11%, list=2%, signal=11%	
COMPLEMENT ACTIVATION%GOBP%GO:0006956	COMPLEMENT ACTIVATION%GOBP%GO:0006956		24	0.5052397	1.4374163	0.054669704	0.3581512	1.0	351	tags=38%, list=3%, signal=38%	
NCAM SIGNALING FOR NEURITE OUT-GROWTH%REACTOME%R-HSA-375165.5	NCAM SIGNALING FOR NEURITE OUT-GROWTH%REACTOME%R-HSA-375165.5		38	0.45288697	1.437076	0.04398148	0.35797754	1.0	533	tags=21%, list=4%, signal=22%	
NEGATIVE REGULATION OF CHEMOTAXIS%GOBP%GO:0050922	NEGATIVE REGULATION OF CHEMOTAXIS%GOBP%GO:0050922		27	0.49042988	1.4364827	0.07399577	0.3584068	1.0	1874	tags=48%, list=14%, signal=56%	
SIGNALING BY ACTIVIN%REACTOME DATABASE ID RELEASE 93%1502540	SIGNALING BY ACTIVIN%REACTOME DATABASE ID RELEASE 93%1502540		16	0.5548663	1.4363992	0.09698276	0.3576555	1.0	421	tags=19%, list=3%, signal=19%	
REGULATION OF MITOTIC CELL CYCLE SPINDLE ASSEMBLY CHECKPOINT%GOBP%GO:0090266	REGULATION OF MITOTIC CELL CYCLE SPINDLE ASSEMBLY CHECKPOINT%GOBP%GO:0090266		19	0.5390127	1.4360949	0.077419356	0.3574004	1.0	1807	tags=47%, list=13%, signal=55%	
METHADYL ACETATE ACTION PATHWAY%PATHWHIZ%PW000655	METHADYL ACETATE ACTION PATHWAY%PATHWHIZ%PW000655		18	0.5470525	1.4343772	0.072072074	0.36013967	1.0	509	tags=22%, list=4%, signal=23%	
BONE MORPHOGENESIS%GOBP%GO:0060349	BONE MORPHOGENESIS%GOBP%GO:0060349		26	0.49818856	1.4339788	0.06950673	0.3600481	1.0	1868	tags=42%, list=14%, signal=49%	
REGULATION OF CD8-POSITIVE, ALPHA-BETA T CELL ACTIVATION%GOBP%GO:2001185	REGULATION OF CD8-POSITIVE, ALPHA-BETA T CELL ACTIVATION%GOBP%GO:2001185		15	0.5661982	1.4336212	0.08050848	0.35993913	1.0	1333	tags=27%, list=10%, signal=30%	
VESICLE DOCKING%GOBP%GO:0048278	VESICLE DOCKING%GOBP%GO:0048278		47	0.4367858	1.4330151	0.044247787	0.36030734	1.0	319	tags=9%, list=2%, signal=9%	
ECTODERM DIFFERENTIATION%WIKIPATHWAYS_20250810%WP2858%HOMO SAPIENS	ECTODERM DIFFERENTIATION%WIKIPATHWAYS_20250810%WP2858%HOMO SAPIENS		93	0.38859746	1.4329284	0.02610966	0.35957468	1.0	1367	tags=17%, list=10%, signal=19%	
NON-INTEGRIN MEMBRANE-ECM INTERACTIONS%REACTOME%R-HSA-3000171.6	NON-INTEGRIN MEMBRANE-ECM INTERACTIONS%REACTOME%R-HSA-3000171.6		50	0.42895797	1.4322267	0.054545455	0.36010265	1.0	2244	tags=36%, list=17%, signal=43%	
TRAFFICKING OF AMPA RECEPTORS%REACTOME DATABASE ID RELEASE 93%399719	TRAFFICKING OF AMPA RECEPTORS%REACTOME DATABASE ID RELEASE 93%399719		19	0.5359613	1.431735	0.065539114	0.36010766	1.0	205	tags=11%, list=2%, signal=11%	
RESPONSE TO AMYLOID-BETA%GOBP%GO:1904645	RESPONSE TO AMYLOID-BETA%GOBP%GO:1904645		38	0.45179498	1.4310055	0.055023924	0.36074108	1.0	2290	tags=39%, list=17%, signal=47%	
OXYMORPHONE ACTION PATHWAY%PATHWHIZ%PW000418	OXYMORPHONE ACTION PATHWAY%PATHWHIZ%PW000418		18	0.5470525	1.4301717	0.085339166	0.36162397	1.0	509	tags=22%, list=4%, signal=23%	
ROPIVACAINE ACTION PATHWAY%PATHWHIZ%PW000410	ROPIVACAINE ACTION PATHWAY%PATHWHIZ%PW000410		18	0.5470525	1.4294564	0.094382025	0.36231253	1.0	509	tags=22%, list=4%, signal=23%	
NEGATIVE REGULATION OF ENDOTHELIAL CELL APOPTOTIC PROCESS%GOBP%GO:2000352	NEGATIVE REGULATION OF ENDOTHELIAL CELL APOPTOTIC PROCESS%GOBP%GO:2000352		18	0.54728484	1.4286797	0.06487696	0.3631471	1.0	1236	tags=44%, list=9%, signal=49%	
PROTEIN O-LINKED GLYCOSYLATION%GOBP%GO:0006493	PROTEIN O-LINKED GLYCOSYLATION%GOBP%GO:0006493		111	0.37380412	1.4284599	0.011627907	0.36269304	1.0	2626	tags=32%, list=19%, signal=39%	
NEGATIVE REGULATION OF WNT SIGNALING PATHWAY%GOBP%GO:0030178	NEGATIVE REGULATION OF WNT SIGNALING PATHWAY%GOBP%GO:0030178		117	0.3751003	1.4280915	0.009876544	0.3625723	1.0	1259	tags=21%, list=9%, signal=22%	
REGULATION OF VASCULAR ENDOTHELIAL CELL PROLIFERATION%GOBP%GO:1905562	REGULATION OF VASCULAR ENDOTHELIAL CELL PROLIFERATION%GOBP%GO:1905562		19	0.53093034	1.4258136	0.09382151	0.36661267	1.0	964	tags=21%, list=7%, signal=23%	
NEURON FUNCTION%SMPDB%SMP0000224	NEURON FUNCTION%SMPDB%SMP0000224		18	0.5470525	1.4257228	0.08624709	0.36586308	1.0	509	tags=22%, list=4%, signal=23%	
REGULATION OF GLIOGENESIS%GOBP%GO:0014013	REGULATION OF GLIOGENESIS%GOBP%GO:0014013		32	0.47057146	1.4252045	0.054545455	0.36600626	1.0	3096	tags=50%, list=23%, signal=65%	
HALLMARK_TNFA_SIGNALING_VIA_NFKB%MSIGDBHALLMARK%HALLMARK_TNFA_SIGNALING_VIA_NFKB	HALLMARK_TNFA_SIGNALING_VIA_NFKB%MSIGDBHALLMARK%HALLMARK_TNFA_SIGNALING_VIA_NFKB		156	0.3546677	1.4241719	0.014124294	0.3673506	1.0	1415	tags=25%, list=10%, signal=28%	
METABOLIC PATHWAYS OF FIBROBLASTS%WIKIPATHWAYS_20250810%WP5312%HOMO SAPIENS	METABOLIC PATHWAYS OF FIBROBLASTS%WIKIPATHWAYS_20250810%WP5312%HOMO SAPIENS		20	0.516946	1.4234143	0.08258928	0.36820078	1.0	1969	tags=45%, list=15%, signal=53%	
DOXORUBICIN METABOLISM PATHWAY%SMPDB%SMP0000650	DOXORUBICIN METABOLISM PATHWAY%SMPDB%SMP0000650		15	0.568767	1.4231987	0.067226894	0.36780408	1.0	1961	tags=40%, list=14%, signal=47%	
HALLMARK_E2F_TARGETS%MSIGDBHALLMARK%HALLMARK_E2F_TARGETS	HALLMARK_E2F_TARGETS%MSIGDBHALLMARK%HALLMARK_E2F_TARGETS		150	0.36221853	1.4226047	0.016	0.3681708	1.0	1883	tags=21%, list=14%, signal=25%	
HYALURONAN METABOLISM%REACTOME DATABASE ID RELEASE 93%2142845	HYALURONAN METABOLISM%REACTOME DATABASE ID RELEASE 93%2142845		15	0.55731326	1.4225377	0.09071274	0.36741993	1.0	4032	tags=67%, list=30%, signal=95%	
HIPPO SIGNALING%GOBP%GO:0035329	HIPPO SIGNALING%GOBP%GO:0035329		22	0.51346016	1.4221371	0.07322654	0.36736298	1.0	1493	tags=32%, list=11%, signal=36%	
IONOTROPIC GLUTAMATE RECEPTOR PATHWAY%PANTHER PATHWAY%P00037	IONOTROPIC GLUTAMATE RECEPTOR PATHWAY%PANTHER PATHWAY%P00037		21	0.5213629	1.4221249	0.08733624	0.36649692	1.0	319	tags=19%, list=2%, signal=19%	
PID_TAP63_PATHWAY%MSIGDB_C2%PID_TAP63_PATHWAY	PID_TAP63_PATHWAY%MSIGDB_C2%PID_TAP63_PATHWAY		38	0.45353153	1.4215595	0.068292685	0.36694425	1.0	1748	tags=26%, list=13%, signal=30%	
POSITIVE REGULATION OF DNA REPLICATION%GOBP%GO:0045740	POSITIVE REGULATION OF DNA REPLICATION%GOBP%GO:0045740		27	0.49983495	1.4209878	0.08027523	0.3673761	1.0	2456	tags=37%, list=18%, signal=45%	
MUSCLE CONTRACTION%REACTOME%R-HSA-397014.5	MUSCLE CONTRACTION%REACTOME%R-HSA-397014.5		131	0.36590898	1.4209353	0.015789473	0.366639	1.0	1279	tags=20%, list=9%, signal=22%	
REGULATION OF OXIDATIVE STRESS-INDUCED INTRINSIC APOPTOTIC SIGNALING PATHWAY%GOBP%GO:1902175	REGULATION OF OXIDATIVE STRESS-INDUCED INTRINSIC APOPTOTIC SIGNALING PATHWAY%GOBP%GO:1902175		29	0.46795586	1.4204899	0.06858407	0.3667249	1.0	3200	tags=48%, list=24%, signal=63%	
IMMUNOGLOBULIN MEDIATED IMMUNE RESPONSE%GOBP%GO:0016064	IMMUNOGLOBULIN MEDIATED IMMUNE RESPONSE%GOBP%GO:0016064		35	0.44815907	1.4200288	0.057471264	0.36676767	1.0	443	tags=23%, list=3%, signal=24%	
OXYBUPROCAINE ACTION PATHWAY%SMPDB%SMP0000400	OXYBUPROCAINE ACTION PATHWAY%SMPDB%SMP0000400		18	0.5470525	1.4196701	0.06263982	0.36663702	1.0	509	tags=22%, list=4%, signal=23%	
MIRNA REGULATION OF PROSTATE CANCER SIGNALING%WIKIPATHWAYS_20250810%WP3981%HOMO SAPIENS	MIRNA REGULATION OF PROSTATE CANCER SIGNALING%WIKIPATHWAYS_20250810%WP3981%HOMO SAPIENS		24	0.4991232	1.4190869	0.06944445	0.36698917	1.0	2199	tags=25%, list=16%, signal=30%	
REGULATION OF TISSUE REMODELING%GOBP%GO:0034103	REGULATION OF TISSUE REMODELING%GOBP%GO:0034103		46	0.4351751	1.4188367	0.050724637	0.36666176	1.0	2119	tags=48%, list=16%, signal=56%	
PID_TGFBR_PATHWAY%MSIGDB_C2%PID_TGFBR_PATHWAY	PID_TGFBR_PATHWAY%MSIGDB_C2%PID_TGFBR_PATHWAY		34	0.46588653	1.4186462	0.054669704	0.3662295	1.0	3473	tags=38%, list=26%, signal=51%	
EPITHELIAL TO MESENCHYMAL TRANSITION IN COLORECTAL CANCER%WIKIPATHWAYS_20250810%WP4239%HOMO SAPIENS	EPITHELIAL TO MESENCHYMAL TRANSITION IN COLORECTAL CANCER%WIKIPATHWAYS_20250810%WP4239%HOMO SAPIENS		105	0.3739343	1.4183947	0.02238806	0.36593568	1.0	1552	tags=20%, list=11%, signal=22%	
SALLA DISEASE INFANTILE SIALIC ACID STORAGE DISEASE%SMPDB%SMP0000240	SALLA DISEASE INFANTILE SIALIC ACID STORAGE DISEASE%SMPDB%SMP0000240		16	0.5446956	1.4182136	0.086283185	0.3654634	1.0	1997	tags=25%, list=15%, signal=29%	
PHOSPHOLIPID CATABOLIC PROCESS%GOBP%GO:0009395	PHOSPHOLIPID CATABOLIC PROCESS%GOBP%GO:0009395		31	0.47416523	1.4177395	0.059080962	0.36569795	1.0	1683	tags=35%, list=12%, signal=40%	
PHAGOCYTOSIS, ENGULFMENT%GOBP%GO:0006911	PHAGOCYTOSIS, ENGULFMENT%GOBP%GO:0006911		20	0.5180641	1.4175979	0.1	0.36512145	1.0	681	tags=20%, list=5%, signal=21%	
CARDIAC CONDUCTION%REACTOME%R-HSA-5576891.4	CARDIAC CONDUCTION%REACTOME%R-HSA-5576891.4		84	0.38518348	1.4170401	0.02189781	0.365468	1.0	1279	tags=20%, list=9%, signal=22%	
NEGATIVE REGULATION OF NUCLEAR DIVISION%GOBP%GO:0051784	NEGATIVE REGULATION OF NUCLEAR DIVISION%GOBP%GO:0051784		32	0.46861473	1.4167986	0.06981982	0.3651457	1.0	1717	tags=31%, list=13%, signal=36%	
ROOF OF MOUTH DEVELOPMENT%GOBP%GO:0060021	ROOF OF MOUTH DEVELOPMENT%GOBP%GO:0060021		28	0.4855548	1.4167278	0.062068965	0.36445227	1.0	849	tags=25%, list=6%, signal=27%	
COCAINE ACTION PATHWAY%SMPDB%SMP0000395	COCAINE ACTION PATHWAY%SMPDB%SMP0000395		18	0.5470525	1.4160489	0.07606264	0.36506224	1.0	509	tags=22%, list=4%, signal=23%	
HEPARAN SULFATE PROTEOGLYCAN BIOSYNTHETIC PROCESS%GOBP%GO:0015012	HEPARAN SULFATE PROTEOGLYCAN BIOSYNTHETIC PROCESS%GOBP%GO:0015012		19	0.5146162	1.4159806	0.080168776	0.36438683	1.0	2377	tags=42%, list=18%, signal=51%	
PID_WNT_NONCANONICAL_PATHWAY%MSIGDB_C2%PID_WNT_NONCANONICAL_PATHWAY	PID_WNT_NONCANONICAL_PATHWAY%MSIGDB_C2%PID_WNT_NONCANONICAL_PATHWAY		22	0.5120384	1.4147972	0.07865169	0.36597535	1.0	1671	tags=27%, list=12%, signal=31%	
FORMATION OF THE CORNIFIED ENVELOPE%REACTOME DATABASE ID RELEASE 93%6809371	FORMATION OF THE CORNIFIED ENVELOPE%REACTOME DATABASE ID RELEASE 93%6809371		22	0.5110338	1.4143234	0.08057851	0.36621693	1.0	1125	tags=36%, list=8%, signal=40%	
HALLMARK_G2M_CHECKPOINT%MSIGDBHALLMARK%HALLMARK_G2M_CHECKPOINT	HALLMARK_G2M_CHECKPOINT%MSIGDBHALLMARK%HALLMARK_G2M_CHECKPOINT		135	0.35842445	1.413816	0.010695187	0.36643153	1.0	2359	tags=27%, list=17%, signal=33%	
SKELETAL SYSTEM DEVELOPMENT%GOBP%GO:0001501	SKELETAL SYSTEM DEVELOPMENT%GOBP%GO:0001501		197	0.34074757	1.4129324	0.002754821	0.36745417	1.0	1900	tags=27%, list=14%, signal=31%	
HOST PATHOGEN INTERACTION OF HUMAN CORONAVIRUSES INTERFERON INDUCTION%WIKIPATHWAYS_20250810%WP4880%HOMO SAPIENS	HOST PATHOGEN INTERACTION OF HUMAN CORONAVIRUSES INTERFERON INDUCTION%WIKIPATHWAYS_20250810%WP4880%HOMO SAPIENS		32	0.46583647	1.4127315	0.08374384	0.36706465	1.0	3644	tags=41%, list=27%, signal=55%	
LIMBIC SYSTEM DEVELOPMENT%GOBP%GO:0021761	LIMBIC SYSTEM DEVELOPMENT%GOBP%GO:0021761		22	0.506961	1.4123528	0.060085837	0.3670562	1.0	1257	tags=23%, list=9%, signal=25%	
DNA SYNTHESIS INVOLVED IN DNA REPAIR%GOBP%GO:0000731	DNA SYNTHESIS INVOLVED IN DNA REPAIR%GOBP%GO:0000731		31	0.46441123	1.4121469	0.06682028	0.36666286	1.0	1150	tags=19%, list=8%, signal=21%	
NEGATIVE REGULATION OF MITOTIC NUCLEAR DIVISION%GOBP%GO:0045839	NEGATIVE REGULATION OF MITOTIC NUCLEAR DIVISION%GOBP%GO:0045839		31	0.46912274	1.4111905	0.06772009	0.36782032	1.0	1717	tags=32%, list=13%, signal=37%	
SKIN EPIDERMIS DEVELOPMENT%GOBP%GO:0098773	SKIN EPIDERMIS DEVELOPMENT%GOBP%GO:0098773		26	0.49131393	1.4110383	0.0794702	0.36729443	1.0	2144	tags=42%, list=16%, signal=50%	
MITOTIC SPINDLE CHECKPOINT%REACTOME%R-HSA-69618.4	MITOTIC SPINDLE CHECKPOINT%REACTOME%R-HSA-69618.4		97	0.37604585	1.4109728	0.02739726	0.3666058	1.0	3611	tags=39%, list=27%, signal=53%	
MARKERS OF KIDNEY CELL LINEAGE%WIKIPATHWAYS_20250810%WP5236%HOMO SAPIENS	MARKERS OF KIDNEY CELL LINEAGE%WIKIPATHWAYS_20250810%WP5236%HOMO SAPIENS		34	0.4617388	1.4106396	0.081677705	0.36655477	1.0	2438	tags=50%, list=18%, signal=61%	
TAY-SACHS DISEASE%PATHWHIZ%PW000215	TAY-SACHS DISEASE%PATHWHIZ%PW000215		16	0.5446956	1.4101799	0.08278867	0.3666705	1.0	1997	tags=25%, list=15%, signal=29%	
SIALURIA OR FRENCH TYPE SIALURIA%SMPDB%SMP0000216	SIALURIA OR FRENCH TYPE SIALURIA%SMPDB%SMP0000216		16	0.5446956	1.4084978	0.112266116	0.36947662	1.0	1997	tags=25%, list=15%, signal=29%	
CELL-SUBSTRATE ADHESION%GOBP%GO:0031589	CELL-SUBSTRATE ADHESION%GOBP%GO:0031589		123	0.36389163	1.4081255	0.012722646	0.36937135	1.0	1889	tags=28%, list=14%, signal=33%	
MITOTIC CYTOKINETIC PROCESS%GOBP%GO:1902410	MITOTIC CYTOKINETIC PROCESS%GOBP%GO:1902410		28	0.48901877	1.407924	0.093333334	0.3689617	1.0	851	tags=18%, list=6%, signal=19%	
REGULATION OF ACTIVIN RECEPTOR SIGNALING PATHWAY%GOBP%GO:0032925	REGULATION OF ACTIVIN RECEPTOR SIGNALING PATHWAY%GOBP%GO:0032925		16	0.53767955	1.4077358	0.08478261	0.3685665	1.0	2166	tags=38%, list=16%, signal=45%	
OSSIFICATION%GOBP%GO:0001503	OSSIFICATION%GOBP%GO:0001503		116	0.36955142	1.4044508	0.017948719	0.3748115	1.0	1741	tags=26%, list=13%, signal=29%	
HORMONE METABOLIC PROCESS%GOBP%GO:0042445	HORMONE METABOLIC PROCESS%GOBP%GO:0042445		88	0.38477314	1.4042559	0.033175357	0.37441957	1.0	1993	tags=35%, list=15%, signal=41%	
22Q11 2 COPY NUMBER VARIATION SYNDROME%WIKIPATHWAYS_20250810%WP4657%HOMO SAPIENS	22Q11 2 COPY NUMBER VARIATION SYNDROME%WIKIPATHWAYS_20250810%WP4657%HOMO SAPIENS		65	0.40017787	1.4037659	0.042056076	0.3745992	1.0	490	tags=12%, list=4%, signal=13%	
G(M2)-GANGLIOSIDOSIS: VARIANT B, TAY-SACHS DISEASE%SMPDB%SMP0000534	G(M2)-GANGLIOSIDOSIS: VARIANT B, TAY-SACHS DISEASE%SMPDB%SMP0000534		16	0.5446956	1.4036881	0.09282701	0.37394798	1.0	1997	tags=25%, list=15%, signal=29%	
REGULATION OF MACROPHAGE MIGRATION%GOBP%GO:1905521	REGULATION OF MACROPHAGE MIGRATION%GOBP%GO:1905521		31	0.461868	1.4035707	0.08486239	0.3734227	1.0	973	tags=29%, list=7%, signal=31%	
CONNECTIVE TISSUE DEVELOPMENT%GOBP%GO:0061448	CONNECTIVE TISSUE DEVELOPMENT%GOBP%GO:0061448		68	0.4025809	1.4025669	0.03935185	0.37482333	1.0	1900	tags=25%, list=14%, signal=29%	
LAMELLIPODIUM ORGANIZATION%GOBP%GO:0097581	LAMELLIPODIUM ORGANIZATION%GOBP%GO:0097581		31	0.46302634	1.4025007	0.1010101	0.37416047	1.0	4065	tags=58%, list=30%, signal=83%	
CELL-SUBSTRATE JUNCTION ASSEMBLY%GOBP%GO:0007044	CELL-SUBSTRATE JUNCTION ASSEMBLY%GOBP%GO:0007044		27	0.47302148	1.4012126	0.06363636	0.37610498	1.0	3606	tags=52%, list=27%, signal=71%	
REGULATION OF ACTIVATED T CELL PROLIFERATION%GOBP%GO:0046006	REGULATION OF ACTIVATED T CELL PROLIFERATION%GOBP%GO:0046006		24	0.49906316	1.4009379	0.083333336	0.37582982	1.0	2198	tags=38%, list=16%, signal=45%	
REGULATION OF BONE RESORPTION%GOBP%GO:0045124	REGULATION OF BONE RESORPTION%GOBP%GO:0045124		24	0.49830604	1.4004387	0.08869179	0.37607405	1.0	1467	tags=38%, list=11%, signal=42%	
CITALOPRAM ACTION PATHWAY%PATHWHIZ%PW000426	CITALOPRAM ACTION PATHWAY%PATHWHIZ%PW000426		21	0.50769615	1.3998206	0.09936575	0.3766647	1.0	1247	tags=29%, list=9%, signal=31%	
GLIAL CELL DIFFERENTIATION%GOBP%GO:0010001	GLIAL CELL DIFFERENTIATION%GOBP%GO:0010001		70	0.39694557	1.3994209	0.05378973	0.37675357	1.0	2741	tags=39%, list=20%, signal=48%	
KRABBE DISEASE%PATHWHIZ%PW000502	KRABBE DISEASE%PATHWHIZ%PW000502		17	0.52048653	1.397977	0.08539326	0.37904796	1.0	1659	tags=29%, list=12%, signal=33%	
CHROMOSOME LOCALIZATION%GOBP%GO:0050000	CHROMOSOME LOCALIZATION%GOBP%GO:0050000		76	0.39388153	1.3969483	0.037037037	0.38048494	1.0	2187	tags=25%, list=16%, signal=30%	
REGULATION OF ACTIN POLYMERIZATION OR DEPOLYMERIZATION%GOBP%GO:0008064	REGULATION OF ACTIN POLYMERIZATION OR DEPOLYMERIZATION%GOBP%GO:0008064		88	0.38273424	1.396808	0.05159705	0.37996238	1.0	3278	tags=45%, list=24%, signal=60%	
METHADONE ACTION PATHWAY%PATHWHIZ%PW000414	METHADONE ACTION PATHWAY%PATHWHIZ%PW000414		20	0.5041048	1.3960571	0.09534368	0.38075727	1.0	509	tags=20%, list=4%, signal=21%	
POSITIVE REGULATION OF ENDOTHELIAL CELL APOPTOTIC PROCESS%GOBP%GO:2000353	POSITIVE REGULATION OF ENDOTHELIAL CELL APOPTOTIC PROCESS%GOBP%GO:2000353		16	0.540029	1.3944467	0.0995671	0.3835947	1.0	681	tags=25%, list=5%, signal=26%	
CHONDROITIN SULFATE PROTEOGLYCAN METABOLIC PROCESS%GOBP%GO:0050654	CHONDROITIN SULFATE PROTEOGLYCAN METABOLIC PROCESS%GOBP%GO:0050654		26	0.4793654	1.3939679	0.08752735	0.38384858	1.0	2464	tags=42%, list=18%, signal=52%	
HALLMARK_ANGIOGENESIS%MSIGDBHALLMARK%HALLMARK_ANGIOGENESIS	HALLMARK_ANGIOGENESIS%MSIGDBHALLMARK%HALLMARK_ANGIOGENESIS		27	0.47759908	1.393574	0.09223301	0.38391972	1.0	1587	tags=48%, list=12%, signal=54%	
AMINO SUGAR METABOLISM%PATHWHIZ%PW000008	AMINO SUGAR METABOLISM%PATHWHIZ%PW000008		16	0.5446956	1.3935677	0.11111111	0.3831178	1.0	1997	tags=25%, list=15%, signal=29%	
TRANSMISSION OF NERVE IMPULSE%GOBP%GO:0019226	TRANSMISSION OF NERVE IMPULSE%GOBP%GO:0019226		17	0.5401619	1.3933314	0.09241706	0.38281524	1.0	1138	tags=35%, list=8%, signal=38%	
WNT%NETPATH%WNT	WNT%NETPATH%WNT		40	0.43928662	1.3917007	0.0778032	0.3856159	1.0	1671	tags=28%, list=12%, signal=31%	
SIGNALING BY HIPPO%REACTOME%R-HSA-2028269.3	SIGNALING BY HIPPO%REACTOME%R-HSA-2028269.3		19	0.5165929	1.3900973	0.108545035	0.38845298	1.0	2799	tags=42%, list=21%, signal=53%	
O-LINKED GLYCOSYLATION OF MUCINS%REACTOME%R-HSA-913709.5	O-LINKED GLYCOSYLATION OF MUCINS%REACTOME%R-HSA-913709.5		40	0.43612143	1.3897898	0.059907835	0.3882645	1.0	2623	tags=43%, list=19%, signal=53%	
TRANSPORT OF VITAMINS, NUCLEOSIDES, AND RELATED MOLECULES%REACTOME%R-HSA-425397.5	TRANSPORT OF VITAMINS, NUCLEOSIDES, AND RELATED MOLECULES%REACTOME%R-HSA-425397.5		31	0.45782596	1.3896723	0.09692671	0.38771805	1.0	1948	tags=32%, list=14%, signal=38%	
GLYCOSAMINOGLYCAN METABOLIC PROCESS%GOBP%GO:0030203	GLYCOSAMINOGLYCAN METABOLIC PROCESS%GOBP%GO:0030203		34	0.45211014	1.3892051	0.061363637	0.38801056	1.0	3064	tags=47%, list=23%, signal=61%	
CELLULAR RESPONSE TO AMYLOID-BETA%GOBP%GO:1904646	CELLULAR RESPONSE TO AMYLOID-BETA%GOBP%GO:1904646		32	0.44942412	1.3886019	0.072052404	0.38852045	1.0	2042	tags=38%, list=15%, signal=44%	
REGULATION OF CHROMOSOME SEGREGATION%GOBP%GO:0051983	REGULATION OF CHROMOSOME SEGREGATION%GOBP%GO:0051983		110	0.36369064	1.38854	0.02676399	0.38784477	1.0	2081	tags=23%, list=15%, signal=27%	
REGULATION OF ERK1 AND ERK2 CASCADE%GOBP%GO:0070372	REGULATION OF ERK1 AND ERK2 CASCADE%GOBP%GO:0070372		166	0.3419828	1.3885006	0.0027777778	0.38713533	1.0	1644	tags=27%, list=12%, signal=30%	
CELL-SUBSTRATE JUNCTION ORGANIZATION%GOBP%GO:0150115	CELL-SUBSTRATE JUNCTION ORGANIZATION%GOBP%GO:0150115		28	0.46659395	1.3883072	0.08539326	0.38674662	1.0	3606	tags=50%, list=27%, signal=68%	
MODIFIED AMINO ACID CATABOLIC PROCESS%GOBP%GO:0042219	MODIFIED AMINO ACID CATABOLIC PROCESS%GOBP%GO:0042219		19	0.52329695	1.3874881	0.088785045	0.38773903	1.0	1446	tags=37%, list=11%, signal=41%	
REGULATION OF ACTIN FILAMENT LENGTH%GOBP%GO:0030832	REGULATION OF ACTIN FILAMENT LENGTH%GOBP%GO:0030832		89	0.380346	1.3869631	0.03087886	0.38810828	1.0	3278	tags=45%, list=24%, signal=59%	
LIDOCAINE (LOCAL ANAESTHETIC) ACTION PATHWAY%SMPDB%SMP0000398	LIDOCAINE (LOCAL ANAESTHETIC) ACTION PATHWAY%SMPDB%SMP0000398		19	0.5055724	1.3869324	0.09728507	0.38735127	1.0	509	tags=21%, list=4%, signal=22%	
REGULATION OF TRANSMEMBRANE RECEPTOR PROTEIN SERINE/THREONINE KINASE SIGNALING PATHWAY%GOBP%GO:0090092	REGULATION OF TRANSMEMBRANE RECEPTOR PROTEIN SERINE/THREONINE KINASE SIGNALING PATHWAY%GOBP%GO:0090092		174	0.33415195	1.3865097	0.011661808	0.3874928	1.0	2234	tags=25%, list=16%, signal=30%	
HALLMARK_INTERFERON_ALPHA_RESPONSE%MSIGDBHALLMARK%HALLMARK_INTERFERON_ALPHA_RESPONSE	HALLMARK_INTERFERON_ALPHA_RESPONSE%MSIGDBHALLMARK%HALLMARK_INTERFERON_ALPHA_RESPONSE		86	0.38102067	1.3853745	0.039119806	0.38928625	1.0	2084	tags=27%, list=15%, signal=31%	
OSTEOCLAST DIFFERENTIATION%GOBP%GO:0030316	OSTEOCLAST DIFFERENTIATION%GOBP%GO:0030316		25	0.4891312	1.3848315	0.08275862	0.38967055	1.0	2835	tags=56%, list=21%, signal=71%	
GLIOGENESIS%GOBP%GO:0042063	GLIOGENESIS%GOBP%GO:0042063		88	0.37955055	1.3847898	0.039506175	0.38896495	1.0	2803	tags=38%, list=21%, signal=47%	
NEGATIVE REGULATION OF MITOTIC CELL CYCLE PHASE TRANSITION%GOBP%GO:1901991	NEGATIVE REGULATION OF MITOTIC CELL CYCLE PHASE TRANSITION%GOBP%GO:1901991		116	0.36074597	1.3833468	0.02238806	0.39122856	1.0	1839	tags=21%, list=14%, signal=24%	
SYNAPSE ASSEMBLY%GOBP%GO:0007416	SYNAPSE ASSEMBLY%GOBP%GO:0007416		69	0.38618216	1.3833454	0.04411765	0.39043438	1.0	2129	tags=36%, list=16%, signal=43%	
METAPHASE CHROMOSOME ALIGNMENT%GOBP%GO:0051310	METAPHASE CHROMOSOME ALIGNMENT%GOBP%GO:0051310		70	0.38510767	1.3832117	0.05463183	0.38992974	1.0	2187	tags=26%, list=16%, signal=31%	
SIGNALING EVENTS MEDIATED BY FOCAL ADHESION KINASE%PATHWAY INTERACTION DATABASE NCI-NATURE CURATED DATA%SIGNALING EVENTS MEDIATED BY FOCAL ADHESION KINASE	SIGNALING EVENTS MEDIATED BY FOCAL ADHESION KINASE%PATHWAY INTERACTION DATABASE NCI-NATURE CURATED DATA%SIGNALING EVENTS MEDIATED BY FOCAL ADHESION KINASE		56	0.40788108	1.3831189	0.066508316	0.38932386	1.0	1599	tags=20%, list=12%, signal=22%	
NEURON PROJECTION ORGANIZATION%GOBP%GO:0106027	NEURON PROJECTION ORGANIZATION%GOBP%GO:0106027		30	0.46350923	1.3827986	0.08163265	0.38921264	1.0	1817	tags=27%, list=13%, signal=31%	
NEGATIVE REGULATION OF EPITHELIAL CELL PROLIFERATION%GOBP%GO:0050680	NEGATIVE REGULATION OF EPITHELIAL CELL PROLIFERATION%GOBP%GO:0050680		69	0.39380264	1.3826693	0.03846154	0.38869992	1.0	1280	tags=20%, list=9%, signal=22%	
SPLICING FACTOR NOVA REGULATED SYNAPTIC PROTEINS%WIKIPATHWAYS_20250810%WP4148%HOMO SAPIENS	SPLICING FACTOR NOVA REGULATED SYNAPTIC PROTEINS%WIKIPATHWAYS_20250810%WP4148%HOMO SAPIENS		24	0.48468703	1.3818102	0.08597285	0.38982964	1.0	3627	tags=54%, list=27%, signal=74%	
MALE GONAD DEVELOPMENT%GOBP%GO:0008584	MALE GONAD DEVELOPMENT%GOBP%GO:0008584		28	0.46795022	1.381711	0.07855626	0.38925576	1.0	998	tags=21%, list=7%, signal=23%	
CELLULAR RESPONSE TO PH%GOBP%GO:0071467	CELLULAR RESPONSE TO PH%GOBP%GO:0071467		16	0.53218424	1.3814071	0.10652174	0.38920525	1.0	2561	tags=44%, list=19%, signal=54%	
NEGATIVE REGULATION OF SMAD PROTEIN SIGNAL TRANSDUCTION%GOBP%GO:0060392	NEGATIVE REGULATION OF SMAD PROTEIN SIGNAL TRANSDUCTION%GOBP%GO:0060392		16	0.5280021	1.381222	0.123873875	0.3888003	1.0	1874	tags=44%, list=14%, signal=51%	
OTHER INTERLEUKIN SIGNALING%REACTOME%R-HSA-449836.12	OTHER INTERLEUKIN SIGNALING%REACTOME%R-HSA-449836.12		16	0.53408	1.3803463	0.11546841	0.38996834	1.0	871	tags=25%, list=6%, signal=27%	
AXON GUIDANCE MEDIATED BY SLIT ROBO%PANTHER PATHWAY%P00008	AXON GUIDANCE MEDIATED BY SLIT ROBO%PANTHER PATHWAY%P00008		15	0.54786426	1.3802252	0.114967465	0.38944066	1.0	1294	tags=40%, list=10%, signal=44%	
LENS DEVELOPMENT IN CAMERA-TYPE EYE%GOBP%GO:0002088	LENS DEVELOPMENT IN CAMERA-TYPE EYE%GOBP%GO:0002088		20	0.5101552	1.3799479	0.091116175	0.38925096	1.0	1868	tags=40%, list=14%, signal=46%	
AGE RAGE PATHWAY%WIKIPATHWAYS_20250810%WP2324%HOMO SAPIENS	AGE RAGE PATHWAY%WIKIPATHWAYS_20250810%WP2324%HOMO SAPIENS		49	0.4097322	1.3795999	0.07159353	0.38920814	1.0	1003	tags=14%, list=7%, signal=15%	
CALCIUM ION TRANSMEMBRANE TRANSPORT%GOBP%GO:0070588	CALCIUM ION TRANSMEMBRANE TRANSPORT%GOBP%GO:0070588		106	0.35947767	1.3792943	0.028277636	0.38908866	1.0	1319	tags=24%, list=10%, signal=26%	
CONTRACTILE ACTIN FILAMENT BUNDLE ASSEMBLY%GOBP%GO:0030038	CONTRACTILE ACTIN FILAMENT BUNDLE ASSEMBLY%GOBP%GO:0030038		16	0.5195089	1.3790662	0.10869565	0.38881278	1.0	2472	tags=38%, list=18%, signal=46%	
GLUCOSAMINE-CONTAINING COMPOUND METABOLIC PROCESS%GOBP%GO:1901071	GLUCOSAMINE-CONTAINING COMPOUND METABOLIC PROCESS%GOBP%GO:1901071		17	0.5226624	1.378383	0.10759494	0.38961944	1.0	811	tags=24%, list=6%, signal=25%	
DENGUE 2 INTERACTIONS WITH COMPLEMENT AND COAGULATION CASCADES%WIKIPATHWAYS_20250810%WP3896%HOMO SAPIENS	DENGUE 2 INTERACTIONS WITH COMPLEMENT AND COAGULATION CASCADES%WIKIPATHWAYS_20250810%WP3896%HOMO SAPIENS		36	0.4459078	1.3779274	0.08108108	0.38989374	1.0	1174	tags=28%, list=9%, signal=30%	
PDGF PATHWAY%WIKIPATHWAYS_20250810%WP2526%HOMO SAPIENS	PDGF PATHWAY%WIKIPATHWAYS_20250810%WP2526%HOMO SAPIENS		31	0.458954	1.3771893	0.075514875	0.39074153	1.0	1552	tags=19%, list=11%, signal=22%	
NEPHRIN FAMILY INTERACTIONS%REACTOME DATABASE ID RELEASE 93%373753	NEPHRIN FAMILY INTERACTIONS%REACTOME DATABASE ID RELEASE 93%373753		17	0.52546084	1.3761137	0.108843535	0.39247957	1.0	3877	tags=59%, list=29%, signal=82%	
RHOV GTPASE CYCLE%REACTOME DATABASE ID RELEASE 93%9013424	RHOV GTPASE CYCLE%REACTOME DATABASE ID RELEASE 93%9013424		35	0.45079276	1.3744473	0.07582939	0.39533222	1.0	3979	tags=46%, list=29%, signal=65%	
MORPHINE ACTION PATHWAY%PATHWHIZ%PW000412	MORPHINE ACTION PATHWAY%PATHWHIZ%PW000412		27	0.46876538	1.3739842	0.09389672	0.39555207	1.0	2530	tags=37%, list=19%, signal=45%	
FABRY DISEASE%SMPDB%SMP0000525	FABRY DISEASE%SMPDB%SMP0000525		17	0.52048653	1.3739797	0.105726875	0.39478606	1.0	1659	tags=29%, list=12%, signal=33%	
TGF_BETA_RECEPTOR%NETPATH%TGF_BETA_RECEPTOR	TGF_BETA_RECEPTOR%NETPATH%TGF_BETA_RECEPTOR		110	0.35889792	1.3738078	0.04187192	0.39437774	1.0	3499	tags=35%, list=26%, signal=46%	
BODY MORPHOGENESIS%GOBP%GO:0010171	BODY MORPHOGENESIS%GOBP%GO:0010171		18	0.525865	1.3733877	0.111597374	0.39453024	1.0	1868	tags=33%, list=14%, signal=39%	
REGULATION OF EXTRINSIC APOPTOTIC SIGNALING PATHWAY VIA DEATH DOMAIN RECEPTORS%GOBP%GO:1902041	REGULATION OF EXTRINSIC APOPTOTIC SIGNALING PATHWAY VIA DEATH DOMAIN RECEPTORS%GOBP%GO:1902041		31	0.4525752	1.3728837	0.08695652	0.39492878	1.0	1764	tags=29%, list=13%, signal=33%	
COMPLEMENT AND COAGULATION CASCADES%WIKIPATHWAYS_20250810%WP558%HOMO SAPIENS	COMPLEMENT AND COAGULATION CASCADES%WIKIPATHWAYS_20250810%WP558%HOMO SAPIENS		36	0.4459078	1.3727494	0.085011184	0.39445937	1.0	1174	tags=28%, list=9%, signal=30%	
BIOMINERAL TISSUE DEVELOPMENT%GOBP%GO:0031214	BIOMINERAL TISSUE DEVELOPMENT%GOBP%GO:0031214		26	0.47128704	1.3724273	0.08352145	0.394374	1.0	979	tags=27%, list=7%, signal=29%	
NEGATIVE REGULATION OF CHROMOSOME ORGANIZATION%GOBP%GO:2001251	NEGATIVE REGULATION OF CHROMOSOME ORGANIZATION%GOBP%GO:2001251		64	0.39309403	1.3722934	0.047281325	0.39385882	1.0	3282	tags=33%, list=24%, signal=43%	
TSH%NETPATH%TSH	TSH%NETPATH%TSH		18	0.5066215	1.3719654	0.08714597	0.39385363	1.0	312	tags=11%, list=2%, signal=11%	
POSITIVE REGULATION OF PROTEIN-CONTAINING COMPLEX DISASSEMBLY%GOBP%GO:0043243	POSITIVE REGULATION OF PROTEIN-CONTAINING COMPLEX DISASSEMBLY%GOBP%GO:0043243		25	0.47253445	1.3717487	0.0945946	0.39363137	1.0	1057	tags=16%, list=8%, signal=17%	
POSITIVE REGULATION OF CATION TRANSMEMBRANE TRANSPORT%GOBP%GO:1904064	POSITIVE REGULATION OF CATION TRANSMEMBRANE TRANSPORT%GOBP%GO:1904064		71	0.38680705	1.3715099	0.046798028	0.3934109	1.0	1319	tags=23%, list=10%, signal=25%	
REGULATION OF BMP SIGNALING PATHWAY%GOBP%GO:0030510	REGULATION OF BMP SIGNALING PATHWAY%GOBP%GO:0030510		55	0.4032186	1.3709264	0.06682578	0.39395946	1.0	2048	tags=27%, list=15%, signal=32%	
INTRA-GOLGI TRAFFIC%REACTOME DATABASE ID RELEASE 93%6811438	INTRA-GOLGI TRAFFIC%REACTOME DATABASE ID RELEASE 93%6811438		41	0.42643595	1.370902	0.086666666	0.393272	1.0	2528	tags=27%, list=19%, signal=33%	
MESONEPHRIC EPITHELIUM DEVELOPMENT%GOBP%GO:0072163	MESONEPHRIC EPITHELIUM DEVELOPMENT%GOBP%GO:0072163		20	0.50284415	1.3700827	0.11060948	0.39443713	1.0	1199	tags=45%, list=9%, signal=49%	
STIMULI-SENSING CHANNELS%REACTOME%R-HSA-2672351.7	STIMULI-SENSING CHANNELS%REACTOME%R-HSA-2672351.7		70	0.38578045	1.3700637	0.047858942	0.39373368	1.0	1435	tags=21%, list=11%, signal=24%	
POSITIVE REGULATION OF FAT CELL DIFFERENTIATION%GOBP%GO:0045600	POSITIVE REGULATION OF FAT CELL DIFFERENTIATION%GOBP%GO:0045600		44	0.41640782	1.3691064	0.0627907	0.3951867	1.0	1300	tags=25%, list=10%, signal=28%	
CORONARY VASCULATURE DEVELOPMENT%GOBP%GO:0060976	CORONARY VASCULATURE DEVELOPMENT%GOBP%GO:0060976		16	0.5335528	1.3686638	0.10964912	0.39539084	1.0	1453	tags=31%, list=11%, signal=35%	
NEURAL CREST CELL MIGRATION%GOBP%GO:0001755	NEURAL CREST CELL MIGRATION%GOBP%GO:0001755		29	0.46097207	1.36804	0.103370786	0.39593825	1.0	1332	tags=41%, list=10%, signal=46%	
MODULATION OF CHEMICAL SYNAPTIC TRANSMISSION%GOBP%GO:0050804	MODULATION OF CHEMICAL SYNAPTIC TRANSMISSION%GOBP%GO:0050804		199	0.33020023	1.3660489	0.012853471	0.39970145	1.0	1303	tags=17%, list=10%, signal=19%	
IRE1ALPHA ACTIVATES CHAPERONES%REACTOME%R-HSA-381070.3	IRE1ALPHA ACTIVATES CHAPERONES%REACTOME%R-HSA-381070.3		46	0.4196686	1.365437	0.091533184	0.40038645	1.0	3421	tags=46%, list=25%, signal=61%	
FLUOXETINE ACTION PATHWAY%PATHWHIZ%PW000428	FLUOXETINE ACTION PATHWAY%PATHWHIZ%PW000428		20	0.5038458	1.3647408	0.11038961	0.40112826	1.0	509	tags=20%, list=4%, signal=21%	
HEPARAN SULFATE HEPARIN (HS-GAG) METABOLISM%REACTOME DATABASE ID RELEASE 93%1638091	HEPARAN SULFATE HEPARIN (HS-GAG) METABOLISM%REACTOME DATABASE ID RELEASE 93%1638091		29	0.46756923	1.364282	0.10467706	0.40134403	1.0	2547	tags=48%, list=19%, signal=59%	
MESENCHYMAL CELL MIGRATION%GOBP%GO:0090497	MESENCHYMAL CELL MIGRATION%GOBP%GO:0090497		29	0.46097207	1.3641068	0.083146065	0.40101466	1.0	1332	tags=41%, list=10%, signal=46%	
STRESS FIBER ASSEMBLY%GOBP%GO:0043149	STRESS FIBER ASSEMBLY%GOBP%GO:0043149		16	0.5195089	1.3639241	0.105032824	0.40066662	1.0	2472	tags=38%, list=18%, signal=46%	
REGULATION OF KETONE BIOSYNTHETIC PROCESS%GOBP%GO:0010566	REGULATION OF KETONE BIOSYNTHETIC PROCESS%GOBP%GO:0010566		15	0.53841794	1.3630841	0.11940298	0.4016904	1.0	855	tags=27%, list=6%, signal=28%	
RESPONSE TO TRANSFORMING GROWTH FACTOR BETA%GOBP%GO:0071559	RESPONSE TO TRANSFORMING GROWTH FACTOR BETA%GOBP%GO:0071559		93	0.36547408	1.3626376	0.03307888	0.40192246	1.0	1889	tags=27%, list=14%, signal=31%	
SISTER CHROMATID COHESION%GOBP%GO:0007062	SISTER CHROMATID COHESION%GOBP%GO:0007062		38	0.43842822	1.3622652	0.08027523	0.40200633	1.0	1983	tags=21%, list=15%, signal=25%	
REGULATION OF ACTIN FILAMENT POLYMERIZATION%GOBP%GO:0030833	REGULATION OF ACTIN FILAMENT POLYMERIZATION%GOBP%GO:0030833		73	0.38902488	1.3621154	0.052752294	0.401592	1.0	3278	tags=47%, list=24%, signal=61%	
REGULATION OF CELL CYCLE CHECKPOINT%GOBP%GO:1901976	REGULATION OF CELL CYCLE CHECKPOINT%GOBP%GO:1901976		37	0.4349468	1.3613547	0.10843374	0.40256715	1.0	1807	tags=30%, list=13%, signal=34%	
POSITIVE REGULATION OF GLIOGENESIS%GOBP%GO:0014015	POSITIVE REGULATION OF GLIOGENESIS%GOBP%GO:0014015		21	0.4960846	1.3612716	0.08817204	0.40202895	1.0	1168	tags=29%, list=9%, signal=31%	
SYNAPTIC VESICLE EXOCYTOSIS%GOBP%GO:0016079	SYNAPTIC VESICLE EXOCYTOSIS%GOBP%GO:0016079		36	0.4374584	1.3612522	0.07194245	0.40133235	1.0	1157	tags=19%, list=9%, signal=21%	
SISTER CHROMATID SEGREGATION%GOBP%GO:0000819	SISTER CHROMATID SEGREGATION%GOBP%GO:0000819		123	0.3493697	1.3602122	0.040669855	0.40283597	1.0	2837	tags=28%, list=21%, signal=35%	
SEX DIFFERENTIATION%GOBP%GO:0007548	SEX DIFFERENTIATION%GOBP%GO:0007548		66	0.3897539	1.3598813	0.051282052	0.40283486	1.0	998	tags=21%, list=7%, signal=23%	
POSITIVE REGULATION OF ERK1 AND ERK2 CASCADE%GOBP%GO:0070374	POSITIVE REGULATION OF ERK1 AND ERK2 CASCADE%GOBP%GO:0070374		111	0.35751906	1.3577733	0.04032258	0.40676153	1.0	1236	tags=27%, list=9%, signal=29%	
GLOBOID CELL LEUKODYSTROPHY%PATHWHIZ%PW000202	GLOBOID CELL LEUKODYSTROPHY%PATHWHIZ%PW000202		17	0.52048653	1.3574841	0.118303575	0.40668133	1.0	1659	tags=29%, list=12%, signal=33%	
REGULATION OF CANONICAL WNT SIGNALING PATHWAY%GOBP%GO:0060828	REGULATION OF CANONICAL WNT SIGNALING PATHWAY%GOBP%GO:0060828		179	0.33031797	1.35734	0.011396011	0.4062793	1.0	1259	tags=16%, list=9%, signal=18%	
GAUCHER DISEASE%PATHWHIZ%PW000201	GAUCHER DISEASE%PATHWHIZ%PW000201		17	0.52048653	1.3548537	0.12903225	0.41115472	1.0	1659	tags=29%, list=12%, signal=33%	
REGULATION OF MEIOTIC CELL CYCLE%GOBP%GO:0051445	REGULATION OF MEIOTIC CELL CYCLE%GOBP%GO:0051445		33	0.44655782	1.3538632	0.09719223	0.41275677	1.0	1755	tags=27%, list=13%, signal=31%	
MYELINATION%GOBP%GO:0042552	MYELINATION%GOBP%GO:0042552		53	0.39619622	1.353839	0.07972665	0.4120637	1.0	2054	tags=34%, list=15%, signal=40%	
SPHINGOLIPID METABOLISM%SMPDB%SMP0000034	SPHINGOLIPID METABOLISM%SMPDB%SMP0000034		17	0.52048653	1.3536932	0.111363634	0.41163108	1.0	1659	tags=29%, list=12%, signal=33%	
HEPARAN SULFATE PROTEOGLYCAN METABOLIC PROCESS%GOBP%GO:0030201	HEPARAN SULFATE PROTEOGLYCAN METABOLIC PROCESS%GOBP%GO:0030201		27	0.45968774	1.3535552	0.10549451	0.4111585	1.0	2377	tags=44%, list=18%, signal=54%	
EAR DEVELOPMENT%GOBP%GO:0043583	EAR DEVELOPMENT%GOBP%GO:0043583		45	0.40785035	1.3529394	0.073903	0.41179535	1.0	1537	tags=24%, list=11%, signal=27%	
INTRA-GOLGI AND RETROGRADE GOLGI-TO-ER TRAFFIC%REACTOME DATABASE ID RELEASE 93%6811442	INTRA-GOLGI AND RETROGRADE GOLGI-TO-ER TRAFFIC%REACTOME DATABASE ID RELEASE 93%6811442		166	0.33684024	1.3505523	0.018372703	0.41647613	1.0	4401	tags=45%, list=32%, signal=66%	
RHOC GTPASE CYCLE%REACTOME%R-HSA-9013106.2	RHOC GTPASE CYCLE%REACTOME%R-HSA-9013106.2		71	0.37864107	1.3501661	0.05882353	0.4165549	1.0	3897	tags=48%, list=29%, signal=67%	
HALLMARK_ESTROGEN_RESPONSE_EARLY%MSIGDBHALLMARK%HALLMARK_ESTROGEN_RESPONSE_EARLY	HALLMARK_ESTROGEN_RESPONSE_EARLY%MSIGDBHALLMARK%HALLMARK_ESTROGEN_RESPONSE_EARLY		149	0.33569652	1.3499126	0.031168832	0.4163093	1.0	2310	tags=30%, list=17%, signal=36%	
POSITIVE REGULATION OF NUCLEAR DIVISION%GOBP%GO:0051785	POSITIVE REGULATION OF NUCLEAR DIVISION%GOBP%GO:0051785		32	0.4290352	1.349421	0.09592326	0.41672355	1.0	772	tags=19%, list=6%, signal=20%	
POSITIVE REGULATION OF REGULATORY T CELL DIFFERENTIATION%GOBP%GO:0045591	POSITIVE REGULATION OF REGULATORY T CELL DIFFERENTIATION%GOBP%GO:0045591		15	0.53990334	1.3494111	0.1277533	0.41599262	1.0	1618	tags=40%, list=12%, signal=45%	
ESTROGEN-DEPENDENT NUCLEAR EVENTS DOWNSTREAM OF ESR-MEMBRANE SIGNALING%REACTOME DATABASE ID RELEASE 93%9634638	ESTROGEN-DEPENDENT NUCLEAR EVENTS DOWNSTREAM OF ESR-MEMBRANE SIGNALING%REACTOME DATABASE ID RELEASE 93%9634638		20	0.5064622	1.3490723	0.11160714	0.4159825	1.0	210	tags=15%, list=2%, signal=15%	
B CELL MEDIATED IMMUNITY%GOBP%GO:0019724	B CELL MEDIATED IMMUNITY%GOBP%GO:0019724		37	0.4354287	1.3488207	0.10401891	0.41583875	1.0	1473	tags=32%, list=11%, signal=36%	
NEGATIVE CHEMOTAXIS%GOBP%GO:0050919	NEGATIVE CHEMOTAXIS%GOBP%GO:0050919		26	0.45938516	1.3479605	0.12276786	0.41716164	1.0	1534	tags=38%, list=11%, signal=43%	
TELENCEPHALON CELL MIGRATION%GOBP%GO:0022029	TELENCEPHALON CELL MIGRATION%GOBP%GO:0022029		20	0.4947089	1.3476179	0.14157303	0.4171958	1.0	496	tags=20%, list=4%, signal=21%	
TYPE II INTERFERON SIGNALING%WIKIPATHWAYS_20250810%WP619%HOMO SAPIENS	TYPE II INTERFERON SIGNALING%WIKIPATHWAYS_20250810%WP619%HOMO SAPIENS		24	0.4675942	1.3473728	0.10840708	0.4170114	1.0	2546	tags=42%, list=19%, signal=51%	
MESONEPHRIC TUBULE DEVELOPMENT%GOBP%GO:0072164	MESONEPHRIC TUBULE DEVELOPMENT%GOBP%GO:0072164		20	0.50284415	1.3471779	0.11513859	0.41670018	1.0	1199	tags=45%, list=9%, signal=49%	
PID_ERA_GENOMIC_PATHWAY%MSIGDB_C2%PID_ERA_GENOMIC_PATHWAY	PID_ERA_GENOMIC_PATHWAY%MSIGDB_C2%PID_ERA_GENOMIC_PATHWAY		41	0.4247599	1.3470434	0.090707965	0.41630068	1.0	2590	tags=22%, list=19%, signal=27%	
CARDIAC CHAMBER MORPHOGENESIS%GOBP%GO:0003206	CARDIAC CHAMBER MORPHOGENESIS%GOBP%GO:0003206		63	0.38995463	1.3468574	0.062052507	0.416007	1.0	1168	tags=27%, list=9%, signal=29%	
INNER EAR DEVELOPMENT%GOBP%GO:0048839	INNER EAR DEVELOPMENT%GOBP%GO:0048839		37	0.42348698	1.346084	0.092269324	0.41700232	1.0	1537	tags=24%, list=11%, signal=27%	
LAMIVUDINE METABOLISM PATHWAY%PATHWHIZ%PW000625	LAMIVUDINE METABOLISM PATHWAY%PATHWHIZ%PW000625		17	0.52220476	1.3457149	0.12276786	0.41710272	1.0	1425	tags=35%, list=11%, signal=39%	
NEPHRON MORPHOGENESIS%GOBP%GO:0072028	NEPHRON MORPHOGENESIS%GOBP%GO:0072028		19	0.49265805	1.3451604	0.122727275	0.41764417	1.0	1199	tags=37%, list=9%, signal=40%	
IMIPRAMINE ACTION PATHWAY%SMPDB%SMP0000422	IMIPRAMINE ACTION PATHWAY%SMPDB%SMP0000422		19	0.5055723	1.3450695	0.10273973	0.41712126	1.0	509	tags=21%, list=4%, signal=22%	
HALLMARK_NOTCH_SIGNALING%MSIGDBHALLMARK%HALLMARK_NOTCH_SIGNALING	HALLMARK_NOTCH_SIGNALING%MSIGDBHALLMARK%HALLMARK_NOTCH_SIGNALING		23	0.47386777	1.3447101	0.10747664	0.41721144	1.0	2080	tags=35%, list=15%, signal=41%	
MEMBRANE DOCKING%GOBP%GO:0022406	MEMBRANE DOCKING%GOBP%GO:0022406		70	0.3814696	1.3434803	0.06382979	0.4192606	1.0	1102	tags=11%, list=8%, signal=12%	
ENSHEATHMENT OF NEURONS%GOBP%GO:0007272	ENSHEATHMENT OF NEURONS%GOBP%GO:0007272		54	0.39262044	1.3434618	0.069977425	0.41856617	1.0	2054	tags=33%, list=15%, signal=39%	
REGULATION OF ANGIOGENESIS%GOBP%GO:0045765	REGULATION OF ANGIOGENESIS%GOBP%GO:0045765		200	0.31970972	1.3425475	0.011494253	0.41991824	1.0	1599	tags=24%, list=12%, signal=26%	
METACHROMATIC LEUKODYSTROPHY (MLD)%SMPDB%SMP0000347	METACHROMATIC LEUKODYSTROPHY (MLD)%SMPDB%SMP0000347		17	0.52048653	1.3424838	0.13513513	0.41931888	1.0	1659	tags=29%, list=12%, signal=33%	
CELL ADHESION MEDIATED BY INTEGRIN%GOBP%GO:0033627	CELL ADHESION MEDIATED BY INTEGRIN%GOBP%GO:0033627		26	0.47305268	1.3414254	0.10615711	0.4210686	1.0	1611	tags=46%, list=12%, signal=52%	
PID_IL6_7_PATHWAY%MSIGDB_C2%PID_IL6_7_PATHWAY	PID_IL6_7_PATHWAY%MSIGDB_C2%PID_IL6_7_PATHWAY		36	0.43521002	1.3413005	0.10539216	0.4206052	1.0	1552	tags=22%, list=11%, signal=25%	
RESPONSE TO MISFOLDED PROTEIN%GOBP%GO:0051788	RESPONSE TO MISFOLDED PROTEIN%GOBP%GO:0051788		18	0.50151	1.3406762	0.11479029	0.42128423	1.0	4631	tags=56%, list=34%, signal=84%	
METAPATHWAY BIOTRANSFORMATION PHASE I AND II%WIKIPATHWAYS_20250810%WP702%HOMO SAPIENS	METAPATHWAY BIOTRANSFORMATION PHASE I AND II%WIKIPATHWAYS_20250810%WP702%HOMO SAPIENS		70	0.37815624	1.3402711	0.075294115	0.4214839	1.0	1858	tags=26%, list=14%, signal=30%	
NEGATIVE REGULATION OF CELL-SUBSTRATE ADHESION%GOBP%GO:0010812	NEGATIVE REGULATION OF CELL-SUBSTRATE ADHESION%GOBP%GO:0010812		50	0.39644217	1.3401061	0.062068965	0.42114565	1.0	3068	tags=38%, list=23%, signal=49%	
SIGNALING BY TGFB FAMILY MEMBERS%REACTOME DATABASE ID RELEASE 93%9006936	SIGNALING BY TGFB FAMILY MEMBERS%REACTOME DATABASE ID RELEASE 93%9006936		138	0.3423344	1.339891	0.046195652	0.4209088	1.0	3516	tags=37%, list=26%, signal=49%	
DIRECT P53 EFFECTORS%PATHWAY INTERACTION DATABASE NCI-NATURE CURATED DATA%DIRECT P53 EFFECTORS	DIRECT P53 EFFECTORS%PATHWAY INTERACTION DATABASE NCI-NATURE CURATED DATA%DIRECT P53 EFFECTORS		123	0.34561694	1.339641	0.041322313	0.42071122	1.0	1642	tags=20%, list=12%, signal=22%	
SIGNALING BY PDGF%REACTOME DATABASE ID RELEASE 93%186797	SIGNALING BY PDGF%REACTOME DATABASE ID RELEASE 93%186797		42	0.41446036	1.3393376	0.085510686	0.42066327	1.0	1552	tags=21%, list=11%, signal=24%	
DIGESTIVE TRACT DEVELOPMENT%GOBP%GO:0048565	DIGESTIVE TRACT DEVELOPMENT%GOBP%GO:0048565		37	0.42099184	1.3393332	0.10895884	0.41994578	1.0	2223	tags=32%, list=16%, signal=39%	
TIE2 SIGNALING%REACTOME DATABASE ID RELEASE 93%210993	TIE2 SIGNALING%REACTOME DATABASE ID RELEASE 93%210993		15	0.5430158	1.3385926	0.11670481	0.42090783	1.0	2507	tags=53%, list=18%, signal=65%	
NFE2L2 REGULATING ANTI-OXIDANT DETOXIFICATION ENZYMES%REACTOME%R-HSA-9818027.3	NFE2L2 REGULATING ANTI-OXIDANT DETOXIFICATION ENZYMES%REACTOME%R-HSA-9818027.3		17	0.51062393	1.3364353	0.13347921	0.4250501	1.0	2861	tags=35%, list=21%, signal=45%	
REGULATION OF TRANS-SYNAPTIC SIGNALING%GOBP%GO:0099177	REGULATION OF TRANS-SYNAPTIC SIGNALING%GOBP%GO:0099177		200	0.32465014	1.3356491	0.008108108	0.42617124	1.0	1303	tags=17%, list=10%, signal=19%	
AXON ENSHEATHMENT%GOBP%GO:0008366	AXON ENSHEATHMENT%GOBP%GO:0008366		54	0.39262044	1.335304	0.086448595	0.42625445	1.0	2054	tags=33%, list=15%, signal=39%	
POSITIVE REGULATION OF ALPHA-BETA T CELL DIFFERENTIATION%GOBP%GO:0046638	POSITIVE REGULATION OF ALPHA-BETA T CELL DIFFERENTIATION%GOBP%GO:0046638		32	0.43486592	1.3328774	0.108597286	0.4312426	1.0	1576	tags=31%, list=12%, signal=35%	
DETECTION OF BIOTIC STIMULUS%GOBP%GO:0009595	DETECTION OF BIOTIC STIMULUS%GOBP%GO:0009595		29	0.44843134	1.332214	0.10045662	0.43205592	1.0	913	tags=28%, list=7%, signal=30%	
SENSORY ORGAN MORPHOGENESIS%GOBP%GO:0090596	SENSORY ORGAN MORPHOGENESIS%GOBP%GO:0090596		83	0.36518863	1.3316427	0.05612245	0.43257952	1.0	1992	tags=30%, list=15%, signal=35%	
HALLMARK_TGF_BETA_SIGNALING%MSIGDBHALLMARK%HALLMARK_TGF_BETA_SIGNALING	HALLMARK_TGF_BETA_SIGNALING%MSIGDBHALLMARK%HALLMARK_TGF_BETA_SIGNALING		42	0.4114495	1.3311242	0.107551485	0.43306336	1.0	3086	tags=40%, list=23%, signal=52%	
POSITIVE REGULATION OF COAGULATION%GOBP%GO:0050820	POSITIVE REGULATION OF COAGULATION%GOBP%GO:0050820		16	0.50822926	1.3310556	0.13043478	0.43246454	1.0	1575	tags=44%, list=12%, signal=49%	
MEMBRANE REPOLARIZATION%GOBP%GO:0086009	MEMBRANE REPOLARIZATION%GOBP%GO:0086009		20	0.4860847	1.3303747	0.1091314	0.43326604	1.0	2006	tags=45%, list=15%, signal=53%	
POSITIVE REGULATION OF LEUKOCYTE MIGRATION%GOBP%GO:0002687	POSITIVE REGULATION OF LEUKOCYTE MIGRATION%GOBP%GO:0002687		96	0.3565956	1.3301545	0.051212937	0.43306655	1.0	1031	tags=25%, list=8%, signal=27%	
N-GLYCAN ANTENNAE ELONGATION IN THE MEDIAL TRANS-GOLGI%REACTOME DATABASE ID RELEASE 93%975576	N-GLYCAN ANTENNAE ELONGATION IN THE MEDIAL TRANS-GOLGI%REACTOME DATABASE ID RELEASE 93%975576		19	0.4997745	1.3300383	0.123173274	0.43260995	1.0	2533	tags=47%, list=19%, signal=58%	
POSITIVE REGULATION OF MONOATOMIC ION TRANSMEMBRANE TRANSPORT%GOBP%GO:0034767	POSITIVE REGULATION OF MONOATOMIC ION TRANSMEMBRANE TRANSPORT%GOBP%GO:0034767		75	0.36951658	1.3283421	0.06203474	0.43596599	1.0	1319	tags=21%, list=10%, signal=24%	
POSITIVE REGULATION OF RESPONSE TO WOUNDING%GOBP%GO:1903036	POSITIVE REGULATION OF RESPONSE TO WOUNDING%GOBP%GO:1903036		42	0.42010978	1.3282211	0.103286386	0.43551236	1.0	2103	tags=38%, list=16%, signal=45%	
FLUOROPYRIMIDINE ACTIVITY%WIKIPATHWAYS_20250810%WP1601%HOMO SAPIENS	FLUOROPYRIMIDINE ACTIVITY%WIKIPATHWAYS_20250810%WP1601%HOMO SAPIENS		23	0.4772639	1.3280301	0.12331839	0.43516546	1.0	3170	tags=48%, list=23%, signal=62%	
CHROMOSOME CONDENSATION%GOBP%GO:0030261	CHROMOSOME CONDENSATION%GOBP%GO:0030261		28	0.45606074	1.3279634	0.11453745	0.4346075	1.0	3888	tags=46%, list=29%, signal=65%	
RAC 1 CELL MOTILITY SIGNALING PATHWAY%SMPDB%SMP0063795	RAC 1 CELL MOTILITY SIGNALING PATHWAY%SMPDB%SMP0063795		21	0.4855961	1.3277258	0.106818184	0.43440437	1.0	2081	tags=38%, list=15%, signal=45%	
URETERIC BUD DEVELOPMENT%GOBP%GO:0001657	URETERIC BUD DEVELOPMENT%GOBP%GO:0001657		19	0.5043932	1.3273969	0.12554112	0.4344844	1.0	1199	tags=47%, list=9%, signal=52%	
GLUCOSE TRANSPORTER DEFECT (SGLT2)%SMPDB%SMP0000184	GLUCOSE TRANSPORTER DEFECT (SGLT2)%SMPDB%SMP0000184		19	0.48284617	1.3272592	0.14382023	0.4340764	1.0	1247	tags=26%, list=9%, signal=29%	
CODEINE ACTION PATHWAY%PATHWHIZ%PW000411	CODEINE ACTION PATHWAY%PATHWHIZ%PW000411		19	0.5055723	1.3254541	0.14634146	0.43751243	1.0	509	tags=21%, list=4%, signal=22%	
FORMATION OF PRIMARY GERM LAYER%GOBP%GO:0001704	FORMATION OF PRIMARY GERM LAYER%GOBP%GO:0001704		55	0.38905507	1.3254064	0.09601874	0.43690866	1.0	2683	tags=36%, list=20%, signal=45%	
XENOBIOTIC METABOLIC PROCESS%GOBP%GO:0006805	XENOBIOTIC METABOLIC PROCESS%GOBP%GO:0006805		72	0.36527917	1.32506	0.070754714	0.43703935	1.0	1693	tags=26%, list=12%, signal=30%	
PDGFR-ALPHA SIGNALING PATHWAY%PATHWAY INTERACTION DATABASE NCI-NATURE CURATED DATA%PDGFR-ALPHA SIGNALING PATHWAY	PDGFR-ALPHA SIGNALING PATHWAY%PATHWAY INTERACTION DATABASE NCI-NATURE CURATED DATA%PDGFR-ALPHA SIGNALING PATHWAY		20	0.4815964	1.32502	0.1328976	0.436421	1.0	1552	tags=20%, list=11%, signal=23%	
NONCANONICAL WNT SIGNALING PATHWAY%PATHWAY INTERACTION DATABASE NCI-NATURE CURATED DATA%NONCANONICAL WNT SIGNALING PATHWAY	NONCANONICAL WNT SIGNALING PATHWAY%PATHWAY INTERACTION DATABASE NCI-NATURE CURATED DATA%NONCANONICAL WNT SIGNALING PATHWAY		28	0.45112658	1.3247759	0.10375276	0.43627605	1.0	1671	tags=25%, list=12%, signal=28%	
REGULATION OF LEUKOCYTE DIFFERENTIATION%GOBP%GO:1902105	REGULATION OF LEUKOCYTE DIFFERENTIATION%GOBP%GO:1902105		198	0.3194958	1.3245857	0.024930747	0.43597034	1.0	1395	tags=23%, list=10%, signal=25%	
NEGATIVE REGULATION OF EXTRINSIC APOPTOTIC SIGNALING PATHWAY VIA DEATH DOMAIN RECEPTORS%GOBP%GO:1902042	NEGATIVE REGULATION OF EXTRINSIC APOPTOTIC SIGNALING PATHWAY VIA DEATH DOMAIN RECEPTORS%GOBP%GO:1902042		21	0.49500796	1.3244472	0.11682243	0.4355724	1.0	2590	tags=38%, list=19%, signal=47%	
QUINETHAZONE ACTION PATHWAY%SMPDB%SMP0000091	QUINETHAZONE ACTION PATHWAY%SMPDB%SMP0000091		19	0.48284617	1.3238794	0.11060948	0.43614772	1.0	1247	tags=26%, list=9%, signal=29%	
ESTROGEN SIGNALING%WIKIPATHWAYS_20250810%WP712%HOMO SAPIENS	ESTROGEN SIGNALING%WIKIPATHWAYS_20250810%WP712%HOMO SAPIENS		16	0.51013154	1.3236027	0.13793103	0.43605798	1.0	1003	tags=19%, list=7%, signal=20%	
BUMETANIDE ACTION PATHWAY%SMPDB%SMP0000088	BUMETANIDE ACTION PATHWAY%SMPDB%SMP0000088		19	0.48284617	1.3227373	0.114967465	0.43728065	1.0	1247	tags=26%, list=9%, signal=29%	
GABA RECEPTOR ACTIVATION%REACTOME DATABASE ID RELEASE 93%977443	GABA RECEPTOR ACTIVATION%REACTOME DATABASE ID RELEASE 93%977443		34	0.42987797	1.3226902	0.09606987	0.4366521	1.0	447	tags=15%, list=3%, signal=15%	
AMINO SUGAR METABOLIC PROCESS%GOBP%GO:0006040	AMINO SUGAR METABOLIC PROCESS%GOBP%GO:0006040		31	0.44695985	1.3213042	0.12083333	0.4393226	1.0	1327	tags=19%, list=10%, signal=21%	
POSITIVE REGULATION OF CELL CYCLE PROCESS%GOBP%GO:0090068	POSITIVE REGULATION OF CELL CYCLE PROCESS%GOBP%GO:0090068		175	0.32113153	1.3203627	0.03188406	0.44081238	1.0	2207	tags=24%, list=16%, signal=28%	
MEMBRANE PROTEIN PROTEOLYSIS%GOBP%GO:0033619	MEMBRANE PROTEIN PROTEOLYSIS%GOBP%GO:0033619		31	0.42573962	1.3198239	0.10983982	0.44126216	1.0	3378	tags=48%, list=25%, signal=64%	
EPLERENONE ACTION PATHWAY%SMPDB%SMP0000135	EPLERENONE ACTION PATHWAY%SMPDB%SMP0000135		19	0.48284617	1.3195941	0.14223194	0.44110346	1.0	1247	tags=26%, list=9%, signal=29%	
NEGATIVE REGULATION OF FIBROBLAST PROLIFERATION%GOBP%GO:0048147	NEGATIVE REGULATION OF FIBROBLAST PROLIFERATION%GOBP%GO:0048147		18	0.5016962	1.3195466	0.13501143	0.44048065	1.0	1868	tags=39%, list=14%, signal=45%	
REGULATION OF HORMONE BIOSYNTHETIC PROCESS%GOBP%GO:0046885	REGULATION OF HORMONE BIOSYNTHETIC PROCESS%GOBP%GO:0046885		15	0.5163659	1.3194163	0.15350877	0.4401001	1.0	855	tags=27%, list=6%, signal=28%	
ENDODERMAL CELL DIFFERENTIATION%GOBP%GO:0035987	ENDODERMAL CELL DIFFERENTIATION%GOBP%GO:0035987		31	0.4350355	1.3185425	0.13963965	0.4415294	1.0	2642	tags=39%, list=19%, signal=48%	
HYDROCHLOROTHIAZIDE ACTION PATHWAY%SMPDB%SMP0000100	HYDROCHLOROTHIAZIDE ACTION PATHWAY%SMPDB%SMP0000100		19	0.48284617	1.3181456	0.13541667	0.44168994	1.0	1247	tags=26%, list=9%, signal=29%	
POLYTHIAZIDE ACTION PATHWAY%PATHWHIZ%PW000326	POLYTHIAZIDE ACTION PATHWAY%PATHWHIZ%PW000326		19	0.48284617	1.318063	0.14432989	0.4411884	1.0	1247	tags=26%, list=9%, signal=29%	
COGNITION%GOBP%GO:0050890	COGNITION%GOBP%GO:0050890		112	0.346079	1.3166649	0.044554457	0.44370705	1.0	1457	tags=19%, list=11%, signal=21%	
DEVELOPMENTAL GROWTH INVOLVED IN MORPHOGENESIS%GOBP%GO:0060560	DEVELOPMENTAL GROWTH INVOLVED IN MORPHOGENESIS%GOBP%GO:0060560		48	0.3993933	1.3163382	0.11337868	0.44373015	1.0	1057	tags=19%, list=8%, signal=20%	
POSITIVE REGULATION OF VIRAL LIFE CYCLE%GOBP%GO:1903902	POSITIVE REGULATION OF VIRAL LIFE CYCLE%GOBP%GO:1903902		17	0.5008316	1.3162744	0.14977974	0.44316256	1.0	1683	tags=29%, list=12%, signal=34%	
REGULATION OF LEUKOCYTE MIGRATION%GOBP%GO:0002685	REGULATION OF LEUKOCYTE MIGRATION%GOBP%GO:0002685		142	0.3350848	1.3159152	0.034759358	0.44323784	1.0	1542	tags=28%, list=11%, signal=31%	
HALLMARK_ESTROGEN_RESPONSE_LATE%MSIGDBHALLMARK%HALLMARK_ESTROGEN_RESPONSE_LATE	HALLMARK_ESTROGEN_RESPONSE_LATE%MSIGDBHALLMARK%HALLMARK_ESTROGEN_RESPONSE_LATE		134	0.33214638	1.315777	0.05801105	0.44282967	1.0	2310	tags=34%, list=17%, signal=40%	
NEPHRON EPITHELIUM MORPHOGENESIS%GOBP%GO:0072088	NEPHRON EPITHELIUM MORPHOGENESIS%GOBP%GO:0072088		19	0.49265805	1.3151058	0.12946428	0.44370708	1.0	1199	tags=37%, list=9%, signal=40%	
CELL-CELL ADHESION VIA PLASMA-MEMBRANE ADHESION MOLECULES%GOBP%GO:0098742	CELL-CELL ADHESION VIA PLASMA-MEMBRANE ADHESION MOLECULES%GOBP%GO:0098742		121	0.33803836	1.3145044	0.041769043	0.44439664	1.0	2129	tags=29%, list=16%, signal=34%	
RHOB GTPASE CYCLE%REACTOME DATABASE ID RELEASE 93%9013026	RHOB GTPASE CYCLE%REACTOME DATABASE ID RELEASE 93%9013026		66	0.37581652	1.3143971	0.0883721	0.44391823	1.0	2388	tags=30%, list=18%, signal=37%	
FOCAL ADHESION ASSEMBLY%GOBP%GO:0048041	FOCAL ADHESION ASSEMBLY%GOBP%GO:0048041		21	0.47900715	1.3143125	0.12334802	0.44342625	1.0	3068	tags=48%, list=23%, signal=61%	
LYSINURIC PROTEIN INTOLERANCE (LPI)%SMPDB%SMP0000585	LYSINURIC PROTEIN INTOLERANCE (LPI)%SMPDB%SMP0000585		19	0.48284617	1.3141544	0.16091955	0.4430699	1.0	1247	tags=26%, list=9%, signal=29%	
DRAVET SYNDROME%WIKIPATHWAYS_20250810%WP5200%HOMO SAPIENS	DRAVET SYNDROME%WIKIPATHWAYS_20250810%WP5200%HOMO SAPIENS		23	0.46423188	1.3140457	0.13194445	0.44263285	1.0	620	tags=17%, list=5%, signal=18%	
L1CAM INTERACTIONS%REACTOME%R-HSA-373760.4	L1CAM INTERACTIONS%REACTOME%R-HSA-373760.4		87	0.35843813	1.3114537	0.065375306	0.44805703	1.0	1828	tags=24%, list=13%, signal=28%	
BENDROFLUMETHIAZIDE ACTION PATHWAY%PATHWHIZ%PW000329	BENDROFLUMETHIAZIDE ACTION PATHWAY%PATHWHIZ%PW000329		19	0.48284617	1.3113432	0.1328976	0.44763917	1.0	1247	tags=26%, list=9%, signal=29%	
CHLOROTHIAZIDE ACTION PATHWAY%SMPDB%SMP0000078	CHLOROTHIAZIDE ACTION PATHWAY%SMPDB%SMP0000078		19	0.48284617	1.3112452	0.13513513	0.44717464	1.0	1247	tags=26%, list=9%, signal=29%	
MESONEPHROS DEVELOPMENT%GOBP%GO:0001823	MESONEPHROS DEVELOPMENT%GOBP%GO:0001823		23	0.46446452	1.3109603	0.14420804	0.44712538	1.0	1199	tags=39%, list=9%, signal=43%	
POSITIVE REGULATION OF NEURON APOPTOTIC PROCESS%GOBP%GO:0043525	POSITIVE REGULATION OF NEURON APOPTOTIC PROCESS%GOBP%GO:0043525		32	0.4352289	1.3108068	0.13501143	0.44679663	1.0	2799	tags=31%, list=21%, signal=39%	
RESPONSE TO STEROID HORMONE%GOBP%GO:0048545	RESPONSE TO STEROID HORMONE%GOBP%GO:0048545		92	0.36029118	1.3106986	0.07616708	0.4463585	1.0	1402	tags=20%, list=10%, signal=22%	
CHLORTHALIDONE ACTION PATHWAY%SMPDB%SMP0000122	CHLORTHALIDONE ACTION PATHWAY%SMPDB%SMP0000122		19	0.48284617	1.3104751	0.14874142	0.44620526	1.0	1247	tags=26%, list=9%, signal=29%	
EPIBOLY%GOBP%GO:0090504	EPIBOLY%GOBP%GO:0090504		24	0.4568789	1.3098903	0.12473118	0.44682235	1.0	2290	tags=38%, list=17%, signal=45%	
DEVELOPMENTAL GROWTH%GOBP%GO:0048589	DEVELOPMENTAL GROWTH%GOBP%GO:0048589		103	0.34525728	1.309768	0.06490385	0.44641697	1.0	2119	tags=28%, list=16%, signal=33%	
POSITIVE REGULATION OF MONONUCLEAR CELL MIGRATION%GOBP%GO:0071677	POSITIVE REGULATION OF MONONUCLEAR CELL MIGRATION%GOBP%GO:0071677		64	0.38368425	1.3091449	0.103365384	0.4471074	1.0	1542	tags=30%, list=11%, signal=33%	
EXTRACELLULAR MATRIX ASSEMBLY%GOBP%GO:0085029	EXTRACELLULAR MATRIX ASSEMBLY%GOBP%GO:0085029		18	0.49453637	1.3088623	0.14318706	0.44711524	1.0	2126	tags=44%, list=16%, signal=53%	
REGULATION OF TYPE I INTERFERON-MEDIATED SIGNALING PATHWAY%GOBP%GO:0060338	REGULATION OF TYPE I INTERFERON-MEDIATED SIGNALING PATHWAY%GOBP%GO:0060338		33	0.42075834	1.3084373	0.098684214	0.44741508	1.0	2247	tags=30%, list=17%, signal=36%	
NEPHRON EPITHELIUM DEVELOPMENT%GOBP%GO:0072009	NEPHRON EPITHELIUM DEVELOPMENT%GOBP%GO:0072009		34	0.42113754	1.30821	0.12527964	0.447287	1.0	1614	tags=32%, list=12%, signal=37%	
LYSINURIC PROTEIN INTOLERANCE%SMPDB%SMP0000197	LYSINURIC PROTEIN INTOLERANCE%SMPDB%SMP0000197		19	0.48284617	1.3080866	0.13470319	0.4468882	1.0	1247	tags=26%, list=9%, signal=29%	
RETROGRADE VESICLE-MEDIATED TRANSPORT, GOLGI TO ENDOPLASMIC RETICULUM%GOBP%GO:0006890	RETROGRADE VESICLE-MEDIATED TRANSPORT, GOLGI TO ENDOPLASMIC RETICULUM%GOBP%GO:0006890		44	0.40270406	1.307911	0.113065325	0.44662628	1.0	3398	tags=39%, list=25%, signal=51%	
AMILORIDE ACTION PATHWAY%SMPDB%SMP0000133	AMILORIDE ACTION PATHWAY%SMPDB%SMP0000133		19	0.48284617	1.307898	0.14159292	0.4459624	1.0	1247	tags=26%, list=9%, signal=29%	
FUROSEMIDE ACTION PATHWAY%PATHWHIZ%PW000337	FUROSEMIDE ACTION PATHWAY%PATHWHIZ%PW000337		19	0.48284617	1.307663	0.15	0.4458268	1.0	1247	tags=26%, list=9%, signal=29%	
MORPHOGENESIS OF A BRANCHING STRUCTURE%GOBP%GO:0001763	MORPHOGENESIS OF A BRANCHING STRUCTURE%GOBP%GO:0001763		38	0.41797283	1.3072454	0.11157895	0.44614068	1.0	1316	tags=34%, list=10%, signal=38%	
GOLGI-TO-ER RETROGRADE TRANSPORT%REACTOME DATABASE ID RELEASE 93%8856688	GOLGI-TO-ER RETROGRADE TRANSPORT%REACTOME DATABASE ID RELEASE 93%8856688		102	0.34720355	1.3070467	0.048101265	0.44590527	1.0	4401	tags=52%, list=32%, signal=76%	
NEGATIVE REGULATION OF NEUROGENESIS%GOBP%GO:0050768	NEGATIVE REGULATION OF NEUROGENESIS%GOBP%GO:0050768		48	0.39636135	1.307032	0.08958838	0.44525146	1.0	2050	tags=27%, list=15%, signal=32%	
PEPTIDYL-TYROSINE DEPHOSPHORYLATION%GOBP%GO:0035335	PEPTIDYL-TYROSINE DEPHOSPHORYLATION%GOBP%GO:0035335		17	0.5040217	1.3068264	0.16335541	0.4450297	1.0	5	tags=6%, list=0%, signal=6%	
CYSTINURIA%PATHWHIZ%PW000700	CYSTINURIA%PATHWHIZ%PW000700		19	0.48284617	1.3067397	0.14712644	0.44453874	1.0	1247	tags=26%, list=9%, signal=29%	
PROTEIN HOMOTETRAMERIZATION%GOBP%GO:0051289	PROTEIN HOMOTETRAMERIZATION%GOBP%GO:0051289		47	0.39707687	1.3064352	0.113689095	0.4445829	1.0	1423	tags=28%, list=10%, signal=31%	
SPIRONOLACTONE ACTION PATHWAY%SMPDB%SMP0000134	SPIRONOLACTONE ACTION PATHWAY%SMPDB%SMP0000134		19	0.48284617	1.3062867	0.14644352	0.4442564	1.0	1247	tags=26%, list=9%, signal=29%	
ETHER LIPID METABOLIC PROCESS%GOBP%GO:0046485	ETHER LIPID METABOLIC PROCESS%GOBP%GO:0046485		19	0.4836277	1.3061179	0.14883721	0.44394323	1.0	2803	tags=42%, list=21%, signal=53%	
FOREBRAIN CELL MIGRATION%GOBP%GO:0021885	FOREBRAIN CELL MIGRATION%GOBP%GO:0021885		21	0.47659186	1.3055892	0.13815789	0.44460416	1.0	496	tags=19%, list=4%, signal=20%	
METOLAZONE ACTION PATHWAY%SMPDB%SMP0000105	METOLAZONE ACTION PATHWAY%SMPDB%SMP0000105		19	0.48284617	1.3049369	0.14196242	0.44542924	1.0	1247	tags=26%, list=9%, signal=29%	
TRANSFORMING GROWTH FACTOR BETA RECEPTOR SIGNALING PATHWAY%GOBP%GO:0007179	TRANSFORMING GROWTH FACTOR BETA RECEPTOR SIGNALING PATHWAY%GOBP%GO:0007179		68	0.36563203	1.3031613	0.100222714	0.44887066	1.0	3516	tags=43%, list=26%, signal=57%	
ACTIN FILAMENT ORGANIZATION%GOBP%GO:0007015	ACTIN FILAMENT ORGANIZATION%GOBP%GO:0007015		199	0.31400678	1.3028122	0.024128687	0.44901744	1.0	1909	tags=25%, list=14%, signal=28%	
TYROBP CAUSAL NETWORK IN MICROGLIA%WIKIPATHWAYS_20250810%WP3945%HOMO SAPIENS	TYROBP CAUSAL NETWORK IN MICROGLIA%WIKIPATHWAYS_20250810%WP3945%HOMO SAPIENS		50	0.39451003	1.3026557	0.10280374	0.4487152	1.0	2260	tags=40%, list=17%, signal=48%	
ENDOTHELIN PATHWAYS%WIKIPATHWAYS_20250810%WP2197%HOMO SAPIENS	ENDOTHELIN PATHWAYS%WIKIPATHWAYS_20250810%WP2197%HOMO SAPIENS		22	0.4766418	1.3026263	0.13179916	0.44810367	1.0	2171	tags=36%, list=16%, signal=43%	
EYE MORPHOGENESIS%GOBP%GO:0048592	EYE MORPHOGENESIS%GOBP%GO:0048592		56	0.389302	1.3020369	0.115763545	0.4487856	1.0	1992	tags=36%, list=15%, signal=42%	
ENDOPLASMIC RETICULUM TO GOLGI VESICLE-MEDIATED TRANSPORT%GOBP%GO:0006888	ENDOPLASMIC RETICULUM TO GOLGI VESICLE-MEDIATED TRANSPORT%GOBP%GO:0006888		102	0.3423565	1.3017045	0.06879607	0.4489378	1.0	5032	tags=54%, list=37%, signal=85%	
OVERVIEW OF PROINFLAMMATORY AND PROFIBROTIC MEDIATORS%WIKIPATHWAYS_20250810%WP5095%HOMO SAPIENS	OVERVIEW OF PROINFLAMMATORY AND PROFIBROTIC MEDIATORS%WIKIPATHWAYS_20250810%WP5095%HOMO SAPIENS		47	0.39647925	1.3011173	0.102564104	0.44972283	1.0	1065	tags=36%, list=8%, signal=39%	
NRF2 PATHWAY%WIKIPATHWAYS_20250810%WP2884%HOMO SAPIENS	NRF2 PATHWAY%WIKIPATHWAYS_20250810%WP2884%HOMO SAPIENS		76	0.36113805	1.3010095	0.07913669	0.44933936	1.0	2881	tags=42%, list=21%, signal=53%	
BIOCARTA_IGF1_PATHWAY%MSIGDB_C2%BIOCARTA_IGF1_PATHWAY	BIOCARTA_IGF1_PATHWAY%MSIGDB_C2%BIOCARTA_IGF1_PATHWAY		17	0.48897964	1.3006264	0.13665944	0.44952798	1.0	1552	tags=29%, list=11%, signal=33%	
DOWNSTREAM SIGNALING OF ACTIVATED FGFR4%REACTOME DATABASE ID RELEASE 93%5654716	DOWNSTREAM SIGNALING OF ACTIVATED FGFR4%REACTOME DATABASE ID RELEASE 93%5654716		15	0.5206361	1.3004906	0.1402715	0.44912878	1.0	2507	tags=40%, list=18%, signal=49%	
REGULATION OF CELLULAR RESPONSE TO GROWTH FACTOR STIMULUS%GOBP%GO:0090287	REGULATION OF CELLULAR RESPONSE TO GROWTH FACTOR STIMULUS%GOBP%GO:0090287		198	0.31782728	1.3003943	0.042016808	0.4486692	1.0	2234	tags=24%, list=16%, signal=29%	
SENSORY PERCEPTION OF SOUND%GOBP%GO:0007605	SENSORY PERCEPTION OF SOUND%GOBP%GO:0007605		69	0.364024	1.300118	0.104761906	0.44860688	1.0	724	tags=13%, list=5%, signal=14%	
REGULATION OF MONOATOMIC ION TRANSMEMBRANE TRANSPORT%GOBP%GO:0034765	REGULATION OF MONOATOMIC ION TRANSMEMBRANE TRANSPORT%GOBP%GO:0034765		166	0.32423112	1.3001097	0.0302267	0.44795612	1.0	1024	tags=16%, list=8%, signal=17%	
CCR1%IOB%CCR1	CCR1%IOB%CCR1		18	0.4808008	1.2999531	0.15598291	0.44767377	1.0	766	tags=22%, list=6%, signal=24%	
REGULATION OF MYELOID CELL DIFFERENTIATION%GOBP%GO:0045637	REGULATION OF MYELOID CELL DIFFERENTIATION%GOBP%GO:0045637		123	0.33544978	1.299894	0.05995204	0.44714126	1.0	925	tags=18%, list=7%, signal=19%	
INDAPAMIDE ACTION PATHWAY%SMPDB%SMP0000110	INDAPAMIDE ACTION PATHWAY%SMPDB%SMP0000110		19	0.48284617	1.2996397	0.1655914	0.44701576	1.0	1247	tags=26%, list=9%, signal=29%	
SIGNALING BY NTRK2 (TRKB)%REACTOME%R-HSA-9006115.3	SIGNALING BY NTRK2 (TRKB)%REACTOME%R-HSA-9006115.3		19	0.47549623	1.2991611	0.16888888	0.44757238	1.0	2507	tags=37%, list=18%, signal=45%	
POSITIVE REGULATION OF STRESS FIBER ASSEMBLY%GOBP%GO:0051496	POSITIVE REGULATION OF STRESS FIBER ASSEMBLY%GOBP%GO:0051496		39	0.41342953	1.2990408	0.1036036	0.44717377	1.0	2396	tags=38%, list=18%, signal=47%	
VITAMIN D SENSITIVE CALCIUM SIGNALING IN DEPRESSION%WIKIPATHWAYS_20250810%WP4698%HOMO SAPIENS	VITAMIN D SENSITIVE CALCIUM SIGNALING IN DEPRESSION%WIKIPATHWAYS_20250810%WP4698%HOMO SAPIENS		18	0.49230143	1.2990043	0.14537445	0.44660267	1.0	2901	tags=39%, list=21%, signal=49%	
BLUE DIAPER SYNDROME%SMPDB%SMP0000583	BLUE DIAPER SYNDROME%SMPDB%SMP0000583		19	0.48284617	1.2986695	0.1392405	0.44672182	1.0	1247	tags=26%, list=9%, signal=29%	
MITOTIC SISTER CHROMATID SEGREGATION%GOBP%GO:0000070	MITOTIC SISTER CHROMATID SEGREGATION%GOBP%GO:0000070		119	0.33607194	1.2982773	0.054404143	0.44691482	1.0	2837	tags=28%, list=21%, signal=35%	
TRICHLORMETHIAZIDE ACTION PATHWAY%SMPDB%SMP0000121	TRICHLORMETHIAZIDE ACTION PATHWAY%SMPDB%SMP0000121		19	0.48284617	1.2981529	0.16738197	0.4465376	1.0	1247	tags=26%, list=9%, signal=29%	
MESENCHYME DEVELOPMENT%GOBP%GO:0060485	MESENCHYME DEVELOPMENT%GOBP%GO:0060485		136	0.33093202	1.2980105	0.04050633	0.44619057	1.0	1332	tags=22%, list=10%, signal=24%	
METHYCLOTHIAZIDE ACTION PATHWAY%PATHWHIZ%PW000327	METHYCLOTHIAZIDE ACTION PATHWAY%PATHWHIZ%PW000327		19	0.48284617	1.2978735	0.1418919	0.4459003	1.0	1247	tags=26%, list=9%, signal=29%	
POSITIVE REGULATION OF CHROMOSOME SEPARATION%GOBP%GO:1905820	POSITIVE REGULATION OF CHROMOSOME SEPARATION%GOBP%GO:1905820		26	0.4508282	1.2978657	0.13800424	0.44527104	1.0	1991	tags=27%, list=15%, signal=31%	
GLYCOSPHINGOLIPID METABOLISM%REACTOME DATABASE ID RELEASE 93%1660662	GLYCOSPHINGOLIPID METABOLISM%REACTOME DATABASE ID RELEASE 93%1660662		42	0.3961033	1.2971294	0.11409396	0.44643232	1.0	2684	tags=40%, list=20%, signal=50%	
REGULATION OF MONOATOMIC CATION TRANSMEMBRANE TRANSPORT%GOBP%GO:1904062	REGULATION OF MONOATOMIC CATION TRANSMEMBRANE TRANSPORT%GOBP%GO:1904062		151	0.32720515	1.2970744	0.04450262	0.44592884	1.0	1024	tags=15%, list=8%, signal=16%	
TORSEMIDE ACTION PATHWAY%PATHWHIZ%PW000338	TORSEMIDE ACTION PATHWAY%PATHWHIZ%PW000338		19	0.48284617	1.2968749	0.14529915	0.44574207	1.0	1247	tags=26%, list=9%, signal=29%	
REGULATION OF SMOOTHENED SIGNALING PATHWAY%GOBP%GO:0008589	REGULATION OF SMOOTHENED SIGNALING PATHWAY%GOBP%GO:0008589		46	0.3971538	1.2966523	0.09447005	0.44560382	1.0	2371	tags=24%, list=17%, signal=29%	
ACTIN-MEDIATED CELL CONTRACTION%GOBP%GO:0070252	ACTIN-MEDIATED CELL CONTRACTION%GOBP%GO:0070252		50	0.38018718	1.2961577	0.10165485	0.44605994	1.0	840	tags=24%, list=6%, signal=25%	
POSITIVE REGULATION OF OSTEOCLAST DIFFERENTIATION%GOBP%GO:0045672	POSITIVE REGULATION OF OSTEOCLAST DIFFERENTIATION%GOBP%GO:0045672		15	0.52757376	1.2958969	0.14553991	0.4459846	1.0	2726	tags=60%, list=20%, signal=75%	
MITOTIC CELL CYCLE CHECKPOINT SIGNALING%GOBP%GO:0007093	MITOTIC CELL CYCLE CHECKPOINT SIGNALING%GOBP%GO:0007093		88	0.3529006	1.2932419	0.07334963	0.45154223	1.0	3149	tags=27%, list=23%, signal=35%	
PID_NETRIN_PATHWAY%MSIGDB_C2%PID_NETRIN_PATHWAY	PID_NETRIN_PATHWAY%MSIGDB_C2%PID_NETRIN_PATHWAY		23	0.45412084	1.2928745	0.14194915	0.4517056	1.0	757	tags=13%, list=6%, signal=14%	
REGULATION OF ACTIN FILAMENT DEPOLYMERIZATION%GOBP%GO:0030834	REGULATION OF ACTIN FILAMENT DEPOLYMERIZATION%GOBP%GO:0030834		29	0.43316197	1.2926873	0.11273486	0.45145312	1.0	3169	tags=52%, list=23%, signal=67%	
HALLMARK_HYPOXIA%MSIGDBHALLMARK%HALLMARK_HYPOXIA	HALLMARK_HYPOXIA%MSIGDBHALLMARK%HALLMARK_HYPOXIA		130	0.32734492	1.2917066	0.04909561	0.45308605	1.0	2403	tags=32%, list=18%, signal=39%	
MUSCLE CONTRACTION%GOBP%GO:0006936	MUSCLE CONTRACTION%GOBP%GO:0006936		124	0.33107108	1.291663	0.054830287	0.45251438	1.0	1401	tags=21%, list=10%, signal=23%	
CYCLOTHIAZIDE ACTION PATHWAY%SMPDB%SMP0000103	CYCLOTHIAZIDE ACTION PATHWAY%SMPDB%SMP0000103		19	0.48284617	1.2916095	0.13695653	0.4519871	1.0	1247	tags=26%, list=9%, signal=29%	
ACETAMINOPHEN METABOLISM PATHWAY%PATHWHIZ%PW000616	ACETAMINOPHEN METABOLISM PATHWAY%PATHWHIZ%PW000616		19	0.4912257	1.2907789	0.15277778	0.45335436	1.0	2530	tags=53%, list=19%, signal=65%	
SIGNALING BY BMP%REACTOME%R-HSA-201451.6	SIGNALING BY BMP%REACTOME%R-HSA-201451.6		23	0.46789116	1.2906632	0.14975846	0.45296913	1.0	945	tags=22%, list=7%, signal=23%	
NEGATIVE REGULATION OF CELL PROJECTION ORGANIZATION%GOBP%GO:0031345	NEGATIVE REGULATION OF CELL PROJECTION ORGANIZATION%GOBP%GO:0031345		98	0.3459038	1.2905573	0.07971015	0.45257634	1.0	1160	tags=15%, list=9%, signal=17%	
MALE SEX DIFFERENTIATION%GOBP%GO:0046661	MALE SEX DIFFERENTIATION%GOBP%GO:0046661		31	0.42600027	1.2904854	0.13646533	0.4521113	1.0	998	tags=23%, list=7%, signal=24%	
MORPHOGENESIS OF A BRANCHING EPITHELIUM%GOBP%GO:0061138	MORPHOGENESIS OF A BRANCHING EPITHELIUM%GOBP%GO:0061138		35	0.4121296	1.2904681	0.12413793	0.45151204	1.0	1316	tags=34%, list=10%, signal=38%	
REGULATION OF CHEMOTAXIS%GOBP%GO:0050920	REGULATION OF CHEMOTAXIS%GOBP%GO:0050920		132	0.32709396	1.289662	0.057142857	0.4527589	1.0	2049	tags=31%, list=15%, signal=36%	
NEGATIVE REGULATION OF B CELL ACTIVATION%GOBP%GO:0050869	NEGATIVE REGULATION OF B CELL ACTIVATION%GOBP%GO:0050869		17	0.50106037	1.289315	0.16294643	0.45290518	1.0	1163	tags=35%, list=9%, signal=39%	
CS-GAG BIOSYNTHESIS%REACTOME DATABASE ID RELEASE 93%2022870	CS-GAG BIOSYNTHESIS%REACTOME DATABASE ID RELEASE 93%2022870		17	0.48897883	1.2891707	0.16553289	0.45259428	1.0	2464	tags=47%, list=18%, signal=57%	
OVARIAN FOLLICLE DEVELOPMENT%GOBP%GO:0001541	OVARIAN FOLLICLE DEVELOPMENT%GOBP%GO:0001541		15	0.5058522	1.2888756	0.16997792	0.45265657	1.0	421	tags=27%, list=3%, signal=27%	
HALLMARK_COAGULATION%MSIGDBHALLMARK%HALLMARK_COAGULATION	HALLMARK_COAGULATION%MSIGDBHALLMARK%HALLMARK_COAGULATION		77	0.36091614	1.288756	0.09558824	0.45230344	1.0	1588	tags=29%, list=12%, signal=32%	
REGULATION OF DNA BINDING%GOBP%GO:0051101	REGULATION OF DNA BINDING%GOBP%GO:0051101		38	0.41314104	1.2886382	0.11793612	0.45192337	1.0	2156	tags=34%, list=16%, signal=41%	
HALLMARK_APICAL_JUNCTION%MSIGDBHALLMARK%HALLMARK_APICAL_JUNCTION	HALLMARK_APICAL_JUNCTION%MSIGDBHALLMARK%HALLMARK_APICAL_JUNCTION		126	0.33195046	1.2875258	0.05698006	0.45386815	1.0	2144	tags=23%, list=16%, signal=27%	
VISUAL PHOTOTRANSDUCTION%REACTOME%R-HSA-2187338.3	VISUAL PHOTOTRANSDUCTION%REACTOME%R-HSA-2187338.3		51	0.38536885	1.2873558	0.11682243	0.45365614	1.0	2629	tags=45%, list=19%, signal=56%	
REGULATION OF KERATINOCYTE DIFFERENTIATION%GOBP%GO:0045616	REGULATION OF KERATINOCYTE DIFFERENTIATION%GOBP%GO:0045616		23	0.45360768	1.2871629	0.15473442	0.45350313	1.0	1703	tags=26%, list=13%, signal=30%	
REGULATION OF T CELL PROLIFERATION%GOBP%GO:0042129	REGULATION OF T CELL PROLIFERATION%GOBP%GO:0042129		96	0.34257692	1.2870269	0.07795699	0.45319894	1.0	1618	tags=26%, list=12%, signal=29%	
GASTRULATION%GOBP%GO:0007369	GASTRULATION%GOBP%GO:0007369		63	0.3685313	1.2866766	0.0862069	0.45342532	1.0	2683	tags=33%, list=20%, signal=41%	
NEGATIVE REGULATION OF TRANSMEMBRANE RECEPTOR PROTEIN SERINE/THREONINE KINASE SIGNALING PATHWAY%GOBP%GO:0090101	NEGATIVE REGULATION OF TRANSMEMBRANE RECEPTOR PROTEIN SERINE/THREONINE KINASE SIGNALING PATHWAY%GOBP%GO:0090101		100	0.33918774	1.2864518	0.06965174	0.45329604	1.0	2234	tags=27%, list=16%, signal=32%	
ETHACRYNIC ACID ACTION PATHWAY%SMPDB%SMP0000097	ETHACRYNIC ACID ACTION PATHWAY%SMPDB%SMP0000097		19	0.48284617	1.2860054	0.14847161	0.4536604	1.0	1247	tags=26%, list=9%, signal=29%	
LYMPHOCYTE CHEMOTAXIS%GOBP%GO:0048247	LYMPHOCYTE CHEMOTAXIS%GOBP%GO:0048247		18	0.4784618	1.2859311	0.14955357	0.4531951	1.0	1516	tags=50%, list=11%, signal=56%	
HALLMARK_APOPTOSIS%MSIGDBHALLMARK%HALLMARK_APOPTOSIS	HALLMARK_APOPTOSIS%MSIGDBHALLMARK%HALLMARK_APOPTOSIS		120	0.33692944	1.2855701	0.06185567	0.45340118	1.0	1670	tags=24%, list=12%, signal=27%	
GENETIC CAUSES OF PORTO SINUSOIDAL VASCULAR DISEASE%WIKIPATHWAYS_20250810%WP5269%HOMO SAPIENS	GENETIC CAUSES OF PORTO SINUSOIDAL VASCULAR DISEASE%WIKIPATHWAYS_20250810%WP5269%HOMO SAPIENS		29	0.42965606	1.2854125	0.16079295	0.45314312	1.0	823	tags=14%, list=6%, signal=15%	
PROTEIN O-LINKED GLYCOSYLATION VIA N-ACETYL-GALACTOSAMINE%GOBP%GO:0016266	PROTEIN O-LINKED GLYCOSYLATION VIA N-ACETYL-GALACTOSAMINE%GOBP%GO:0016266		28	0.43293157	1.2852874	0.13656388	0.45281962	1.0	2858	tags=36%, list=21%, signal=45%	
KIDNEY EPITHELIUM DEVELOPMENT%GOBP%GO:0072073	KIDNEY EPITHELIUM DEVELOPMENT%GOBP%GO:0072073		39	0.4030407	1.2852128	0.12128147	0.4523475	1.0	1614	tags=33%, list=12%, signal=38%	
POSITIVE REGULATION OF MITOTIC SISTER CHROMATID SEPARATION%GOBP%GO:1901970	POSITIVE REGULATION OF MITOTIC SISTER CHROMATID SEPARATION%GOBP%GO:1901970		16	0.4946714	1.2851135	0.16143498	0.45192415	1.0	1807	tags=25%, list=13%, signal=29%	
GROWTH%GOBP%GO:0040007	GROWTH%GOBP%GO:0040007		103	0.34525728	1.2850374	0.07951807	0.45147046	1.0	2119	tags=28%, list=16%, signal=33%	
SEMAPHORIN-PLEXIN SIGNALING PATHWAY%GOBP%GO:0071526	SEMAPHORIN-PLEXIN SIGNALING PATHWAY%GOBP%GO:0071526		40	0.40389436	1.2844732	0.12293144	0.4521158	1.0	1658	tags=38%, list=12%, signal=43%	
MAPK PATHWAY IN CONGENITAL THYROID CANCER%WIKIPATHWAYS_20250810%WP4928%HOMO SAPIENS	MAPK PATHWAY IN CONGENITAL THYROID CANCER%WIKIPATHWAYS_20250810%WP4928%HOMO SAPIENS		15	0.50337744	1.2836206	0.17180617	0.45347723	1.0	2199	tags=33%, list=16%, signal=40%	
SKELETAL MUSCLE TISSUE DEVELOPMENT%GOBP%GO:0007519	SKELETAL MUSCLE TISSUE DEVELOPMENT%GOBP%GO:0007519		32	0.4285132	1.2831191	0.12412178	0.45405716	1.0	1868	tags=25%, list=14%, signal=29%	
SIGNALING BY TGFBR3%REACTOME DATABASE ID RELEASE 93%9839373	SIGNALING BY TGFBR3%REACTOME DATABASE ID RELEASE 93%9839373		40	0.40246406	1.2830461	0.12311558	0.45362028	1.0	3473	tags=38%, list=26%, signal=50%	
REGULATION OF CARTILAGE DEVELOPMENT%GOBP%GO:0061035	REGULATION OF CARTILAGE DEVELOPMENT%GOBP%GO:0061035		32	0.42504412	1.2830133	0.15738499	0.45306802	1.0	1874	tags=28%, list=14%, signal=33%	
ORGANELLE LOCALIZATION BY MEMBRANE TETHERING%GOBP%GO:0140056	ORGANELLE LOCALIZATION BY MEMBRANE TETHERING%GOBP%GO:0140056		61	0.38303915	1.2829115	0.103535354	0.45270893	1.0	319	tags=7%, list=2%, signal=7%	
TRIAMTERENE ACTION PATHWAY%SMPDB%SMP0000132	TRIAMTERENE ACTION PATHWAY%SMPDB%SMP0000132		19	0.48284617	1.2824737	0.15315315	0.45308426	1.0	1247	tags=26%, list=9%, signal=29%	
GLIAL CELL MIGRATION%GOBP%GO:0008347	GLIAL CELL MIGRATION%GOBP%GO:0008347		15	0.5058829	1.2823896	0.16949153	0.45266214	1.0	496	tags=27%, list=4%, signal=28%	
ACTIN FILAMENT-BASED MOVEMENT%GOBP%GO:0030048	ACTIN FILAMENT-BASED MOVEMENT%GOBP%GO:0030048		69	0.3588353	1.2819575	0.0900474	0.45306072	1.0	1203	tags=25%, list=9%, signal=27%	
PID_MYC_REPRESS_PATHWAY%MSIGDB_C2%PID_MYC_REPRESS_PATHWAY	PID_MYC_REPRESS_PATHWAY%MSIGDB_C2%PID_MYC_REPRESS_PATHWAY		46	0.3813815	1.2810292	0.11973392	0.4545755	1.0	1016	tags=17%, list=7%, signal=19%	
ECM PROTEOGLYCANS%REACTOME DATABASE ID RELEASE 93%3000178	ECM PROTEOGLYCANS%REACTOME DATABASE ID RELEASE 93%3000178		40	0.3994662	1.2807909	0.12584269	0.4545198	1.0	1879	tags=35%, list=14%, signal=41%	
TNFS BIND THEIR PHYSIOLOGICAL RECEPTORS%REACTOME DATABASE ID RELEASE 93%5669034	TNFS BIND THEIR PHYSIOLOGICAL RECEPTORS%REACTOME DATABASE ID RELEASE 93%5669034		15	0.49497423	1.2804804	0.1574468	0.45465747	1.0	813	tags=20%, list=6%, signal=21%	
TROP2 REGULATORY SIGNALING%WIKIPATHWAYS_20250810%WP5300%HOMO SAPIENS	TROP2 REGULATORY SIGNALING%WIKIPATHWAYS_20250810%WP5300%HOMO SAPIENS		35	0.4132113	1.2803725	0.12873563	0.454262	1.0	2546	tags=26%, list=19%, signal=32%	
REGULATION OF PROTEIN POLYMERIZATION%GOBP%GO:0032271	REGULATION OF PROTEIN POLYMERIZATION%GOBP%GO:0032271		128	0.3289668	1.2796179	0.037037037	0.45534843	1.0	3278	tags=35%, list=24%, signal=46%	
FGF SIGNALING PATHWAY%PATHWAY INTERACTION DATABASE NCI-NATURE CURATED DATA%FGF SIGNALING PATHWAY	FGF SIGNALING PATHWAY%PATHWAY INTERACTION DATABASE NCI-NATURE CURATED DATA%FGF SIGNALING PATHWAY		38	0.40672022	1.2794262	0.125	0.45516333	1.0	2103	tags=26%, list=16%, signal=31%	
REGULATION OF CALCIUM ION TRANSMEMBRANE TRANSPORT%GOBP%GO:1903169	REGULATION OF CALCIUM ION TRANSMEMBRANE TRANSPORT%GOBP%GO:1903169		82	0.34951112	1.2789979	0.11547912	0.4555255	1.0	1001	tags=16%, list=7%, signal=17%	
CENTROSOME DUPLICATION%GOBP%GO:0051298	CENTROSOME DUPLICATION%GOBP%GO:0051298		33	0.4222781	1.2786189	0.14355232	0.45581838	1.0	4836	tags=52%, list=36%, signal=80%	
POLYCYSTIC KIDNEY DISEASE PATHWAY%WIKIPATHWAYS_20250810%WP2571%HOMO SAPIENS	POLYCYSTIC KIDNEY DISEASE PATHWAY%WIKIPATHWAYS_20250810%WP2571%HOMO SAPIENS		59	0.3683708	1.2781211	0.118644066	0.45639673	1.0	1520	tags=17%, list=11%, signal=19%	
PROSTANOID BIOSYNTHETIC PROCESS%GOBP%GO:0046457	PROSTANOID BIOSYNTHETIC PROCESS%GOBP%GO:0046457		16	0.4919259	1.2780973	0.17136659	0.45584145	1.0	2215	tags=50%, list=16%, signal=60%	
SKELETAL MUSCLE ORGAN DEVELOPMENT%GOBP%GO:0060538	SKELETAL MUSCLE ORGAN DEVELOPMENT%GOBP%GO:0060538		37	0.4113307	1.2780665	0.1369863	0.45529628	1.0	1868	tags=27%, list=14%, signal=31%	
REGULATION OF MONOCYTE CHEMOTAXIS%GOBP%GO:0090025	REGULATION OF MONOCYTE CHEMOTAXIS%GOBP%GO:0090025		21	0.45815063	1.2772633	0.16086957	0.4565672	1.0	677	tags=33%, list=5%, signal=35%	
HYDROFLUMETHIAZIDE ACTION PATHWAY%PATHWHIZ%PW000335	HYDROFLUMETHIAZIDE ACTION PATHWAY%PATHWHIZ%PW000335		19	0.48284617	1.2765892	0.1750547	0.45755675	1.0	1247	tags=26%, list=9%, signal=29%	
PID_RHOA_PATHWAY%MSIGDB_C2%PID_RHOA_PATHWAY	PID_RHOA_PATHWAY%MSIGDB_C2%PID_RHOA_PATHWAY		29	0.43141276	1.2764149	0.1356674	0.45735395	1.0	1599	tags=28%, list=12%, signal=31%	
MEMBRANE REPOLARIZATION DURING ACTION POTENTIAL%GOBP%GO:0086011	MEMBRANE REPOLARIZATION DURING ACTION POTENTIAL%GOBP%GO:0086011		15	0.5056066	1.2763733	0.17897092	0.456823	1.0	2006	tags=47%, list=15%, signal=55%	
MUSCLE SYSTEM PROCESS%GOBP%GO:0003012	MUSCLE SYSTEM PROCESS%GOBP%GO:0003012		147	0.3166995	1.2754279	0.061170213	0.45844066	1.0	1421	tags=20%, list=10%, signal=22%	
FORMATION OF THE URETERIC BUD%REACTOME%R-HSA-9830674.1	FORMATION OF THE URETERIC BUD%REACTOME%R-HSA-9830674.1		15	0.50256675	1.2747483	0.16812228	0.4594299	1.0	2223	tags=53%, list=16%, signal=64%	
P75(NTR)-MEDIATED SIGNALING%PATHWAY INTERACTION DATABASE NCI-NATURE CURATED DATA%P75(NTR)-MEDIATED SIGNALING	P75(NTR)-MEDIATED SIGNALING%PATHWAY INTERACTION DATABASE NCI-NATURE CURATED DATA%P75(NTR)-MEDIATED SIGNALING		58	0.3683109	1.2746092	0.12702079	0.45912343	1.0	3926	tags=40%, list=29%, signal=56%	
NEURAL CREST CELL MIGRATION IN CANCER%WIKIPATHWAYS_20250810%WP4565%HOMO SAPIENS	NEURAL CREST CELL MIGRATION IN CANCER%WIKIPATHWAYS_20250810%WP4565%HOMO SAPIENS		31	0.42103547	1.2740145	0.13882352	0.45989254	1.0	1433	tags=26%, list=11%, signal=29%	
HALLMARK_P53_PATHWAY%MSIGDBHALLMARK%HALLMARK_P53_PATHWAY	HALLMARK_P53_PATHWAY%MSIGDBHALLMARK%HALLMARK_P53_PATHWAY		163	0.3165365	1.27354	0.051771116	0.460347	1.0	2014	tags=29%, list=15%, signal=33%	
NUCLEAR CHROMOSOME SEGREGATION%GOBP%GO:0098813	NUCLEAR CHROMOSOME SEGREGATION%GOBP%GO:0098813		156	0.31906408	1.2734647	0.0604534	0.4599003	1.0	2897	tags=29%, list=21%, signal=36%	
HARTNUP DISORDER%SMPDB%SMP0000189	HARTNUP DISORDER%SMPDB%SMP0000189		19	0.48284617	1.2732126	0.16908212	0.45988998	1.0	1247	tags=26%, list=9%, signal=29%	
IL6-MEDIATED SIGNALING EVENTS%PATHWAY INTERACTION DATABASE NCI-NATURE CURATED DATA%IL6-MEDIATED SIGNALING EVENTS	IL6-MEDIATED SIGNALING EVENTS%PATHWAY INTERACTION DATABASE NCI-NATURE CURATED DATA%IL6-MEDIATED SIGNALING EVENTS		44	0.39090517	1.2728235	0.11486486	0.46022704	1.0	1552	tags=18%, list=11%, signal=20%	
KERATINIZATION%REACTOME%R-HSA-6805567.5	KERATINIZATION%REACTOME%R-HSA-6805567.5		26	0.43647847	1.2725437	0.14955357	0.4602738	1.0	2363	tags=50%, list=17%, signal=60%	
MITOTIC NUCLEAR DIVISION%GOBP%GO:0140014	MITOTIC NUCLEAR DIVISION%GOBP%GO:0140014		134	0.32539102	1.2719116	0.075520836	0.46116114	1.0	3663	tags=35%, list=27%, signal=48%	
REGULATION OF INTEGRIN-MEDIATED SIGNALING PATHWAY%GOBP%GO:2001044	REGULATION OF INTEGRIN-MEDIATED SIGNALING PATHWAY%GOBP%GO:2001044		20	0.47037843	1.2719063	0.17687075	0.46055385	1.0	2103	tags=25%, list=16%, signal=30%	
BARBED-END ACTIN FILAMENT CAPPING%GOBP%GO:0051016	BARBED-END ACTIN FILAMENT CAPPING%GOBP%GO:0051016		16	0.48779002	1.2716802	0.19037199	0.46048716	1.0	2806	tags=56%, list=21%, signal=71%	
TRANSPORT TO THE GOLGI AND SUBSEQUENT MODIFICATION%REACTOME%R-HSA-948021.4	TRANSPORT TO THE GOLGI AND SUBSEQUENT MODIFICATION%REACTOME%R-HSA-948021.4		153	0.32140496	1.2716287	0.055096418	0.45999667	1.0	3572	tags=37%, list=26%, signal=49%	
REGULATION OF PEPTIDYL-TYROSINE PHOSPHORYLATION%GOBP%GO:0050730	REGULATION OF PEPTIDYL-TYROSINE PHOSPHORYLATION%GOBP%GO:0050730		54	0.3751944	1.2713126	0.13669065	0.46011502	1.0	2401	tags=33%, list=18%, signal=40%	
NEURAL PRECURSOR CELL PROLIFERATION%GOBP%GO:0061351	NEURAL PRECURSOR CELL PROLIFERATION%GOBP%GO:0061351		29	0.43648598	1.2708424	0.14588235	0.4605873	1.0	1707	tags=24%, list=13%, signal=28%	
GLYCOSAMINOGLYCAN BIOSYNTHETIC PROCESS%GOBP%GO:0006024	GLYCOSAMINOGLYCAN BIOSYNTHETIC PROCESS%GOBP%GO:0006024		19	0.47985435	1.2706407	0.15754923	0.46046004	1.0	2377	tags=42%, list=18%, signal=51%	
REGULATION OF STRESS-ACTIVATED MAPK CASCADE%GOBP%GO:0032872	REGULATION OF STRESS-ACTIVATED MAPK CASCADE%GOBP%GO:0032872		25	0.43803188	1.2704173	0.17748918	0.46035656	1.0	2924	tags=36%, list=22%, signal=46%	
SYNCYTIUM FORMATION%GOBP%GO:0006949	SYNCYTIUM FORMATION%GOBP%GO:0006949		18	0.48086804	1.2696522	0.16367713	0.46160418	1.0	1973	tags=39%, list=15%, signal=45%	
REGULATION OF STRESS-ACTIVATED PROTEIN KINASE SIGNALING CASCADE%GOBP%GO:0070302	REGULATION OF STRESS-ACTIVATED PROTEIN KINASE SIGNALING CASCADE%GOBP%GO:0070302		25	0.43803188	1.2694296	0.15246637	0.461521	1.0	2924	tags=36%, list=22%, signal=46%	
IMINOGLYCINURIA%PATHWHIZ%PW000219	IMINOGLYCINURIA%PATHWHIZ%PW000219		19	0.48284617	1.2693032	0.1556064	0.46118936	1.0	1247	tags=26%, list=9%, signal=29%	
CARDIAC CHAMBER DEVELOPMENT%GOBP%GO:0003205	CARDIAC CHAMBER DEVELOPMENT%GOBP%GO:0003205		73	0.3553576	1.269268	0.091566265	0.46065986	1.0	1168	tags=23%, list=9%, signal=25%	
POSITIVE REGULATION OF WOUND HEALING%GOBP%GO:0090303	POSITIVE REGULATION OF WOUND HEALING%GOBP%GO:0090303		37	0.40699083	1.2692006	0.13932584	0.46019	1.0	2103	tags=38%, list=16%, signal=45%	
OSTEOPONTIN-MEDIATED EVENTS%PATHWAY INTERACTION DATABASE NCI-NATURE CURATED DATA%OSTEOPONTIN-MEDIATED EVENTS	OSTEOPONTIN-MEDIATED EVENTS%PATHWAY INTERACTION DATABASE NCI-NATURE CURATED DATA%OSTEOPONTIN-MEDIATED EVENTS		31	0.4238383	1.2684257	0.14545454	0.46130005	1.0	3877	tags=45%, list=29%, signal=63%	
ENDODERM DEVELOPMENT%GOBP%GO:0007492	ENDODERM DEVELOPMENT%GOBP%GO:0007492		38	0.3967565	1.268067	0.12709832	0.4615627	1.0	1295	tags=21%, list=10%, signal=23%	
ENDODERM FORMATION%GOBP%GO:0001706	ENDODERM FORMATION%GOBP%GO:0001706		35	0.4118873	1.2676057	0.14549653	0.46209738	1.0	1295	tags=23%, list=10%, signal=25%	
ACUTE INFLAMMATORY RESPONSE%GOBP%GO:0002526	ACUTE INFLAMMATORY RESPONSE%GOBP%GO:0002526		21	0.46104714	1.265168	0.1797235	0.4671972	1.0	341	tags=19%, list=3%, signal=20%	
DIGESTIVE SYSTEM DEVELOPMENT%GOBP%GO:0055123	DIGESTIVE SYSTEM DEVELOPMENT%GOBP%GO:0055123		39	0.4006741	1.2650273	0.13194445	0.46692783	1.0	2223	tags=31%, list=16%, signal=37%	
CELL CYCLE CHECKPOINT SIGNALING%GOBP%GO:0000075	CELL CYCLE CHECKPOINT SIGNALING%GOBP%GO:0000075		114	0.3290822	1.2644615	0.08	0.46769652	1.0	2924	tags=24%, list=22%, signal=30%	
CALCIUM ION TRANSMEMBRANE IMPORT INTO CYTOSOL%GOBP%GO:0097553	CALCIUM ION TRANSMEMBRANE IMPORT INTO CYTOSOL%GOBP%GO:0097553		57	0.37339234	1.2644244	0.13106796	0.46719214	1.0	1319	tags=25%, list=10%, signal=27%	
CALCIUM-ION REGULATED EXOCYTOSIS%GOBP%GO:0017156	CALCIUM-ION REGULATED EXOCYTOSIS%GOBP%GO:0017156		19	0.47020397	1.2642071	0.1770335	0.46714336	1.0	549	tags=16%, list=4%, signal=16%	
ACTIN FILAMENT CAPPING%GOBP%GO:0051693	ACTIN FILAMENT CAPPING%GOBP%GO:0051693		16	0.48779002	1.2636932	0.18380743	0.46771607	1.0	2806	tags=56%, list=21%, signal=71%	
REGULATION OF SEQUESTERING OF CALCIUM ION%GOBP%GO:0051282	REGULATION OF SEQUESTERING OF CALCIUM ION%GOBP%GO:0051282		84	0.34649017	1.2625829	0.10051546	0.46965396	1.0	1319	tags=21%, list=10%, signal=24%	
NEGATIVE REGULATION OF DEVELOPMENTAL GROWTH%GOBP%GO:0048640	NEGATIVE REGULATION OF DEVELOPMENTAL GROWTH%GOBP%GO:0048640		28	0.4354995	1.262446	0.16826923	0.46937254	1.0	1057	tags=18%, list=8%, signal=19%	
REGULATION OF PROTEIN IMPORT INTO NUCLEUS%GOBP%GO:0042306	REGULATION OF PROTEIN IMPORT INTO NUCLEUS%GOBP%GO:0042306		34	0.4123584	1.2601953	0.14908257	0.47401595	1.0	3893	tags=41%, list=29%, signal=58%	
CARBOHYDRATE DERIVATIVE CATABOLIC PROCESS%GOBP%GO:1901136	CARBOHYDRATE DERIVATIVE CATABOLIC PROCESS%GOBP%GO:1901136		140	0.3184305	1.2598604	0.060941827	0.47425124	1.0	3135	tags=37%, list=23%, signal=48%	
NEURAL CREST CELL DEVELOPMENT%GOBP%GO:0014032	NEURAL CREST CELL DEVELOPMENT%GOBP%GO:0014032		41	0.39512485	1.2597804	0.123873875	0.47381726	1.0	1332	tags=32%, list=10%, signal=35%	
MODULATION BY SYMBIONT OF ENTRY INTO HOST%GOBP%GO:0052372	MODULATION BY SYMBIONT OF ENTRY INTO HOST%GOBP%GO:0052372		19	0.47148213	1.2595061	0.19205298	0.47383675	1.0	3626	tags=53%, list=27%, signal=72%	
POSITIVE REGULATION OF T CELL PROLIFERATION%GOBP%GO:0042102	POSITIVE REGULATION OF T CELL PROLIFERATION%GOBP%GO:0042102		59	0.36849874	1.2594728	0.13157895	0.47329903	1.0	1487	tags=29%, list=11%, signal=32%	
MITOTIC CHROMOSOME CONDENSATION%GOBP%GO:0007076	MITOTIC CHROMOSOME CONDENSATION%GOBP%GO:0007076		16	0.49530545	1.2591993	0.14955357	0.47333318	1.0	4664	tags=69%, list=34%, signal=105%	
POSITIVE REGULATION OF MICROTUBULE POLYMERIZATION OR DEPOLYMERIZATION%GOBP%GO:0031112	POSITIVE REGULATION OF MICROTUBULE POLYMERIZATION OR DEPOLYMERIZATION%GOBP%GO:0031112		27	0.42125586	1.2588685	0.14906833	0.47347796	1.0	2	tags=4%, list=0%, signal=4%	
POSITIVE REGULATION OF CD4-POSITIVE, ALPHA-BETA T CELL DIFFERENTIATION%GOBP%GO:0043372	POSITIVE REGULATION OF CD4-POSITIVE, ALPHA-BETA T CELL DIFFERENTIATION%GOBP%GO:0043372		24	0.44035056	1.2588084	0.14187643	0.4730081	1.0	2788	tags=46%, list=21%, signal=58%	
HIPPO MERLIN SIGNALING DYSREGULATION%WIKIPATHWAYS_20250810%WP4541%HOMO SAPIENS	HIPPO MERLIN SIGNALING DYSREGULATION%WIKIPATHWAYS_20250810%WP4541%HOMO SAPIENS		69	0.35481745	1.2585529	0.13170731	0.47300553	1.0	1424	tags=28%, list=11%, signal=31%	
UPTAKE AND ACTIONS OF BACTERIAL TOXINS%REACTOME DATABASE ID RELEASE 93%5339562	UPTAKE AND ACTIONS OF BACTERIAL TOXINS%REACTOME DATABASE ID RELEASE 93%5339562		20	0.46026152	1.2585212	0.16455697	0.47246796	1.0	2199	tags=35%, list=16%, signal=42%	
HETEROPHILIC CELL-CELL ADHESION VIA PLASMA MEMBRANE CELL ADHESION MOLECULES%GOBP%GO:0007157	HETEROPHILIC CELL-CELL ADHESION VIA PLASMA MEMBRANE CELL ADHESION MOLECULES%GOBP%GO:0007157		29	0.4240332	1.2584311	0.1600928	0.47207227	1.0	1102	tags=28%, list=8%, signal=30%	
NEGATIVE REGULATION OF ACTIN FILAMENT DEPOLYMERIZATION%GOBP%GO:0030835	NEGATIVE REGULATION OF ACTIN FILAMENT DEPOLYMERIZATION%GOBP%GO:0030835		19	0.464141	1.2583826	0.17169374	0.47158837	1.0	3169	tags=58%, list=23%, signal=75%	
NON-MOTILE CILIUM ASSEMBLY%GOBP%GO:1905515	NON-MOTILE CILIUM ASSEMBLY%GOBP%GO:1905515		30	0.41465428	1.2579528	0.1554054	0.4719891	1.0	3904	tags=47%, list=29%, signal=65%	
SENSORY ORGAN DEVELOPMENT%GOBP%GO:0007423	SENSORY ORGAN DEVELOPMENT%GOBP%GO:0007423		166	0.31291208	1.2579372	0.07506702	0.47141913	1.0	1616	tags=22%, list=12%, signal=25%	
POSITIVE REGULATION OF MIRNA METABOLIC PROCESS%GOBP%GO:2000630	POSITIVE REGULATION OF MIRNA METABOLIC PROCESS%GOBP%GO:2000630		46	0.3766799	1.257911	0.12528473	0.47089627	1.0	1616	tags=20%, list=12%, signal=22%	
PID_AVB3_OPN_PATHWAY%MSIGDB_C2%PID_AVB3_OPN_PATHWAY	PID_AVB3_OPN_PATHWAY%MSIGDB_C2%PID_AVB3_OPN_PATHWAY		26	0.43504578	1.2577709	0.17872341	0.47063565	1.0	3877	tags=42%, list=29%, signal=59%	
OLIGODENDROCYTE DEVELOPMENT%GOBP%GO:0014003	OLIGODENDROCYTE DEVELOPMENT%GOBP%GO:0014003		18	0.4735063	1.2576673	0.18763797	0.4703173	1.0	1328	tags=28%, list=10%, signal=31%	
NEURAL CREST CELL DIFFERENTIATION%GOBP%GO:0014033	NEURAL CREST CELL DIFFERENTIATION%GOBP%GO:0014033		47	0.3825141	1.2563436	0.13301663	0.47285965	1.0	1332	tags=28%, list=10%, signal=31%	
PLASMA MEMBRANE INVAGINATION%GOBP%GO:0099024	PLASMA MEMBRANE INVAGINATION%GOBP%GO:0099024		28	0.43045914	1.2563083	0.15555556	0.47236708	1.0	681	tags=14%, list=5%, signal=15%	
NUCLEAR EVENTS (KINASE AND TRANSCRIPTION FACTOR ACTIVATION)%REACTOME DATABASE ID RELEASE 93%198725	NUCLEAR EVENTS (KINASE AND TRANSCRIPTION FACTOR ACTIVATION)%REACTOME DATABASE ID RELEASE 93%198725		52	0.3723565	1.2550578	0.12954545	0.4747219	1.0	2013	tags=21%, list=15%, signal=25%	
LAMELLIPODIUM ASSEMBLY%GOBP%GO:0030032	LAMELLIPODIUM ASSEMBLY%GOBP%GO:0030032		25	0.439706	1.2541324	0.16222222	0.4763089	1.0	4065	tags=60%, list=30%, signal=86%	
LEARNING OR MEMORY%GOBP%GO:0007611	LEARNING OR MEMORY%GOBP%GO:0007611		81	0.34452948	1.2540909	0.09779951	0.4758194	1.0	1457	tags=19%, list=11%, signal=21%	
INTERLEUKIN-10 SIGNALING%REACTOME DATABASE ID RELEASE 93%6783783	INTERLEUKIN-10 SIGNALING%REACTOME DATABASE ID RELEASE 93%6783783		36	0.40804604	1.2538985	0.1395881	0.4756765	1.0	1395	tags=39%, list=10%, signal=43%	
REGULATION OF HUMORAL IMMUNE RESPONSE%GOBP%GO:0002920	REGULATION OF HUMORAL IMMUNE RESPONSE%GOBP%GO:0002920		19	0.46508127	1.2533116	0.17084283	0.47644353	1.0	998	tags=37%, list=7%, signal=40%	
NEURON PROJECTION EXTENSION%GOBP%GO:1990138	NEURON PROJECTION EXTENSION%GOBP%GO:1990138		34	0.4086758	1.2532839	0.15258215	0.47590905	1.0	1057	tags=21%, list=8%, signal=22%	
PEPTIDE HORMONE METABOLISM%REACTOME%R-HSA-2980736.5	PEPTIDE HORMONE METABOLISM%REACTOME%R-HSA-2980736.5		52	0.3792041	1.2520688	0.11963882	0.4781533	1.0	1632	tags=27%, list=12%, signal=30%	
SODIUM ION TRANSMEMBRANE TRANSPORT%GOBP%GO:0035725	SODIUM ION TRANSMEMBRANE TRANSPORT%GOBP%GO:0035725		50	0.37477258	1.2520318	0.14460784	0.47763875	1.0	1247	tags=26%, list=9%, signal=29%	
BRANCHING MORPHOGENESIS OF AN EPITHELIAL TUBE%GOBP%GO:0048754	BRANCHING MORPHOGENESIS OF AN EPITHELIAL TUBE%GOBP%GO:0048754		34	0.41621953	1.2519791	0.15777262	0.4771602	1.0	1316	tags=35%, list=10%, signal=39%	
ISOPRENOID BIOSYNTHETIC PROCESS%GOBP%GO:0008299	ISOPRENOID BIOSYNTHETIC PROCESS%GOBP%GO:0008299		19	0.4594929	1.2518889	0.1779661	0.47676164	1.0	1781	tags=32%, list=13%, signal=36%	
POSITIVE REGULATION OF G2/M TRANSITION OF MITOTIC CELL CYCLE%GOBP%GO:0010971	POSITIVE REGULATION OF G2/M TRANSITION OF MITOTIC CELL CYCLE%GOBP%GO:0010971		18	0.46897694	1.2509563	0.1995614	0.47837824	1.0	1545	tags=39%, list=11%, signal=44%	
VESICLE CARGO LOADING%GOBP%GO:0035459	VESICLE CARGO LOADING%GOBP%GO:0035459		29	0.41790634	1.2509558	0.18636364	0.47778824	1.0	4255	tags=52%, list=31%, signal=75%	
REGULATION OF COLLAGEN METABOLIC PROCESS%GOBP%GO:0010712	REGULATION OF COLLAGEN METABOLIC PROCESS%GOBP%GO:0010712		16	0.47739434	1.2508123	0.17832957	0.47754887	1.0	1333	tags=38%, list=10%, signal=42%	
REGULATION OF TRANSFORMING GROWTH FACTOR BETA RECEPTOR SIGNALING PATHWAY%GOBP%GO:0017015	REGULATION OF TRANSFORMING GROWTH FACTOR BETA RECEPTOR SIGNALING PATHWAY%GOBP%GO:0017015		103	0.33128017	1.2504607	0.083333336	0.47780076	1.0	2826	tags=32%, list=21%, signal=40%	
SYNDECAN-4-MEDIATED SIGNALING EVENTS%PATHWAY INTERACTION DATABASE NCI-NATURE CURATED DATA%SYNDECAN-4-MEDIATED SIGNALING EVENTS	SYNDECAN-4-MEDIATED SIGNALING EVENTS%PATHWAY INTERACTION DATABASE NCI-NATURE CURATED DATA%SYNDECAN-4-MEDIATED SIGNALING EVENTS		28	0.4264391	1.2501286	0.18181819	0.4779519	1.0	2136	tags=32%, list=16%, signal=38%	
NEGATIVE REGULATION OF PEPTIDE SECRETION%GOBP%GO:0002792	NEGATIVE REGULATION OF PEPTIDE SECRETION%GOBP%GO:0002792		17	0.47420147	1.2488773	0.21016166	0.48041973	1.0	1375	tags=35%, list=10%, signal=39%	
POSITIVE REGULATION OF MITOTIC CELL CYCLE PHASE TRANSITION%GOBP%GO:1901992	POSITIVE REGULATION OF MITOTIC CELL CYCLE PHASE TRANSITION%GOBP%GO:1901992		62	0.35846484	1.2488533	0.12857144	0.47987625	1.0	1587	tags=21%, list=12%, signal=24%	
SEPARATION OF SISTER CHROMATIDS%REACTOME%R-HSA-2467813.4	SEPARATION OF SISTER CHROMATIDS%REACTOME%R-HSA-2467813.4		143	0.315402	1.2486385	0.062337663	0.47978395	1.0	3611	tags=35%, list=27%, signal=47%	
REGULATION OF NEUROTRANSMITTER TRANSPORT%GOBP%GO:0051588	REGULATION OF NEUROTRANSMITTER TRANSPORT%GOBP%GO:0051588		48	0.3723383	1.2481413	0.12903225	0.48041713	1.0	943	tags=19%, list=7%, signal=20%	
INTRAFLAGELLAR TRANSPORT%REACTOME%R-HSA-5620924.5	INTRAFLAGELLAR TRANSPORT%REACTOME%R-HSA-5620924.5		37	0.39363104	1.2479876	0.12669684	0.4801953	1.0	3641	tags=43%, list=27%, signal=59%	
ENDOPLASMIC RETICULUM MEMBRANE ORGANIZATION%GOBP%GO:0090158	ENDOPLASMIC RETICULUM MEMBRANE ORGANIZATION%GOBP%GO:0090158		15	0.4930328	1.2473112	0.20045045	0.48117974	1.0	8	tags=7%, list=0%, signal=7%	
NEGATIVE REGULATION OF EPITHELIAL TO MESENCHYMAL TRANSITION%GOBP%GO:0010719	NEGATIVE REGULATION OF EPITHELIAL TO MESENCHYMAL TRANSITION%GOBP%GO:0010719		30	0.4272957	1.2468122	0.16703297	0.48182636	1.0	866	tags=17%, list=6%, signal=18%	
DOWNSTREAM SIGNALING OF ACTIVATED FGFR2%REACTOME DATABASE ID RELEASE 93%5654696	DOWNSTREAM SIGNALING OF ACTIVATED FGFR2%REACTOME DATABASE ID RELEASE 93%5654696		16	0.4898298	1.246768	0.19134396	0.48132965	1.0	2507	tags=44%, list=18%, signal=54%	
HORMONE BIOSYNTHETIC PROCESS%GOBP%GO:0042446	HORMONE BIOSYNTHETIC PROCESS%GOBP%GO:0042446		15	0.4984864	1.2464933	0.20253165	0.48139542	1.0	910	tags=33%, list=7%, signal=36%	
E2F MEDIATED REGULATION OF DNA REPLICATION%REACTOME DATABASE ID RELEASE 93%113510	E2F MEDIATED REGULATION OF DNA REPLICATION%REACTOME DATABASE ID RELEASE 93%113510		20	0.45036224	1.2445842	0.15990454	0.48519817	1.0	691	tags=10%, list=5%, signal=11%	
SENSORY PERCEPTION%REACTOME DATABASE ID RELEASE 93%9709957	SENSORY PERCEPTION%REACTOME DATABASE ID RELEASE 93%9709957		125	0.32193094	1.2437677	0.05897436	0.48661453	1.0	2478	tags=34%, list=18%, signal=42%	
PID_NECTIN_PATHWAY%MSIGDB_C2%PID_NECTIN_PATHWAY	PID_NECTIN_PATHWAY%MSIGDB_C2%PID_NECTIN_PATHWAY		24	0.4358311	1.2431096	0.17841409	0.48763138	1.0	4146	tags=50%, list=31%, signal=72%	
RESPONSE TO KETONE%GOBP%GO:1901654	RESPONSE TO KETONE%GOBP%GO:1901654		61	0.35762808	1.2420866	0.13	0.4893608	1.0	1467	tags=23%, list=11%, signal=26%	
LYMPH VESSEL DEVELOPMENT%GOBP%GO:0001945	LYMPH VESSEL DEVELOPMENT%GOBP%GO:0001945		17	0.48190865	1.2418549	0.20833333	0.489325	1.0	510	tags=24%, list=4%, signal=24%	
POSITIVE REGULATION OF RECEPTOR-MEDIATED ENDOCYTOSIS%GOBP%GO:0048260	POSITIVE REGULATION OF RECEPTOR-MEDIATED ENDOCYTOSIS%GOBP%GO:0048260		37	0.39746603	1.2412881	0.13488372	0.49006143	1.0	1297	tags=27%, list=10%, signal=30%	
WNT SIGNALING PATHWAY%GOBP%GO:0016055	WNT SIGNALING PATHWAY%GOBP%GO:0016055		87	0.34093222	1.2411842	0.121348314	0.4897551	1.0	1534	tags=18%, list=11%, signal=21%	
EPIBOLY INVOLVED IN WOUND HEALING%GOBP%GO:0090505	EPIBOLY INVOLVED IN WOUND HEALING%GOBP%GO:0090505		23	0.44264472	1.2406138	0.2	0.49048507	1.0	3680	tags=52%, list=27%, signal=71%	
REGULATION OF P38MAPK CASCADE%GOBP%GO:1900744	REGULATION OF P38MAPK CASCADE%GOBP%GO:1900744		33	0.4159207	1.240451	0.15331808	0.49026635	1.0	1295	tags=27%, list=10%, signal=30%	
MAMMARY GLAND DEVELOPMENT%GOBP%GO:0030879	MAMMARY GLAND DEVELOPMENT%GOBP%GO:0030879		26	0.43613222	1.2403166	0.1624714	0.48999295	1.0	1316	tags=31%, list=10%, signal=34%	
INTEGRATED STRESS RESPONSE SIGNALING%GOBP%GO:0140467	INTEGRATED STRESS RESPONSE SIGNALING%GOBP%GO:0140467		32	0.40528908	1.2399441	0.16136363	0.49033606	1.0	1003	tags=19%, list=7%, signal=20%	
POSITIVE REGULATION OF TUMOR NECROSIS FACTOR PRODUCTION%GOBP%GO:0032760	POSITIVE REGULATION OF TUMOR NECROSIS FACTOR PRODUCTION%GOBP%GO:0032760		75	0.3432059	1.239731	0.1119403	0.49024716	1.0	1542	tags=25%, list=11%, signal=28%	
DOWNSTREAM SIGNALING OF ACTIVATED FGFR1%REACTOME%R-HSA-5654687.4	DOWNSTREAM SIGNALING OF ACTIVATED FGFR1%REACTOME%R-HSA-5654687.4		16	0.4924275	1.2396291	0.21333334	0.48989192	1.0	2507	tags=44%, list=18%, signal=54%	
NECTIN ADHESION PATHWAY%PATHWAY INTERACTION DATABASE NCI-NATURE CURATED DATA%NECTIN ADHESION PATHWAY	NECTIN ADHESION PATHWAY%PATHWAY INTERACTION DATABASE NCI-NATURE CURATED DATA%NECTIN ADHESION PATHWAY		29	0.40893722	1.2392716	0.15441176	0.49018452	1.0	4146	tags=48%, list=31%, signal=69%	
MYOTUBE DIFFERENTIATION%GOBP%GO:0014902	MYOTUBE DIFFERENTIATION%GOBP%GO:0014902		31	0.40057713	1.2387897	0.16666667	0.49075952	1.0	1868	tags=32%, list=14%, signal=37%	
POSITIVE REGULATION OF PROTEIN LOCALIZATION TO MEMBRANE%GOBP%GO:1905477	POSITIVE REGULATION OF PROTEIN LOCALIZATION TO MEMBRANE%GOBP%GO:1905477		58	0.3621735	1.2385188	0.1561086	0.49082193	1.0	1828	tags=21%, list=13%, signal=24%	
SPINDLE ORGANIZATION%GOBP%GO:0007051	SPINDLE ORGANIZATION%GOBP%GO:0007051		129	0.3213086	1.2381381	0.079889804	0.49111125	1.0	3709	tags=39%, list=27%, signal=53%	
POSITIVE REGULATION OF CHEMOTAXIS%GOBP%GO:0050921	POSITIVE REGULATION OF CHEMOTAXIS%GOBP%GO:0050921		93	0.32729816	1.2380118	0.12051282	0.49081847	1.0	1236	tags=25%, list=9%, signal=27%	
REGULATION OF CELLULAR RESPONSE TO TRANSFORMING GROWTH FACTOR BETA STIMULUS%GOBP%GO:1903844	REGULATION OF CELLULAR RESPONSE TO TRANSFORMING GROWTH FACTOR BETA STIMULUS%GOBP%GO:1903844		103	0.33128017	1.2379563	0.09859155	0.4903765	1.0	2826	tags=32%, list=21%, signal=40%	
POSITIVE REGULATION OF MIRNA TRANSCRIPTION%GOBP%GO:1902895	POSITIVE REGULATION OF MIRNA TRANSCRIPTION%GOBP%GO:1902895		41	0.3942047	1.237898	0.17798595	0.48992568	1.0	320	tags=12%, list=2%, signal=12%	
NEGATIVE REGULATION OF ERBB SIGNALING PATHWAY%GOBP%GO:1901185	NEGATIVE REGULATION OF ERBB SIGNALING PATHWAY%GOBP%GO:1901185		26	0.42762178	1.2376364	0.17633928	0.48994315	1.0	2724	tags=38%, list=20%, signal=48%	
INTRINSIC APOPTOTIC SIGNALING PATHWAY IN RESPONSE TO DNA DAMAGE%GOBP%GO:0008630	INTRINSIC APOPTOTIC SIGNALING PATHWAY IN RESPONSE TO DNA DAMAGE%GOBP%GO:0008630		48	0.37013265	1.2370936	0.1509434	0.49067038	1.0	2786	tags=31%, list=21%, signal=39%	
INSULIN PROCESSING%REACTOME%R-HSA-264876.7	INSULIN PROCESSING%REACTOME%R-HSA-264876.7		19	0.4601194	1.236424	0.20173536	0.49168283	1.0	1867	tags=26%, list=14%, signal=30%	
HEMATOPOIETIC OR LYMPHOID ORGAN DEVELOPMENT%GOBP%GO:0048534	HEMATOPOIETIC OR LYMPHOID ORGAN DEVELOPMENT%GOBP%GO:0048534		23	0.43573365	1.2363851	0.19477434	0.49118137	1.0	1542	tags=30%, list=11%, signal=34%	
CELL JUNCTION ASSEMBLY%GOBP%GO:0034329	CELL JUNCTION ASSEMBLY%GOBP%GO:0034329		177	0.30275318	1.2355536	0.04	0.49253935	1.0	2129	tags=28%, list=16%, signal=32%	
BIOCARTA_P53HYPOXIA_PATHWAY%MSIGDB_C2%BIOCARTA_P53HYPOXIA_PATHWAY	BIOCARTA_P53HYPOXIA_PATHWAY%MSIGDB_C2%BIOCARTA_P53HYPOXIA_PATHWAY		16	0.48007947	1.2344514	0.2025862	0.4945108	1.0	4138	tags=56%, list=31%, signal=81%	
COLLAGEN DEGRADATION%REACTOME DATABASE ID RELEASE 93%1442490	COLLAGEN DEGRADATION%REACTOME DATABASE ID RELEASE 93%1442490		27	0.41696364	1.2342434	0.18778281	0.49445924	1.0	2290	tags=44%, list=17%, signal=53%	
SUBSTRATE ADHESION-DEPENDENT CELL SPREADING%GOBP%GO:0034446	SUBSTRATE ADHESION-DEPENDENT CELL SPREADING%GOBP%GO:0034446		34	0.40166268	1.2339823	0.18648018	0.49449915	1.0	1879	tags=35%, list=14%, signal=41%	
NEPHRON TUBULE MORPHOGENESIS%GOBP%GO:0072078	NEPHRON TUBULE MORPHOGENESIS%GOBP%GO:0072078		17	0.47697213	1.2339592	0.18708241	0.4939827	1.0	1199	tags=35%, list=9%, signal=39%	
CYTOSKELETAL REGULATION BY RHO GTPASE%PANTHER PATHWAY%P00016	CYTOSKELETAL REGULATION BY RHO GTPASE%PANTHER PATHWAY%P00016		47	0.36926496	1.2336884	0.16447368	0.49402675	1.0	2081	tags=32%, list=15%, signal=38%	
NEURAL CREST CELL MIGRATION DURING DEVELOPMENT%WIKIPATHWAYS_20250810%WP4564%HOMO SAPIENS	NEURAL CREST CELL MIGRATION DURING DEVELOPMENT%WIKIPATHWAYS_20250810%WP4564%HOMO SAPIENS		28	0.4186204	1.2334766	0.17594655	0.4939853	1.0	1433	tags=25%, list=11%, signal=28%	
BIOCARTA_GLEEVEC_PATHWAY%MSIGDB_C2%BIOCARTA_GLEEVEC_PATHWAY	BIOCARTA_GLEEVEC_PATHWAY%MSIGDB_C2%BIOCARTA_GLEEVEC_PATHWAY		19	0.463063	1.2329557	0.19282511	0.49467617	1.0	2591	tags=32%, list=19%, signal=39%	
CELLULAR RESPONSE TO TRANSFORMING GROWTH FACTOR BETA STIMULUS%GOBP%GO:0071560	CELLULAR RESPONSE TO TRANSFORMING GROWTH FACTOR BETA STIMULUS%GOBP%GO:0071560		87	0.3336088	1.2322559	0.11951219	0.49579558	1.0	1889	tags=24%, list=14%, signal=28%	
BILE ACID AND BILE SALT TRANSPORT%GOBP%GO:0015721	BILE ACID AND BILE SALT TRANSPORT%GOBP%GO:0015721		15	0.49410918	1.2313347	0.23413567	0.49743634	1.0	1603	tags=40%, list=12%, signal=45%	
STEROID HORMONE BIOSYNTHETIC PROCESS%GOBP%GO:0120178	STEROID HORMONE BIOSYNTHETIC PROCESS%GOBP%GO:0120178		15	0.4858481	1.230682	0.20183486	0.49843085	1.0	910	tags=33%, list=7%, signal=36%	
CELLULAR RESPONSE TO XENOBIOTIC STIMULUS%GOBP%GO:0071466	CELLULAR RESPONSE TO XENOBIOTIC STIMULUS%GOBP%GO:0071466		92	0.32751793	1.2304956	0.118987344	0.49833554	1.0	1693	tags=25%, list=12%, signal=28%	
VESICLE TRANSPORT ALONG MICROTUBULE%GOBP%GO:0047496	VESICLE TRANSPORT ALONG MICROTUBULE%GOBP%GO:0047496		35	0.3964524	1.2297094	0.17232376	0.49964702	1.0	4277	tags=49%, list=32%, signal=71%	
MEMBRANE PROTEIN ECTODOMAIN PROTEOLYSIS%GOBP%GO:0006509	MEMBRANE PROTEIN ECTODOMAIN PROTEOLYSIS%GOBP%GO:0006509		19	0.46668184	1.2296926	0.20588236	0.49909058	1.0	2638	tags=53%, list=19%, signal=65%	
WOUND HEALING, SPREADING OF CELLS%GOBP%GO:0044319	WOUND HEALING, SPREADING OF CELLS%GOBP%GO:0044319		23	0.44264472	1.2296038	0.20044053	0.49874225	1.0	3680	tags=52%, list=27%, signal=71%	
TRANSEPITHELIAL TRANSPORT%GOBP%GO:0070633	TRANSEPITHELIAL TRANSPORT%GOBP%GO:0070633		19	0.44945055	1.2289146	0.21261682	0.49987158	1.0	1669	tags=42%, list=12%, signal=48%	
REGULATION OF COMPLEMENT ACTIVATION%GOBP%GO:0030449	REGULATION OF COMPLEMENT ACTIVATION%GOBP%GO:0030449		15	0.48254883	1.2286859	0.21123596	0.49985734	1.0	876	tags=33%, list=6%, signal=36%	
SODIUM ION TRANSPORT%GOBP%GO:0006814	SODIUM ION TRANSPORT%GOBP%GO:0006814		68	0.3515115	1.2285836	0.14150943	0.49953264	1.0	1247	tags=22%, list=9%, signal=24%	
REGULATION OF SUBSTRATE ADHESION-DEPENDENT CELL SPREADING%GOBP%GO:1900024	REGULATION OF SUBSTRATE ADHESION-DEPENDENT CELL SPREADING%GOBP%GO:1900024		46	0.37336892	1.2283008	0.14123006	0.49964213	1.0	3068	tags=46%, list=23%, signal=59%	
STEM CELL DEVELOPMENT%GOBP%GO:0048864	STEM CELL DEVELOPMENT%GOBP%GO:0048864		42	0.37866423	1.2267436	0.17035398	0.50292027	1.0	1332	tags=31%, list=10%, signal=34%	
PID_BETA_CATENIN_DEG_PATHWAY%MSIGDB_C2%PID_BETA_CATENIN_DEG_PATHWAY	PID_BETA_CATENIN_DEG_PATHWAY%MSIGDB_C2%PID_BETA_CATENIN_DEG_PATHWAY		15	0.48472357	1.2264295	0.20634921	0.5031621	1.0	4300	tags=47%, list=32%, signal=68%	
RESPONSE TO STEROL%GOBP%GO:0036314	RESPONSE TO STEROL%GOBP%GO:0036314		22	0.43768615	1.226144	0.17748918	0.50326407	1.0	664	tags=18%, list=5%, signal=19%	
REGENERATION%GOBP%GO:0031099	REGENERATION%GOBP%GO:0031099		28	0.41367728	1.2255427	0.18961625	0.5041499	1.0	1965	tags=29%, list=14%, signal=33%	
SYNAPTIC VESICLE CYCLE%GOBP%GO:0099504	SYNAPTIC VESICLE CYCLE%GOBP%GO:0099504		72	0.342861	1.2252238	0.16666667	0.5043208	1.0	1423	tags=15%, list=10%, signal=17%	
CS DS DEGRADATION%REACTOME DATABASE ID RELEASE 93%2024101	CS DS DEGRADATION%REACTOME DATABASE ID RELEASE 93%2024101		15	0.47884825	1.224404	0.20754717	0.5057915	1.0	2594	tags=40%, list=19%, signal=49%	
AORTIC VALVE DEVELOPMENT%GOBP%GO:0003176	AORTIC VALVE DEVELOPMENT%GOBP%GO:0003176		38	0.38796335	1.2242637	0.16625917	0.5055534	1.0	1599	tags=29%, list=12%, signal=33%	
REGULATION OF EPITHELIAL CELL APOPTOTIC PROCESS%GOBP%GO:1904035	REGULATION OF EPITHELIAL CELL APOPTOTIC PROCESS%GOBP%GO:1904035		18	0.4646861	1.2242235	0.22247191	0.50506926	1.0	2030	tags=22%, list=15%, signal=26%	
CELL RECOGNITION%GOBP%GO:0008037	CELL RECOGNITION%GOBP%GO:0008037		61	0.35496074	1.224068	0.118072286	0.504841	1.0	1057	tags=21%, list=8%, signal=23%	
RESPONSE TO ACETYLCHOLINE%GOBP%GO:1905144	RESPONSE TO ACETYLCHOLINE%GOBP%GO:1905144		18	0.4577169	1.2239895	0.22068965	0.5044513	1.0	2093	tags=39%, list=15%, signal=46%	
REGULATION OF CDC42 ACTIVITY%PATHWAY INTERACTION DATABASE NCI-NATURE CURATED DATA%REGULATION OF CDC42 ACTIVITY	REGULATION OF CDC42 ACTIVITY%PATHWAY INTERACTION DATABASE NCI-NATURE CURATED DATA%REGULATION OF CDC42 ACTIVITY		29	0.41736656	1.2238109	0.21348314	0.50432116	1.0	4207	tags=59%, list=31%, signal=85%	
DRUG ADME%REACTOME%R-HSA-9748784.5	DRUG ADME%REACTOME%R-HSA-9748784.5		58	0.3578084	1.222865	0.16945107	0.50606054	1.0	1603	tags=26%, list=12%, signal=29%	
ION CHANNEL TRANSPORT%REACTOME DATABASE ID RELEASE 93%983712	ION CHANNEL TRANSPORT%REACTOME DATABASE ID RELEASE 93%983712		126	0.31439304	1.2223872	0.096938774	0.50656486	1.0	1465	tags=15%, list=11%, signal=17%	
POSITIVE REGULATION OF ANGIOGENESIS%GOBP%GO:0045766	POSITIVE REGULATION OF ANGIOGENESIS%GOBP%GO:0045766		105	0.32078627	1.221919	0.115763545	0.50709164	1.0	1534	tags=26%, list=11%, signal=29%	
PID_INTEGRIN_A4B1_PATHWAY%MSIGDB_C2%PID_INTEGRIN_A4B1_PATHWAY	PID_INTEGRIN_A4B1_PATHWAY%MSIGDB_C2%PID_INTEGRIN_A4B1_PATHWAY		24	0.43079692	1.2212673	0.20087336	0.5080692	1.0	1467	tags=21%, list=11%, signal=23%	
NOTCH SIGNALING%WIKIPATHWAYS_20250810%WP268%HOMO SAPIENS	NOTCH SIGNALING%WIKIPATHWAYS_20250810%WP268%HOMO SAPIENS		33	0.40362358	1.2211255	0.19302325	0.50782794	1.0	1542	tags=18%, list=11%, signal=20%	
TARGETING YAP IN PANCREATIC DUCTAL ADENOCARCINOMA PDAC %WIKIPATHWAYS_20250810%WP5495%HOMO SAPIENS	TARGETING YAP IN PANCREATIC DUCTAL ADENOCARCINOMA PDAC %WIKIPATHWAYS_20250810%WP5495%HOMO SAPIENS		17	0.46266627	1.2211052	0.22807017	0.50728923	1.0	1493	tags=29%, list=11%, signal=33%	
CARDIAC CONDUCTION SYSTEM DEVELOPMENT%GOBP%GO:0003161	CARDIAC CONDUCTION SYSTEM DEVELOPMENT%GOBP%GO:0003161		25	0.42228574	1.2210829	0.18451025	0.50677246	1.0	1463	tags=32%, list=11%, signal=36%	
CASPASE ACTIVATION VIA EXTRINSIC APOPTOTIC SIGNALLING PATHWAY%REACTOME DATABASE ID RELEASE 93%5357769	CASPASE ACTIVATION VIA EXTRINSIC APOPTOTIC SIGNALLING PATHWAY%REACTOME DATABASE ID RELEASE 93%5357769		23	0.42584744	1.2203307	0.19239905	0.5080502	1.0	3093	tags=43%, list=23%, signal=56%	
REGULATION OF METAL ION TRANSPORT%GOBP%GO:0010959	REGULATION OF METAL ION TRANSPORT%GOBP%GO:0010959		194	0.29799032	1.2197309	0.08913649	0.5089985	1.0	1401	tags=19%, list=10%, signal=20%	
MESENCHYMAL CELL DIFFERENTIATION%GOBP%GO:0048762	MESENCHYMAL CELL DIFFERENTIATION%GOBP%GO:0048762		103	0.32477826	1.2191216	0.11948052	0.5099234	1.0	1332	tags=23%, list=10%, signal=26%	
COPI-INDEPENDENT GOLGI-TO-ER RETROGRADE TRAFFIC%REACTOME DATABASE ID RELEASE 93%6811436	COPI-INDEPENDENT GOLGI-TO-ER RETROGRADE TRAFFIC%REACTOME DATABASE ID RELEASE 93%6811436		32	0.40500593	1.2190982	0.1711111	0.5093969	1.0	4535	tags=59%, list=33%, signal=89%	
CELLULAR RESPONSE TO ALCOHOL%GOBP%GO:0097306	CELLULAR RESPONSE TO ALCOHOL%GOBP%GO:0097306		49	0.3712794	1.218726	0.1588785	0.50969756	1.0	764	tags=16%, list=6%, signal=17%	
PID_S1P_S1P2_PATHWAY%MSIGDB_C2%PID_S1P_S1P2_PATHWAY	PID_S1P_S1P2_PATHWAY%MSIGDB_C2%PID_S1P_S1P2_PATHWAY		18	0.4547558	1.2178795	0.20568928	0.51118046	1.0	1003	tags=17%, list=7%, signal=18%	
NEGATIVE REGULATION OF CELL CYCLE PHASE TRANSITION%GOBP%GO:1901988	NEGATIVE REGULATION OF CELL CYCLE PHASE TRANSITION%GOBP%GO:1901988		159	0.30080372	1.2178751	0.091383815	0.5106124	1.0	1839	tags=17%, list=14%, signal=19%	
POSITIVE REGULATION OF LEUKOCYTE CHEMOTAXIS%GOBP%GO:0002690	POSITIVE REGULATION OF LEUKOCYTE CHEMOTAXIS%GOBP%GO:0002690		66	0.34968147	1.2177246	0.17380352	0.51044476	1.0	1031	tags=26%, list=8%, signal=28%	
NEGATIVE REGULATION OF T CELL PROLIFERATION%GOBP%GO:0042130	NEGATIVE REGULATION OF T CELL PROLIFERATION%GOBP%GO:0042130		37	0.39500752	1.2172428	0.15789473	0.5110796	1.0	1817	tags=32%, list=13%, signal=37%	
HALLMARK_INTERFERON_GAMMA_RESPONSE%MSIGDBHALLMARK%HALLMARK_INTERFERON_GAMMA_RESPONSE	HALLMARK_INTERFERON_GAMMA_RESPONSE%MSIGDBHALLMARK%HALLMARK_INTERFERON_GAMMA_RESPONSE		166	0.30366772	1.2170997	0.10479042	0.5108562	1.0	2092	tags=25%, list=15%, signal=29%	
RESPONSE TO UV%GOBP%GO:0009411	RESPONSE TO UV%GOBP%GO:0009411		107	0.32229212	1.216615	0.12406948	0.5114628	1.0	2280	tags=21%, list=17%, signal=26%	
ANGIOGENESIS%PANTHER PATHWAY%P00005	ANGIOGENESIS%PANTHER PATHWAY%P00005		133	0.3056463	1.2163885	0.11290322	0.51143384	1.0	1552	tags=19%, list=11%, signal=21%	
REGULATION OF INTERLEUKIN-6 PRODUCTION%GOBP%GO:0032675	REGULATION OF INTERLEUKIN-6 PRODUCTION%GOBP%GO:0032675		92	0.32990044	1.2145612	0.14108911	0.51547456	1.0	1236	tags=22%, list=9%, signal=24%	
STEM CELL PROLIFERATION%GOBP%GO:0072089	STEM CELL PROLIFERATION%GOBP%GO:0072089		17	0.47135198	1.2145158	0.22100656	0.51502264	1.0	2595	tags=41%, list=19%, signal=51%	
GPI ANCHORED PROTEIN BIOSYNTHESIS%GOBP%GO:0180046	GPI ANCHORED PROTEIN BIOSYNTHESIS%GOBP%GO:0180046		28	0.40817896	1.214392	0.1948956	0.5147617	1.0	1859	tags=21%, list=14%, signal=25%	
MEMBRANE INVAGINATION%GOBP%GO:0010324	MEMBRANE INVAGINATION%GOBP%GO:0010324		35	0.38637492	1.2140242	0.17518248	0.5151338	1.0	681	tags=11%, list=5%, signal=12%	
LIMB DEVELOPMENT%GOBP%GO:0060173	LIMB DEVELOPMENT%GOBP%GO:0060173		48	0.36612034	1.2130818	0.15829146	0.51672155	1.0	2085	tags=27%, list=15%, signal=32%	
DENDRITIC SPINE ORGANIZATION%GOBP%GO:0097061	DENDRITIC SPINE ORGANIZATION%GOBP%GO:0097061		21	0.4412149	1.2120404	0.19550562	0.51878697	1.0	1817	tags=29%, list=13%, signal=33%	
CELLULAR RESPONSE TO ACETYLCHOLINE%GOBP%GO:1905145	CELLULAR RESPONSE TO ACETYLCHOLINE%GOBP%GO:1905145		18	0.4577169	1.2115229	0.21444695	0.5194978	1.0	2093	tags=39%, list=15%, signal=46%	
POSITIVE REGULATION OF CHROMOSOME SEGREGATION%GOBP%GO:0051984	POSITIVE REGULATION OF CHROMOSOME SEGREGATION%GOBP%GO:0051984		26	0.42100018	1.2108012	0.19248827	0.52064776	1.0	3888	tags=50%, list=29%, signal=70%	
CALCIUM ION TRANSPORT%GOBP%GO:0006816	CALCIUM ION TRANSPORT%GOBP%GO:0006816		135	0.30902478	1.2104385	0.11111111	0.5209654	1.0	1319	tags=20%, list=10%, signal=22%	
INTERCONVERSION OF NUCLEOTIDE DI- AND TRIPHOSPHATES%REACTOME DATABASE ID RELEASE 93%499943	INTERCONVERSION OF NUCLEOTIDE DI- AND TRIPHOSPHATES%REACTOME DATABASE ID RELEASE 93%499943		24	0.42807	1.2100246	0.22072072	0.5213908	1.0	3983	tags=50%, list=29%, signal=71%	
BONE DEVELOPMENT%GOBP%GO:0060348	BONE DEVELOPMENT%GOBP%GO:0060348		68	0.34055915	1.208749	0.14320388	0.52394754	1.0	2119	tags=32%, list=16%, signal=38%	
GLYCOSYLPHOSPHATIDYL INOSITOL ANCHOR PATHWAY%WIKIPATHWAYS_20250810%WP5505%HOMO SAPIENS	GLYCOSYLPHOSPHATIDYL INOSITOL ANCHOR PATHWAY%WIKIPATHWAYS_20250810%WP5505%HOMO SAPIENS		24	0.41963655	1.2081895	0.21086957	0.5247451	1.0	1859	tags=21%, list=14%, signal=24%	
HINT1 PATHWAY%WIKIPATHWAYS_20250810%WP5523%HOMO SAPIENS	HINT1 PATHWAY%WIKIPATHWAYS_20250810%WP5523%HOMO SAPIENS		20	0.44723788	1.2073421	0.22619048	0.52625364	1.0	2372	tags=30%, list=18%, signal=36%	
ACYL CHAIN REMODELLING OF PE%REACTOME%R-HSA-1482839.4	ACYL CHAIN REMODELLING OF PE%REACTOME%R-HSA-1482839.4		19	0.44854596	1.2066174	0.20295984	0.5274745	1.0	1634	tags=32%, list=12%, signal=36%	
CHONDROITIN SULFATE PROTEOGLYCAN BIOSYNTHETIC PROCESS%GOBP%GO:0050650	CHONDROITIN SULFATE PROTEOGLYCAN BIOSYNTHETIC PROCESS%GOBP%GO:0050650		21	0.4424569	1.2052414	0.22297297	0.53031373	1.0	2464	tags=38%, list=18%, signal=46%	
RESPONSE TO INTERLEUKIN-1%GOBP%GO:0070555	RESPONSE TO INTERLEUKIN-1%GOBP%GO:0070555		66	0.35413963	1.2050976	0.17936118	0.53011745	1.0	1387	tags=20%, list=10%, signal=22%	
ID%NETPATH%ID	ID%NETPATH%ID		18	0.45639566	1.2040846	0.2167382	0.5320566	1.0	2199	tags=28%, list=16%, signal=33%	
REGULATION OF GRANULOCYTE CHEMOTAXIS%GOBP%GO:0071622	REGULATION OF GRANULOCYTE CHEMOTAXIS%GOBP%GO:0071622		38	0.38765162	1.2040713	0.20930232	0.5315139	1.0	973	tags=26%, list=7%, signal=28%	
FOCAL ADHESION%WIKIPATHWAYS_20250810%WP306%HOMO SAPIENS	FOCAL ADHESION%WIKIPATHWAYS_20250810%WP306%HOMO SAPIENS		137	0.30851686	1.2036587	0.097765364	0.53198117	1.0	1768	tags=24%, list=13%, signal=27%	
ICOSANOID METABOLIC PROCESS%GOBP%GO:0006690	ICOSANOID METABOLIC PROCESS%GOBP%GO:0006690		67	0.34908396	1.2035208	0.1558753	0.5317505	1.0	2260	tags=34%, list=17%, signal=41%	
REGULATION OF CELLULAR EXTRAVASATION%GOBP%GO:0002691	REGULATION OF CELLULAR EXTRAVASATION%GOBP%GO:0002691		24	0.42263642	1.2029442	0.23543124	0.5326727	1.0	1308	tags=38%, list=10%, signal=41%	
RHOU GTPASE CYCLE%REACTOME DATABASE ID RELEASE 93%9013420	RHOU GTPASE CYCLE%REACTOME DATABASE ID RELEASE 93%9013420		38	0.3819964	1.2026155	0.20090294	0.5329057	1.0	3987	tags=45%, list=29%, signal=63%	
SPHINGOLIPID METABOLISM IN SENESCENCE%WIKIPATHWAYS_20250810%WP5121%HOMO SAPIENS	SPHINGOLIPID METABOLISM IN SENESCENCE%WIKIPATHWAYS_20250810%WP5121%HOMO SAPIENS		22	0.4314812	1.2021272	0.20169851	0.53349686	1.0	2981	tags=41%, list=22%, signal=52%	
UNSATURATED FATTY ACID METABOLIC PROCESS%GOBP%GO:0033559	UNSATURATED FATTY ACID METABOLIC PROCESS%GOBP%GO:0033559		66	0.3467272	1.201968	0.17482518	0.53328	1.0	2260	tags=36%, list=17%, signal=43%	
REGULATION OF CALCIUM ION TRANSPORT%GOBP%GO:0051924	REGULATION OF CALCIUM ION TRANSPORT%GOBP%GO:0051924		126	0.31328553	1.2018502	0.12566845	0.5329969	1.0	1401	tags=19%, list=10%, signal=21%	
POSITIVE REGULATION OF CELL CYCLE PHASE TRANSITION%GOBP%GO:1901989	POSITIVE REGULATION OF CELL CYCLE PHASE TRANSITION%GOBP%GO:1901989		74	0.33736777	1.201808	0.1465721	0.5325344	1.0	1587	tags=19%, list=12%, signal=21%	
MIRNA ROLE IN IMMUNE RESPONSE IN SEPSIS%WIKIPATHWAYS_20250810%WP4329%HOMO SAPIENS	MIRNA ROLE IN IMMUNE RESPONSE IN SEPSIS%WIKIPATHWAYS_20250810%WP4329%HOMO SAPIENS		27	0.41236106	1.2017168	0.20095694	0.53217626	1.0	1102	tags=15%, list=8%, signal=16%	
BIOCARTA_EPO_PATHWAY%MSIGDB_C2%BIOCARTA_EPO_PATHWAY	BIOCARTA_EPO_PATHWAY%MSIGDB_C2%BIOCARTA_EPO_PATHWAY		15	0.47643	1.2015672	0.22637363	0.53200424	1.0	1552	tags=27%, list=11%, signal=30%	
CELL-EXTRACELLULAR MATRIX INTERACTIONS%REACTOME DATABASE ID RELEASE 93%446353	CELL-EXTRACELLULAR MATRIX INTERACTIONS%REACTOME DATABASE ID RELEASE 93%446353		16	0.46800366	1.2015207	0.23194748	0.5315687	1.0	1319	tags=25%, list=10%, signal=28%	
NEGATIVE REGULATION OF PROTEIN-CONTAINING COMPLEX ASSEMBLY%GOBP%GO:0031333	NEGATIVE REGULATION OF PROTEIN-CONTAINING COMPLEX ASSEMBLY%GOBP%GO:0031333		86	0.3328473	1.2012172	0.1609756	0.531788	1.0	2563	tags=29%, list=19%, signal=36%	
POSITIVE REGULATION OF MACROPHAGE ACTIVATION%GOBP%GO:0043032	POSITIVE REGULATION OF MACROPHAGE ACTIVATION%GOBP%GO:0043032		15	0.47668874	1.2010761	0.2516129	0.5315716	1.0	1534	tags=40%, list=11%, signal=45%	
REGULATION OF LEUKOCYTE CHEMOTAXIS%GOBP%GO:0002688	REGULATION OF LEUKOCYTE CHEMOTAXIS%GOBP%GO:0002688		87	0.3292269	1.1997701	0.15632755	0.5343748	1.0	2049	tags=34%, list=15%, signal=40%	
COSTIMULATION BY THE CD28 FAMILY%REACTOME%R-HSA-388841.8	COSTIMULATION BY THE CD28 FAMILY%REACTOME%R-HSA-388841.8		66	0.34416312	1.1997124	0.17380953	0.5339488	1.0	1518	tags=23%, list=11%, signal=25%	
POSITIVE REGULATION OF NLRP3 INFLAMMASOME COMPLEX ASSEMBLY%GOBP%GO:1900227	POSITIVE REGULATION OF NLRP3 INFLAMMASOME COMPLEX ASSEMBLY%GOBP%GO:1900227		26	0.40977156	1.1996673	0.1991342	0.53348356	1.0	1211	tags=19%, list=9%, signal=21%	
EXTRA-NUCLEAR ESTROGEN SIGNALING%REACTOME DATABASE ID RELEASE 93%9009391	EXTRA-NUCLEAR ESTROGEN SIGNALING%REACTOME DATABASE ID RELEASE 93%9009391		59	0.34540543	1.1985489	0.17505996	0.5356801	1.0	401	tags=8%, list=3%, signal=9%	
METABOLISM OF FAT-SOLUBLE VITAMINS%REACTOME%R-HSA-6806667.8	METABOLISM OF FAT-SOLUBLE VITAMINS%REACTOME%R-HSA-6806667.8		32	0.3903272	1.1983142	0.18906605	0.53572094	1.0	3120	tags=50%, list=23%, signal=65%	
EXTRACELLULAR MATRIX DISASSEMBLY%GOBP%GO:0022617	EXTRACELLULAR MATRIX DISASSEMBLY%GOBP%GO:0022617		28	0.4087246	1.1982933	0.20169851	0.5352132	1.0	2290	tags=39%, list=17%, signal=47%	
NEGATIVE REGULATION OF SECRETION BY CELL%GOBP%GO:1903531	NEGATIVE REGULATION OF SECRETION BY CELL%GOBP%GO:1903531		68	0.34224084	1.1970528	0.16853933	0.5377286	1.0	1535	tags=21%, list=11%, signal=23%	
PALLIUM DEVELOPMENT%GOBP%GO:0021543	PALLIUM DEVELOPMENT%GOBP%GO:0021543		53	0.36168638	1.1970469	0.19952494	0.5371722	1.0	1283	tags=19%, list=9%, signal=21%	
REGULATION OF EPITHELIAL CELL PROLIFERATION%GOBP%GO:0050678	REGULATION OF EPITHELIAL CELL PROLIFERATION%GOBP%GO:0050678		186	0.2900799	1.1970086	0.096317284	0.53668433	1.0	1583	tags=18%, list=12%, signal=20%	
PID_AR_NONGENOMIC_PATHWAY%MSIGDB_C2%PID_AR_NONGENOMIC_PATHWAY	PID_AR_NONGENOMIC_PATHWAY%MSIGDB_C2%PID_AR_NONGENOMIC_PATHWAY		26	0.4155453	1.1966667	0.22790697	0.53695416	1.0	757	tags=12%, list=6%, signal=12%	
MITOTIC PROMETAPHASE%REACTOME%R-HSA-68877.8	MITOTIC PROMETAPHASE%REACTOME%R-HSA-68877.8		173	0.29767734	1.1960253	0.1143617	0.5379691	1.0	3763	tags=36%, list=28%, signal=49%	
RESPONSE TO TYPE I INTERFERON%GOBP%GO:0034340	RESPONSE TO TYPE I INTERFERON%GOBP%GO:0034340		36	0.385047	1.195901	0.19070904	0.5377081	1.0	2584	tags=31%, list=19%, signal=38%	
MODIFIED AMINO ACID TRANSPORT%GOBP%GO:0072337	MODIFIED AMINO ACID TRANSPORT%GOBP%GO:0072337		21	0.42551297	1.1952	0.23230088	0.5388996	1.0	1289	tags=24%, list=10%, signal=26%	
CARDIAC SEPTUM MORPHOGENESIS%GOBP%GO:0060411	CARDIAC SEPTUM MORPHOGENESIS%GOBP%GO:0060411		38	0.37493405	1.1948637	0.23250565	0.5391648	1.0	1168	tags=26%, list=9%, signal=29%	
OSTEOARTHRITIC CHONDROCYTE HYPERTROPHY%WIKIPATHWAYS_20250810%WP5373%HOMO SAPIENS	OSTEOARTHRITIC CHONDROCYTE HYPERTROPHY%WIKIPATHWAYS_20250810%WP5373%HOMO SAPIENS		31	0.3961814	1.1938591	0.19565217	0.54111	1.0	1884	tags=23%, list=14%, signal=26%	
ANDROGEN RECEPTOR SIGNALING PATHWAY%GOBP%GO:0030521	ANDROGEN RECEPTOR SIGNALING PATHWAY%GOBP%GO:0030521		16	0.45457777	1.1931975	0.23903508	0.5421865	1.0	3870	tags=56%, list=29%, signal=79%	
MIDBODY ABSCISSION%GOBP%GO:0061952	MIDBODY ABSCISSION%GOBP%GO:0061952		21	0.43288153	1.1930934	0.21681416	0.54186314	1.0	795	tags=14%, list=6%, signal=15%	
RHOA SIGNALING PATHWAY%PATHWAY INTERACTION DATABASE NCI-NATURE CURATED DATA%RHOA SIGNALING PATHWAY	RHOA SIGNALING PATHWAY%PATHWAY INTERACTION DATABASE NCI-NATURE CURATED DATA%RHOA SIGNALING PATHWAY		40	0.3733007	1.1920574	0.21190476	0.5437579	1.0	2195	tags=28%, list=16%, signal=33%	
IL1 AND MEGAKARYOCYTES IN OBESITY%WIKIPATHWAYS_20250810%WP2865%HOMO SAPIENS	IL1 AND MEGAKARYOCYTES IN OBESITY%WIKIPATHWAYS_20250810%WP2865%HOMO SAPIENS		18	0.45302176	1.1919419	0.2264574	0.5434825	1.0	653	tags=28%, list=5%, signal=29%	
CELL CYCLE G2/M PHASE TRANSITION%GOBP%GO:0044839	CELL CYCLE G2/M PHASE TRANSITION%GOBP%GO:0044839		36	0.38118672	1.1915283	0.19069767	0.54391015	1.0	2842	tags=31%, list=21%, signal=39%	
REGULATION OF LEUKOCYTE PROLIFERATION%GOBP%GO:0070663	REGULATION OF LEUKOCYTE PROLIFERATION%GOBP%GO:0070663		149	0.29543608	1.1913574	0.097256854	0.543767	1.0	2198	tags=31%, list=16%, signal=36%	
REGULATION OF EPITHELIAL TO MESENCHYMAL TRANSITION%GOBP%GO:0010717	REGULATION OF EPITHELIAL TO MESENCHYMAL TRANSITION%GOBP%GO:0010717		80	0.32030597	1.1912044	0.16377172	0.54358727	1.0	866	tags=16%, list=6%, signal=17%	
RENAL SYSTEM DEVELOPMENT%GOBP%GO:0072001	RENAL SYSTEM DEVELOPMENT%GOBP%GO:0072001		116	0.30692783	1.1910782	0.12594458	0.5433389	1.0	1048	tags=16%, list=8%, signal=17%	
WNT SIGNALING IN KIDNEY DISEASE%WIKIPATHWAYS_20250810%WP4150%HOMO SAPIENS	WNT SIGNALING IN KIDNEY DISEASE%WIKIPATHWAYS_20250810%WP4150%HOMO SAPIENS		20	0.4396103	1.1902844	0.234375	0.54482645	1.0	1520	tags=20%, list=11%, signal=22%	
APPENDAGE DEVELOPMENT%GOBP%GO:0048736	APPENDAGE DEVELOPMENT%GOBP%GO:0048736		48	0.36612034	1.1899083	0.20993228	0.5452231	1.0	2085	tags=27%, list=15%, signal=32%	
REGULATION OF TOLL-LIKE RECEPTOR 4 SIGNALING PATHWAY%GOBP%GO:0034143	REGULATION OF TOLL-LIKE RECEPTOR 4 SIGNALING PATHWAY%GOBP%GO:0034143		26	0.40120733	1.1898769	0.20776255	0.5447363	1.0	1211	tags=31%, list=9%, signal=34%	
POTASSIUM CHANNELS%REACTOME DATABASE ID RELEASE 93%1296071	POTASSIUM CHANNELS%REACTOME DATABASE ID RELEASE 93%1296071		47	0.35034356	1.1889573	0.19385342	0.54639465	1.0	1138	tags=26%, list=8%, signal=28%	
DNA STRAND ELONGATION%GOBP%GO:0022616	DNA STRAND ELONGATION%GOBP%GO:0022616		19	0.43897936	1.1888144	0.2095672	0.5461744	1.0	1226	tags=21%, list=9%, signal=23%	
PROTEIN LOCALIZATION TO CYTOSKELETON%GOBP%GO:0044380	PROTEIN LOCALIZATION TO CYTOSKELETON%GOBP%GO:0044380		40	0.37673515	1.1874566	0.18859649	0.5489715	1.0	3991	tags=43%, list=29%, signal=60%	
ACETYLCHOLINE RECEPTOR SIGNALING PATHWAY%GOBP%GO:0095500	ACETYLCHOLINE RECEPTOR SIGNALING PATHWAY%GOBP%GO:0095500		16	0.45328107	1.186851	0.24416135	0.54991126	1.0	2093	tags=38%, list=15%, signal=44%	
CANONICAL WNT SIGNALING PATHWAY%GOBP%GO:0060070	CANONICAL WNT SIGNALING PATHWAY%GOBP%GO:0060070		51	0.35764182	1.1867479	0.1918736	0.5496005	1.0	1534	tags=22%, list=11%, signal=24%	
POSITIVE REGULATION OF SMOOTH MUSCLE CELL PROLIFERATION%GOBP%GO:0048661	POSITIVE REGULATION OF SMOOTH MUSCLE CELL PROLIFERATION%GOBP%GO:0048661		40	0.37080035	1.1848626	0.18224299	0.5538741	1.0	1421	tags=23%, list=10%, signal=25%	
AMB2 INTEGRIN SIGNALING%PATHWAY INTERACTION DATABASE NCI-NATURE CURATED DATA%AMB2 INTEGRIN SIGNALING	AMB2 INTEGRIN SIGNALING%PATHWAY INTERACTION DATABASE NCI-NATURE CURATED DATA%AMB2 INTEGRIN SIGNALING		29	0.39424777	1.1843954	0.22247191	0.5544504	1.0	1141	tags=21%, list=8%, signal=23%	
NEGATIVE REGULATION OF TUMOR NECROSIS FACTOR PRODUCTION%GOBP%GO:0032720	NEGATIVE REGULATION OF TUMOR NECROSIS FACTOR PRODUCTION%GOBP%GO:0032720		33	0.3858316	1.1841712	0.20930232	0.5544456	1.0	1524	tags=30%, list=11%, signal=34%	
REGULATION OF TRANSCRIPTION REGULATORY REGION DNA BINDING%GOBP%GO:2000677	REGULATION OF TRANSCRIPTION REGULATORY REGION DNA BINDING%GOBP%GO:2000677		15	0.47431052	1.1840338	0.24353448	0.5542269	1.0	3858	tags=47%, list=28%, signal=65%	
LYSOSOMAL LUMEN ACIDIFICATION%GOBP%GO:0007042	LYSOSOMAL LUMEN ACIDIFICATION%GOBP%GO:0007042		23	0.42200926	1.1840107	0.2	0.5537125	1.0	3905	tags=48%, list=29%, signal=67%	
NEGATIVE REGULATION OF LEUKOCYTE PROLIFERATION%GOBP%GO:0070664	NEGATIVE REGULATION OF LEUKOCYTE PROLIFERATION%GOBP%GO:0070664		51	0.35337695	1.1837311	0.20149253	0.5538077	1.0	2136	tags=37%, list=16%, signal=44%	
POSITIVE REGULATION OF MITOTIC NUCLEAR DIVISION%GOBP%GO:0045840	POSITIVE REGULATION OF MITOTIC NUCLEAR DIVISION%GOBP%GO:0045840		29	0.3971522	1.1835064	0.21666667	0.5538261	1.0	772	tags=17%, list=6%, signal=18%	
RENAL TUBULE MORPHOGENESIS%GOBP%GO:0061333	RENAL TUBULE MORPHOGENESIS%GOBP%GO:0061333		20	0.4405135	1.1830283	0.23245615	0.55445236	1.0	1199	tags=30%, list=9%, signal=33%	
ADENYLATE CYCLASE-ACTIVATING G PROTEIN-COUPLED RECEPTOR SIGNALING PATHWAY%GOBP%GO:0007189	ADENYLATE CYCLASE-ACTIVATING G PROTEIN-COUPLED RECEPTOR SIGNALING PATHWAY%GOBP%GO:0007189		86	0.31999514	1.18298	0.14454976	0.55403197	1.0	1375	tags=22%, list=10%, signal=24%	
T CELL MIGRATION%GOBP%GO:0072678	T CELL MIGRATION%GOBP%GO:0072678		20	0.4202755	1.1828431	0.22516556	0.5537854	1.0	1032	tags=35%, list=8%, signal=38%	
HS-GAG DEGRADATION%REACTOME DATABASE ID RELEASE 93%2024096	HS-GAG DEGRADATION%REACTOME DATABASE ID RELEASE 93%2024096		16	0.45737445	1.182843	0.21985815	0.5532127	1.0	2403	tags=50%, list=18%, signal=61%	
POSITIVE REGULATION OF RECEPTOR INTERNALIZATION%GOBP%GO:0002092	POSITIVE REGULATION OF RECEPTOR INTERNALIZATION%GOBP%GO:0002092		18	0.43534914	1.182156	0.23413567	0.5543485	1.0	874	tags=22%, list=6%, signal=24%	
REGULATION OF LYMPHOCYTE CHEMOTAXIS%GOBP%GO:1901623	REGULATION OF LYMPHOCYTE CHEMOTAXIS%GOBP%GO:1901623		17	0.45472628	1.1815207	0.25113124	0.5553549	1.0	1542	tags=41%, list=11%, signal=46%	
BIOCARTA_INTEGRIN_PATHWAY%MSIGDB_C2%BIOCARTA_INTEGRIN_PATHWAY	BIOCARTA_INTEGRIN_PATHWAY%MSIGDB_C2%BIOCARTA_INTEGRIN_PATHWAY		26	0.40351695	1.1814355	0.22799097	0.5549951	1.0	3680	tags=46%, list=27%, signal=63%	
GLYCEROLIPID CATABOLIC PROCESS%GOBP%GO:0046503	GLYCEROLIPID CATABOLIC PROCESS%GOBP%GO:0046503		36	0.37955517	1.1812655	0.20229885	0.55485284	1.0	1590	tags=25%, list=12%, signal=28%	
SEMI-LUNAR VALVE DEVELOPMENT%GOBP%GO:1905314	SEMI-LUNAR VALVE DEVELOPMENT%GOBP%GO:1905314		41	0.36845848	1.181211	0.20581114	0.55441034	1.0	1599	tags=27%, list=12%, signal=30%	
NEGATIVE REGULATION OF NERVOUS SYSTEM DEVELOPMENT%GOBP%GO:0051961	NEGATIVE REGULATION OF NERVOUS SYSTEM DEVELOPMENT%GOBP%GO:0051961		53	0.35318223	1.1810787	0.19501133	0.5542079	1.0	2050	tags=26%, list=15%, signal=31%	
NEGATIVE REGULATION OF ANGIOGENESIS%GOBP%GO:0016525	NEGATIVE REGULATION OF ANGIOGENESIS%GOBP%GO:0016525		76	0.32923728	1.180881	0.15815085	0.5542151	1.0	681	tags=13%, list=5%, signal=14%	
NEGATIVE REGULATION OF INTERLEUKIN-2 PRODUCTION%GOBP%GO:0032703	NEGATIVE REGULATION OF INTERLEUKIN-2 PRODUCTION%GOBP%GO:0032703		19	0.43751034	1.1800609	0.2494432	0.55568475	1.0	1817	tags=42%, list=13%, signal=49%	
VESICLE-MEDIATED TRANSPORT IN SYNAPSE%GOBP%GO:0099003	VESICLE-MEDIATED TRANSPORT IN SYNAPSE%GOBP%GO:0099003		74	0.3330806	1.179976	0.17090069	0.55533963	1.0	1423	tags=15%, list=10%, signal=17%	
SENSORY PERCEPTION OF MECHANICAL STIMULUS%GOBP%GO:0050954	SENSORY PERCEPTION OF MECHANICAL STIMULUS%GOBP%GO:0050954		76	0.329293	1.1792786	0.19306931	0.5565591	1.0	1259	tags=16%, list=9%, signal=17%	
HEPATOCYTE GROWTH FACTOR RECEPTOR SIGNALING%WIKIPATHWAYS_20250810%WP313%HOMO SAPIENS	HEPATOCYTE GROWTH FACTOR RECEPTOR SIGNALING%WIKIPATHWAYS_20250810%WP313%HOMO SAPIENS		29	0.39256546	1.1792016	0.22292994	0.55618566	1.0	1552	tags=24%, list=11%, signal=27%	
NEGATIVE REGULATION OF G1/S TRANSITION OF MITOTIC CELL CYCLE%GOBP%GO:2000134	NEGATIVE REGULATION OF G1/S TRANSITION OF MITOTIC CELL CYCLE%GOBP%GO:2000134		42	0.36466435	1.1784563	0.19506727	0.5575019	1.0	1199	tags=19%, list=9%, signal=21%	
KIDNEY DEVELOPMENT%GOBP%GO:0001822	KIDNEY DEVELOPMENT%GOBP%GO:0001822		112	0.31246448	1.1777084	0.1575	0.5587606	1.0	1048	tags=16%, list=8%, signal=17%	
METABOLISM OF SPHINGOLIPIDS IN ER AND GOLGI APPARATUS%WIKIPATHWAYS_20250810%WP4142%HOMO SAPIENS	METABOLISM OF SPHINGOLIPIDS IN ER AND GOLGI APPARATUS%WIKIPATHWAYS_20250810%WP4142%HOMO SAPIENS		16	0.44379342	1.1770724	0.25607064	0.5598124	1.0	3422	tags=50%, list=25%, signal=67%	
G13 SIGNALING%WIKIPATHWAYS_20250810%WP524%HOMO SAPIENS	G13 SIGNALING%WIKIPATHWAYS_20250810%WP524%HOMO SAPIENS		27	0.41002464	1.1770386	0.23305085	0.55933595	1.0	1907	tags=30%, list=14%, signal=34%	
MORPHOGENESIS OF AN EPITHELIUM%GOBP%GO:0002009	MORPHOGENESIS OF AN EPITHELIUM%GOBP%GO:0002009		163	0.29310954	1.1763191	0.12103746	0.56059986	1.0	2223	tags=27%, list=16%, signal=32%	
SPINDLE LOCALIZATION%GOBP%GO:0051653	SPINDLE LOCALIZATION%GOBP%GO:0051653		40	0.36445826	1.1758199	0.22716628	0.561307	1.0	2993	tags=40%, list=22%, signal=51%	
MOLTING CYCLE%GOBP%GO:0042303	MOLTING CYCLE%GOBP%GO:0042303		15	0.46276397	1.1751853	0.25949368	0.5623492	1.0	2144	tags=33%, list=16%, signal=40%	
POSITIVE REGULATION OF INTERLEUKIN-8 PRODUCTION%GOBP%GO:0032757	POSITIVE REGULATION OF INTERLEUKIN-8 PRODUCTION%GOBP%GO:0032757		55	0.33918977	1.1750379	0.20045558	0.5621602	1.0	653	tags=16%, list=5%, signal=17%	
MITOTIC METAPHASE CHROMOSOME ALIGNMENT%GOBP%GO:0007080	MITOTIC METAPHASE CHROMOSOME ALIGNMENT%GOBP%GO:0007080		49	0.35496193	1.1749461	0.21287128	0.5618454	1.0	1767	tags=20%, list=13%, signal=23%	
ACTIVATION OF BH3-ONLY PROTEINS%REACTOME%R-HSA-114452.5	ACTIVATION OF BH3-ONLY PROTEINS%REACTOME%R-HSA-114452.5		26	0.3977915	1.1740754	0.21710527	0.563485	1.0	3763	tags=38%, list=28%, signal=53%	
REGULATION OF MICROTUBULE CYTOSKELETON ORGANIZATION%GOBP%GO:0070507	REGULATION OF MICROTUBULE CYTOSKELETON ORGANIZATION%GOBP%GO:0070507		125	0.30053377	1.1740599	0.1505102	0.5629527	1.0	3274	tags=29%, list=24%, signal=38%	
NEPHRON TUBULE DEVELOPMENT%GOBP%GO:0072080	NEPHRON TUBULE DEVELOPMENT%GOBP%GO:0072080		20	0.4387984	1.1740373	0.25494507	0.5624475	1.0	1199	tags=30%, list=9%, signal=33%	
DETECTION OF MECHANICAL STIMULUS%GOBP%GO:0050982	DETECTION OF MECHANICAL STIMULUS%GOBP%GO:0050982		26	0.4115469	1.173323	0.22969837	0.56371266	1.0	1221	tags=23%, list=9%, signal=25%	
NEGATIVE REGULATION OF LYMPHOCYTE ACTIVATION%GOBP%GO:0051250	NEGATIVE REGULATION OF LYMPHOCYTE ACTIVATION%GOBP%GO:0051250		91	0.32119364	1.1728566	0.18181819	0.56436527	1.0	2189	tags=34%, list=16%, signal=40%	
INTERLEUKIN-4 AND INTERLEUKIN-13 SIGNALING%REACTOME%R-HSA-6785807.8	INTERLEUKIN-4 AND INTERLEUKIN-13 SIGNALING%REACTOME%R-HSA-6785807.8		83	0.3194543	1.1728259	0.18181819	0.5638656	1.0	1421	tags=22%, list=10%, signal=24%	
PEPTIDE METABOLIC PROCESS%GOBP%GO:0006518	PEPTIDE METABOLIC PROCESS%GOBP%GO:0006518		38	0.3706334	1.1727835	0.225058	0.56340814	1.0	2298	tags=32%, list=17%, signal=38%	
PRE-NOTCH TRANSCRIPTION AND TRANSLATION%REACTOME DATABASE ID RELEASE 93%1912408	PRE-NOTCH TRANSCRIPTION AND TRANSLATION%REACTOME DATABASE ID RELEASE 93%1912408		42	0.36290473	1.1725699	0.218894	0.5633836	1.0	1333	tags=17%, list=10%, signal=18%	
MICROTUBULE BUNDLE FORMATION%GOBP%GO:0001578	MICROTUBULE BUNDLE FORMATION%GOBP%GO:0001578		67	0.33184054	1.1725368	0.18181819	0.5629028	1.0	2647	tags=30%, list=20%, signal=37%	
NEGATIVE REGULATION OF CELL CYCLE PROCESS%GOBP%GO:0010948	NEGATIVE REGULATION OF CELL CYCLE PROCESS%GOBP%GO:0010948		195	0.28162202	1.1710527	0.11340206	0.56613135	1.0	1839	tags=16%, list=14%, signal=19%	
NEGATIVE REGULATION OF VASCULATURE DEVELOPMENT%GOBP%GO:1901343	NEGATIVE REGULATION OF VASCULATURE DEVELOPMENT%GOBP%GO:1901343		78	0.32541206	1.1708274	0.19117647	0.566166	1.0	681	tags=13%, list=5%, signal=13%	
CELL-MATRIX ADHESION%GOBP%GO:0007160	CELL-MATRIX ADHESION%GOBP%GO:0007160		93	0.31439793	1.170631	0.17380953	0.56612307	1.0	1889	tags=26%, list=14%, signal=30%	
RETINOID METABOLISM AND TRANSPORT%REACTOME%R-HSA-975634.4	RETINOID METABOLISM AND TRANSPORT%REACTOME%R-HSA-975634.4		28	0.39867163	1.1698343	0.21527778	0.56762695	1.0	2629	tags=46%, list=19%, signal=57%	
NEGATIVE REGULATION OF CELL CYCLE G1/S PHASE TRANSITION%GOBP%GO:1902807	NEGATIVE REGULATION OF CELL CYCLE G1/S PHASE TRANSITION%GOBP%GO:1902807		44	0.36170503	1.1690778	0.22807017	0.56902945	1.0	1199	tags=18%, list=9%, signal=20%	
GOLGI ORGANIZATION%GOBP%GO:0007030	GOLGI ORGANIZATION%GOBP%GO:0007030		106	0.3053013	1.168336	0.17054264	0.57038456	1.0	3551	tags=29%, list=26%, signal=39%	
POSITIVE REGULATION OF REPRODUCTIVE PROCESS%GOBP%GO:2000243	POSITIVE REGULATION OF REPRODUCTIVE PROCESS%GOBP%GO:2000243		27	0.3979766	1.1681752	0.25	0.5702504	1.0	955	tags=22%, list=7%, signal=24%	
FC-EPSILON RECEPTOR I SIGNALING IN MAST CELLS%PATHWAY INTERACTION DATABASE NCI-NATURE CURATED DATA%FC-EPSILON RECEPTOR I SIGNALING IN MAST CELLS	FC-EPSILON RECEPTOR I SIGNALING IN MAST CELLS%PATHWAY INTERACTION DATABASE NCI-NATURE CURATED DATA%FC-EPSILON RECEPTOR I SIGNALING IN MAST CELLS		59	0.34370255	1.1680719	0.2020202	0.5699559	1.0	1934	tags=25%, list=14%, signal=30%	
DNA BIOSYNTHETIC PROCESS%GOBP%GO:0071897	DNA BIOSYNTHETIC PROCESS%GOBP%GO:0071897		53	0.34843558	1.1666124	0.20096852	0.5732473	1.0	1150	tags=13%, list=8%, signal=14%	
NEGATIVE REGULATION OF PHOSPHORYLATION%GOBP%GO:0042326	NEGATIVE REGULATION OF PHOSPHORYLATION%GOBP%GO:0042326		99	0.30858442	1.1656436	0.17435898	0.57519317	1.0	1605	tags=20%, list=12%, signal=23%	
REGULATION OF CALCIUM ION-DEPENDENT EXOCYTOSIS%GOBP%GO:0017158	REGULATION OF CALCIUM ION-DEPENDENT EXOCYTOSIS%GOBP%GO:0017158		20	0.42749435	1.1655648	0.2735426	0.5748231	1.0	1375	tags=30%, list=10%, signal=33%	
REGULATION OF INSULIN SECRETION INVOLVED IN CELLULAR RESPONSE TO GLUCOSE STIMULUS%GOBP%GO:0061178	REGULATION OF INSULIN SECRETION INVOLVED IN CELLULAR RESPONSE TO GLUCOSE STIMULUS%GOBP%GO:0061178		19	0.4283566	1.1655605	0.26363635	0.5742681	1.0	2236	tags=32%, list=16%, signal=38%	
GENERATION OF SECOND MESSENGER MOLECULES%REACTOME DATABASE ID RELEASE 93%202433	GENERATION OF SECOND MESSENGER MOLECULES%REACTOME DATABASE ID RELEASE 93%202433		30	0.39738306	1.1654537	0.24728851	0.57397914	1.0	871	tags=27%, list=6%, signal=28%	
VESICLE CYTOSKELETAL TRAFFICKING%GOBP%GO:0099518	VESICLE CYTOSKELETAL TRAFFICKING%GOBP%GO:0099518		41	0.3680957	1.1654384	0.23863636	0.5734497	1.0	4277	tags=49%, list=32%, signal=71%	
CENTRAL NERVOUS SYSTEM NEURON DIFFERENTIATION%GOBP%GO:0021953	CENTRAL NERVOUS SYSTEM NEURON DIFFERENTIATION%GOBP%GO:0021953		64	0.3387511	1.1652472	0.21190476	0.5734008	1.0	1622	tags=30%, list=12%, signal=34%	
BIOCARTA_IL6_PATHWAY%MSIGDB_C2%BIOCARTA_IL6_PATHWAY	BIOCARTA_IL6_PATHWAY%MSIGDB_C2%BIOCARTA_IL6_PATHWAY		18	0.4356699	1.1651223	0.2701525	0.57318604	1.0	1552	tags=28%, list=11%, signal=31%	
STEM CELL DIFFERENTIATION%GOBP%GO:0048863	STEM CELL DIFFERENTIATION%GOBP%GO:0048863		82	0.32600117	1.1650915	0.19612591	0.5726977	1.0	1332	tags=20%, list=10%, signal=22%	
COPI-MEDIATED ANTEROGRADE TRANSPORT%REACTOME%R-HSA-6807878.2	COPI-MEDIATED ANTEROGRADE TRANSPORT%REACTOME%R-HSA-6807878.2		79	0.3159276	1.1649597	0.1923077	0.57249635	1.0	4539	tags=53%, list=33%, signal=79%	
PID_PRL_SIGNALING_EVENTS_PATHWAY%MSIGDB_C2%PID_PRL_SIGNALING_EVENTS_PATHWAY	PID_PRL_SIGNALING_EVENTS_PATHWAY%MSIGDB_C2%PID_PRL_SIGNALING_EVENTS_PATHWAY		19	0.45062524	1.1645238	0.2542735	0.5731229	1.0	1549	tags=26%, list=11%, signal=30%	
AORTIC VALVE MORPHOGENESIS%GOBP%GO:0003180	AORTIC VALVE MORPHOGENESIS%GOBP%GO:0003180		33	0.3873507	1.1641812	0.25339368	0.57342094	1.0	1599	tags=30%, list=12%, signal=34%	
GLUTAMATE NEUROTRANSMITTER RELEASE CYCLE%REACTOME DATABASE ID RELEASE 93%210500	GLUTAMATE NEUROTRANSMITTER RELEASE CYCLE%REACTOME DATABASE ID RELEASE 93%210500		16	0.4437505	1.1640922	0.26778242	0.573061	1.0	3001	tags=63%, list=22%, signal=80%	
REGULATION OF FAT CELL DIFFERENTIATION%GOBP%GO:0045598	REGULATION OF FAT CELL DIFFERENTIATION%GOBP%GO:0045598		86	0.3159914	1.163052	0.17585301	0.5751874	1.0	1300	tags=17%, list=10%, signal=19%	
COPII-COATED VESICLE CARGO LOADING%GOBP%GO:0090110	COPII-COATED VESICLE CARGO LOADING%GOBP%GO:0090110		17	0.4481657	1.1626875	0.24724062	0.5755977	1.0	4616	tags=65%, list=34%, signal=98%	
GLAND DEVELOPMENT%GOBP%GO:0048732	GLAND DEVELOPMENT%GOBP%GO:0048732		83	0.32133606	1.1624662	0.19285715	0.57559633	1.0	1316	tags=23%, list=10%, signal=25%	
PROTEIN TETRAMERIZATION%GOBP%GO:0051262	PROTEIN TETRAMERIZATION%GOBP%GO:0051262		67	0.33245462	1.1624548	0.16076294	0.57505685	1.0	1827	tags=27%, list=13%, signal=31%	
OXYSTEROLS DERIVED FROM CHOLESTEROL%WIKIPATHWAYS_20250810%WP4545%HOMO SAPIENS	OXYSTEROLS DERIVED FROM CHOLESTEROL%WIKIPATHWAYS_20250810%WP4545%HOMO SAPIENS		28	0.39207315	1.1620317	0.24498886	0.5755989	1.0	1040	tags=32%, list=8%, signal=35%	
MOLTING CYCLE PROCESS%GOBP%GO:0022404	MOLTING CYCLE PROCESS%GOBP%GO:0022404		15	0.46276397	1.1616598	0.26966292	0.57597554	1.0	2144	tags=33%, list=16%, signal=40%	
REGULATION OF INTEGRIN ACTIVATION%GOBP%GO:0033623	REGULATION OF INTEGRIN ACTIVATION%GOBP%GO:0033623		15	0.45035046	1.1615286	0.275	0.5757192	1.0	1308	tags=20%, list=10%, signal=22%	
ER TO GOLGI ANTEROGRADE TRANSPORT%REACTOME DATABASE ID RELEASE 93%199977	ER TO GOLGI ANTEROGRADE TRANSPORT%REACTOME DATABASE ID RELEASE 93%199977		129	0.29358113	1.1610254	0.1462766	0.5764683	1.0	3572	tags=34%, list=26%, signal=46%	
SMAD PROTEIN SIGNAL TRANSDUCTION%GOBP%GO:0060395	SMAD PROTEIN SIGNAL TRANSDUCTION%GOBP%GO:0060395		16	0.43783876	1.1604265	0.2747253	0.5774984	1.0	1003	tags=19%, list=7%, signal=20%	
REGULATION OF PROTEIN LOCALIZATION TO MEMBRANE%GOBP%GO:1905475	REGULATION OF PROTEIN LOCALIZATION TO MEMBRANE%GOBP%GO:1905475		109	0.30239066	1.159979	0.19733334	0.57811207	1.0	3310	tags=34%, list=24%, signal=45%	
POSTREPLICATION REPAIR%GOBP%GO:0006301	POSTREPLICATION REPAIR%GOBP%GO:0006301		30	0.37623036	1.1587378	0.23943663	0.5808855	1.0	1150	tags=13%, list=8%, signal=15%	
CYTOKINESIS%GOBP%GO:0000910	CYTOKINESIS%GOBP%GO:0000910		96	0.31039935	1.1586386	0.17005076	0.58057344	1.0	1828	tags=22%, list=13%, signal=25%	
KIDNEY MORPHOGENESIS%GOBP%GO:0060993	KIDNEY MORPHOGENESIS%GOBP%GO:0060993		24	0.41058293	1.1586301	0.26636568	0.580039	1.0	1199	tags=29%, list=9%, signal=32%	
PID_SYNDECAN_4_PATHWAY%MSIGDB_C2%PID_SYNDECAN_4_PATHWAY	PID_SYNDECAN_4_PATHWAY%MSIGDB_C2%PID_SYNDECAN_4_PATHWAY		21	0.4128469	1.1576357	0.2628205	0.5820639	1.0	2136	tags=33%, list=16%, signal=40%	
MATRIX METALLOPROTEINASES%WIKIPATHWAYS_20250810%WP129%HOMO SAPIENS	MATRIX METALLOPROTEINASES%WIKIPATHWAYS_20250810%WP129%HOMO SAPIENS		19	0.42599314	1.1575142	0.28074247	0.5817987	1.0	2290	tags=47%, list=17%, signal=57%	
MITOTIC SISTER CHROMATID COHESION%GOBP%GO:0007064	MITOTIC SISTER CHROMATID COHESION%GOBP%GO:0007064		20	0.42956993	1.1571306	0.27578476	0.582288	1.0	1284	tags=15%, list=9%, signal=17%	
CARGO CONCENTRATION IN THE ER%REACTOME%R-HSA-5694530.3	CARGO CONCENTRATION IN THE ER%REACTOME%R-HSA-5694530.3		28	0.3873165	1.1563232	0.25454545	0.5838464	1.0	2866	tags=36%, list=21%, signal=45%	
PRESYNAPSE ORGANIZATION%GOBP%GO:0099172	PRESYNAPSE ORGANIZATION%GOBP%GO:0099172		17	0.44712406	1.1561488	0.280543	0.58372974	1.0	2556	tags=47%, list=19%, signal=58%	
NEGATIVE REGULATION OF EPIDERMAL GROWTH FACTOR RECEPTOR SIGNALING PATHWAY%GOBP%GO:0042059	NEGATIVE REGULATION OF EPIDERMAL GROWTH FACTOR RECEPTOR SIGNALING PATHWAY%GOBP%GO:0042059		23	0.41278842	1.1546253	0.25442478	0.58722866	1.0	2724	tags=39%, list=20%, signal=49%	
HAIR CYCLE%GOBP%GO:0042633	HAIR CYCLE%GOBP%GO:0042633		15	0.46276397	1.1546222	0.28874734	0.5866683	1.0	2144	tags=33%, list=16%, signal=40%	
COPI-DEPENDENT GOLGI-TO-ER RETROGRADE TRAFFIC%REACTOME DATABASE ID RELEASE 93%6811434	COPI-DEPENDENT GOLGI-TO-ER RETROGRADE TRAFFIC%REACTOME DATABASE ID RELEASE 93%6811434		70	0.32335293	1.1544219	0.19951338	0.586631	1.0	4381	tags=50%, list=32%, signal=74%	
POSITIVE REGULATION OF VASCULATURE DEVELOPMENT%GOBP%GO:1904018	POSITIVE REGULATION OF VASCULATURE DEVELOPMENT%GOBP%GO:1904018		109	0.3015555	1.1542788	0.17827298	0.58642375	1.0	1534	tags=25%, list=11%, signal=28%	
REGULATION OF MIRNA TRANSCRIPTION%GOBP%GO:1902893	REGULATION OF MIRNA TRANSCRIPTION%GOBP%GO:1902893		57	0.33619174	1.15413	0.22535211	0.58623224	1.0	320	tags=11%, list=2%, signal=11%	
PROTEIN HOMOOLIGOMERIZATION%GOBP%GO:0051260	PROTEIN HOMOOLIGOMERIZATION%GOBP%GO:0051260		109	0.3040223	1.1540306	0.18181819	0.58588916	1.0	1778	tags=23%, list=13%, signal=26%	
PROTEIN LOCALIZATION TO EXTRACELLULAR REGION%GOBP%GO:0071692	PROTEIN LOCALIZATION TO EXTRACELLULAR REGION%GOBP%GO:0071692		54	0.33907697	1.1540011	0.23113208	0.58540225	1.0	2603	tags=35%, list=19%, signal=43%	
NEGATIVE REGULATION OF BLOOD VESSEL MORPHOGENESIS%GOBP%GO:2000181	NEGATIVE REGULATION OF BLOOD VESSEL MORPHOGENESIS%GOBP%GO:2000181		77	0.3264168	1.1529624	0.21212122	0.58755404	1.0	681	tags=13%, list=5%, signal=14%	
NEGATIVE REGULATION OF FERROPTOSIS%GOBP%GO:0110076	NEGATIVE REGULATION OF FERROPTOSIS%GOBP%GO:0110076		16	0.44201976	1.152906	0.28884026	0.58715147	1.0	2861	tags=50%, list=21%, signal=63%	
INORGANIC ION IMPORT ACROSS PLASMA MEMBRANE%GOBP%GO:0099587	INORGANIC ION IMPORT ACROSS PLASMA MEMBRANE%GOBP%GO:0099587		51	0.33927384	1.1526963	0.22535211	0.5870933	1.0	2598	tags=39%, list=19%, signal=48%	
REGULATION OF CHEMOKINE PRODUCTION%GOBP%GO:0032642	REGULATION OF CHEMOKINE PRODUCTION%GOBP%GO:0032642		58	0.3399699	1.1521804	0.21545668	0.58787996	1.0	1542	tags=33%, list=11%, signal=37%	
RENAL TUBULE DEVELOPMENT%GOBP%GO:0061326	RENAL TUBULE DEVELOPMENT%GOBP%GO:0061326		22	0.41237757	1.1519771	0.2639485	0.5878847	1.0	1199	tags=27%, list=9%, signal=30%	
COPII-MEDIATED VESICLE TRANSPORT%REACTOME DATABASE ID RELEASE 93%204005	COPII-MEDIATED VESICLE TRANSPORT%REACTOME DATABASE ID RELEASE 93%204005		64	0.3282892	1.1504387	0.21144278	0.59142435	1.0	3187	tags=31%, list=24%, signal=41%	
REGULATION OF NUCLEAR SMAD2 3 SIGNALING%PATHWAY INTERACTION DATABASE NCI-NATURE CURATED DATA%REGULATION OF NUCLEAR SMAD2 3 SIGNALING	REGULATION OF NUCLEAR SMAD2 3 SIGNALING%PATHWAY INTERACTION DATABASE NCI-NATURE CURATED DATA%REGULATION OF NUCLEAR SMAD2 3 SIGNALING		74	0.31843457	1.1497184	0.19144145	0.592765	1.0	3390	tags=34%, list=25%, signal=45%	
EAR MORPHOGENESIS%GOBP%GO:0042471	EAR MORPHOGENESIS%GOBP%GO:0042471		27	0.39925656	1.1492784	0.26751593	0.59335613	1.0	863	tags=19%, list=6%, signal=20%	
VESICLE-MEDIATED TRANSPORT BETWEEN ENDOSOMAL COMPARTMENTS%GOBP%GO:0098927	VESICLE-MEDIATED TRANSPORT BETWEEN ENDOSOMAL COMPARTMENTS%GOBP%GO:0098927		26	0.39713767	1.1489748	0.26984128	0.5935938	1.0	3115	tags=35%, list=23%, signal=45%	
INTRACILIARY ANTEROGRADE TRANSPORT%GOBP%GO:0035720	INTRACILIARY ANTEROGRADE TRANSPORT%GOBP%GO:0035720		18	0.43796217	1.1489239	0.2781457	0.5931742	1.0	5019	tags=61%, list=37%, signal=97%	
CANONICAL AND NON CANONICAL NOTCH SIGNALING%WIKIPATHWAYS_20250810%WP3845%HOMO SAPIENS	CANONICAL AND NON CANONICAL NOTCH SIGNALING%WIKIPATHWAYS_20250810%WP3845%HOMO SAPIENS		19	0.4235056	1.1485902	0.26695842	0.59350675	1.0	1785	tags=32%, list=13%, signal=36%	
ATM SIGNALING%WIKIPATHWAYS_20250810%WP2516%HOMO SAPIENS	ATM SIGNALING%WIKIPATHWAYS_20250810%WP2516%HOMO SAPIENS		28	0.38469627	1.1485448	0.2555066	0.59305716	1.0	1003	tags=18%, list=7%, signal=19%	
POSITIVE REGULATION OF PATTERN RECOGNITION RECEPTOR SIGNALING PATHWAY%GOBP%GO:0062208	POSITIVE REGULATION OF PATTERN RECOGNITION RECEPTOR SIGNALING PATHWAY%GOBP%GO:0062208		69	0.32628998	1.1482387	0.21615201	0.5933185	1.0	1211	tags=17%, list=9%, signal=19%	
POSTSYNAPTIC SIGNAL TRANSDUCTION%GOBP%GO:0098926	POSTSYNAPTIC SIGNAL TRANSDUCTION%GOBP%GO:0098926		18	0.4298102	1.1481599	0.26595744	0.59296995	1.0	2093	tags=33%, list=15%, signal=39%	
GLYCEROPHOSPHOLIPID CATABOLIC PROCESS%GOBP%GO:0046475	GLYCEROPHOSPHOLIPID CATABOLIC PROCESS%GOBP%GO:0046475		21	0.41178048	1.1473762	0.27314815	0.5944594	1.0	1267	tags=29%, list=9%, signal=31%	
HEDGEHOG SIGNALING EVENTS MEDIATED BY GLI PROTEINS%PATHWAY INTERACTION DATABASE NCI-NATURE CURATED DATA%HEDGEHOG SIGNALING EVENTS MEDIATED BY GLI PROTEINS	HEDGEHOG SIGNALING EVENTS MEDIATED BY GLI PROTEINS%PATHWAY INTERACTION DATABASE NCI-NATURE CURATED DATA%HEDGEHOG SIGNALING EVENTS MEDIATED BY GLI PROTEINS		46	0.36267173	1.1472851	0.239899	0.5941439	1.0	3828	tags=35%, list=28%, signal=48%	
INTRACELLULAR IRON ION HOMEOSTASIS%GOBP%GO:0006879	INTRACELLULAR IRON ION HOMEOSTASIS%GOBP%GO:0006879		54	0.3388945	1.1472497	0.21144278	0.59366655	1.0	1465	tags=20%, list=11%, signal=23%	
SIGNAL RELEASE%GOBP%GO:0023061	SIGNAL RELEASE%GOBP%GO:0023061		77	0.31814334	1.1470921	0.20782396	0.593536	1.0	1542	tags=18%, list=11%, signal=20%	
REGULATION OF FIBROBLAST MIGRATION%GOBP%GO:0010762	REGULATION OF FIBROBLAST MIGRATION%GOBP%GO:0010762		19	0.42368257	1.1467316	0.28125	0.5939636	1.0	3680	tags=53%, list=27%, signal=72%	
NOTCH3 INTRACELLULAR DOMAIN REGULATES TRANSCRIPTION%REACTOME%R-HSA-9013508.2	NOTCH3 INTRACELLULAR DOMAIN REGULATES TRANSCRIPTION%REACTOME%R-HSA-9013508.2		21	0.41093603	1.146673	0.268018	0.59355336	1.0	1168	tags=24%, list=9%, signal=26%	
REGULATION OF WNT B CATENIN SIGNALING BY SMALL MOLECULE COMPOUNDS%WIKIPATHWAYS_20250810%WP3664%HOMO SAPIENS	REGULATION OF WNT B CATENIN SIGNALING BY SMALL MOLECULE COMPOUNDS%WIKIPATHWAYS_20250810%WP3664%HOMO SAPIENS		15	0.44992855	1.1466457	0.28965518	0.59307665	1.0	1520	tags=27%, list=11%, signal=30%	
MUSCLE CELL DIFFERENTIATION%GOBP%GO:0042692	MUSCLE CELL DIFFERENTIATION%GOBP%GO:0042692		123	0.2938522	1.1452122	0.18610422	0.5963818	1.0	1240	tags=20%, list=9%, signal=21%	
POSITIVE REGULATION OF INFLAMMASOME-MEDIATED SIGNALING PATHWAY%GOBP%GO:0141087	POSITIVE REGULATION OF INFLAMMASOME-MEDIATED SIGNALING PATHWAY%GOBP%GO:0141087		27	0.38749135	1.1451516	0.25829384	0.5959884	1.0	1211	tags=19%, list=9%, signal=20%	
MICROTUBULE ORGANIZING CENTER LOCALIZATION%GOBP%GO:0061842	MICROTUBULE ORGANIZING CENTER LOCALIZATION%GOBP%GO:0061842		17	0.43905747	1.1441668	0.27209303	0.5980526	1.0	1711	tags=24%, list=13%, signal=27%	
NEGATIVE REGULATION OF HIPPO SIGNALING%GOBP%GO:0035331	NEGATIVE REGULATION OF HIPPO SIGNALING%GOBP%GO:0035331		24	0.40415052	1.14364	0.259009	0.59883535	1.0	688	tags=13%, list=5%, signal=13%	
HEART VALVE MORPHOGENESIS%GOBP%GO:0003179	HEART VALVE MORPHOGENESIS%GOBP%GO:0003179		47	0.34959137	1.143593	0.2451923	0.59839654	1.0	1259	tags=23%, list=9%, signal=26%	
HINDBRAIN DEVELOPMENT%GOBP%GO:0030902	HINDBRAIN DEVELOPMENT%GOBP%GO:0030902		29	0.37992734	1.1433135	0.26914153	0.59852886	1.0	1286	tags=24%, list=9%, signal=27%	
TGF_BETA_RECEPTOR%IOB%TGF_BETA_RECEPTOR	TGF_BETA_RECEPTOR%IOB%TGF_BETA_RECEPTOR		121	0.2990066	1.1432939	0.18939394	0.59802365	1.0	3499	tags=31%, list=26%, signal=41%	
CENTROSOME LOCALIZATION%GOBP%GO:0051642	CENTROSOME LOCALIZATION%GOBP%GO:0051642		17	0.43905747	1.1421453	0.29025424	0.60045135	1.0	1711	tags=24%, list=13%, signal=27%	
G2/M TRANSITION OF MITOTIC CELL CYCLE%GOBP%GO:0000086	G2/M TRANSITION OF MITOTIC CELL CYCLE%GOBP%GO:0000086		33	0.3726916	1.1420072	0.25603864	0.6002714	1.0	2842	tags=30%, list=21%, signal=38%	
HALLMARK_KRAS_SIGNALING_UP%MSIGDBHALLMARK%HALLMARK_KRAS_SIGNALING_UP	HALLMARK_KRAS_SIGNALING_UP%MSIGDBHALLMARK%HALLMARK_KRAS_SIGNALING_UP		133	0.2929186	1.1419703	0.18181819	0.5998083	1.0	1587	tags=25%, list=12%, signal=28%	
COLLAGEN CATABOLIC PROCESS%GOBP%GO:0030574	COLLAGEN CATABOLIC PROCESS%GOBP%GO:0030574		23	0.39881557	1.1417899	0.27192983	0.5997274	1.0	2290	tags=48%, list=17%, signal=57%	
POSITIVE REGULATION OF MONOCYTE CHEMOTAXIS%GOBP%GO:0090026	POSITIVE REGULATION OF MONOCYTE CHEMOTAXIS%GOBP%GO:0090026		15	0.44637084	1.141708	0.3017621	0.59937966	1.0	677	tags=33%, list=5%, signal=35%	
POSITIVE REGULATION OF TUMOR NECROSIS FACTOR SUPERFAMILY CYTOKINE PRODUCTION%GOBP%GO:1903557	POSITIVE REGULATION OF TUMOR NECROSIS FACTOR SUPERFAMILY CYTOKINE PRODUCTION%GOBP%GO:1903557		78	0.32443526	1.1414963	0.22432433	0.59941304	1.0	1055	tags=21%, list=8%, signal=22%	
CELLULAR RESPONSE TO MISFOLDED PROTEIN%GOBP%GO:0071218	CELLULAR RESPONSE TO MISFOLDED PROTEIN%GOBP%GO:0071218		16	0.44717345	1.1413165	0.28918323	0.59930784	1.0	4631	tags=56%, list=34%, signal=85%	
GASTRIN SIGNALING%WIKIPATHWAYS_20250810%WP4659%HOMO SAPIENS	GASTRIN SIGNALING%WIKIPATHWAYS_20250810%WP4659%HOMO SAPIENS		91	0.3094095	1.1410455	0.20460358	0.5994289	1.0	1003	tags=13%, list=7%, signal=14%	
HAIR CYCLE PROCESS%GOBP%GO:0022405	HAIR CYCLE PROCESS%GOBP%GO:0022405		15	0.46276397	1.1405916	0.30172414	0.6000281	1.0	2144	tags=33%, list=16%, signal=40%	
REGULATION OF TYPE II INTERFERON PRODUCTION%GOBP%GO:0032649	REGULATION OF TYPE II INTERFERON PRODUCTION%GOBP%GO:0032649		64	0.3367061	1.1405119	0.2535211	0.5996878	1.0	1236	tags=28%, list=9%, signal=31%	
RND3 GTPASE CYCLE%REACTOME DATABASE ID RELEASE 93%9696264	RND3 GTPASE CYCLE%REACTOME DATABASE ID RELEASE 93%9696264		37	0.36584932	1.1398956	0.26436782	0.60074705	1.0	3979	tags=49%, list=29%, signal=69%	
PROTEIN LOCALIZATION TO CHROMOSOME, CENTROMERIC REGION%GOBP%GO:0071459	PROTEIN LOCALIZATION TO CHROMOSOME, CENTROMERIC REGION%GOBP%GO:0071459		15	0.45978126	1.1396543	0.26785713	0.60085374	1.0	624	tags=13%, list=5%, signal=14%	
ION HOMEOSTASIS%REACTOME DATABASE ID RELEASE 93%5578775	ION HOMEOSTASIS%REACTOME DATABASE ID RELEASE 93%5578775		38	0.35885558	1.139312	0.26378897	0.6012302	1.0	1279	tags=16%, list=9%, signal=17%	
C-MYB TRANSCRIPTION FACTOR NETWORK%PATHWAY INTERACTION DATABASE NCI-NATURE CURATED DATA%C-MYB TRANSCRIPTION FACTOR NETWORK	C-MYB TRANSCRIPTION FACTOR NETWORK%PATHWAY INTERACTION DATABASE NCI-NATURE CURATED DATA%C-MYB TRANSCRIPTION FACTOR NETWORK		70	0.32366008	1.1388093	0.21621622	0.60198647	1.0	1352	tags=20%, list=10%, signal=22%	
NEGATIVE REGULATION OF NEURON APOPTOTIC PROCESS%GOBP%GO:0043524	NEGATIVE REGULATION OF NEURON APOPTOTIC PROCESS%GOBP%GO:0043524		61	0.3285795	1.1387768	0.23114355	0.6015202	1.0	1457	tags=20%, list=11%, signal=22%	
NEGATIVE REGULATION OF OXIDATIVE STRESS-INDUCED INTRINSIC APOPTOTIC SIGNALING PATHWAY%GOBP%GO:1902176	NEGATIVE REGULATION OF OXIDATIVE STRESS-INDUCED INTRINSIC APOPTOTIC SIGNALING PATHWAY%GOBP%GO:1902176		21	0.41158897	1.1384506	0.2820513	0.60183036	1.0	3200	tags=48%, list=24%, signal=62%	
REGULATION OF AXONOGENESIS%GOBP%GO:0050770	REGULATION OF AXONOGENESIS%GOBP%GO:0050770		64	0.32253754	1.1383266	0.23155217	0.60158324	1.0	1283	tags=23%, list=9%, signal=26%	
REGULATION OF ALPHA-BETA T CELL DIFFERENTIATION%GOBP%GO:0046637	REGULATION OF ALPHA-BETA T CELL DIFFERENTIATION%GOBP%GO:0046637		48	0.34476578	1.1378503	0.23684211	0.6023286	1.0	1576	tags=27%, list=12%, signal=31%	
SEMA3A PAK DEPENDENT AXON REPULSION%REACTOME%R-HSA-399954.4	SEMA3A PAK DEPENDENT AXON REPULSION%REACTOME%R-HSA-399954.4		16	0.44594035	1.1372616	0.29185522	0.60335517	1.0	3374	tags=50%, list=25%, signal=66%	
GLYCOSYLATION AND RELATED CONGENITAL DEFECTS%WIKIPATHWAYS_20250810%WP4521%HOMO SAPIENS	GLYCOSYLATION AND RELATED CONGENITAL DEFECTS%WIKIPATHWAYS_20250810%WP4521%HOMO SAPIENS		22	0.3963411	1.1368555	0.2731183	0.603906	1.0	5226	tags=82%, list=39%, signal=133%	
NEUROMUSCULAR JUNCTION DEVELOPMENT%GOBP%GO:0007528	NEUROMUSCULAR JUNCTION DEVELOPMENT%GOBP%GO:0007528		19	0.4155913	1.1366132	0.28139535	0.6040214	1.0	753	tags=21%, list=6%, signal=22%	
BIOCARTA_PDGF_PATHWAY%MSIGDB_C2%BIOCARTA_PDGF_PATHWAY	BIOCARTA_PDGF_PATHWAY%MSIGDB_C2%BIOCARTA_PDGF_PATHWAY		23	0.4029436	1.1361828	0.2886836	0.60458493	1.0	1552	tags=22%, list=11%, signal=25%	
POTASSIUM ION TRANSMEMBRANE TRANSPORT%GOBP%GO:0071805	POTASSIUM ION TRANSMEMBRANE TRANSPORT%GOBP%GO:0071805		69	0.3191584	1.1361618	0.21615201	0.60409474	1.0	1247	tags=26%, list=9%, signal=29%	
INNER EAR MORPHOGENESIS%GOBP%GO:0042472	INNER EAR MORPHOGENESIS%GOBP%GO:0042472		22	0.40921938	1.1355287	0.28070176	0.60519534	1.0	863	tags=18%, list=6%, signal=19%	
BARDET BIEDL SYNDROME%WIKIPATHWAYS_20250810%WP5234%HOMO SAPIENS	BARDET BIEDL SYNDROME%WIKIPATHWAYS_20250810%WP5234%HOMO SAPIENS		68	0.32179555	1.1342502	0.22248805	0.6080395	1.0	4154	tags=44%, list=31%, signal=63%	
TRANSPORT OF BILE SALTS AND ORGANIC ACIDS, METAL IONS AND AMINE COMPOUNDS%REACTOME%R-HSA-425366.5	TRANSPORT OF BILE SALTS AND ORGANIC ACIDS, METAL IONS AND AMINE COMPOUNDS%REACTOME%R-HSA-425366.5		49	0.33908358	1.1342115	0.25609756	0.6075873	1.0	2934	tags=39%, list=22%, signal=49%	
ABERRANT REGULATION OF MITOTIC G1 S TRANSITION IN CANCER DUE TO RB1 DEFECTS%REACTOME DATABASE ID RELEASE 93%9659787	ABERRANT REGULATION OF MITOTIC G1 S TRANSITION IN CANCER DUE TO RB1 DEFECTS%REACTOME DATABASE ID RELEASE 93%9659787		17	0.42140737	1.1339611	0.2908705	0.6076782	1.0	1587	tags=24%, list=12%, signal=27%	
REGULATION OF CELLULAR COMPONENT SIZE%GOBP%GO:0032535	REGULATION OF CELLULAR COMPONENT SIZE%GOBP%GO:0032535		182	0.27625838	1.1334932	0.16578947	0.6083602	1.0	2367	tags=25%, list=17%, signal=30%	
NONGENOTROPIC ANDROGEN SIGNALING%PATHWAY INTERACTION DATABASE NCI-NATURE CURATED DATA%NONGENOTROPIC ANDROGEN SIGNALING	NONGENOTROPIC ANDROGEN SIGNALING%PATHWAY INTERACTION DATABASE NCI-NATURE CURATED DATA%NONGENOTROPIC ANDROGEN SIGNALING		30	0.37772036	1.1331652	0.2731377	0.6086665	1.0	757	tags=10%, list=6%, signal=11%	
REGULATION OF POTASSIUM ION TRANSPORT%GOBP%GO:0043266	REGULATION OF POTASSIUM ION TRANSPORT%GOBP%GO:0043266		42	0.35750726	1.1327502	0.25485438	0.6092459	1.0	1375	tags=24%, list=10%, signal=26%	
SPHINGOLIPID METABOLISM%REACTOME DATABASE ID RELEASE 93%428157	SPHINGOLIPID METABOLISM%REACTOME DATABASE ID RELEASE 93%428157		79	0.311416	1.1327125	0.22115384	0.60879177	1.0	3490	tags=41%, list=26%, signal=54%	
REGULATION OF G2/M TRANSITION OF MITOTIC CELL CYCLE%GOBP%GO:0010389	REGULATION OF G2/M TRANSITION OF MITOTIC CELL CYCLE%GOBP%GO:0010389		76	0.31964406	1.1325766	0.23152709	0.60859334	1.0	1839	tags=20%, list=14%, signal=23%	
REGULATION OF MONONUCLEAR CELL MIGRATION%GOBP%GO:0071675	REGULATION OF MONONUCLEAR CELL MIGRATION%GOBP%GO:0071675		97	0.30913305	1.1323601	0.22081219	0.60861796	1.0	1542	tags=26%, list=11%, signal=29%	
TRAIL%IOB%TRAIL	TRAIL%IOB%TRAIL		42	0.35203862	1.1315367	0.26715687	0.6101898	1.0	773	tags=10%, list=6%, signal=10%	
CHONDROCYTE DIFFERENTIATION%GOBP%GO:0002062	CHONDROCYTE DIFFERENTIATION%GOBP%GO:0002062		27	0.39080718	1.1314203	0.28082192	0.60996723	1.0	1756	tags=26%, list=13%, signal=30%	
IMPORT ACROSS PLASMA MEMBRANE%GOBP%GO:0098739	IMPORT ACROSS PLASMA MEMBRANE%GOBP%GO:0098739		91	0.30354705	1.131394	0.22029702	0.60949224	1.0	2598	tags=33%, list=19%, signal=41%	
REGULATION OF CELL-SUBSTRATE ADHESION%GOBP%GO:0010810	REGULATION OF CELL-SUBSTRATE ADHESION%GOBP%GO:0010810		147	0.28607574	1.1307625	0.2029703	0.6106265	1.0	3068	tags=36%, list=23%, signal=46%	
NEGATIVE REGULATION OF T CELL RECEPTOR SIGNALING PATHWAY%GOBP%GO:0050860	NEGATIVE REGULATION OF T CELL RECEPTOR SIGNALING PATHWAY%GOBP%GO:0050860		32	0.3694738	1.1302342	0.27074236	0.61142856	1.0	2162	tags=34%, list=16%, signal=41%	
SPINAL CORD INJURY%WIKIPATHWAYS_20250810%WP2431%HOMO SAPIENS	SPINAL CORD INJURY%WIKIPATHWAYS_20250810%WP2431%HOMO SAPIENS		80	0.31630996	1.1300647	0.24578314	0.6113245	1.0	1227	tags=19%, list=9%, signal=20%	
INORGANIC CATION IMPORT ACROSS PLASMA MEMBRANE%GOBP%GO:0098659	INORGANIC CATION IMPORT ACROSS PLASMA MEMBRANE%GOBP%GO:0098659		51	0.33927384	1.129482	0.25178146	0.61232203	1.0	2598	tags=39%, list=19%, signal=48%	
CELLULAR RESPONSE TO CORTICOSTEROID STIMULUS%GOBP%GO:0071384	CELLULAR RESPONSE TO CORTICOSTEROID STIMULUS%GOBP%GO:0071384		20	0.41360083	1.1293331	0.28074247	0.6121649	1.0	1402	tags=30%, list=10%, signal=33%	
CYTOSKELETON-DEPENDENT CYTOKINESIS%GOBP%GO:0061640	CYTOSKELETON-DEPENDENT CYTOKINESIS%GOBP%GO:0061640		94	0.30431694	1.1291118	0.21994884	0.61216336	1.0	1828	tags=21%, list=13%, signal=24%	
POSITIVE REGULATION OF CANONICAL WNT SIGNALING PATHWAY%GOBP%GO:0090263	POSITIVE REGULATION OF CANONICAL WNT SIGNALING PATHWAY%GOBP%GO:0090263		74	0.31827295	1.1282697	0.21890548	0.6139053	1.0	1241	tags=14%, list=9%, signal=15%	
REGULATION OF CHONDROCYTE DIFFERENTIATION%GOBP%GO:0032330	REGULATION OF CHONDROCYTE DIFFERENTIATION%GOBP%GO:0032330		25	0.3947301	1.1282647	0.27951807	0.6133663	1.0	1874	tags=28%, list=14%, signal=32%	
SPROUTING ANGIOGENESIS%GOBP%GO:0002040	SPROUTING ANGIOGENESIS%GOBP%GO:0002040		47	0.34283695	1.1273322	0.29135802	0.61519873	1.0	1057	tags=21%, list=8%, signal=23%	
RESPONSE TO ZINC ION%GOBP%GO:0010043	RESPONSE TO ZINC ION%GOBP%GO:0010043		17	0.4242826	1.1271435	0.30155212	0.6151941	1.0	2568	tags=35%, list=19%, signal=43%	
POSITIVE REGULATION OF CELL CYCLE G2/M PHASE TRANSITION%GOBP%GO:1902751	POSITIVE REGULATION OF CELL CYCLE G2/M PHASE TRANSITION%GOBP%GO:1902751		21	0.4051123	1.1271349	0.31090486	0.6146637	1.0	1545	tags=33%, list=11%, signal=38%	
REGULATION OF ENDOTHELIAL CELL CHEMOTAXIS%GOBP%GO:2001026	REGULATION OF ENDOTHELIAL CELL CHEMOTAXIS%GOBP%GO:2001026		17	0.4317222	1.1270642	0.30532786	0.6142864	1.0	1173	tags=35%, list=9%, signal=39%	
REGULATION OF SMOOTH MUSCLE CELL PROLIFERATION%GOBP%GO:0048660	REGULATION OF SMOOTH MUSCLE CELL PROLIFERATION%GOBP%GO:0048660		72	0.31279844	1.1269732	0.2406542	0.61397195	1.0	1495	tags=24%, list=11%, signal=26%	
SYNAPTIC VESICLE PATHWAY%WIKIPATHWAYS_20250810%WP2267%HOMO SAPIENS	SYNAPTIC VESICLE PATHWAY%WIKIPATHWAYS_20250810%WP2267%HOMO SAPIENS		27	0.3981408	1.1269432	0.28755364	0.6135074	1.0	549	tags=11%, list=4%, signal=12%	
CELL DIVISION%GOBP%GO:0051301	CELL DIVISION%GOBP%GO:0051301		136	0.28858018	1.1268506	0.19338423	0.61318827	1.0	3278	tags=33%, list=24%, signal=43%	
PID_FGF_PATHWAY%MSIGDB_C2%PID_FGF_PATHWAY	PID_FGF_PATHWAY%MSIGDB_C2%PID_FGF_PATHWAY		36	0.35884592	1.1268276	0.27964205	0.61269426	1.0	2220	tags=31%, list=16%, signal=36%	
AMPK REGULATION OF MAMMARY MILK PROTEIN SYNTHESIS%WIKIPATHWAYS_20250810%WP5492%HOMO SAPIENS	AMPK REGULATION OF MAMMARY MILK PROTEIN SYNTHESIS%WIKIPATHWAYS_20250810%WP5492%HOMO SAPIENS		17	0.43492308	1.1267264	0.27593362	0.6124174	1.0	46	tags=6%, list=0%, signal=6%	
COPPER HOMEOSTASIS%WIKIPATHWAYS_20250810%WP3286%HOMO SAPIENS	COPPER HOMEOSTASIS%WIKIPATHWAYS_20250810%WP3286%HOMO SAPIENS		37	0.36464098	1.1263412	0.27654868	0.61281437	1.0	3086	tags=35%, list=23%, signal=45%	
POSITIVE REGULATION OF WNT SIGNALING PATHWAY%GOBP%GO:0030177	POSITIVE REGULATION OF WNT SIGNALING PATHWAY%GOBP%GO:0030177		96	0.30077818	1.1259645	0.23039216	0.61324805	1.0	1241	tags=15%, list=9%, signal=16%	
JOUBERT SYNDROME%WIKIPATHWAYS_20250810%WP4656%HOMO SAPIENS	JOUBERT SYNDROME%WIKIPATHWAYS_20250810%WP4656%HOMO SAPIENS		59	0.33082578	1.1259006	0.255	0.61286193	1.0	4300	tags=39%, list=32%, signal=57%	
NEGATIVE REGULATION OF ACTIN FILAMENT BUNDLE ASSEMBLY%GOBP%GO:0032232	NEGATIVE REGULATION OF ACTIN FILAMENT BUNDLE ASSEMBLY%GOBP%GO:0032232		25	0.39248163	1.1258398	0.27753305	0.6124713	1.0	3059	tags=40%, list=23%, signal=52%	
POSITIVE REGULATION OF ACTIN FILAMENT POLYMERIZATION%GOBP%GO:0030838	POSITIVE REGULATION OF ACTIN FILAMENT POLYMERIZATION%GOBP%GO:0030838		31	0.3687462	1.125681	0.28701594	0.61234546	1.0	3278	tags=48%, list=24%, signal=64%	
LYMPHOCYTE MIGRATION%GOBP%GO:0072676	LYMPHOCYTE MIGRATION%GOBP%GO:0072676		37	0.3558337	1.124796	0.25783134	0.6142169	1.0	1236	tags=32%, list=9%, signal=36%	
DEVELOPMENTAL CELL GROWTH%GOBP%GO:0048588	DEVELOPMENTAL CELL GROWTH%GOBP%GO:0048588		44	0.35150027	1.1247858	0.28318584	0.6136999	1.0	2013	tags=23%, list=15%, signal=27%	
VIRAL PROTEIN PROCESSING%GOBP%GO:0019082	VIRAL PROTEIN PROCESSING%GOBP%GO:0019082		30	0.37988216	1.1243247	0.26973686	0.61439157	1.0	2533	tags=27%, list=19%, signal=33%	
POSITIVE REGULATION OF MITOTIC CELL CYCLE%GOBP%GO:0045931	POSITIVE REGULATION OF MITOTIC CELL CYCLE%GOBP%GO:0045931		85	0.3073227	1.1238582	0.23094688	0.615055	1.0	1644	tags=19%, list=12%, signal=21%	
MACROPHAGE DIFFERENTIATION%GOBP%GO:0030225	MACROPHAGE DIFFERENTIATION%GOBP%GO:0030225		22	0.40114778	1.1235502	0.2988764	0.61533046	1.0	2234	tags=41%, list=16%, signal=49%	
ENDOCRINE SYSTEM DEVELOPMENT%GOBP%GO:0035270	ENDOCRINE SYSTEM DEVELOPMENT%GOBP%GO:0035270		24	0.40757304	1.1235443	0.32801822	0.61480415	1.0	1682	tags=33%, list=12%, signal=38%	
EPO SIGNALING PATHWAY%PATHWHIZ%PW070692	EPO SIGNALING PATHWAY%PATHWHIZ%PW070692		16	0.43789044	1.1225355	0.3021739	0.61693615	1.0	1552	tags=25%, list=11%, signal=28%	
SIGNALING BY TGF-BETA RECEPTOR COMPLEX%REACTOME DATABASE ID RELEASE 93%170834	SIGNALING BY TGF-BETA RECEPTOR COMPLEX%REACTOME DATABASE ID RELEASE 93%170834		87	0.30362195	1.1224344	0.2375	0.61664134	1.0	3516	tags=36%, list=26%, signal=48%	
SPHINGOSINE 1-PHOSPHATE (S1P) PATHWAY%PATHWAY INTERACTION DATABASE NCI-NATURE CURATED DATA%SPHINGOSINE 1-PHOSPHATE (S1P) PATHWAY	SPHINGOSINE 1-PHOSPHATE (S1P) PATHWAY%PATHWAY INTERACTION DATABASE NCI-NATURE CURATED DATA%SPHINGOSINE 1-PHOSPHATE (S1P) PATHWAY		20	0.40784624	1.1223894	0.31057268	0.6162308	1.0	3193	tags=45%, list=24%, signal=59%	
PID_ATF2_PATHWAY%MSIGDB_C2%PID_ATF2_PATHWAY	PID_ATF2_PATHWAY%MSIGDB_C2%PID_ATF2_PATHWAY		46	0.34045213	1.121559	0.26585367	0.6178978	1.0	1415	tags=22%, list=10%, signal=24%	
PID_CMYB_PATHWAY%MSIGDB_C2%PID_CMYB_PATHWAY	PID_CMYB_PATHWAY%MSIGDB_C2%PID_CMYB_PATHWAY		57	0.32818148	1.1212002	0.24881516	0.61831844	1.0	1614	tags=23%, list=12%, signal=26%	
NEGATIVE REGULATION OF CELL ACTIVATION%GOBP%GO:0050866	NEGATIVE REGULATION OF CELL ACTIVATION%GOBP%GO:0050866		129	0.2873919	1.1204169	0.20512821	0.6198396	1.0	2189	tags=31%, list=16%, signal=37%	
COHESIN COMPLEX CORNELIA DE LANGE SYNDROME%WIKIPATHWAYS_20250810%WP5117%HOMO SAPIENS	COHESIN COMPLEX CORNELIA DE LANGE SYNDROME%WIKIPATHWAYS_20250810%WP5117%HOMO SAPIENS		28	0.36935794	1.1201558	0.29805616	0.61999923	1.0	3086	tags=32%, list=23%, signal=42%	
GLIAL CELL DEVELOPMENT%GOBP%GO:0021782	GLIAL CELL DEVELOPMENT%GOBP%GO:0021782		51	0.3333691	1.1198409	0.25943395	0.62030226	1.0	2726	tags=37%, list=20%, signal=46%	
NEGATIVE REGULATION OF T CELL MEDIATED IMMUNITY%GOBP%GO:0002710	NEGATIVE REGULATION OF T CELL MEDIATED IMMUNITY%GOBP%GO:0002710		18	0.42508435	1.1192305	0.3019272	0.62136155	1.0	2159	tags=44%, list=16%, signal=53%	
NEGATIVE REGULATION OF LEUKOCYTE ACTIVATION%GOBP%GO:0002695	NEGATIVE REGULATION OF LEUKOCYTE ACTIVATION%GOBP%GO:0002695		111	0.28855565	1.1183544	0.22911051	0.62311065	1.0	1822	tags=28%, list=13%, signal=32%	
ACTION POTENTIAL%GOBP%GO:0001508	ACTION POTENTIAL%GOBP%GO:0001508		65	0.32215622	1.1167088	0.27880183	0.6269163	1.0	840	tags=22%, list=6%, signal=23%	
INTERACTION BETWEEN L1 AND ANKYRINS%REACTOME DATABASE ID RELEASE 93%445095	INTERACTION BETWEEN L1 AND ANKYRINS%REACTOME DATABASE ID RELEASE 93%445095		22	0.39181134	1.1166046	0.29357797	0.6266556	1.0	1145	tags=32%, list=8%, signal=35%	
CELLULAR COMPONENT MAINTENANCE%GOBP%GO:0043954	CELLULAR COMPONENT MAINTENANCE%GOBP%GO:0043954		30	0.37954947	1.1166009	0.28297362	0.62611926	1.0	2144	tags=30%, list=16%, signal=36%	
TRANSFORMING GROWTH FACTOR BETA RECEPTOR SUPERFAMILY SIGNALING PATHWAY%GOBP%GO:0141091	TRANSFORMING GROWTH FACTOR BETA RECEPTOR SUPERFAMILY SIGNALING PATHWAY%GOBP%GO:0141091		100	0.29648355	1.1165193	0.23772609	0.62580675	1.0	1889	tags=25%, list=14%, signal=29%	
EMBRYONIC ORGAN MORPHOGENESIS%GOBP%GO:0048562	EMBRYONIC ORGAN MORPHOGENESIS%GOBP%GO:0048562		97	0.3009146	1.1152843	0.22938144	0.6285262	1.0	1836	tags=23%, list=14%, signal=26%	
PHOSPHATIDYLSERINE METABOLIC PROCESS%GOBP%GO:0006658	PHOSPHATIDYLSERINE METABOLIC PROCESS%GOBP%GO:0006658		17	0.42930064	1.1132646	0.3225058	0.63332796	1.0	1742	tags=18%, list=13%, signal=20%	
RESPONSE TO GLUCOCORTICOID%GOBP%GO:0051384	RESPONSE TO GLUCOCORTICOID%GOBP%GO:0051384		24	0.3873279	1.1132343	0.3249428	0.63285303	1.0	1402	tags=29%, list=10%, signal=32%	
OSTEOBLAST DIFFERENTIATION%GOBP%GO:0001649	OSTEOBLAST DIFFERENTIATION%GOBP%GO:0001649		75	0.31137472	1.1131831	0.2631579	0.6324311	1.0	1741	tags=23%, list=13%, signal=26%	
REGULATION OF ENDOTHELIAL CELL PROLIFERATION%GOBP%GO:0001936	REGULATION OF ENDOTHELIAL CELL PROLIFERATION%GOBP%GO:0001936		93	0.30487996	1.1125084	0.2638191	0.63367337	1.0	1057	tags=15%, list=8%, signal=16%	
TP53 REGULATES TRANSCRIPTION OF CELL CYCLE GENES%REACTOME%R-HSA-6791312.6	TP53 REGULATES TRANSCRIPTION OF CELL CYCLE GENES%REACTOME%R-HSA-6791312.6		43	0.3459009	1.1118944	0.2892768	0.63478154	1.0	1150	tags=14%, list=8%, signal=15%	
NEURAL TUBE CLOSURE%GOBP%GO:0001843	NEURAL TUBE CLOSURE%GOBP%GO:0001843		26	0.3780967	1.1116434	0.2988764	0.6349114	1.0	1868	tags=27%, list=14%, signal=31%	
PID_THROMBIN_PAR1_PATHWAY%MSIGDB_C2%PID_THROMBIN_PAR1_PATHWAY	PID_THROMBIN_PAR1_PATHWAY%MSIGDB_C2%PID_THROMBIN_PAR1_PATHWAY		28	0.37151068	1.1115347	0.3127962	0.63465613	1.0	1889	tags=25%, list=14%, signal=29%	
DEGRADATION OF BETA CATENIN%PATHWAY INTERACTION DATABASE NCI-NATURE CURATED DATA%DEGRADATION OF BETA CATENIN	DEGRADATION OF BETA CATENIN%PATHWAY INTERACTION DATABASE NCI-NATURE CURATED DATA%DEGRADATION OF BETA CATENIN		17	0.4287058	1.1114101	0.29655173	0.6344416	1.0	3620	tags=35%, list=27%, signal=48%	
CADHERIN SIGNALING PATHWAY%PANTHER PATHWAY%P00012	CADHERIN SIGNALING PATHWAY%PANTHER PATHWAY%P00012		97	0.30138904	1.1107186	0.25058004	0.6357474	1.0	3751	tags=57%, list=28%, signal=78%	
REGULATION OF CARDIAC MUSCLE CONTRACTION BY CALCIUM ION SIGNALING%GOBP%GO:0010882	REGULATION OF CARDIAC MUSCLE CONTRACTION BY CALCIUM ION SIGNALING%GOBP%GO:0010882		24	0.39149386	1.110539	0.31724137	0.6356773	1.0	1001	tags=21%, list=7%, signal=22%	
REGULATION OF MIRNA METABOLIC PROCESS%GOBP%GO:2000628	REGULATION OF MIRNA METABOLIC PROCESS%GOBP%GO:2000628		65	0.32163987	1.1104493	0.25783134	0.6353901	1.0	1148	tags=14%, list=8%, signal=15%	
ESTABLISHMENT OF MITOTIC SPINDLE LOCALIZATION%GOBP%GO:0040001	ESTABLISHMENT OF MITOTIC SPINDLE LOCALIZATION%GOBP%GO:0040001		28	0.3872938	1.1101931	0.30254042	0.63549745	1.0	3844	tags=43%, list=28%, signal=60%	
HEART VALVE DEVELOPMENT%GOBP%GO:0003170	HEART VALVE DEVELOPMENT%GOBP%GO:0003170		57	0.32656902	1.1101701	0.27317074	0.6350135	1.0	1259	tags=21%, list=9%, signal=23%	
NEGATIVE REGULATION OF INFLAMMATORY RESPONSE TO ANTIGENIC STIMULUS%GOBP%GO:0002862	NEGATIVE REGULATION OF INFLAMMATORY RESPONSE TO ANTIGENIC STIMULUS%GOBP%GO:0002862		21	0.40846252	1.1098655	0.31625834	0.63529176	1.0	631	tags=19%, list=5%, signal=20%	
PDGFR BETA PATHWAY%WIKIPATHWAYS_20250810%WP3972%HOMO SAPIENS	PDGFR BETA PATHWAY%WIKIPATHWAYS_20250810%WP3972%HOMO SAPIENS		22	0.40527755	1.1096282	0.3312102	0.63533	1.0	1552	tags=23%, list=11%, signal=26%	
MACROPHAGE ACTIVATION%GOBP%GO:0042116	MACROPHAGE ACTIVATION%GOBP%GO:0042116		35	0.3606954	1.1093005	0.30769232	0.6356818	1.0	1326	tags=20%, list=10%, signal=22%	
NEGATIVE REGULATION OF CELLULAR RESPONSE TO GROWTH FACTOR STIMULUS%GOBP%GO:0090288	NEGATIVE REGULATION OF CELLULAR RESPONSE TO GROWTH FACTOR STIMULUS%GOBP%GO:0090288		63	0.3188185	1.109031	0.28333333	0.6358759	1.0	2196	tags=27%, list=16%, signal=32%	
REGULATION OF RECEPTOR-MEDIATED ENDOCYTOSIS%GOBP%GO:0048259	REGULATION OF RECEPTOR-MEDIATED ENDOCYTOSIS%GOBP%GO:0048259		72	0.308668	1.1088175	0.25115207	0.63590556	1.0	1297	tags=17%, list=10%, signal=18%	
AXON GUIDANCE%WIKIPATHWAYS_20250810%WP5289%HOMO SAPIENS	AXON GUIDANCE%WIKIPATHWAYS_20250810%WP5289%HOMO SAPIENS		51	0.33506793	1.1086127	0.28503564	0.63590586	1.0	2049	tags=25%, list=15%, signal=30%	
BCR SIGNALING PATHWAY%PATHWHIZ%PW070885	BCR SIGNALING PATHWAY%PATHWHIZ%PW070885		32	0.36186618	1.1083724	0.29122055	0.6360592	1.0	1861	tags=22%, list=14%, signal=25%	
HALLMARK_KRAS_SIGNALING_DN%MSIGDBHALLMARK%HALLMARK_KRAS_SIGNALING_DN	HALLMARK_KRAS_SIGNALING_DN%MSIGDBHALLMARK%HALLMARK_KRAS_SIGNALING_DN		80	0.3096889	1.1075029	0.27864584	0.6377983	1.0	1864	tags=25%, list=14%, signal=29%	
REGULATION OF DNA REPLICATION%GOBP%GO:0006275	REGULATION OF DNA REPLICATION%GOBP%GO:0006275		89	0.29817075	1.1074727	0.2567237	0.6373347	1.0	2456	tags=21%, list=18%, signal=26%	
REGULATION OF BEHAVIOR%GOBP%GO:0050795	REGULATION OF BEHAVIOR%GOBP%GO:0050795		32	0.36537695	1.1071295	0.29787233	0.63774645	1.0	1352	tags=22%, list=10%, signal=24%	
BIOCARTA_GSK3_PATHWAY%MSIGDB_C2%BIOCARTA_GSK3_PATHWAY	BIOCARTA_GSK3_PATHWAY%MSIGDB_C2%BIOCARTA_GSK3_PATHWAY		18	0.41608736	1.1065469	0.31681034	0.6387961	1.0	1520	tags=22%, list=11%, signal=25%	
NEUROTRANSMITTER RECEPTORS AND POSTSYNAPTIC SIGNAL TRANSMISSION%REACTOME DATABASE ID RELEASE 93%112314	NEUROTRANSMITTER RECEPTORS AND POSTSYNAPTIC SIGNAL TRANSMISSION%REACTOME DATABASE ID RELEASE 93%112314		112	0.28618637	1.1057144	0.25813952	0.6405588	1.0	480	tags=8%, list=4%, signal=8%	
IRINOTECAN ACTION PATHWAY%PATHWHIZ%PW000238	IRINOTECAN ACTION PATHWAY%PATHWHIZ%PW000238		19	0.40177092	1.1055727	0.32790697	0.6403959	1.0	2530	tags=47%, list=19%, signal=58%	
EPH-EPHRIN SIGNALING%REACTOME DATABASE ID RELEASE 93%2682334	EPH-EPHRIN SIGNALING%REACTOME DATABASE ID RELEASE 93%2682334		83	0.30175868	1.1055713	0.24305555	0.6398531	1.0	2095	tags=20%, list=15%, signal=24%	
CARDIAC VENTRICLE DEVELOPMENT%GOBP%GO:0003231	CARDIAC VENTRICLE DEVELOPMENT%GOBP%GO:0003231		53	0.32346782	1.1041824	0.2655889	0.6430436	1.0	1168	tags=21%, list=9%, signal=23%	
CYTOPLASMIC MICROTUBULE ORGANIZATION%GOBP%GO:0031122	CYTOPLASMIC MICROTUBULE ORGANIZATION%GOBP%GO:0031122		49	0.3307269	1.1035229	0.2717949	0.64426863	1.0	2993	tags=27%, list=22%, signal=34%	
TRANS-GOLGI NETWORK VESICLE BUDDING%REACTOME DATABASE ID RELEASE 93%199992	TRANS-GOLGI NETWORK VESICLE BUDDING%REACTOME DATABASE ID RELEASE 93%199992		68	0.31481248	1.1034381	0.2682353	0.64395803	1.0	4325	tags=49%, list=32%, signal=71%	
LNCRNA IN CANONICAL WNT SIGNALING AND COLORECTAL CANCER%WIKIPATHWAYS_20250810%WP4258%HOMO SAPIENS	LNCRNA IN CANONICAL WNT SIGNALING AND COLORECTAL CANCER%WIKIPATHWAYS_20250810%WP4258%HOMO SAPIENS		60	0.31910387	1.1022722	0.27737227	0.64656204	1.0	1587	tags=20%, list=12%, signal=23%	
REGULATION OF PROTEIN LOCALIZATION TO CELL PERIPHERY%GOBP%GO:1904375	REGULATION OF PROTEIN LOCALIZATION TO CELL PERIPHERY%GOBP%GO:1904375		106	0.29497144	1.1022676	0.23366834	0.64602685	1.0	3704	tags=38%, list=27%, signal=52%	
RHO GTPASES ACTIVATE PAKS%REACTOME%R-HSA-5627123.4	RHO GTPASES ACTIVATE PAKS%REACTOME%R-HSA-5627123.4		21	0.40694672	1.1017936	0.30501089	0.6467206	1.0	1861	tags=29%, list=14%, signal=33%	
GDNF RET SIGNALING AXIS%WIKIPATHWAYS_20250810%WP4830%HOMO SAPIENS	GDNF RET SIGNALING AXIS%WIKIPATHWAYS_20250810%WP4830%HOMO SAPIENS		19	0.40966266	1.1014324	0.33710408	0.6471208	1.0	2223	tags=37%, list=16%, signal=44%	
MITOTIC METAPHASE AND ANAPHASE%REACTOME DATABASE ID RELEASE 93%2555396	MITOTIC METAPHASE AND ANAPHASE%REACTOME DATABASE ID RELEASE 93%2555396		193	0.26517612	1.101344	0.19373219	0.6468012	1.0	3611	tags=34%, list=27%, signal=45%	
RND2 GTPASE CYCLE%REACTOME DATABASE ID RELEASE 93%9696270	RND2 GTPASE CYCLE%REACTOME DATABASE ID RELEASE 93%9696270		39	0.35891345	1.1004125	0.31177828	0.6487981	1.0	4574	tags=56%, list=34%, signal=85%	
PID_P53_DOWNSTREAM_PATHWAY%MSIGDB_C2%PID_P53_DOWNSTREAM_PATHWAY	PID_P53_DOWNSTREAM_PATHWAY%MSIGDB_C2%PID_P53_DOWNSTREAM_PATHWAY		106	0.29207355	1.1001518	0.25945947	0.6489682	1.0	1642	tags=18%, list=12%, signal=20%	
DEGRADATION OF THE EXTRACELLULAR MATRIX%REACTOME%R-HSA-1474228.6	DEGRADATION OF THE EXTRACELLULAR MATRIX%REACTOME%R-HSA-1474228.6		78	0.3062526	1.1000243	0.2370892	0.6487432	1.0	2290	tags=35%, list=17%, signal=41%	
POSITIVE REGULATION OF PROTEIN TARGETING TO MEMBRANE%GOBP%GO:0090314	POSITIVE REGULATION OF PROTEIN TARGETING TO MEMBRANE%GOBP%GO:0090314		18	0.41594684	1.0999659	0.3382046	0.648356	1.0	821	tags=17%, list=6%, signal=18%	
REGULATION OF PROTEIN LOCALIZATION TO PLASMA MEMBRANE%GOBP%GO:1903076	REGULATION OF PROTEIN LOCALIZATION TO PLASMA MEMBRANE%GOBP%GO:1903076		89	0.30102724	1.0998231	0.24479167	0.64820725	1.0	4015	tags=42%, list=30%, signal=59%	
ACTIVATION OF MATRIX METALLOPROTEINASES%REACTOME DATABASE ID RELEASE 93%1592389	ACTIVATION OF MATRIX METALLOPROTEINASES%REACTOME DATABASE ID RELEASE 93%1592389		20	0.4090219	1.0997263	0.30751175	0.647934	1.0	2266	tags=50%, list=17%, signal=60%	
PRE-NOTCH EXPRESSION AND PROCESSING%REACTOME DATABASE ID RELEASE 93%1912422	PRE-NOTCH EXPRESSION AND PROCESSING%REACTOME DATABASE ID RELEASE 93%1912422		57	0.3194978	1.0991367	0.30663615	0.64897835	1.0	1333	tags=16%, list=10%, signal=17%	
CELL CYCLE PHASE TRANSITION%GOBP%GO:0044770	CELL CYCLE PHASE TRANSITION%GOBP%GO:0044770		105	0.287185	1.0988817	0.2416268	0.64911306	1.0	3188	tags=34%, list=24%, signal=44%	
TOLL-LIKE RECEPTOR PATHWAY 1%PATHWHIZ%PW064909	TOLL-LIKE RECEPTOR PATHWAY 1%PATHWHIZ%PW064909		32	0.36625218	1.098815	0.30068338	0.64874804	1.0	1003	tags=16%, list=7%, signal=17%	
ARF1 PATHWAY%PATHWAY INTERACTION DATABASE NCI-NATURE CURATED DATA%ARF1 PATHWAY	ARF1 PATHWAY%PATHWAY INTERACTION DATABASE NCI-NATURE CURATED DATA%ARF1 PATHWAY		19	0.40617386	1.0986742	0.3149284	0.6485989	1.0	4751	tags=58%, list=35%, signal=89%	
REGULATION OF BICELLULAR TIGHT JUNCTION ASSEMBLY%GOBP%GO:2000810	REGULATION OF BICELLULAR TIGHT JUNCTION ASSEMBLY%GOBP%GO:2000810		17	0.42447358	1.098331	0.3297414	0.64907134	1.0	2951	tags=53%, list=22%, signal=68%	
REGULATION OF MICROTUBULE-BASED PROCESS%GOBP%GO:0032886	REGULATION OF MICROTUBULE-BASED PROCESS%GOBP%GO:0032886		188	0.2656118	1.0982918	0.23589744	0.64865315	1.0	3201	tags=25%, list=24%, signal=32%	
REGULATION OF SMAD PROTEIN SIGNAL TRANSDUCTION%GOBP%GO:0060390	REGULATION OF SMAD PROTEIN SIGNAL TRANSDUCTION%GOBP%GO:0060390		50	0.33182272	1.0977558	0.3031785	0.6495752	1.0	1874	tags=26%, list=14%, signal=30%	
CELL GROWTH%GOBP%GO:0016049	CELL GROWTH%GOBP%GO:0016049		45	0.34620568	1.0971476	0.26923078	0.65061533	1.0	2013	tags=22%, list=15%, signal=26%	
NEGATIVE REGULATION OF STRESS FIBER ASSEMBLY%GOBP%GO:0051497	NEGATIVE REGULATION OF STRESS FIBER ASSEMBLY%GOBP%GO:0051497		22	0.3935048	1.0967927	0.3325359	0.65104395	1.0	2951	tags=36%, list=22%, signal=46%	
PID_AURORA_A_PATHWAY%MSIGDB_C2%PID_AURORA_A_PATHWAY	PID_AURORA_A_PATHWAY%MSIGDB_C2%PID_AURORA_A_PATHWAY		22	0.3818939	1.0966349	0.33037695	0.6509335	1.0	2590	tags=27%, list=19%, signal=34%	
REGULATION OF STEROID BIOSYNTHETIC PROCESS%GOBP%GO:0050810	REGULATION OF STEROID BIOSYNTHETIC PROCESS%GOBP%GO:0050810		46	0.33247298	1.0964807	0.29205608	0.6508067	1.0	855	tags=15%, list=6%, signal=16%	
PHOSPHOLIPASE C-ACTIVATING G PROTEIN-COUPLED RECEPTOR SIGNALING PATHWAY%GOBP%GO:0007200	PHOSPHOLIPASE C-ACTIVATING G PROTEIN-COUPLED RECEPTOR SIGNALING PATHWAY%GOBP%GO:0007200		68	0.31268227	1.0959917	0.26650366	0.65159106	1.0	973	tags=21%, list=7%, signal=22%	
ENDOPLASMIC RETICULUM TO CYTOSOL TRANSPORT%GOBP%GO:1903513	ENDOPLASMIC RETICULUM TO CYTOSOL TRANSPORT%GOBP%GO:1903513		19	0.4089384	1.095847	0.343318	0.65146893	1.0	4675	tags=68%, list=34%, signal=104%	
NEGATIVE REGULATION OF BMP SIGNALING PATHWAY%GOBP%GO:0030514	NEGATIVE REGULATION OF BMP SIGNALING PATHWAY%GOBP%GO:0030514		30	0.37049994	1.0955284	0.3254717	0.6517903	1.0	2048	tags=30%, list=15%, signal=35%	
RESPONSE TO ESTRADIOL%GOBP%GO:0032355	RESPONSE TO ESTRADIOL%GOBP%GO:0032355		25	0.3741283	1.0948299	0.3227991	0.6531007	1.0	764	tags=12%, list=6%, signal=13%	
PHASE 0 - RAPID DEPOLARISATION%REACTOME%R-HSA-5576892.4	PHASE 0 - RAPID DEPOLARISATION%REACTOME%R-HSA-5576892.4		22	0.38816103	1.0939581	0.32964602	0.65483135	1.0	840	tags=23%, list=6%, signal=24%	
AURORA A SIGNALING%PATHWAY INTERACTION DATABASE NCI-NATURE CURATED DATA%AURORA A SIGNALING	AURORA A SIGNALING%PATHWAY INTERACTION DATABASE NCI-NATURE CURATED DATA%AURORA A SIGNALING		29	0.36469504	1.0934812	0.3377193	0.6556233	1.0	2590	tags=24%, list=19%, signal=30%	
REGULATION OF MICROTUBULE POLYMERIZATION OR DEPOLYMERIZATION%GOBP%GO:0031110	REGULATION OF MICROTUBULE POLYMERIZATION OR DEPOLYMERIZATION%GOBP%GO:0031110		74	0.3095184	1.0933839	0.27480915	0.65535784	1.0	3086	tags=30%, list=23%, signal=38%	
HIF-1-ALPHA TRANSCRIPTION FACTOR NETWORK%PATHWAY INTERACTION DATABASE NCI-NATURE CURATED DATA%HIF-1-ALPHA TRANSCRIPTION FACTOR NETWORK	HIF-1-ALPHA TRANSCRIPTION FACTOR NETWORK%PATHWAY INTERACTION DATABASE NCI-NATURE CURATED DATA%HIF-1-ALPHA TRANSCRIPTION FACTOR NETWORK		58	0.32090646	1.0933509	0.30405405	0.6548973	1.0	1425	tags=22%, list=11%, signal=25%	
POTASSIUM ION TRANSPORT%GOBP%GO:0006813	POTASSIUM ION TRANSPORT%GOBP%GO:0006813		76	0.3090451	1.0928252	0.3043478	0.65584195	1.0	1872	tags=32%, list=14%, signal=36%	
REGULATION OF ACTIN CYTOSKELETON%WIKIPATHWAYS_20250810%WP51%HOMO SAPIENS	REGULATION OF ACTIN CYTOSKELETON%WIKIPATHWAYS_20250810%WP51%HOMO SAPIENS		89	0.29602396	1.0928106	0.27941176	0.65534115	1.0	2507	tags=30%, list=18%, signal=37%	
REGULATION OF CD4-POSITIVE, ALPHA-BETA T CELL DIFFERENTIATION%GOBP%GO:0043370	REGULATION OF CD4-POSITIVE, ALPHA-BETA T CELL DIFFERENTIATION%GOBP%GO:0043370		41	0.3362949	1.0921488	0.32235295	0.6565859	1.0	1576	tags=29%, list=12%, signal=33%	
ACUTE VIRAL MYOCARDITIS%WIKIPATHWAYS_20250810%WP4298%HOMO SAPIENS	ACUTE VIRAL MYOCARDITIS%WIKIPATHWAYS_20250810%WP4298%HOMO SAPIENS		55	0.32877344	1.0911564	0.29107982	0.6587038	1.0	3224	tags=40%, list=24%, signal=52%	
NRF2 ARE REGULATION%WIKIPATHWAYS_20250810%WP4357%HOMO SAPIENS	NRF2 ARE REGULATION%WIKIPATHWAYS_20250810%WP4357%HOMO SAPIENS		21	0.399479	1.0910225	0.32378855	0.65854484	1.0	2997	tags=38%, list=22%, signal=49%	
REGULATION OF VIRAL TRANSCRIPTION%GOBP%GO:0046782	REGULATION OF VIRAL TRANSCRIPTION%GOBP%GO:0046782		17	0.4149254	1.0906289	0.35307518	0.65907747	1.0	3988	tags=47%, list=29%, signal=67%	
CEREBRAL CORTEX DEVELOPMENT%GOBP%GO:0021987	CEREBRAL CORTEX DEVELOPMENT%GOBP%GO:0021987		43	0.33694196	1.0905807	0.31519273	0.6586641	1.0	1622	tags=19%, list=12%, signal=21%	
IRINOTECAN METABOLISM PATHWAY%SMPDB%SMP0000600	IRINOTECAN METABOLISM PATHWAY%SMPDB%SMP0000600		19	0.40177092	1.0905478	0.34188035	0.65821093	1.0	2530	tags=47%, list=19%, signal=58%	
CALCIUM SIGNALING IN THE CD4+ TCR PATHWAY%PATHWAY INTERACTION DATABASE NCI-NATURE CURATED DATA%CALCIUM SIGNALING IN THE CD4+ TCR PATHWAY	CALCIUM SIGNALING IN THE CD4+ TCR PATHWAY%PATHWAY INTERACTION DATABASE NCI-NATURE CURATED DATA%CALCIUM SIGNALING IN THE CD4+ TCR PATHWAY		20	0.40085316	1.0905406	0.3375262	0.65769106	1.0	1671	tags=25%, list=12%, signal=28%	
CELLULAR COMPONENT ASSEMBLY INVOLVED IN MORPHOGENESIS%GOBP%GO:0010927	CELLULAR COMPONENT ASSEMBLY INVOLVED IN MORPHOGENESIS%GOBP%GO:0010927		58	0.3195225	1.0902306	0.30455637	0.6580036	1.0	704	tags=14%, list=5%, signal=14%	
IL6 SIGNALING%WIKIPATHWAYS_20250810%WP364%HOMO SAPIENS	IL6 SIGNALING%WIKIPATHWAYS_20250810%WP364%HOMO SAPIENS		36	0.35031873	1.0901588	0.3120729	0.6576672	1.0	2919	tags=31%, list=22%, signal=39%	
PROTEIN METHYLATION%GOBP%GO:0006479	PROTEIN METHYLATION%GOBP%GO:0006479		34	0.35324937	1.0900546	0.31460676	0.657399	1.0	4086	tags=35%, list=30%, signal=50%	
REGULATION OF PROTEIN SUMOYLATION%GOBP%GO:0033233	REGULATION OF PROTEIN SUMOYLATION%GOBP%GO:0033233		15	0.4365694	1.0894982	0.34422657	0.65833044	1.0	449	tags=13%, list=3%, signal=14%	
NEGATIVE REGULATION OF DNA REPLICATION%GOBP%GO:0008156	NEGATIVE REGULATION OF DNA REPLICATION%GOBP%GO:0008156		17	0.4100105	1.0893551	0.34057972	0.65820396	1.0	2882	tags=41%, list=21%, signal=52%	
NEGATIVE REGULATION OF HORMONE SECRETION%GOBP%GO:0046888	NEGATIVE REGULATION OF HORMONE SECRETION%GOBP%GO:0046888		22	0.3894098	1.0891949	0.3207547	0.6580715	1.0	1535	tags=32%, list=11%, signal=36%	
POSITIVE REGULATION OF MONONUCLEAR CELL PROLIFERATION%GOBP%GO:0032946	POSITIVE REGULATION OF MONONUCLEAR CELL PROLIFERATION%GOBP%GO:0032946		84	0.3004761	1.0888996	0.28720626	0.6583206	1.0	1487	tags=24%, list=11%, signal=27%	
REGULATION OF ANTIGEN PROCESSING AND PRESENTATION%GOBP%GO:0002577	REGULATION OF ANTIGEN PROCESSING AND PRESENTATION%GOBP%GO:0002577		20	0.39914465	1.0888793	0.34070796	0.6578381	1.0	1297	tags=35%, list=10%, signal=39%	
SIGNALING BY FGFR1 IN DISEASE%REACTOME%R-HSA-5655302.4	SIGNALING BY FGFR1 IN DISEASE%REACTOME%R-HSA-5655302.4		28	0.36673966	1.088776	0.33256352	0.657573	1.0	2741	tags=29%, list=20%, signal=36%	
CERAMIDE BIOSYNTHETIC PROCESS%GOBP%GO:0046513	CERAMIDE BIOSYNTHETIC PROCESS%GOBP%GO:0046513		36	0.3426385	1.0883849	0.31236443	0.6581143	1.0	2399	tags=28%, list=18%, signal=34%	
PIGMENT METABOLIC PROCESS%GOBP%GO:0042440	PIGMENT METABOLIC PROCESS%GOBP%GO:0042440		33	0.3517456	1.088112	0.3325688	0.6583217	1.0	1421	tags=15%, list=10%, signal=17%	
LAMININ INTERACTIONS%REACTOME DATABASE ID RELEASE 93%3000157	LAMININ INTERACTIONS%REACTOME DATABASE ID RELEASE 93%3000157		22	0.40134606	1.08778	0.3511111	0.6587131	1.0	1695	tags=27%, list=13%, signal=31%	
RHYTHMIC PROCESS%GOBP%GO:0048511	RHYTHMIC PROCESS%GOBP%GO:0048511		101	0.28952423	1.0873294	0.2849741	0.65941054	1.0	1693	tags=19%, list=12%, signal=21%	
NEGATIVE REGULATION OF CELL ADHESION%GOBP%GO:0007162	NEGATIVE REGULATION OF CELL ADHESION%GOBP%GO:0007162		194	0.2640925	1.0871693	0.24383561	0.6593367	1.0	2319	tags=28%, list=17%, signal=33%	
REGULATION OF INTERLEUKIN-8 PRODUCTION%GOBP%GO:0032677	REGULATION OF INTERLEUKIN-8 PRODUCTION%GOBP%GO:0032677		69	0.30569887	1.0871505	0.27764705	0.658857	1.0	1211	tags=19%, list=9%, signal=21%	
NEGATIVE REGULATION OF PEPTIDE HORMONE SECRETION%GOBP%GO:0090278	NEGATIVE REGULATION OF PEPTIDE HORMONE SECRETION%GOBP%GO:0090278		16	0.4263602	1.0868526	0.35368422	0.6591208	1.0	1375	tags=31%, list=10%, signal=35%	
NEUROGENESIS REGULATION IN THE OLFACTORY EPITHELIUM%WIKIPATHWAYS_20250810%WP5265%HOMO SAPIENS	NEUROGENESIS REGULATION IN THE OLFACTORY EPITHELIUM%WIKIPATHWAYS_20250810%WP5265%HOMO SAPIENS		38	0.34307918	1.0868309	0.32867134	0.6586356	1.0	2803	tags=42%, list=21%, signal=53%	
PROTEIN SECRETION%GOBP%GO:0009306	PROTEIN SECRETION%GOBP%GO:0009306		49	0.32496765	1.0867707	0.30373833	0.65824467	1.0	2603	tags=33%, list=19%, signal=40%	
PID_ECADHERIN_KERATINOCYTE_PATHWAY%MSIGDB_C2%PID_ECADHERIN_KERATINOCYTE_PATHWAY	PID_ECADHERIN_KERATINOCYTE_PATHWAY%MSIGDB_C2%PID_ECADHERIN_KERATINOCYTE_PATHWAY		16	0.41934022	1.0863646	0.36155605	0.6588249	1.0	3067	tags=38%, list=23%, signal=48%	
SYNTHESIS OF PIPS AT THE GOLGI MEMBRANE%REACTOME DATABASE ID RELEASE 93%1660514	SYNTHESIS OF PIPS AT THE GOLGI MEMBRANE%REACTOME DATABASE ID RELEASE 93%1660514		15	0.43570358	1.0863026	0.35745615	0.6584407	1.0	4261	tags=47%, list=31%, signal=68%	
SIGNAL RELEASE FROM SYNAPSE%GOBP%GO:0099643	SIGNAL RELEASE FROM SYNAPSE%GOBP%GO:0099643		46	0.3333603	1.0858779	0.31390134	0.659058	1.0	1157	tags=15%, list=9%, signal=17%	
TRANSCRIPTION OF E2F TARGETS UNDER NEGATIVE CONTROL BY DREAM COMPLEX%REACTOME DATABASE ID RELEASE 93%1362277	TRANSCRIPTION OF E2F TARGETS UNDER NEGATIVE CONTROL BY DREAM COMPLEX%REACTOME DATABASE ID RELEASE 93%1362277		18	0.4155583	1.0857052	0.3511111	0.65897554	1.0	1397	tags=22%, list=10%, signal=25%	
REGULATION OF VASCULAR ASSOCIATED SMOOTH MUSCLE CELL PROLIFERATION%GOBP%GO:1904705	REGULATION OF VASCULAR ASSOCIATED SMOOTH MUSCLE CELL PROLIFERATION%GOBP%GO:1904705		34	0.35109362	1.0857028	0.3159091	0.65844876	1.0	1048	tags=18%, list=8%, signal=19%	
NEGATIVE REGULATION OF ADAPTIVE IMMUNE RESPONSE BASED ON SOMATIC RECOMBINATION OF IMMUNE RECEPTORS BUILT FROM IMMUNOGLOBULIN SUPERFAMILY DOMAINS%GOBP%GO:0002823	NEGATIVE REGULATION OF ADAPTIVE IMMUNE RESPONSE BASED ON SOMATIC RECOMBINATION OF IMMUNE RECEPTORS BUILT FROM IMMUNOGLOBULIN SUPERFAMILY DOMAINS%GOBP%GO:0002823		33	0.3531085	1.085502	0.34013605	0.6584508	1.0	2189	tags=39%, list=16%, signal=47%	
NCRNAS IN WNT SIGNALING IN HEPATOCELLULAR CARCINOMA%WIKIPATHWAYS_20250810%WP4336%HOMO SAPIENS	NCRNAS IN WNT SIGNALING IN HEPATOCELLULAR CARCINOMA%WIKIPATHWAYS_20250810%WP4336%HOMO SAPIENS		55	0.31660718	1.085294	0.27710843	0.65844756	1.0	1587	tags=20%, list=12%, signal=23%	
PID_S1P_META_PATHWAY%MSIGDB_C2%PID_S1P_META_PATHWAY	PID_S1P_META_PATHWAY%MSIGDB_C2%PID_S1P_META_PATHWAY		17	0.4110434	1.084797	0.3452116	0.65924305	1.0	2981	tags=41%, list=22%, signal=53%	
REGULATION OF RECEPTOR INTERNALIZATION%GOBP%GO:0002090	REGULATION OF RECEPTOR INTERNALIZATION%GOBP%GO:0002090		40	0.33709002	1.0842688	0.33025405	0.66010803	1.0	874	tags=13%, list=6%, signal=13%	
SMOOTH MUSCLE CONTRACTION%REACTOME DATABASE ID RELEASE 93%445355	SMOOTH MUSCLE CONTRACTION%REACTOME DATABASE ID RELEASE 93%445355		35	0.35249743	1.0841595	0.34085777	0.6598706	1.0	1401	tags=26%, list=10%, signal=29%	
N GLYCAN BIOSYNTHESIS%WIKIPATHWAYS_20250810%WP5153%HOMO SAPIENS	N GLYCAN BIOSYNTHESIS%WIKIPATHWAYS_20250810%WP5153%HOMO SAPIENS		46	0.33059764	1.0841591	0.3220339	0.6593423	1.0	4193	tags=46%, list=31%, signal=66%	
CELLULAR ANATOMICAL ENTITY MORPHOGENESIS%GOBP%GO:0032989	CELLULAR ANATOMICAL ENTITY MORPHOGENESIS%GOBP%GO:0032989		58	0.3195225	1.083867	0.3101852	0.65964097	1.0	704	tags=14%, list=5%, signal=14%	
PID_ANGIOPOIETIN_RECEPTOR_PATHWAY%MSIGDB_C2%PID_ANGIOPOIETIN_RECEPTOR_PATHWAY	PID_ANGIOPOIETIN_RECEPTOR_PATHWAY%MSIGDB_C2%PID_ANGIOPOIETIN_RECEPTOR_PATHWAY		35	0.3517825	1.0836312	0.33492824	0.65976965	1.0	1491	tags=20%, list=11%, signal=22%	
NEGATIVE REGULATION OF PHOSPHORUS METABOLIC PROCESS%GOBP%GO:0010563	NEGATIVE REGULATION OF PHOSPHORUS METABOLIC PROCESS%GOBP%GO:0010563		123	0.27840367	1.0835869	0.26984128	0.6593619	1.0	1605	tags=18%, list=12%, signal=20%	
DEFECTIVE BINDING OF RB1 MUTANTS TO E2F1,(E2F2, E2F3)%REACTOME DATABASE ID RELEASE 93%9661069	DEFECTIVE BINDING OF RB1 MUTANTS TO E2F1,(E2F2, E2F3)%REACTOME DATABASE ID RELEASE 93%9661069		17	0.42140737	1.0833313	0.37182447	0.6595364	1.0	1587	tags=24%, list=12%, signal=27%	
METABOLIC DISORDERS OF BIOLOGICAL OXIDATION ENZYMES%REACTOME%R-HSA-5579029.5	METABOLIC DISORDERS OF BIOLOGICAL OXIDATION ENZYMES%REACTOME%R-HSA-5579029.5		22	0.38496864	1.0829815	0.3295964	0.6599905	1.0	3279	tags=41%, list=24%, signal=54%	
MITOTIC CELL CYCLE PHASE TRANSITION%GOBP%GO:0044772	MITOTIC CELL CYCLE PHASE TRANSITION%GOBP%GO:0044772		95	0.2921417	1.0823082	0.2853598	0.6612579	1.0	3188	tags=35%, list=24%, signal=45%	
ATF-2 TRANSCRIPTION FACTOR NETWORK%PATHWAY INTERACTION DATABASE NCI-NATURE CURATED DATA%ATF-2 TRANSCRIPTION FACTOR NETWORK	ATF-2 TRANSCRIPTION FACTOR NETWORK%PATHWAY INTERACTION DATABASE NCI-NATURE CURATED DATA%ATF-2 TRANSCRIPTION FACTOR NETWORK		51	0.3262284	1.0820372	0.31578946	0.66150147	1.0	1415	tags=22%, list=10%, signal=24%	
EMBRYONIC STEM CELL PLURIPOTENCY PATHWAYS%WIKIPATHWAYS_20250810%WP3931%HOMO SAPIENS	EMBRYONIC STEM CELL PLURIPOTENCY PATHWAYS%WIKIPATHWAYS_20250810%WP3931%HOMO SAPIENS		72	0.30205253	1.0818424	0.3135392	0.6615232	1.0	2506	tags=29%, list=18%, signal=36%	
BIOCARTA_MET_PATHWAY%MSIGDB_C2%BIOCARTA_MET_PATHWAY	BIOCARTA_MET_PATHWAY%MSIGDB_C2%BIOCARTA_MET_PATHWAY		27	0.3685241	1.0817045	0.33481154	0.6613432	1.0	1552	tags=22%, list=11%, signal=25%	
BURN WOUND HEALING%WIKIPATHWAYS_20250810%WP5055%HOMO SAPIENS	BURN WOUND HEALING%WIKIPATHWAYS_20250810%WP5055%HOMO SAPIENS		45	0.33373514	1.0814742	0.32790697	0.6614249	1.0	2196	tags=38%, list=16%, signal=45%	
NEGATIVE REGULATION OF CALCIUM ION TRANSPORT%GOBP%GO:0051926	NEGATIVE REGULATION OF CALCIUM ION TRANSPORT%GOBP%GO:0051926		28	0.36719564	1.0812948	0.35903084	0.6613869	1.0	1888	tags=21%, list=14%, signal=25%	
NEGATIVE REGULATION OF MONONUCLEAR CELL PROLIFERATION%GOBP%GO:0032945	NEGATIVE REGULATION OF MONONUCLEAR CELL PROLIFERATION%GOBP%GO:0032945		44	0.3331102	1.0808489	0.32304037	0.6620974	1.0	2136	tags=34%, list=16%, signal=40%	
REGULATION OF NEUROTRANSMITTER SECRETION%GOBP%GO:0046928	REGULATION OF NEUROTRANSMITTER SECRETION%GOBP%GO:0046928		39	0.3409576	1.0803492	0.29930395	0.66285515	1.0	943	tags=21%, list=7%, signal=22%	
PROTEIN ALKYLATION%GOBP%GO:0008213	PROTEIN ALKYLATION%GOBP%GO:0008213		34	0.35324937	1.0799465	0.34813085	0.66342103	1.0	4086	tags=35%, list=30%, signal=50%	
BIOCARTA_GPCR_PATHWAY%MSIGDB_C2%BIOCARTA_GPCR_PATHWAY	BIOCARTA_GPCR_PATHWAY%MSIGDB_C2%BIOCARTA_GPCR_PATHWAY		21	0.40103334	1.0798562	0.3452116	0.66315395	1.0	2274	tags=29%, list=17%, signal=34%	
RETROGRADE PROTEIN TRANSPORT, ER TO CYTOSOL%GOBP%GO:0030970	RETROGRADE PROTEIN TRANSPORT, ER TO CYTOSOL%GOBP%GO:0030970		19	0.4089384	1.0794917	0.3378076	0.66363174	1.0	4675	tags=68%, list=34%, signal=104%	
REGULATION OF HORMONE METABOLIC PROCESS%GOBP%GO:0032350	REGULATION OF HORMONE METABOLIC PROCESS%GOBP%GO:0032350		22	0.38706595	1.0794195	0.35874438	0.6633056	1.0	855	tags=23%, list=6%, signal=24%	
NEGATIVE REGULATION OF INTERLEUKIN-6 PRODUCTION%GOBP%GO:0032715	NEGATIVE REGULATION OF INTERLEUKIN-6 PRODUCTION%GOBP%GO:0032715		26	0.3733801	1.0787234	0.33571428	0.664666	1.0	1236	tags=31%, list=9%, signal=34%	
NEGATIVE REGULATION OF SEQUESTERING OF CALCIUM ION%GOBP%GO:0051283	NEGATIVE REGULATION OF SEQUESTERING OF CALCIUM ION%GOBP%GO:0051283		40	0.3336766	1.0785629	0.33809525	0.6645652	1.0	1533	tags=25%, list=11%, signal=28%	
RESPONSE TO INTERFERON-ALPHA%GOBP%GO:0035455	RESPONSE TO INTERFERON-ALPHA%GOBP%GO:0035455		18	0.42087176	1.0780532	0.33766234	0.66542166	1.0	1471	tags=22%, list=11%, signal=25%	
NEURAL TUBE DEVELOPMENT%GOBP%GO:0021915	NEURAL TUBE DEVELOPMENT%GOBP%GO:0021915		41	0.33714384	1.0778327	0.33729216	0.6654235	1.0	2041	tags=29%, list=15%, signal=34%	
TUMOR NECROSIS FACTOR-MEDIATED SIGNALING PATHWAY%GOBP%GO:0033209	TUMOR NECROSIS FACTOR-MEDIATED SIGNALING PATHWAY%GOBP%GO:0033209		37	0.34393173	1.0775081	0.33411765	0.66578627	1.0	1173	tags=16%, list=9%, signal=18%	
STRIATED MUSCLE CONTRACTION%REACTOME DATABASE ID RELEASE 93%390522	STRIATED MUSCLE CONTRACTION%REACTOME DATABASE ID RELEASE 93%390522		17	0.4101766	1.0774671	0.3537415	0.6653643	1.0	327	tags=12%, list=2%, signal=12%	
MITOTIC ANAPHASE%REACTOME%R-HSA-68882.5	MITOTIC ANAPHASE%REACTOME%R-HSA-68882.5		192	0.26113418	1.0773389	0.2771739	0.6651794	1.0	3611	tags=33%, list=27%, signal=45%	
DEPHOSPHORYLATION%GOBP%GO:0016311	DEPHOSPHORYLATION%GOBP%GO:0016311		103	0.28222528	1.0773336	0.30193236	0.6646701	1.0	1840	tags=16%, list=14%, signal=18%	
MEMBRANE LIPID CATABOLIC PROCESS%GOBP%GO:0046466	MEMBRANE LIPID CATABOLIC PROCESS%GOBP%GO:0046466		31	0.35721824	1.0762589	0.32634032	0.6671368	1.0	2981	tags=45%, list=22%, signal=58%	
ERAD PATHWAY%GOBP%GO:0036503	ERAD PATHWAY%GOBP%GO:0036503		86	0.29265535	1.0757354	0.29081634	0.6680162	1.0	4710	tags=50%, list=35%, signal=76%	
PROTEIN COMPLEX OLIGOMERIZATION%GOBP%GO:0051259	PROTEIN COMPLEX OLIGOMERIZATION%GOBP%GO:0051259		156	0.26819786	1.0756547	0.27764127	0.66769624	1.0	1827	tags=20%, list=13%, signal=23%	
CELLULAR RESPONSE TO INTERLEUKIN-1%GOBP%GO:0071347	CELLULAR RESPONSE TO INTERLEUKIN-1%GOBP%GO:0071347		52	0.31613612	1.0754721	0.35211268	0.6676396	1.0	1387	tags=17%, list=10%, signal=19%	
LEARNING%GOBP%GO:0007612	LEARNING%GOBP%GO:0007612		41	0.3347873	1.0748993	0.32876712	0.6686877	1.0	1457	tags=20%, list=11%, signal=22%	
POSITIVE REGULATION OF DNA DAMAGE RESPONSE, SIGNAL TRANSDUCTION BY P53 CLASS MEDIATOR%GOBP%GO:0043517	POSITIVE REGULATION OF DNA DAMAGE RESPONSE, SIGNAL TRANSDUCTION BY P53 CLASS MEDIATOR%GOBP%GO:0043517		15	0.4294105	1.074845	0.38543898	0.6683105	1.0	2201	tags=33%, list=16%, signal=40%	
SENSORY SYSTEM DEVELOPMENT%GOBP%GO:0048880	SENSORY SYSTEM DEVELOPMENT%GOBP%GO:0048880		128	0.27690446	1.0744458	0.28374657	0.668917	1.0	1616	tags=20%, list=12%, signal=23%	
PATTERN SPECIFICATION PROCESS%GOBP%GO:0007389	PATTERN SPECIFICATION PROCESS%GOBP%GO:0007389		160	0.26579	1.0743886	0.26717559	0.6685534	1.0	1894	tags=23%, list=14%, signal=27%	
POSITIVE REGULATION OF MYELOID LEUKOCYTE DIFFERENTIATION%GOBP%GO:0002763	POSITIVE REGULATION OF MYELOID LEUKOCYTE DIFFERENTIATION%GOBP%GO:0002763		37	0.33848	1.0738544	0.33684212	0.66950786	1.0	871	tags=27%, list=6%, signal=29%	
NEGATIVE REGULATION OF LYMPHOCYTE PROLIFERATION%GOBP%GO:0050672	NEGATIVE REGULATION OF LYMPHOCYTE PROLIFERATION%GOBP%GO:0050672		44	0.3331102	1.0738112	0.33971292	0.6691029	1.0	2136	tags=34%, list=16%, signal=40%	
G1/S TRANSITION OF MITOTIC CELL CYCLE%GOBP%GO:0000082	G1/S TRANSITION OF MITOTIC CELL CYCLE%GOBP%GO:0000082		56	0.314038	1.0725633	0.33563218	0.67194706	1.0	2791	tags=34%, list=21%, signal=43%	
REGULATION OF PROTEIN LOCALIZATION TO NUCLEUS%GOBP%GO:1900180	REGULATION OF PROTEIN LOCALIZATION TO NUCLEUS%GOBP%GO:1900180		94	0.28772277	1.0715764	0.29285714	0.6740732	1.0	2404	tags=22%, list=18%, signal=27%	
FGFR1 MUTANT RECEPTOR ACTIVATION%REACTOME DATABASE ID RELEASE 93%1839124	FGFR1 MUTANT RECEPTOR ACTIVATION%REACTOME DATABASE ID RELEASE 93%1839124		22	0.37960368	1.0715566	0.36174637	0.6736106	1.0	220	tags=9%, list=2%, signal=9%	
MICROGLIA PATHOGEN PHAGOCYTOSIS PATHWAY%WIKIPATHWAYS_20250810%WP3937%HOMO SAPIENS	MICROGLIA PATHOGEN PHAGOCYTOSIS PATHWAY%WIKIPATHWAYS_20250810%WP3937%HOMO SAPIENS		30	0.35895658	1.0710838	0.35897437	0.67436886	1.0	365	tags=17%, list=3%, signal=17%	
REGULATION OF REGULATORY T CELL DIFFERENTIATION%GOBP%GO:0045589	REGULATION OF REGULATORY T CELL DIFFERENTIATION%GOBP%GO:0045589		21	0.3983401	1.0700182	0.34728032	0.67671335	1.0	1618	tags=29%, list=12%, signal=32%	
COPPER ION HOMEOSTASIS%GOBP%GO:0055070	COPPER ION HOMEOSTASIS%GOBP%GO:0055070		15	0.42406076	1.0697163	0.38716814	0.67701834	1.0	2884	tags=27%, list=21%, signal=34%	
TUBE CLOSURE%GOBP%GO:0060606	TUBE CLOSURE%GOBP%GO:0060606		26	0.3780967	1.0696604	0.37130803	0.6766476	1.0	1868	tags=27%, list=14%, signal=31%	
E2F TRANSCRIPTION FACTOR NETWORK%PATHWAY INTERACTION DATABASE NCI-NATURE CURATED DATA%E2F TRANSCRIPTION FACTOR NETWORK	E2F TRANSCRIPTION FACTOR NETWORK%PATHWAY INTERACTION DATABASE NCI-NATURE CURATED DATA%E2F TRANSCRIPTION FACTOR NETWORK		65	0.31165072	1.0696083	0.33414045	0.6762579	1.0	403	tags=8%, list=3%, signal=8%	
NEGATIVE REGULATION OF FAT CELL DIFFERENTIATION%GOBP%GO:0045599	NEGATIVE REGULATION OF FAT CELL DIFFERENTIATION%GOBP%GO:0045599		36	0.3532955	1.0694041	0.35176992	0.67630833	1.0	3893	tags=47%, list=29%, signal=66%	
NEUROTRANSMITTER SECRETION%GOBP%GO:0007269	NEUROTRANSMITTER SECRETION%GOBP%GO:0007269		46	0.3333603	1.0693421	0.3478261	0.6759336	1.0	1157	tags=15%, list=9%, signal=17%	
PROTEIN DEPHOSPHORYLATION%GOBP%GO:0006470	PROTEIN DEPHOSPHORYLATION%GOBP%GO:0006470		72	0.29951897	1.0692836	0.34532374	0.67556614	1.0	1840	tags=15%, list=14%, signal=18%	
MITOTIC G2-G2 M PHASES%REACTOME DATABASE ID RELEASE 93%453274	MITOTIC G2-G2 M PHASES%REACTOME DATABASE ID RELEASE 93%453274		164	0.26301685	1.0692773	0.30526316	0.67505586	1.0	3918	tags=34%, list=29%, signal=47%	
REGULATION OF RUNX1 EXPRESSION AND ACTIVITY%REACTOME%R-HSA-8934593.2	REGULATION OF RUNX1 EXPRESSION AND ACTIVITY%REACTOME%R-HSA-8934593.2		17	0.41093045	1.0678538	0.36483517	0.6783224	1.0	2935	tags=35%, list=22%, signal=45%	
HEME METABOLIC PROCESS%GOBP%GO:0042168	HEME METABOLIC PROCESS%GOBP%GO:0042168		31	0.35559648	1.0675642	0.34606743	0.6786004	1.0	1421	tags=16%, list=10%, signal=18%	
ACTOMYOSIN STRUCTURE ORGANIZATION%GOBP%GO:0031032	ACTOMYOSIN STRUCTURE ORGANIZATION%GOBP%GO:0031032		76	0.29560077	1.0673732	0.30729166	0.6786016	1.0	1889	tags=20%, list=14%, signal=23%	
PHOSPHATIDYLCHOLINE METABOLIC PROCESS%GOBP%GO:0046470	PHOSPHATIDYLCHOLINE METABOLIC PROCESS%GOBP%GO:0046470		43	0.32883182	1.0670394	0.35926774	0.67897165	1.0	1405	tags=26%, list=10%, signal=28%	
NEGATIVE REGULATION OF PHOSPHATE METABOLIC PROCESS%GOBP%GO:0045936	NEGATIVE REGULATION OF PHOSPHATE METABOLIC PROCESS%GOBP%GO:0045936		123	0.27840367	1.0667732	0.30591258	0.6792005	1.0	1605	tags=18%, list=12%, signal=20%	
CENTROSOME CYCLE%GOBP%GO:0007098	CENTROSOME CYCLE%GOBP%GO:0007098		79	0.29374295	1.0667129	0.3163017	0.6788533	1.0	3611	tags=30%, list=27%, signal=41%	
GNAQ PATHWAYS IN PORT WINE STAIN%WIKIPATHWAYS_20250810%WP5437%HOMO SAPIENS	GNAQ PATHWAYS IN PORT WINE STAIN%WIKIPATHWAYS_20250810%WP5437%HOMO SAPIENS		16	0.4146405	1.0664438	0.37020317	0.6790575	1.0	2199	tags=25%, list=16%, signal=30%	
DIGESTION%GOBP%GO:0007586	DIGESTION%GOBP%GO:0007586		39	0.34049162	1.0662197	0.33962265	0.67915994	1.0	1603	tags=26%, list=12%, signal=29%	
SPHINGOLIPID METABOLISM INTEGRATED PATHWAY%WIKIPATHWAYS_20250810%WP4726%HOMO SAPIENS	SPHINGOLIPID METABOLISM INTEGRATED PATHWAY%WIKIPATHWAYS_20250810%WP4726%HOMO SAPIENS		19	0.3969867	1.0654432	0.3482906	0.6808258	1.0	3422	tags=42%, list=25%, signal=56%	
CENTRAL NERVOUS SYSTEM NEURON AXONOGENESIS%GOBP%GO:0021955	CENTRAL NERVOUS SYSTEM NEURON AXONOGENESIS%GOBP%GO:0021955		19	0.3946434	1.0653952	0.36951983	0.6804444	1.0	1328	tags=26%, list=10%, signal=29%	
CELL CYCLE G1/S PHASE TRANSITION%GOBP%GO:0044843	CELL CYCLE G1/S PHASE TRANSITION%GOBP%GO:0044843		58	0.30917796	1.0650401	0.33743843	0.68084246	1.0	2791	tags=33%, list=21%, signal=41%	
ANGIOPOIETIN RECEPTOR TIE2-MEDIATED SIGNALING%PATHWAY INTERACTION DATABASE NCI-NATURE CURATED DATA%ANGIOPOIETIN RECEPTOR TIE2-MEDIATED SIGNALING	ANGIOPOIETIN RECEPTOR TIE2-MEDIATED SIGNALING%PATHWAY INTERACTION DATABASE NCI-NATURE CURATED DATA%ANGIOPOIETIN RECEPTOR TIE2-MEDIATED SIGNALING		47	0.3291052	1.0649449	0.33882353	0.6805793	1.0	1491	tags=19%, list=11%, signal=21%	
REGULATION OF CELL CYCLE G2/M PHASE TRANSITION%GOBP%GO:1902749	REGULATION OF CELL CYCLE G2/M PHASE TRANSITION%GOBP%GO:1902749		86	0.28749335	1.0643606	0.3121693	0.68168783	1.0	2590	tags=23%, list=19%, signal=29%	
RENAL SYSTEM PROCESS%GOBP%GO:0003014	RENAL SYSTEM PROCESS%GOBP%GO:0003014		67	0.30314627	1.063942	0.33830845	0.6822905	1.0	1695	tags=21%, list=13%, signal=24%	
VISUAL SYSTEM DEVELOPMENT%GOBP%GO:0150063	VISUAL SYSTEM DEVELOPMENT%GOBP%GO:0150063		127	0.27768287	1.063899	0.314578	0.6818857	1.0	1616	tags=20%, list=12%, signal=23%	
BIOCARTA_CDMAC_PATHWAY%MSIGDB_C2%BIOCARTA_CDMAC_PATHWAY	BIOCARTA_CDMAC_PATHWAY%MSIGDB_C2%BIOCARTA_CDMAC_PATHWAY		16	0.41014856	1.0638797	0.3674833	0.6814228	1.0	1003	tags=19%, list=7%, signal=20%	
NEGATIVE REGULATION OF SECRETION%GOBP%GO:0051048	NEGATIVE REGULATION OF SECRETION%GOBP%GO:0051048		74	0.29644015	1.0638441	0.33246753	0.680999	1.0	1634	tags=22%, list=12%, signal=24%	
POSITIVE REGULATION OF INTERLEUKIN-6 PRODUCTION%GOBP%GO:0032755	POSITIVE REGULATION OF INTERLEUKIN-6 PRODUCTION%GOBP%GO:0032755		63	0.3068518	1.063638	0.33568075	0.6810513	1.0	1055	tags=17%, list=8%, signal=19%	
SPHINGOLIPID CATABOLIC PROCESS%GOBP%GO:0030149	SPHINGOLIPID CATABOLIC PROCESS%GOBP%GO:0030149		27	0.3617164	1.0634643	0.37668163	0.6809939	1.0	2981	tags=44%, list=22%, signal=57%	
POSITIVE REGULATION OF REGULATED SECRETORY PATHWAY%GOBP%GO:1903307	POSITIVE REGULATION OF REGULATED SECRETORY PATHWAY%GOBP%GO:1903307		26	0.36160225	1.062768	0.35412025	0.6823911	1.0	1157	tags=19%, list=9%, signal=21%	
POSITIVE REGULATION OF TYPE I INTERFERON PRODUCTION%GOBP%GO:0032481	POSITIVE REGULATION OF TYPE I INTERFERON PRODUCTION%GOBP%GO:0032481		67	0.30157727	1.0627472	0.32480818	0.68192655	1.0	2740	tags=30%, list=20%, signal=37%	
DISEASES ASSOCIATED WITH GLYCOSYLATION PRECURSOR BIOSYNTHESIS%REACTOME DATABASE ID RELEASE 93%5609975	DISEASES ASSOCIATED WITH GLYCOSYLATION PRECURSOR BIOSYNTHESIS%REACTOME DATABASE ID RELEASE 93%5609975		16	0.41262394	1.0623705	0.37995824	0.68244535	1.0	3122	tags=38%, list=23%, signal=49%	
PROTEIN ALPHA-1,2-DEMANNOSYLATION%GOBP%GO:0036508	PROTEIN ALPHA-1,2-DEMANNOSYLATION%GOBP%GO:0036508		17	0.39841425	1.0609148	0.38073394	0.68582004	1.0	4119	tags=47%, list=30%, signal=68%	
NEGATIVE REGULATION OF LYMPHOCYTE DIFFERENTIATION%GOBP%GO:0045620	NEGATIVE REGULATION OF LYMPHOCYTE DIFFERENTIATION%GOBP%GO:0045620		32	0.3440772	1.0608938	0.3402299	0.68536085	1.0	1333	tags=28%, list=10%, signal=31%	
ESTABLISHMENT OF MITOTIC SPINDLE ORIENTATION%GOBP%GO:0000132	ESTABLISHMENT OF MITOTIC SPINDLE ORIENTATION%GOBP%GO:0000132		23	0.3738649	1.060336	0.37188208	0.68627894	1.0	3844	tags=43%, list=28%, signal=61%	
GLIAL CELL ACTIVATION%GOBP%GO:0061900	GLIAL CELL ACTIVATION%GOBP%GO:0061900		22	0.38657203	1.0600609	0.3785558	0.6864912	1.0	1326	tags=23%, list=10%, signal=25%	
17Q12 COPY NUMBER VARIATION SYNDROME%WIKIPATHWAYS_20250810%WP5287%HOMO SAPIENS	17Q12 COPY NUMBER VARIATION SYNDROME%WIKIPATHWAYS_20250810%WP5287%HOMO SAPIENS		51	0.32363936	1.0599071	0.3514151	0.6863736	1.0	1546	tags=22%, list=11%, signal=24%	
POSITIVE REGULATION OF CARTILAGE DEVELOPMENT%GOBP%GO:0061036	POSITIVE REGULATION OF CARTILAGE DEVELOPMENT%GOBP%GO:0061036		16	0.39953178	1.0592909	0.3607306	0.6875076	1.0	1048	tags=19%, list=8%, signal=20%	
NEGATIVE REGULATION OF NUCLEOCYTOPLASMIC TRANSPORT%GOBP%GO:0046823	NEGATIVE REGULATION OF NUCLEOCYTOPLASMIC TRANSPORT%GOBP%GO:0046823		17	0.39646086	1.0583826	0.3935185	0.68941146	1.0	1862	tags=18%, list=14%, signal=20%	
PID_FCER1_PATHWAY%MSIGDB_C2%PID_FCER1_PATHWAY	PID_FCER1_PATHWAY%MSIGDB_C2%PID_FCER1_PATHWAY		49	0.31763166	1.0580304	0.34061137	0.68988895	1.0	1934	tags=24%, list=14%, signal=28%	
NEUROPEPTIDE SIGNALING PATHWAY%GOBP%GO:0007218	NEUROPEPTIDE SIGNALING PATHWAY%GOBP%GO:0007218		25	0.37583268	1.0579721	0.37938598	0.68952596	1.0	1320	tags=28%, list=10%, signal=31%	
PID_SMAD2_3NUCLEAR_PATHWAY%MSIGDB_C2%PID_SMAD2_3NUCLEAR_PATHWAY	PID_SMAD2_3NUCLEAR_PATHWAY%MSIGDB_C2%PID_SMAD2_3NUCLEAR_PATHWAY		60	0.3051009	1.057453	0.3372093	0.69036204	1.0	3390	tags=35%, list=25%, signal=46%	
NEGATIVE REGULATION OF LEUKOCYTE CHEMOTAXIS%GOBP%GO:0002689	NEGATIVE REGULATION OF LEUKOCYTE CHEMOTAXIS%GOBP%GO:0002689		16	0.40891525	1.0570769	0.38105726	0.690921	1.0	1874	tags=44%, list=14%, signal=51%	
REGULATION OF LAMELLIPODIUM ORGANIZATION%GOBP%GO:1902743	REGULATION OF LAMELLIPODIUM ORGANIZATION%GOBP%GO:1902743		39	0.33763126	1.0565654	0.34106728	0.69180715	1.0	2066	tags=31%, list=15%, signal=36%	
FGFR3 SIGNALING IN CHONDROCYTE PROLIFERATION AND TERMINAL DIFFERENTIATION%WIKIPATHWAYS_20250810%WP4767%HOMO SAPIENS	FGFR3 SIGNALING IN CHONDROCYTE PROLIFERATION AND TERMINAL DIFFERENTIATION%WIKIPATHWAYS_20250810%WP4767%HOMO SAPIENS		25	0.36704946	1.0563685	0.3581081	0.6918368	1.0	2546	tags=36%, list=19%, signal=44%	
ESTABLISHMENT OF PROTEIN LOCALIZATION TO EXTRACELLULAR REGION%GOBP%GO:0035592	ESTABLISHMENT OF PROTEIN LOCALIZATION TO EXTRACELLULAR REGION%GOBP%GO:0035592		51	0.3246298	1.056034	0.35679612	0.6922419	1.0	2603	tags=33%, list=19%, signal=41%	
POSITIVE REGULATION OF PROTEIN PHOSPHORYLATION%GOBP%GO:0001934	POSITIVE REGULATION OF PROTEIN PHOSPHORYLATION%GOBP%GO:0001934		168	0.2612371	1.0558077	0.33333334	0.69232845	1.0	1534	tags=20%, list=11%, signal=22%	
POSITIVE REGULATION OF PROTEIN LOCALIZATION TO PLASMA MEMBRANE%GOBP%GO:1903078	POSITIVE REGULATION OF PROTEIN LOCALIZATION TO PLASMA MEMBRANE%GOBP%GO:1903078		49	0.31847066	1.0557072	0.34545454	0.6920902	1.0	4178	tags=47%, list=31%, signal=68%	
POSITIVE REGULATION OF CATION CHANNEL ACTIVITY%GOBP%GO:2001259	POSITIVE REGULATION OF CATION CHANNEL ACTIVITY%GOBP%GO:2001259		17	0.4130405	1.0552963	0.39269406	0.6926805	1.0	772	tags=18%, list=6%, signal=19%	
CELLULAR RESPONSE TO HYDROGEN PEROXIDE%GOBP%GO:0070301	CELLULAR RESPONSE TO HYDROGEN PEROXIDE%GOBP%GO:0070301		33	0.33993715	1.0552522	0.35933807	0.69227815	1.0	1205	tags=24%, list=9%, signal=27%	
REGULATION OF EPITHELIAL CELL MIGRATION%GOBP%GO:0010632	REGULATION OF EPITHELIAL CELL MIGRATION%GOBP%GO:0010632		47	0.31476104	1.0549722	0.36489606	0.69255596	1.0	3312	tags=36%, list=24%, signal=48%	
NUCLEAR DNA REPLICATION%GOBP%GO:0033260	NUCLEAR DNA REPLICATION%GOBP%GO:0033260		17	0.4008226	1.0548065	0.3561947	0.69250476	1.0	1226	tags=24%, list=9%, signal=26%	
BIOCARTA_FCER1_PATHWAY%MSIGDB_C2%BIOCARTA_FCER1_PATHWAY	BIOCARTA_FCER1_PATHWAY%MSIGDB_C2%BIOCARTA_FCER1_PATHWAY		31	0.34978446	1.0546536	0.3494253	0.69238037	1.0	1861	tags=23%, list=14%, signal=26%	
NEGATIVE REGULATION OF TRANSFORMING GROWTH FACTOR BETA RECEPTOR SIGNALING PATHWAY%GOBP%GO:0030512	NEGATIVE REGULATION OF TRANSFORMING GROWTH FACTOR BETA RECEPTOR SIGNALING PATHWAY%GOBP%GO:0030512		73	0.30354932	1.0544072	0.36027715	0.69248646	1.0	2774	tags=30%, list=20%, signal=38%	
REGULATION OF PROTEIN TARGETING TO MEMBRANE%GOBP%GO:0090313	REGULATION OF PROTEIN TARGETING TO MEMBRANE%GOBP%GO:0090313		22	0.3759798	1.0544001	0.3840909	0.69198465	1.0	1902	tags=23%, list=14%, signal=26%	
REGULATION OF ERBB SIGNALING PATHWAY%GOBP%GO:1901184	REGULATION OF ERBB SIGNALING PATHWAY%GOBP%GO:1901184		59	0.30775198	1.0541699	0.35885167	0.6920982	1.0	2724	tags=37%, list=20%, signal=46%	
SPHINGOLIPID METABOLISM OVERVIEW%WIKIPATHWAYS_20250810%WP4725%HOMO SAPIENS	SPHINGOLIPID METABOLISM OVERVIEW%WIKIPATHWAYS_20250810%WP4725%HOMO SAPIENS		19	0.3887205	1.0541584	0.39308855	0.69161654	1.0	3422	tags=42%, list=25%, signal=56%	
DNA DAMAGE RESPONSE, SIGNAL TRANSDUCTION BY P53 CLASS MEDIATOR%GOBP%GO:0030330	DNA DAMAGE RESPONSE, SIGNAL TRANSDUCTION BY P53 CLASS MEDIATOR%GOBP%GO:0030330		32	0.34610575	1.0538722	0.36703297	0.69185764	1.0	2891	tags=31%, list=21%, signal=40%	
NEGATIVE REGULATION OF PROTEIN PHOSPHORYLATION%GOBP%GO:0001933	NEGATIVE REGULATION OF PROTEIN PHOSPHORYLATION%GOBP%GO:0001933		90	0.28693575	1.0534511	0.33007336	0.6925328	1.0	2705	tags=28%, list=20%, signal=34%	
PROTEIN-PROTEIN INTERACTIONS AT SYNAPSES%REACTOME%R-HSA-6794362.6	PROTEIN-PROTEIN INTERACTIONS AT SYNAPSES%REACTOME%R-HSA-6794362.6		56	0.3057565	1.0532672	0.36214954	0.6925226	1.0	1850	tags=23%, list=14%, signal=27%	
RETINOBLASTOMA GENE IN CANCER%WIKIPATHWAYS_20250810%WP2446%HOMO SAPIENS	RETINOBLASTOMA GENE IN CANCER%WIKIPATHWAYS_20250810%WP2446%HOMO SAPIENS		68	0.29869205	1.0531359	0.33333334	0.6923675	1.0	2789	tags=26%, list=21%, signal=33%	
CELLULAR RESPONSE TO TYPE II INTERFERON%GOBP%GO:0071346	CELLULAR RESPONSE TO TYPE II INTERFERON%GOBP%GO:0071346		41	0.3202994	1.0521152	0.36448598	0.6946577	1.0	1861	tags=22%, list=14%, signal=25%	
TRK RECEPTOR SIGNALING MEDIATED BY THE MAPK PATHWAY%PATHWAY INTERACTION DATABASE NCI-NATURE CURATED DATA%TRK RECEPTOR SIGNALING MEDIATED BY THE MAPK PATHWAY	TRK RECEPTOR SIGNALING MEDIATED BY THE MAPK PATHWAY%PATHWAY INTERACTION DATABASE NCI-NATURE CURATED DATA%TRK RECEPTOR SIGNALING MEDIATED BY THE MAPK PATHWAY		32	0.34454712	1.0517368	0.37697518	0.69518316	1.0	1205	tags=16%, list=9%, signal=17%	
NEGATIVE REGULATION OF REPRODUCTIVE PROCESS%GOBP%GO:2000242	NEGATIVE REGULATION OF REPRODUCTIVE PROCESS%GOBP%GO:2000242		21	0.3771145	1.0512434	0.3840909	0.6959887	1.0	1545	tags=33%, list=11%, signal=38%	
RELEASE OF SEQUESTERED CALCIUM ION INTO CYTOSOL%GOBP%GO:0051209	RELEASE OF SEQUESTERED CALCIUM ION INTO CYTOSOL%GOBP%GO:0051209		39	0.335529	1.0511762	0.3493976	0.6956683	1.0	1533	tags=26%, list=11%, signal=29%	
POSITIVE REGULATION OF PROTEIN KINASE ACTIVITY%GOBP%GO:0045860	POSITIVE REGULATION OF PROTEIN KINASE ACTIVITY%GOBP%GO:0045860		96	0.2771588	1.0509325	0.2962963	0.69583046	1.0	1534	tags=22%, list=11%, signal=24%	
FGFR2 MUTANT RECEPTOR ACTIVATION%REACTOME%R-HSA-1839126.4	FGFR2 MUTANT RECEPTOR ACTIVATION%REACTOME%R-HSA-1839126.4		23	0.36632982	1.0504274	0.37037036	0.6966611	1.0	220	tags=9%, list=2%, signal=9%	
STEROID BIOSYNTHETIC PROCESS%GOBP%GO:0006694	STEROID BIOSYNTHETIC PROCESS%GOBP%GO:0006694		51	0.3142967	1.0503259	0.34117648	0.69642556	1.0	1171	tags=20%, list=9%, signal=21%	
POSITIVE REGULATION OF PHOSPHORYLATION%GOBP%GO:0042327	POSITIVE REGULATION OF PHOSPHORYLATION%GOBP%GO:0042327		181	0.25503138	1.0501802	0.34501347	0.69629854	1.0	1534	tags=19%, list=11%, signal=21%	
REGULATION OF NEURON DIFFERENTIATION%GOBP%GO:0045664	REGULATION OF NEURON DIFFERENTIATION%GOBP%GO:0045664		59	0.31221303	1.0496144	0.3644647	0.6973557	1.0	1352	tags=20%, list=10%, signal=22%	
REGULATION OF FZD BY UBIQUITINATION%REACTOME%R-HSA-4641263.4	REGULATION OF FZD BY UBIQUITINATION%REACTOME%R-HSA-4641263.4		15	0.40538725	1.0495256	0.38189846	0.69708294	1.0	1367	tags=20%, list=10%, signal=22%	
ANATOMICAL STRUCTURE HOMEOSTASIS%GOBP%GO:0060249	ANATOMICAL STRUCTURE HOMEOSTASIS%GOBP%GO:0060249		93	0.28350714	1.049524	0.35416666	0.69657344	1.0	1768	tags=19%, list=13%, signal=22%	
CXCR3-MEDIATED SIGNALING EVENTS%PATHWAY INTERACTION DATABASE NCI-NATURE CURATED DATA%CXCR3-MEDIATED SIGNALING EVENTS	CXCR3-MEDIATED SIGNALING EVENTS%PATHWAY INTERACTION DATABASE NCI-NATURE CURATED DATA%CXCR3-MEDIATED SIGNALING EVENTS		35	0.3398091	1.0492476	0.3711584	0.6968438	1.0	757	tags=14%, list=6%, signal=15%	
ENDOSOME ORGANIZATION%GOBP%GO:0007032	ENDOSOME ORGANIZATION%GOBP%GO:0007032		78	0.29124177	1.0478485	0.3442623	0.7001759	1.0	4170	tags=38%, list=31%, signal=55%	
HEMATOPOIETIC PROGENITOR CELL DIFFERENTIATION%GOBP%GO:0002244	HEMATOPOIETIC PROGENITOR CELL DIFFERENTIATION%GOBP%GO:0002244		25	0.3679487	1.0477117	0.3781321	0.7000667	1.0	1048	tags=16%, list=8%, signal=17%	
OXIDATIVE STRESS RESPONSE%WIKIPATHWAYS_20250810%WP408%HOMO SAPIENS	OXIDATIVE STRESS RESPONSE%WIKIPATHWAYS_20250810%WP408%HOMO SAPIENS		19	0.39629605	1.0476521	0.39955357	0.69970876	1.0	1421	tags=26%, list=10%, signal=29%	
ETOPOSIDE METABOLISM PATHWAY%PATHWHIZ%PW000577	ETOPOSIDE METABOLISM PATHWAY%PATHWHIZ%PW000577		17	0.39885256	1.0473481	0.4064665	0.70002127	1.0	2530	tags=41%, list=19%, signal=51%	
AXONEME ASSEMBLY%GOBP%GO:0035082	AXONEME ASSEMBLY%GOBP%GO:0035082		45	0.32121485	1.0470809	0.37323943	0.70026326	1.0	2285	tags=27%, list=17%, signal=32%	
PID_HIF1_TFPATHWAY%MSIGDB_C2%PID_HIF1_TFPATHWAY	PID_HIF1_TFPATHWAY%MSIGDB_C2%PID_HIF1_TFPATHWAY		40	0.3255795	1.0470295	0.36533958	0.6998898	1.0	1425	tags=25%, list=11%, signal=28%	
POSTSYNAPSE ORGANIZATION%GOBP%GO:0099173	POSTSYNAPSE ORGANIZATION%GOBP%GO:0099173		37	0.33348534	1.0469488	0.3873874	0.69957185	1.0	1817	tags=30%, list=13%, signal=34%	
POSITIVE REGULATION OF TRANSFERASE ACTIVITY%GOBP%GO:0051347	POSITIVE REGULATION OF TRANSFERASE ACTIVITY%GOBP%GO:0051347		117	0.269226	1.0464858	0.3315508	0.70035726	1.0	1534	tags=21%, list=11%, signal=23%	
G1 S-SPECIFIC TRANSCRIPTION%REACTOME%R-HSA-69205.5	G1 S-SPECIFIC TRANSCRIPTION%REACTOME%R-HSA-69205.5		23	0.37939927	1.0461944	0.39740822	0.70065135	1.0	1545	tags=22%, list=11%, signal=24%	
NEGATIVE REGULATION OF MITOTIC CELL CYCLE%GOBP%GO:0045930	NEGATIVE REGULATION OF MITOTIC CELL CYCLE%GOBP%GO:0045930		149	0.26277733	1.0460421	0.32054794	0.70055044	1.0	1839	tags=17%, list=14%, signal=20%	
BIOGENIC AMINE METABOLIC PROCESS%GOBP%GO:0006576	BIOGENIC AMINE METABOLIC PROCESS%GOBP%GO:0006576		32	0.35216284	1.0456667	0.38106796	0.70107704	1.0	1996	tags=25%, list=15%, signal=29%	
REGULATION OF NLRP3 INFLAMMASOME COMPLEX ASSEMBLY%GOBP%GO:1900225	REGULATION OF NLRP3 INFLAMMASOME COMPLEX ASSEMBLY%GOBP%GO:1900225		37	0.3305524	1.0450978	0.36155605	0.7020613	1.0	1244	tags=22%, list=9%, signal=24%	
PID_UPA_UPAR_PATHWAY%MSIGDB_C2%PID_UPA_UPAR_PATHWAY	PID_UPA_UPAR_PATHWAY%MSIGDB_C2%PID_UPA_UPAR_PATHWAY		23	0.37393558	1.0448987	0.41269842	0.7021225	1.0	1237	tags=30%, list=9%, signal=33%	
POSITIVE REGULATION OF NEURON PROJECTION DEVELOPMENT%GOBP%GO:0010976	POSITIVE REGULATION OF NEURON PROJECTION DEVELOPMENT%GOBP%GO:0010976		81	0.2877473	1.0448416	0.3475	0.70175755	1.0	2132	tags=27%, list=16%, signal=32%	
TISSUE HOMEOSTASIS%GOBP%GO:0001894	TISSUE HOMEOSTASIS%GOBP%GO:0001894		93	0.28350714	1.0445915	0.33827162	0.70193404	1.0	1768	tags=19%, list=13%, signal=22%	
SYNCYTIUM FORMATION BY PLASMA MEMBRANE FUSION%GOBP%GO:0000768	SYNCYTIUM FORMATION BY PLASMA MEMBRANE FUSION%GOBP%GO:0000768		17	0.3979284	1.0445276	0.40318906	0.7015923	1.0	1973	tags=35%, list=15%, signal=41%	
MOTILE CILIUM ASSEMBLY%GOBP%GO:0044458	MOTILE CILIUM ASSEMBLY%GOBP%GO:0044458		32	0.3443565	1.0445218	0.38516745	0.7011027	1.0	2371	tags=34%, list=17%, signal=42%	
SIGNALING BY NTRKS%REACTOME%R-HSA-166520.6	SIGNALING BY NTRKS%REACTOME%R-HSA-166520.6		116	0.2702064	1.044396	0.36734694	0.7009446	1.0	2741	tags=28%, list=20%, signal=35%	
EYE DEVELOPMENT%GOBP%GO:0001654	EYE DEVELOPMENT%GOBP%GO:0001654		124	0.26655865	1.0443531	0.35677084	0.7005539	1.0	2085	tags=24%, list=15%, signal=28%	
ALPHA4 BETA1 INTEGRIN SIGNALING EVENTS%PATHWAY INTERACTION DATABASE NCI-NATURE CURATED DATA%ALPHA4 BETA1 INTEGRIN SIGNALING EVENTS	ALPHA4 BETA1 INTEGRIN SIGNALING EVENTS%PATHWAY INTERACTION DATABASE NCI-NATURE CURATED DATA%ALPHA4 BETA1 INTEGRIN SIGNALING EVENTS		33	0.3403242	1.0438956	0.4017857	0.7013007	1.0	1467	tags=18%, list=11%, signal=20%	
REGULATION OF MACROPHAGE CHEMOTAXIS%GOBP%GO:0010758	REGULATION OF MACROPHAGE CHEMOTAXIS%GOBP%GO:0010758		21	0.37405083	1.0433962	0.3905192	0.70213467	1.0	973	tags=29%, list=7%, signal=31%	
COMMON PATHWAYS UNDERLYING DRUG ADDICTION%WIKIPATHWAYS_20250810%WP2636%HOMO SAPIENS	COMMON PATHWAYS UNDERLYING DRUG ADDICTION%WIKIPATHWAYS_20250810%WP2636%HOMO SAPIENS		22	0.37596953	1.0415457	0.39101124	0.7066621	1.0	2274	tags=32%, list=17%, signal=38%	
NEGATIVE REGULATION OF ADAPTIVE IMMUNE RESPONSE%GOBP%GO:0002820	NEGATIVE REGULATION OF ADAPTIVE IMMUNE RESPONSE%GOBP%GO:0002820		36	0.34451053	1.0408599	0.39119804	0.70797807	1.0	2189	tags=39%, list=16%, signal=46%	
CELL JUNCTION MAINTENANCE%GOBP%GO:0034331	CELL JUNCTION MAINTENANCE%GOBP%GO:0034331		20	0.3727277	1.04054	0.41594827	0.7083562	1.0	2496	tags=35%, list=18%, signal=43%	
REGULATION OF PLASMA LIPOPROTEIN PARTICLE LEVELS%GOBP%GO:0097006	REGULATION OF PLASMA LIPOPROTEIN PARTICLE LEVELS%GOBP%GO:0097006		45	0.3170906	1.0404371	0.38141808	0.7081154	1.0	843	tags=18%, list=6%, signal=19%	
POSITIVE REGULATION OF INTERLEUKIN-4 PRODUCTION%GOBP%GO:0032753	POSITIVE REGULATION OF INTERLEUKIN-4 PRODUCTION%GOBP%GO:0032753		16	0.41195256	1.0393634	0.42543858	0.7105256	1.0	1473	tags=31%, list=11%, signal=35%	
CARDIAC SEPTUM DEVELOPMENT%GOBP%GO:0003279	CARDIAC SEPTUM DEVELOPMENT%GOBP%GO:0003279		49	0.31417635	1.0392925	0.38554215	0.71021837	1.0	1168	tags=20%, list=9%, signal=22%	
REGULATION OF KERATINOCYTE PROLIFERATION%GOBP%GO:0010837	REGULATION OF KERATINOCYTE PROLIFERATION%GOBP%GO:0010837		18	0.3956568	1.0392123	0.39828694	0.70991707	1.0	1259	tags=11%, list=9%, signal=12%	
RAF-INDEPENDENT MAPK1 3 ACTIVATION%REACTOME DATABASE ID RELEASE 93%112409	RAF-INDEPENDENT MAPK1 3 ACTIVATION%REACTOME DATABASE ID RELEASE 93%112409		20	0.3798394	1.039063	0.37086093	0.7098137	1.0	2199	tags=30%, list=16%, signal=36%	
BIOCARTA_ERK_PATHWAY%MSIGDB_C2%BIOCARTA_ERK_PATHWAY	BIOCARTA_ERK_PATHWAY%MSIGDB_C2%BIOCARTA_ERK_PATHWAY		21	0.3817898	1.0389367	0.40552017	0.70965755	1.0	2741	tags=24%, list=20%, signal=30%	
NEUROTROPHIC FACTOR-MEDIATED TRK RECEPTOR SIGNALING%PATHWAY INTERACTION DATABASE NCI-NATURE CURATED DATA%NEUROTROPHIC FACTOR-MEDIATED TRK RECEPTOR SIGNALING	NEUROTROPHIC FACTOR-MEDIATED TRK RECEPTOR SIGNALING%PATHWAY INTERACTION DATABASE NCI-NATURE CURATED DATA%NEUROTROPHIC FACTOR-MEDIATED TRK RECEPTOR SIGNALING		55	0.30611506	1.0389009	0.4	0.7092336	1.0	1552	tags=20%, list=11%, signal=22%	
PERIPHERAL NERVOUS SYSTEM DEVELOPMENT%GOBP%GO:0007422	PERIPHERAL NERVOUS SYSTEM DEVELOPMENT%GOBP%GO:0007422		26	0.3637529	1.0387577	0.38479263	0.70912427	1.0	1958	tags=35%, list=14%, signal=40%	
CELL-CELL FUSION%GOBP%GO:0140253	CELL-CELL FUSION%GOBP%GO:0140253		18	0.39459798	1.0385408	0.40131578	0.7092392	1.0	1973	tags=33%, list=15%, signal=39%	
KEAP1-NFE2L2 PATHWAY%REACTOME%R-HSA-9755511.5	KEAP1-NFE2L2 PATHWAY%REACTOME%R-HSA-9755511.5		107	0.2698296	1.0384718	0.35189873	0.70891255	1.0	2861	tags=23%, list=21%, signal=29%	
PORPHYRIN-CONTAINING COMPOUND METABOLIC PROCESS%GOBP%GO:0006778	PORPHYRIN-CONTAINING COMPOUND METABOLIC PROCESS%GOBP%GO:0006778		33	0.34348506	1.0381888	0.3907767	0.70918727	1.0	1421	tags=15%, list=10%, signal=17%	
ETOPOSIDE ACTION PATHWAY%SMPDB%SMP0000442	ETOPOSIDE ACTION PATHWAY%SMPDB%SMP0000442		17	0.39885256	1.0374515	0.40591967	0.71070504	1.0	2530	tags=41%, list=19%, signal=51%	
COLUMNAR/CUBOIDAL EPITHELIAL CELL DIFFERENTIATION%GOBP%GO:0002065	COLUMNAR/CUBOIDAL EPITHELIAL CELL DIFFERENTIATION%GOBP%GO:0002065		19	0.3850323	1.0371667	0.3875803	0.71097726	1.0	3387	tags=37%, list=25%, signal=49%	
REGULATION OF OSSIFICATION%GOBP%GO:0030278	REGULATION OF OSSIFICATION%GOBP%GO:0030278		69	0.292722	1.0369604	0.37170264	0.7110421	1.0	2370	tags=39%, list=17%, signal=47%	
REGULATION OF BIOMINERAL TISSUE DEVELOPMENT%GOBP%GO:0070167	REGULATION OF BIOMINERAL TISSUE DEVELOPMENT%GOBP%GO:0070167		65	0.29521975	1.0367279	0.4	0.71113604	1.0	2370	tags=37%, list=17%, signal=45%	
REGULATION OF CYTOSOLIC CALCIUM ION CONCENTRATION%GOBP%GO:0051480	REGULATION OF CYTOSOLIC CALCIUM ION CONCENTRATION%GOBP%GO:0051480		23	0.36878234	1.0359714	0.4009009	0.7126841	1.0	1534	tags=30%, list=11%, signal=34%	
HALLMARK_SPERMATOGENESIS%MSIGDBHALLMARK%HALLMARK_SPERMATOGENESIS	HALLMARK_SPERMATOGENESIS%MSIGDBHALLMARK%HALLMARK_SPERMATOGENESIS		59	0.29790726	1.0357252	0.34751773	0.71284306	1.0	829	tags=14%, list=6%, signal=14%	
ATTACHMENT OF SPINDLE MICROTUBULES TO KINETOCHORE%GOBP%GO:0008608	ATTACHMENT OF SPINDLE MICROTUBULES TO KINETOCHORE%GOBP%GO:0008608		27	0.3548878	1.035692	0.3935927	0.71242875	1.0	2736	tags=30%, list=20%, signal=37%	
TGF-BETA RECEPTOR SIGNALING ACTIVATES SMADS%REACTOME%R-HSA-2173789.6	TGF-BETA RECEPTOR SIGNALING ACTIVATES SMADS%REACTOME%R-HSA-2173789.6		44	0.31962788	1.035644	0.38	0.7120562	1.0	1879	tags=23%, list=14%, signal=26%	
SLC-MEDIATED TRANSMEMBRANE TRANSPORT%REACTOME DATABASE ID RELEASE 93%425407	SLC-MEDIATED TRANSMEMBRANE TRANSPORT%REACTOME DATABASE ID RELEASE 93%425407		166	0.25778496	1.0349932	0.37535015	0.7132737	1.0	1861	tags=24%, list=14%, signal=28%	
ERK1 AND ERK2 CASCADE%GOBP%GO:0070371	ERK1 AND ERK2 CASCADE%GOBP%GO:0070371		22	0.36303273	1.0347061	0.40336135	0.7135407	1.0	1308	tags=32%, list=10%, signal=35%	
REGULATION OF WOUND HEALING%GOBP%GO:0061041	REGULATION OF WOUND HEALING%GOBP%GO:0061041		80	0.2855798	1.0345571	0.39141414	0.7134363	1.0	2216	tags=30%, list=16%, signal=36%	
EMBRYONIC SKELETAL SYSTEM MORPHOGENESIS%GOBP%GO:0048704	EMBRYONIC SKELETAL SYSTEM MORPHOGENESIS%GOBP%GO:0048704		32	0.3402025	1.034325	0.39824945	0.7135753	1.0	863	tags=16%, list=6%, signal=17%	
REGULATION OF TOLL LIKE RECEPTOR SIGNALING%WIKIPATHWAYS_20250810%WP1449%HOMO SAPIENS	REGULATION OF TOLL LIKE RECEPTOR SIGNALING%WIKIPATHWAYS_20250810%WP1449%HOMO SAPIENS		100	0.2786463	1.0337491	0.36787564	0.71465594	1.0	2737	tags=27%, list=20%, signal=34%	
SECONDARY METABOLIC PROCESS%GOBP%GO:0019748	SECONDARY METABOLIC PROCESS%GOBP%GO:0019748		21	0.3756467	1.0336044	0.38053098	0.7145594	1.0	3131	tags=38%, list=23%, signal=49%	
REGULATION OF ANIMAL ORGAN MORPHOGENESIS%GOBP%GO:2000027	REGULATION OF ANIMAL ORGAN MORPHOGENESIS%GOBP%GO:2000027		23	0.37580436	1.033552	0.41394335	0.71419173	1.0	1048	tags=39%, list=8%, signal=42%	
NEGATIVE REGULATION OF T CELL ACTIVATION%GOBP%GO:0050868	NEGATIVE REGULATION OF T CELL ACTIVATION%GOBP%GO:0050868		76	0.28349167	1.0326332	0.39099526	0.71616584	1.0	1644	tags=26%, list=12%, signal=30%	
ESR-MEDIATED SIGNALING%REACTOME%R-HSA-8939211.6	ESR-MEDIATED SIGNALING%REACTOME%R-HSA-8939211.6		149	0.25779966	1.0325586	0.35519126	0.71586406	1.0	401	tags=5%, list=3%, signal=5%	
REGULATION OF NEUROGENESIS%GOBP%GO:0050767	REGULATION OF NEUROGENESIS%GOBP%GO:0050767		153	0.25879532	1.0319128	0.36927223	0.7171863	1.0	1972	tags=22%, list=15%, signal=26%	
PROTEIN PROCESSING%GOBP%GO:0016485	PROTEIN PROCESSING%GOBP%GO:0016485		111	0.27250937	1.0318184	0.34912717	0.71694505	1.0	2368	tags=26%, list=17%, signal=31%	
CERAMIDE METABOLIC PROCESS%GOBP%GO:0006672	CERAMIDE METABOLIC PROCESS%GOBP%GO:0006672		60	0.3035668	1.031172	0.39949748	0.7182054	1.0	2688	tags=30%, list=20%, signal=37%	
INTERLEUKIN-6 FAMILY SIGNALING%REACTOME DATABASE ID RELEASE 93%6783589	INTERLEUKIN-6 FAMILY SIGNALING%REACTOME DATABASE ID RELEASE 93%6783589		18	0.38060486	1.0308822	0.41162792	0.71846354	1.0	2919	tags=44%, list=22%, signal=57%	
RSV-HOST INTERACTIONS%REACTOME%R-HSA-9833110.2	RSV-HOST INTERACTIONS%REACTOME%R-HSA-9833110.2		78	0.28607935	1.030633	0.37468982	0.7186119	1.0	3002	tags=27%, list=22%, signal=34%	
POSITIVE REGULATION OF DNA BINDING%GOBP%GO:0043388	POSITIVE REGULATION OF DNA BINDING%GOBP%GO:0043388		21	0.37724805	1.0299073	0.4288889	0.72013134	1.0	2156	tags=33%, list=16%, signal=40%	
PID_HEDGEHOG_GLI_PATHWAY%MSIGDB_C2%PID_HEDGEHOG_GLI_PATHWAY	PID_HEDGEHOG_GLI_PATHWAY%MSIGDB_C2%PID_HEDGEHOG_GLI_PATHWAY		35	0.33262265	1.0296754	0.4125874	0.72026086	1.0	3828	tags=34%, list=28%, signal=48%	
MICROTUBULE ORGANIZING CENTER ORGANIZATION%GOBP%GO:0031023	MICROTUBULE ORGANIZING CENTER ORGANIZATION%GOBP%GO:0031023		89	0.27371445	1.028921	0.36934674	0.7218027	1.0	3611	tags=30%, list=27%, signal=41%	
MICROGLIAL CELL ACTIVATION%GOBP%GO:0001774	MICROGLIAL CELL ACTIVATION%GOBP%GO:0001774		19	0.37830454	1.0288539	0.4183908	0.7214696	1.0	315	tags=16%, list=2%, signal=16%	
ICOSANOID BIOSYNTHETIC PROCESS%GOBP%GO:0046456	ICOSANOID BIOSYNTHETIC PROCESS%GOBP%GO:0046456		32	0.34262183	1.0286949	0.39320388	0.7213993	1.0	2215	tags=34%, list=16%, signal=41%	
RHO GTPASES ACTIVATE CIT%REACTOME DATABASE ID RELEASE 93%5625900	RHO GTPASES ACTIVATE CIT%REACTOME DATABASE ID RELEASE 93%5625900		19	0.3827508	1.028383	0.4199134	0.7217651	1.0	1294	tags=21%, list=10%, signal=23%	
REGIONALIZATION%GOBP%GO:0003002	REGIONALIZATION%GOBP%GO:0003002		139	0.2608347	1.027619	0.37866667	0.72338	1.0	1894	tags=24%, list=14%, signal=27%	
NON-CANONICAL NF-KAPPAB SIGNAL TRANSDUCTION%GOBP%GO:0038061	NON-CANONICAL NF-KAPPAB SIGNAL TRANSDUCTION%GOBP%GO:0038061		24	0.35534742	1.0265548	0.4090909	0.72581863	1.0	2143	tags=17%, list=16%, signal=20%	
POSITIVE REGULATION OF KINASE ACTIVITY%GOBP%GO:0033674	POSITIVE REGULATION OF KINASE ACTIVITY%GOBP%GO:0033674		100	0.2715295	1.02625	0.3974359	0.72614413	1.0	1534	tags=21%, list=11%, signal=24%	
REGULATION OF BONE MINERALIZATION%GOBP%GO:0030500	REGULATION OF BONE MINERALIZATION%GOBP%GO:0030500		51	0.30223036	1.026076	0.42281878	0.72610193	1.0	2504	tags=39%, list=18%, signal=48%	
CELL CYCLE%WIKIPATHWAYS_20250810%WP179%HOMO SAPIENS	CELL CYCLE%WIKIPATHWAYS_20250810%WP179%HOMO SAPIENS		89	0.28016567	1.0254796	0.40526316	0.7272662	1.0	3387	tags=35%, list=25%, signal=46%	
SPHINGOID METABOLIC PROCESS%GOBP%GO:0046519	SPHINGOID METABOLIC PROCESS%GOBP%GO:0046519		16	0.40147704	1.0253965	0.40088105	0.72701573	1.0	2981	tags=38%, list=22%, signal=48%	
REGULATION OF CELL-SUBSTRATE JUNCTION ORGANIZATION%GOBP%GO:0150116	REGULATION OF CELL-SUBSTRATE JUNCTION ORGANIZATION%GOBP%GO:0150116		62	0.29179803	1.0253494	0.3994911	0.72664577	1.0	3501	tags=42%, list=26%, signal=56%	
REGULATION OF RESPONSE TO WOUNDING%GOBP%GO:1903034	REGULATION OF RESPONSE TO WOUNDING%GOBP%GO:1903034		98	0.2713155	1.024883	0.39805827	0.7274603	1.0	2103	tags=27%, list=16%, signal=31%	
LDL CLEARANCE%REACTOME%R-HSA-8964038.5	LDL CLEARANCE%REACTOME%R-HSA-8964038.5		17	0.39033252	1.0244062	0.4392936	0.72828835	1.0	3096	tags=53%, list=23%, signal=69%	
REGULATION OF IMMUNE RESPONSE TO TUMOR CELL%GOBP%GO:0002837	REGULATION OF IMMUNE RESPONSE TO TUMOR CELL%GOBP%GO:0002837		21	0.3648681	1.024332	0.40731707	0.7279832	1.0	2159	tags=33%, list=16%, signal=40%	
PROTEIN DEMANNOSYLATION%GOBP%GO:0036507	PROTEIN DEMANNOSYLATION%GOBP%GO:0036507		17	0.39841425	1.0242597	0.42094016	0.72766155	1.0	4119	tags=47%, list=30%, signal=68%	
CELL CYCLE DNA REPLICATION%GOBP%GO:0044786	CELL CYCLE DNA REPLICATION%GOBP%GO:0044786		18	0.38592464	1.0242435	0.4153132	0.7271923	1.0	1226	tags=22%, list=9%, signal=24%	
SIGNALING BY ALK%REACTOME%R-HSA-201556.5	SIGNALING BY ALK%REACTOME%R-HSA-201556.5		26	0.35808933	1.0242338	0.4021978	0.72671574	1.0	5	tags=4%, list=0%, signal=4%	
CELLULAR RESPONSE TO VIRUS%GOBP%GO:0098586	CELLULAR RESPONSE TO VIRUS%GOBP%GO:0098586		40	0.32426175	1.0242057	0.42824075	0.7262751	1.0	1652	tags=25%, list=12%, signal=28%	
DENDRITIC CELL DIFFERENTIATION%GOBP%GO:0097028	DENDRITIC CELL DIFFERENTIATION%GOBP%GO:0097028		18	0.39211443	1.0241207	0.4223301	0.72599405	1.0	641	tags=33%, list=5%, signal=35%	
BIOCARTA_ARENRF2_PATHWAY%MSIGDB_C2%BIOCARTA_ARENRF2_PATHWAY	BIOCARTA_ARENRF2_PATHWAY%MSIGDB_C2%BIOCARTA_ARENRF2_PATHWAY		17	0.38931125	1.0239736	0.4189815	0.72591686	1.0	2861	tags=47%, list=21%, signal=60%	
PROTEIN K6-LINKED UBIQUITINATION%GOBP%GO:0085020	PROTEIN K6-LINKED UBIQUITINATION%GOBP%GO:0085020		15	0.39814648	1.0231661	0.4056604	0.7276027	1.0	2590	tags=40%, list=19%, signal=49%	
CEREBRAL CORTEX CELL MIGRATION%GOBP%GO:0021795	CEREBRAL CORTEX CELL MIGRATION%GOBP%GO:0021795		17	0.38960424	1.02229	0.41333333	0.72945917	1.0	496	tags=18%, list=4%, signal=18%	
RESPONSE TO LIPOPROTEIN PARTICLE%GOBP%GO:0055094	RESPONSE TO LIPOPROTEIN PARTICLE%GOBP%GO:0055094		25	0.35532793	1.0212662	0.42093542	0.73185915	1.0	1588	tags=20%, list=12%, signal=23%	
POSITIVE REGULATION OF TRANSMEMBRANE TRANSPORT%GOBP%GO:0034764	POSITIVE REGULATION OF TRANSMEMBRANE TRANSPORT%GOBP%GO:0034764		109	0.2693121	1.0212041	0.39058173	0.73151433	1.0	1319	tags=16%, list=10%, signal=17%	
MEMBRANE DEPOLARIZATION%GOBP%GO:0051899	MEMBRANE DEPOLARIZATION%GOBP%GO:0051899		26	0.35029668	1.0206733	0.42376682	0.73252916	1.0	2786	tags=35%, list=21%, signal=43%	
NEGATIVE REGULATION OF EXOCYTOSIS%GOBP%GO:0045920	NEGATIVE REGULATION OF EXOCYTOSIS%GOBP%GO:0045920		26	0.34947595	1.0202973	0.4266055	0.73304427	1.0	1375	tags=23%, list=10%, signal=26%	
ESTROGEN-DEPENDENT GENE EXPRESSION%REACTOME%R-HSA-9018519.3	ESTROGEN-DEPENDENT GENE EXPRESSION%REACTOME%R-HSA-9018519.3		94	0.27798927	1.0201168	0.4292804	0.7330432	1.0	2964	tags=22%, list=22%, signal=28%	
REGULATION OF CELL CYCLE G1/S PHASE TRANSITION%GOBP%GO:1902806	REGULATION OF CELL CYCLE G1/S PHASE TRANSITION%GOBP%GO:1902806		129	0.26078033	1.0195088	0.4050633	0.73417753	1.0	1670	tags=15%, list=12%, signal=17%	
CELLULAR RESPONSE TO PROSTAGLANDIN STIMULUS%GOBP%GO:0071379	CELLULAR RESPONSE TO PROSTAGLANDIN STIMULUS%GOBP%GO:0071379		15	0.40639427	1.0192944	0.43737167	0.73426557	1.0	1308	tags=33%, list=10%, signal=37%	
SIGNALING RECEPTOR LIGAND PRECURSOR PROCESSING%GOBP%GO:0140448	SIGNALING RECEPTOR LIGAND PRECURSOR PROCESSING%GOBP%GO:0140448		28	0.34764516	1.0179353	0.41797754	0.73755705	1.0	1993	tags=36%, list=15%, signal=42%	
GOLGI ASSOCIATED VESICLE BIOGENESIS%REACTOME DATABASE ID RELEASE 93%432722	GOLGI ASSOCIATED VESICLE BIOGENESIS%REACTOME DATABASE ID RELEASE 93%432722		51	0.30965364	1.0172774	0.42056075	0.7389115	1.0	4277	tags=49%, list=32%, signal=71%	
POSITIVE REGULATION OF CELL DIVISION%GOBP%GO:0051781	POSITIVE REGULATION OF CELL DIVISION%GOBP%GO:0051781		41	0.32075232	1.0164893	0.4153132	0.74065506	1.0	2361	tags=32%, list=17%, signal=38%	
REGULATION OF RESPONSE TO TUMOR CELL%GOBP%GO:0002834	REGULATION OF RESPONSE TO TUMOR CELL%GOBP%GO:0002834		22	0.3675561	1.0164485	0.41666666	0.74024934	1.0	3093	tags=45%, list=23%, signal=59%	
IMMUNE SYSTEM DEVELOPMENT%GOBP%GO:0002520	IMMUNE SYSTEM DEVELOPMENT%GOBP%GO:0002520		66	0.28589708	1.0163664	0.430622	0.73995346	1.0	1168	tags=17%, list=9%, signal=18%	
HALLMARK_UV_RESPONSE_UP%MSIGDBHALLMARK%HALLMARK_UV_RESPONSE_UP	HALLMARK_UV_RESPONSE_UP%MSIGDBHALLMARK%HALLMARK_UV_RESPONSE_UP		119	0.26625472	1.0159515	0.43258426	0.7406291	1.0	1475	tags=17%, list=11%, signal=19%	
REGULATED EXOCYTOSIS%GOBP%GO:0045055	REGULATED EXOCYTOSIS%GOBP%GO:0045055		74	0.28227708	1.0159218	0.38215104	0.7401937	1.0	1286	tags=15%, list=9%, signal=16%	
REGULATION OF PROTEIN POLYUBIQUITINATION%GOBP%GO:1902914	REGULATION OF PROTEIN POLYUBIQUITINATION%GOBP%GO:1902914		23	0.3620682	1.0153978	0.43370786	0.74110425	1.0	1211	tags=17%, list=9%, signal=19%	
NEUROINFLAMMATORY RESPONSE%GOBP%GO:0150076	NEUROINFLAMMATORY RESPONSE%GOBP%GO:0150076		24	0.36160085	1.0150744	0.4053452	0.74145573	1.0	2274	tags=29%, list=17%, signal=35%	
PID_P75_NTR_PATHWAY%MSIGDB_C2%PID_P75_NTR_PATHWAY	PID_P75_NTR_PATHWAY%MSIGDB_C2%PID_P75_NTR_PATHWAY		46	0.30781674	1.0148382	0.45365855	0.74160403	1.0	4177	tags=41%, list=31%, signal=60%	
MUSCLE ADAPTATION%GOBP%GO:0043500	MUSCLE ADAPTATION%GOBP%GO:0043500		15	0.39523464	1.0146807	0.42637363	0.7414959	1.0	1421	tags=20%, list=10%, signal=22%	
REGULATION OF T-HELPER CELL DIFFERENTIATION%GOBP%GO:0045622	REGULATION OF T-HELPER CELL DIFFERENTIATION%GOBP%GO:0045622		32	0.33067676	1.0143945	0.42957747	0.74176675	1.0	1395	tags=28%, list=10%, signal=31%	
ALSTROM SYNDROME%WIKIPATHWAYS_20250810%WP5202%HOMO SAPIENS	ALSTROM SYNDROME%WIKIPATHWAYS_20250810%WP5202%HOMO SAPIENS		28	0.3412415	1.014185	0.42431763	0.741882	1.0	3499	tags=32%, list=26%, signal=43%	
MORPHOGENESIS OF AN EPITHELIAL SHEET%GOBP%GO:0002011	MORPHOGENESIS OF AN EPITHELIAL SHEET%GOBP%GO:0002011		33	0.33263615	1.0139096	0.42431194	0.74213433	1.0	2290	tags=33%, list=17%, signal=40%	
PID_RAC1_PATHWAY%MSIGDB_C2%PID_RAC1_PATHWAY	PID_RAC1_PATHWAY%MSIGDB_C2%PID_RAC1_PATHWAY		39	0.3218718	1.0136167	0.43356642	0.74241877	1.0	3067	tags=31%, list=23%, signal=40%	
PLASMA MEMBRANE ORGANIZATION%GOBP%GO:0007009	PLASMA MEMBRANE ORGANIZATION%GOBP%GO:0007009		83	0.27393335	1.0133564	0.3817734	0.74262816	1.0	2293	tags=25%, list=17%, signal=30%	
REGULATION OF EPIDERMAL GROWTH FACTOR RECEPTOR SIGNALING PATHWAY%GOBP%GO:0042058	REGULATION OF EPIDERMAL GROWTH FACTOR RECEPTOR SIGNALING PATHWAY%GOBP%GO:0042058		54	0.30468974	1.0133115	0.42168674	0.7422498	1.0	2724	tags=37%, list=20%, signal=46%	
REGULATION OF DNA-TEMPLATED DNA REPLICATION%GOBP%GO:0090329	REGULATION OF DNA-TEMPLATED DNA REPLICATION%GOBP%GO:0090329		28	0.3463156	1.0129361	0.42009133	0.7428141	1.0	2077	tags=29%, list=15%, signal=34%	
CELLULAR RESPONSE TO LOW-DENSITY LIPOPROTEIN PARTICLE STIMULUS%GOBP%GO:0071404	CELLULAR RESPONSE TO LOW-DENSITY LIPOPROTEIN PARTICLE STIMULUS%GOBP%GO:0071404		25	0.35532793	1.0125906	0.44675925	0.7432497	1.0	1588	tags=20%, list=12%, signal=23%	
ANTIGEN PRESENTATION: FOLDING, ASSEMBLY AND PEPTIDE LOADING OF CLASS I MHC%REACTOME%R-HSA-983170.5	ANTIGEN PRESENTATION: FOLDING, ASSEMBLY AND PEPTIDE LOADING OF CLASS I MHC%REACTOME%R-HSA-983170.5		28	0.3389334	1.0117314	0.42212188	0.74516124	1.0	2922	tags=32%, list=22%, signal=41%	
SLEEP REGULATION%WIKIPATHWAYS_20250810%WP3591%HOMO SAPIENS	SLEEP REGULATION%WIKIPATHWAYS_20250810%WP3591%HOMO SAPIENS		18	0.37955	1.010704	0.4449649	0.74749684	1.0	578	tags=17%, list=4%, signal=17%	
POSITIVE REGULATION OF EXTRINSIC APOPTOTIC SIGNALING PATHWAY%GOBP%GO:2001238	POSITIVE REGULATION OF EXTRINSIC APOPTOTIC SIGNALING PATHWAY%GOBP%GO:2001238		35	0.33599216	1.0106789	0.42352942	0.7470594	1.0	3644	tags=51%, list=27%, signal=70%	
RESPONSE TO TYPE II INTERFERON%GOBP%GO:0034341	RESPONSE TO TYPE II INTERFERON%GOBP%GO:0034341		58	0.29968035	1.010626	0.4187192	0.74671197	1.0	1534	tags=22%, list=11%, signal=25%	
XENOBIOTIC TRANSMEMBRANE TRANSPORT%GOBP%GO:0006855	XENOBIOTIC TRANSMEMBRANE TRANSPORT%GOBP%GO:0006855		15	0.40127993	1.0101442	0.44247788	0.74756575	1.0	1935	tags=33%, list=14%, signal=39%	
HAIR FOLLICLE DEVELOPMENT ORGANOGENESIS STAGE 2 OF 3%WIKIPATHWAYS_20250810%WP2839%HOMO SAPIENS	HAIR FOLLICLE DEVELOPMENT ORGANOGENESIS STAGE 2 OF 3%WIKIPATHWAYS_20250810%WP2839%HOMO SAPIENS		22	0.35929072	1.009277	0.42731276	0.7494333	1.0	1587	tags=32%, list=12%, signal=36%	
PORPHYRIN METABOLISM%REACTOME DATABASE ID RELEASE 93%189445	PORPHYRIN METABOLISM%REACTOME DATABASE ID RELEASE 93%189445		17	0.38654083	1.008805	0.47252747	0.7502876	1.0	4405	tags=59%, list=33%, signal=87%	
CDC42 SIGNALING EVENTS%PATHWAY INTERACTION DATABASE NCI-NATURE CURATED DATA%CDC42 SIGNALING EVENTS	CDC42 SIGNALING EVENTS%PATHWAY INTERACTION DATABASE NCI-NATURE CURATED DATA%CDC42 SIGNALING EVENTS		65	0.2857593	1.0085951	0.42512077	0.75035787	1.0	3086	tags=28%, list=23%, signal=36%	
UNFOLDED PROTEIN RESPONSE (UPR)%REACTOME DATABASE ID RELEASE 93%381119	UNFOLDED PROTEIN RESPONSE (UPR)%REACTOME DATABASE ID RELEASE 93%381119		86	0.27578956	1.0085597	0.43203884	0.7499375	1.0	3478	tags=35%, list=26%, signal=47%	
POSITIVE REGULATION OF PURINE NUCLEOTIDE METABOLIC PROCESS%GOBP%GO:1900544	POSITIVE REGULATION OF PURINE NUCLEOTIDE METABOLIC PROCESS%GOBP%GO:1900544		24	0.35205957	1.0084807	0.41943127	0.74961394	1.0	1430	tags=21%, list=11%, signal=23%	
ACYLGLYCEROL CATABOLIC PROCESS%GOBP%GO:0046464	ACYLGLYCEROL CATABOLIC PROCESS%GOBP%GO:0046464		19	0.37034157	1.0083591	0.4649123	0.74947965	1.0	1590	tags=21%, list=12%, signal=24%	
ENDOGENOUS STEROLS%REACTOME DATABASE ID RELEASE 93%211976	ENDOGENOUS STEROLS%REACTOME DATABASE ID RELEASE 93%211976		18	0.376224	1.0079995	0.42630386	0.7500022	1.0	1758	tags=33%, list=13%, signal=38%	
POSITIVE REGULATION OF CD4-POSITIVE, ALPHA-BETA T CELL ACTIVATION%GOBP%GO:2000516	POSITIVE REGULATION OF CD4-POSITIVE, ALPHA-BETA T CELL ACTIVATION%GOBP%GO:2000516		28	0.33928633	1.0079299	0.44243792	0.74969137	1.0	1576	tags=29%, list=12%, signal=32%	
NEUTRAL LIPID CATABOLIC PROCESS%GOBP%GO:0046461	NEUTRAL LIPID CATABOLIC PROCESS%GOBP%GO:0046461		19	0.37034157	1.0078838	0.44988865	0.749314	1.0	1590	tags=21%, list=12%, signal=24%	
PID_TRKR_PATHWAY%MSIGDB_C2%PID_TRKR_PATHWAY	PID_TRKR_PATHWAY%MSIGDB_C2%PID_TRKR_PATHWAY		43	0.30837238	1.0078229	0.4418052	0.74898607	1.0	1552	tags=19%, list=11%, signal=21%	
NEGATIVE REGULATION OF PROTEOLYSIS%GOBP%GO:0045861	NEGATIVE REGULATION OF PROTEOLYSIS%GOBP%GO:0045861		90	0.27246866	1.0077721	0.42424244	0.7486264	1.0	1457	tags=18%, list=11%, signal=20%	
S1P2 PATHWAY%PATHWAY INTERACTION DATABASE NCI-NATURE CURATED DATA%S1P2 PATHWAY	S1P2 PATHWAY%PATHWAY INTERACTION DATABASE NCI-NATURE CURATED DATA%S1P2 PATHWAY		24	0.35404217	1.0077093	0.40835267	0.7483081	1.0	1003	tags=13%, list=7%, signal=13%	
GLAND MORPHOGENESIS%GOBP%GO:0022612	GLAND MORPHOGENESIS%GOBP%GO:0022612		17	0.3858453	1.0075095	0.4520548	0.7483311	1.0	3894	tags=59%, list=29%, signal=82%	
REGULATION OF REPRODUCTIVE PROCESS%GOBP%GO:2000241	REGULATION OF REPRODUCTIVE PROCESS%GOBP%GO:2000241		73	0.27956608	1.007421	0.40240964	0.74807334	1.0	1545	tags=19%, list=11%, signal=22%	
REGULATION OF EXTRACELLULAR MATRIX ORGANIZATION%GOBP%GO:1903053	REGULATION OF EXTRACELLULAR MATRIX ORGANIZATION%GOBP%GO:1903053		47	0.3056438	1.0071733	0.42962962	0.7482606	1.0	1884	tags=23%, list=14%, signal=27%	
PROTEIN INSERTION INTO ER MEMBRANE%GOBP%GO:0045048	PROTEIN INSERTION INTO ER MEMBRANE%GOBP%GO:0045048		26	0.34449026	1.0069838	0.42081448	0.748285	1.0	3373	tags=38%, list=25%, signal=51%	
MATURATION OF SPIKE PROTEIN%REACTOME%R-HSA-9694548.5	MATURATION OF SPIKE PROTEIN%REACTOME%R-HSA-9694548.5		38	0.31849504	1.0067029	0.44418052	0.74852055	1.0	4415	tags=45%, list=33%, signal=66%	
PEPTIDE HORMONE PROCESSING%GOBP%GO:0016486	PEPTIDE HORMONE PROCESSING%GOBP%GO:0016486		25	0.34803137	1.0066361	0.4543379	0.7482007	1.0	2368	tags=40%, list=17%, signal=48%	
ENDOCHONDRAL OSSIFICATION WITH SKELETAL DYSPLASIAS%WIKIPATHWAYS_20250810%WP4808%HOMO SAPIENS	ENDOCHONDRAL OSSIFICATION WITH SKELETAL DYSPLASIAS%WIKIPATHWAYS_20250810%WP4808%HOMO SAPIENS		44	0.30718318	1.0065175	0.44208038	0.7480137	1.0	2546	tags=34%, list=19%, signal=42%	
MEIOTIC CHROMOSOME SEGREGATION%GOBP%GO:0045132	MEIOTIC CHROMOSOME SEGREGATION%GOBP%GO:0045132		31	0.33627567	1.0061623	0.41845495	0.7484304	1.0	1717	tags=29%, list=13%, signal=33%	
AXONEMAL DYNEIN COMPLEX ASSEMBLY%GOBP%GO:0070286	AXONEMAL DYNEIN COMPLEX ASSEMBLY%GOBP%GO:0070286		21	0.36937925	1.006138	0.4375	0.74799275	1.0	1804	tags=24%, list=13%, signal=27%	
POSITIVE REGULATION OF NEUROINFLAMMATORY RESPONSE%GOBP%GO:0150078	POSITIVE REGULATION OF NEUROINFLAMMATORY RESPONSE%GOBP%GO:0150078		16	0.39472324	1.0057913	0.45356372	0.7484665	1.0	1055	tags=31%, list=8%, signal=34%	
NEGATIVE REGULATION OF IMMUNE RESPONSE%GOBP%GO:0050777	NEGATIVE REGULATION OF IMMUNE RESPONSE%GOBP%GO:0050777		139	0.2520582	1.0047888	0.4362245	0.7507365	1.0	1822	tags=22%, list=13%, signal=25%	
BIOCARTA_CARDIACEGF_PATHWAY%MSIGDB_C2%BIOCARTA_CARDIACEGF_PATHWAY	BIOCARTA_CARDIACEGF_PATHWAY%MSIGDB_C2%BIOCARTA_CARDIACEGF_PATHWAY		15	0.39560536	1.0042953	0.4235808	0.75162846	1.0	1003	tags=27%, list=7%, signal=29%	
OVARIAN INFERTILITY%WIKIPATHWAYS_20250810%WP34%HOMO SAPIENS	OVARIAN INFERTILITY%WIKIPATHWAYS_20250810%WP34%HOMO SAPIENS		23	0.35408384	1.0037854	0.46516854	0.7525345	1.0	2147	tags=26%, list=16%, signal=31%	
PROTEIN LOCALIZATION TO ENDOPLASMIC RETICULUM%GOBP%GO:0070972	PROTEIN LOCALIZATION TO ENDOPLASMIC RETICULUM%GOBP%GO:0070972		24	0.35729274	1.0031943	0.42887932	0.75364643	1.0	3398	tags=42%, list=25%, signal=56%	
NEGATIVE REGULATION OF TYPE I INTERFERON-MEDIATED SIGNALING PATHWAY%GOBP%GO:0060339	NEGATIVE REGULATION OF TYPE I INTERFERON-MEDIATED SIGNALING PATHWAY%GOBP%GO:0060339		16	0.39077455	1.0028125	0.46363637	0.75417376	1.0	1769	tags=19%, list=13%, signal=22%	
SIGNALING BY WNT IN CANCER%REACTOME%R-HSA-4791275.5	SIGNALING BY WNT IN CANCER%REACTOME%R-HSA-4791275.5		29	0.34430042	1.0023227	0.4524362	0.75502324	1.0	4430	tags=55%, list=33%, signal=82%	
SUBSTRATE-DEPENDENT CELL MIGRATION%GOBP%GO:0006929	SUBSTRATE-DEPENDENT CELL MIGRATION%GOBP%GO:0006929		15	0.41000283	1.0022992	0.45076588	0.7545738	1.0	438	tags=13%, list=3%, signal=14%	
SPHINGOSINE METABOLIC PROCESS%GOBP%GO:0006670	SPHINGOSINE METABOLIC PROCESS%GOBP%GO:0006670		15	0.40168315	1.0021257	0.46666667	0.7545828	1.0	2981	tags=40%, list=22%, signal=51%	
NEGATIVE REGULATION OF CELL-MATRIX ADHESION%GOBP%GO:0001953	NEGATIVE REGULATION OF CELL-MATRIX ADHESION%GOBP%GO:0001953		31	0.33934304	1.0019362	0.4579646	0.7546129	1.0	3068	tags=32%, list=23%, signal=42%	
UNSATURATED FATTY ACID BIOSYNTHETIC PROCESS%GOBP%GO:0006636	UNSATURATED FATTY ACID BIOSYNTHETIC PROCESS%GOBP%GO:0006636		24	0.35334364	1.0018109	0.46412557	0.7544625	1.0	2215	tags=46%, list=16%, signal=55%	
POSITIVE REGULATION OF ALCOHOL BIOSYNTHETIC PROCESS%GOBP%GO:1902932	POSITIVE REGULATION OF ALCOHOL BIOSYNTHETIC PROCESS%GOBP%GO:1902932		20	0.3631736	1.0015538	0.46389496	0.7546788	1.0	713	tags=15%, list=5%, signal=16%	
ENDOCHONDRAL OSSIFICATION%WIKIPATHWAYS_20250810%WP474%HOMO SAPIENS	ENDOCHONDRAL OSSIFICATION%WIKIPATHWAYS_20250810%WP474%HOMO SAPIENS		44	0.30718318	1.0015434	0.4460094	0.7542	1.0	2546	tags=34%, list=19%, signal=42%	
REGULATION OF CELL-SUBSTRATE JUNCTION ASSEMBLY%GOBP%GO:0090109	REGULATION OF CELL-SUBSTRATE JUNCTION ASSEMBLY%GOBP%GO:0090109		55	0.29561764	1.0014924	0.46516854	0.7538333	1.0	3501	tags=42%, list=26%, signal=56%	
SIGNALING BY FLT3 FUSION PROTEINS%REACTOME DATABASE ID RELEASE 93%9703465	SIGNALING BY FLT3 FUSION PROTEINS%REACTOME DATABASE ID RELEASE 93%9703465		17	0.38047224	1.0012338	0.43722942	0.7540672	1.0	3991	tags=53%, list=29%, signal=75%	
ESTABLISHMENT OF SPINDLE LOCALIZATION%GOBP%GO:0051293	ESTABLISHMENT OF SPINDLE LOCALIZATION%GOBP%GO:0051293		39	0.31448805	1.0002229	0.45070422	0.7563308	1.0	2993	tags=38%, list=22%, signal=49%	
PID_MAPK_TRK_PATHWAY%MSIGDB_C2%PID_MAPK_TRK_PATHWAY	PID_MAPK_TRK_PATHWAY%MSIGDB_C2%PID_MAPK_TRK_PATHWAY		26	0.34395325	0.9999847	0.45495495	0.75651515	1.0	1205	tags=15%, list=9%, signal=17%	
BIOCARTA_ATM_PATHWAY%MSIGDB_C2%BIOCARTA_ATM_PATHWAY	BIOCARTA_ATM_PATHWAY%MSIGDB_C2%BIOCARTA_ATM_PATHWAY		16	0.39147636	0.99992937	0.4362416	0.756167	1.0	3757	tags=38%, list=28%, signal=52%	
REGULATION OF VASCULAR ENDOTHELIAL GROWTH FACTOR SIGNALING PATHWAY%GOBP%GO:1900746	REGULATION OF VASCULAR ENDOTHELIAL GROWTH FACTOR SIGNALING PATHWAY%GOBP%GO:1900746		23	0.35890386	0.9995631	0.45124716	0.7566787	1.0	808	tags=17%, list=6%, signal=18%	
MEMORY%GOBP%GO:0007613	MEMORY%GOBP%GO:0007613		43	0.3110721	0.99953586	0.4439141	0.7562499	1.0	631	tags=14%, list=5%, signal=15%	
EPH-EPHRIN MEDIATED REPULSION OF CELLS%REACTOME%R-HSA-3928665.5	EPH-EPHRIN MEDIATED REPULSION OF CELLS%REACTOME%R-HSA-3928665.5		42	0.31157604	0.99953103	0.44444445	0.7557616	1.0	2322	tags=21%, list=17%, signal=26%	
REGULATION OF CHOLESTEROL STORAGE%GOBP%GO:0010885	REGULATION OF CHOLESTEROL STORAGE%GOBP%GO:0010885		16	0.38322747	0.9995238	0.45922747	0.7552802	1.0	294	tags=19%, list=2%, signal=19%	
RESPONSE TO TEMPERATURE STIMULUS%GOBP%GO:0009266	RESPONSE TO TEMPERATURE STIMULUS%GOBP%GO:0009266		78	0.27409667	0.99908715	0.42446044	0.75595856	1.0	2256	tags=19%, list=17%, signal=23%	
POSITIVE REGULATION OF PROTEIN IMPORT INTO NUCLEUS%GOBP%GO:0042307	POSITIVE REGULATION OF PROTEIN IMPORT INTO NUCLEUS%GOBP%GO:0042307		24	0.35213208	0.99835634	0.44315544	0.75752157	1.0	3893	tags=42%, list=29%, signal=58%	
PID_CXCR3_PATHWAY%MSIGDB_C2%PID_CXCR3_PATHWAY	PID_CXCR3_PATHWAY%MSIGDB_C2%PID_CXCR3_PATHWAY		33	0.32002884	0.9980603	0.47356322	0.7578229	1.0	757	tags=15%, list=6%, signal=16%	
WNT SIGNALING%WIKIPATHWAYS_20250810%WP428%HOMO SAPIENS	WNT SIGNALING%WIKIPATHWAYS_20250810%WP428%HOMO SAPIENS		75	0.27715185	0.99797845	0.45208845	0.75754356	1.0	1671	tags=19%, list=12%, signal=21%	
NICOTINIC ACETYLCHOLINE RECEPTOR SIGNALING PATHWAY%PANTHER PATHWAY%P00044	NICOTINIC ACETYLCHOLINE RECEPTOR SIGNALING PATHWAY%PANTHER PATHWAY%P00044		40	0.32066754	0.99744403	0.4422222	0.7585398	1.0	2081	tags=33%, list=15%, signal=38%	
AMIDE TRANSPORT%GOBP%GO:0042886	AMIDE TRANSPORT%GOBP%GO:0042886		58	0.2896423	0.9973118	0.45679012	0.75840485	1.0	1774	tags=22%, list=13%, signal=26%	
POSITIVE REGULATION OF P38MAPK CASCADE%GOBP%GO:1900745	POSITIVE REGULATION OF P38MAPK CASCADE%GOBP%GO:1900745		22	0.3543343	0.9963695	0.4606987	0.76059717	1.0	1148	tags=23%, list=8%, signal=25%	
NEUROBLAST PROLIFERATION%GOBP%GO:0007405	NEUROBLAST PROLIFERATION%GOBP%GO:0007405		15	0.38815156	0.996184	0.45315903	0.7606343	1.0	1707	tags=27%, list=13%, signal=30%	
NEGATIVE REGULATION OF SMOOTH MUSCLE CELL MIGRATION%GOBP%GO:0014912	NEGATIVE REGULATION OF SMOOTH MUSCLE CELL MIGRATION%GOBP%GO:0014912		15	0.391281	0.99605477	0.44206008	0.76051587	1.0	1201	tags=33%, list=9%, signal=37%	
POSITIVE REGULATION OF ALPHA-BETA T CELL ACTIVATION%GOBP%GO:0046635	POSITIVE REGULATION OF ALPHA-BETA T CELL ACTIVATION%GOBP%GO:0046635		42	0.31418365	0.9958715	0.48251748	0.7605043	1.0	1576	tags=26%, list=12%, signal=30%	
LEUKOCYTE ACTIVATION INVOLVED IN INFLAMMATORY RESPONSE%GOBP%GO:0002269	LEUKOCYTE ACTIVATION INVOLVED IN INFLAMMATORY RESPONSE%GOBP%GO:0002269		19	0.37830454	0.995268	0.4549356	0.76164216	1.0	315	tags=16%, list=2%, signal=16%	
NEGATIVE REGULATION OF PROTEIN LOCALIZATION%GOBP%GO:1903828	NEGATIVE REGULATION OF PROTEIN LOCALIZATION%GOBP%GO:1903828		121	0.2571649	0.99519485	0.4617225	0.76133347	1.0	2088	tags=19%, list=15%, signal=22%	
POSITIVE REGULATION OF ATP METABOLIC PROCESS%GOBP%GO:1903580	POSITIVE REGULATION OF ATP METABOLIC PROCESS%GOBP%GO:1903580		24	0.35205957	0.9942333	0.45356372	0.7635341	1.0	1430	tags=21%, list=11%, signal=23%	
AUTONOMIC NERVOUS SYSTEM DEVELOPMENT%GOBP%GO:0048483	AUTONOMIC NERVOUS SYSTEM DEVELOPMENT%GOBP%GO:0048483		19	0.36965188	0.99326634	0.44874716	0.76573247	1.0	3374	tags=47%, list=25%, signal=63%	
REGULATION OF FOCAL ADHESION ASSEMBLY%GOBP%GO:0051893	REGULATION OF FOCAL ADHESION ASSEMBLY%GOBP%GO:0051893		55	0.29561764	0.99217933	0.43287036	0.76833284	1.0	3501	tags=42%, list=26%, signal=56%	
TRANSCRIPTIONAL REGULATION BY E2F6%REACTOME%R-HSA-8953750.3	TRANSCRIPTIONAL REGULATION BY E2F6%REACTOME%R-HSA-8953750.3		34	0.32146204	0.9921238	0.4527027	0.767986	1.0	2590	tags=18%, list=19%, signal=22%	
DNA STRAND ELONGATION INVOLVED IN DNA REPLICATION%GOBP%GO:0006271	DNA STRAND ELONGATION INVOLVED IN DNA REPLICATION%GOBP%GO:0006271		15	0.39750975	0.992039	0.47083333	0.76771307	1.0	1226	tags=20%, list=9%, signal=22%	
PAR1-MEDIATED THROMBIN SIGNALING EVENTS%PATHWAY INTERACTION DATABASE NCI-NATURE CURATED DATA%PAR1-MEDIATED THROMBIN SIGNALING EVENTS	PAR1-MEDIATED THROMBIN SIGNALING EVENTS%PATHWAY INTERACTION DATABASE NCI-NATURE CURATED DATA%PAR1-MEDIATED THROMBIN SIGNALING EVENTS		40	0.30764386	0.9918484	0.43765283	0.7677013	1.0	2079	tags=25%, list=15%, signal=29%	
MULTI-MULTICELLULAR ORGANISM PROCESS%GOBP%GO:0044706	MULTI-MULTICELLULAR ORGANISM PROCESS%GOBP%GO:0044706		49	0.29663578	0.9918311	0.47597253	0.76724553	1.0	2157	tags=29%, list=16%, signal=34%	
POSITIVE REGULATION OF POST-TRANSLATIONAL PROTEIN MODIFICATION%GOBP%GO:1901875	POSITIVE REGULATION OF POST-TRANSLATIONAL PROTEIN MODIFICATION%GOBP%GO:1901875		96	0.2690486	0.99174476	0.46650124	0.7669812	1.0	1755	tags=14%, list=13%, signal=15%	
KINESINS%REACTOME%R-HSA-983189.5	KINESINS%REACTOME%R-HSA-983189.5		31	0.33033562	0.9916547	0.4496487	0.76671666	1.0	956	tags=19%, list=7%, signal=21%	
MULTICELLULAR ORGANISMAL-LEVEL WATER HOMEOSTASIS%GOBP%GO:0050891	MULTICELLULAR ORGANISMAL-LEVEL WATER HOMEOSTASIS%GOBP%GO:0050891		24	0.35101536	0.99163085	0.44725737	0.76628727	1.0	3375	tags=33%, list=25%, signal=44%	
E-CADHERIN SIGNALING IN KERATINOCYTES%PATHWAY INTERACTION DATABASE NCI-NATURE CURATED DATA%E-CADHERIN SIGNALING IN KERATINOCYTES	E-CADHERIN SIGNALING IN KERATINOCYTES%PATHWAY INTERACTION DATABASE NCI-NATURE CURATED DATA%E-CADHERIN SIGNALING IN KERATINOCYTES		19	0.36866948	0.9915371	0.44843048	0.7660567	1.0	3877	tags=42%, list=29%, signal=59%	
REGULATION OF EMBRYONIC DEVELOPMENT%GOBP%GO:0045995	REGULATION OF EMBRYONIC DEVELOPMENT%GOBP%GO:0045995		53	0.291706	0.99140286	0.44622424	0.765935	1.0	489	tags=8%, list=4%, signal=8%	
ARYL HYDROCARBON RECEPTOR PATHWAY%WIKIPATHWAYS_20250810%WP2873%HOMO SAPIENS	ARYL HYDROCARBON RECEPTOR PATHWAY%WIKIPATHWAYS_20250810%WP2873%HOMO SAPIENS		27	0.33771062	0.9911825	0.45232815	0.7660261	1.0	3023	tags=52%, list=22%, signal=67%	
VALIDATED NUCLEAR ESTROGEN RECEPTOR ALPHA NETWORK%PATHWAY INTERACTION DATABASE NCI-NATURE CURATED DATA%VALIDATED NUCLEAR ESTROGEN RECEPTOR ALPHA NETWORK	VALIDATED NUCLEAR ESTROGEN RECEPTOR ALPHA NETWORK%PATHWAY INTERACTION DATABASE NCI-NATURE CURATED DATA%VALIDATED NUCLEAR ESTROGEN RECEPTOR ALPHA NETWORK		56	0.29414862	0.99108285	0.46952596	0.765777	1.0	2597	tags=20%, list=19%, signal=24%	
NEGATIVE REGULATION OF BIOMINERAL TISSUE DEVELOPMENT%GOBP%GO:0070168	NEGATIVE REGULATION OF BIOMINERAL TISSUE DEVELOPMENT%GOBP%GO:0070168		21	0.36445445	0.9887884	0.43254817	0.7717131	1.0	2370	tags=43%, list=17%, signal=52%	
POSITIVE REGULATION OF ION TRANSMEMBRANE TRANSPORTER ACTIVITY%GOBP%GO:0032414	POSITIVE REGULATION OF ION TRANSMEMBRANE TRANSPORTER ACTIVITY%GOBP%GO:0032414		23	0.34444463	0.9884937	0.48512587	0.7720315	1.0	1024	tags=17%, list=8%, signal=19%	
TNFR2 NON-CANONICAL NF-KB PATHWAY%REACTOME DATABASE ID RELEASE 93%5668541	TNFR2 NON-CANONICAL NF-KB PATHWAY%REACTOME DATABASE ID RELEASE 93%5668541		71	0.28017917	0.9882693	0.45588234	0.7721606	1.0	813	tags=7%, list=6%, signal=7%	
POSITIVE REGULATION OF PROTEIN LOCALIZATION TO CELL PERIPHERY%GOBP%GO:1904377	POSITIVE REGULATION OF PROTEIN LOCALIZATION TO CELL PERIPHERY%GOBP%GO:1904377		58	0.28646636	0.9878756	0.47368422	0.77277213	1.0	1828	tags=17%, list=13%, signal=20%	
TRANSPORT ALONG MICROTUBULE%GOBP%GO:0010970	TRANSPORT ALONG MICROTUBULE%GOBP%GO:0010970		124	0.25414753	0.9873817	0.46153846	0.77363867	1.0	3641	tags=35%, list=27%, signal=47%	
POSITIVE REGULATION OF LEUKOCYTE DIFFERENTIATION%GOBP%GO:1902107	POSITIVE REGULATION OF LEUKOCYTE DIFFERENTIATION%GOBP%GO:1902107		122	0.24941942	0.9872329	0.48793566	0.7735632	1.0	2266	tags=25%, list=17%, signal=30%	
EARLY ENDOSOME TO LATE ENDOSOME TRANSPORT%GOBP%GO:0045022	EARLY ENDOSOME TO LATE ENDOSOME TRANSPORT%GOBP%GO:0045022		22	0.36160254	0.9870801	0.45637584	0.7734934	1.0	3115	tags=32%, list=23%, signal=41%	
PID_INTEGRIN_CS_PATHWAY%MSIGDB_C2%PID_INTEGRIN_CS_PATHWAY	PID_INTEGRIN_CS_PATHWAY%MSIGDB_C2%PID_INTEGRIN_CS_PATHWAY		16	0.3843176	0.98702073	0.4478261	0.7731582	1.0	1237	tags=31%, list=9%, signal=34%	
THROMBIN SIGNALLING THROUGH PROTEINASE ACTIVATED RECEPTORS (PARS)%REACTOME%R-HSA-456926.4	THROMBIN SIGNALLING THROUGH PROTEINASE ACTIVATED RECEPTORS (PARS)%REACTOME%R-HSA-456926.4		22	0.35519242	0.9869457	0.48307	0.7728622	1.0	2953	tags=36%, list=22%, signal=46%	
VESICLE BUDDING FROM MEMBRANE%GOBP%GO:0006900	VESICLE BUDDING FROM MEMBRANE%GOBP%GO:0006900		72	0.2803563	0.9868585	0.4783715	0.7726154	1.0	3895	tags=40%, list=29%, signal=56%	
POSITIVE REGULATION OF HORMONE SECRETION%GOBP%GO:0046887	POSITIVE REGULATION OF HORMONE SECRETION%GOBP%GO:0046887		54	0.29799044	0.9866172	0.47688565	0.77278763	1.0	1467	tags=20%, list=11%, signal=23%	
MITOTIC SPINDLE ASSEMBLY%GOBP%GO:0090307	MITOTIC SPINDLE ASSEMBLY%GOBP%GO:0090307		41	0.30601484	0.9863645	0.48027843	0.77297825	1.0	2523	tags=27%, list=19%, signal=33%	
REGULATION OF SMOOTH MUSCLE CELL MIGRATION%GOBP%GO:0014910	REGULATION OF SMOOTH MUSCLE CELL MIGRATION%GOBP%GO:0014910		32	0.3282519	0.985967	0.4976852	0.7735926	1.0	1201	tags=25%, list=9%, signal=27%	
NEGATIVE REGULATION OF VASCULAR ASSOCIATED SMOOTH MUSCLE CELL PROLIFERATION%GOBP%GO:1904706	NEGATIVE REGULATION OF VASCULAR ASSOCIATED SMOOTH MUSCLE CELL PROLIFERATION%GOBP%GO:1904706		15	0.3822792	0.9855036	0.46636772	0.7743386	1.0	1048	tags=20%, list=8%, signal=22%	
PROTEIN DEGLYCOSYLATION%GOBP%GO:0006517	PROTEIN DEGLYCOSYLATION%GOBP%GO:0006517		19	0.3702581	0.9854865	0.48387095	0.7738831	1.0	4119	tags=47%, list=30%, signal=68%	
VALIDATED TARGETS OF C-MYC TRANSCRIPTIONAL REPRESSION%PATHWAY INTERACTION DATABASE NCI-NATURE CURATED DATA%VALIDATED TARGETS OF C-MYC TRANSCRIPTIONAL REPRESSION	VALIDATED TARGETS OF C-MYC TRANSCRIPTIONAL REPRESSION%PATHWAY INTERACTION DATABASE NCI-NATURE CURATED DATA%VALIDATED TARGETS OF C-MYC TRANSCRIPTIONAL REPRESSION		59	0.2818534	0.98540044	0.486618	0.7735997	1.0	1016	tags=14%, list=7%, signal=15%	
BIOCARTA_AGR_PATHWAY%MSIGDB_C2%BIOCARTA_AGR_PATHWAY	BIOCARTA_AGR_PATHWAY%MSIGDB_C2%BIOCARTA_AGR_PATHWAY		20	0.359254	0.9850883	0.48043478	0.7739309	1.0	1573	tags=20%, list=12%, signal=23%	
METABOLISM OF STEROIDS%REACTOME%R-HSA-8957322.4	METABOLISM OF STEROIDS%REACTOME%R-HSA-8957322.4		121	0.25714892	0.984923	0.50374067	0.77388775	1.0	1171	tags=16%, list=9%, signal=17%	
EPITHELIAL TUBE MORPHOGENESIS%GOBP%GO:0060562	EPITHELIAL TUBE MORPHOGENESIS%GOBP%GO:0060562		110	0.2604337	0.9845539	0.507109	0.7744064	1.0	1868	tags=24%, list=14%, signal=27%	
N-CADHERIN SIGNALING EVENTS%PATHWAY INTERACTION DATABASE NCI-NATURE CURATED DATA%N-CADHERIN SIGNALING EVENTS	N-CADHERIN SIGNALING EVENTS%PATHWAY INTERACTION DATABASE NCI-NATURE CURATED DATA%N-CADHERIN SIGNALING EVENTS		30	0.32152796	0.98418653	0.45727482	0.77490264	1.0	4145	tags=47%, list=31%, signal=67%	
SMOOTH MUSCLE CONTRACTION%GOBP%GO:0006939	SMOOTH MUSCLE CONTRACTION%GOBP%GO:0006939		23	0.34538436	0.9831453	0.45909092	0.7773254	1.0	2171	tags=30%, list=16%, signal=36%	
BREAST CANCER PATHWAY%WIKIPATHWAYS_20250810%WP4262%HOMO SAPIENS	BREAST CANCER PATHWAY%WIKIPATHWAYS_20250810%WP4262%HOMO SAPIENS		108	0.260862	0.9829071	0.48039216	0.7774603	1.0	2676	tags=29%, list=20%, signal=35%	
VXPX CARGO-TARGETING TO CILIUM%REACTOME%R-HSA-5620916.4	VXPX CARGO-TARGETING TO CILIUM%REACTOME%R-HSA-5620916.4		17	0.3705152	0.9825428	0.45535713	0.77798164	1.0	1199	tags=12%, list=9%, signal=13%	
CYTOSKELETON-DEPENDENT INTRACELLULAR TRANSPORT%GOBP%GO:0030705	CYTOSKELETON-DEPENDENT INTRACELLULAR TRANSPORT%GOBP%GO:0030705		145	0.24562953	0.98235756	0.5122549	0.77800924	1.0	2658	tags=26%, list=20%, signal=31%	
FORMATION OF THE DYSTROPHIN-GLYCOPROTEIN COMPLEX (DGC)%REACTOME%R-HSA-9913351.2	FORMATION OF THE DYSTROPHIN-GLYCOPROTEIN COMPLEX (DGC)%REACTOME%R-HSA-9913351.2		26	0.34402204	0.9821948	0.48329622	0.7779422	1.0	2244	tags=27%, list=17%, signal=32%	
BIOCARTA_TPO_PATHWAY%MSIGDB_C2%BIOCARTA_TPO_PATHWAY	BIOCARTA_TPO_PATHWAY%MSIGDB_C2%BIOCARTA_TPO_PATHWAY		19	0.3624686	0.98171467	0.47333333	0.7788058	1.0	1552	tags=21%, list=11%, signal=24%	
PLASMA MEMBRANE REPAIR%GOBP%GO:0001778	PLASMA MEMBRANE REPAIR%GOBP%GO:0001778		20	0.36066413	0.98160744	0.47488585	0.7785986	1.0	2187	tags=25%, list=16%, signal=30%	
SYNTHESIS OF ACTIVE UBIQUITIN: ROLES OF E1 AND E2 ENZYMES%REACTOME DATABASE ID RELEASE 93%8866652	SYNTHESIS OF ACTIVE UBIQUITIN: ROLES OF E1 AND E2 ENZYMES%REACTOME DATABASE ID RELEASE 93%8866652		28	0.3347184	0.98148644	0.48370928	0.7784229	1.0	3636	tags=46%, list=27%, signal=63%	
MIRNA REGULATION OF P53 PATHWAY IN PROSTATE CANCER%WIKIPATHWAYS_20250810%WP3982%HOMO SAPIENS	MIRNA REGULATION OF P53 PATHWAY IN PROSTATE CANCER%WIKIPATHWAYS_20250810%WP3982%HOMO SAPIENS		19	0.3646708	0.9812507	0.46244133	0.7785864	1.0	3025	tags=37%, list=22%, signal=47%	
POSITIVE REGULATION OF TOR SIGNALING%GOBP%GO:0032008	POSITIVE REGULATION OF TOR SIGNALING%GOBP%GO:0032008		66	0.28160307	0.9804321	0.47869673	0.78042084	1.0	3657	tags=30%, list=27%, signal=41%	
PLATELET DENSE GRANULE ORGANIZATION%GOBP%GO:0060155	PLATELET DENSE GRANULE ORGANIZATION%GOBP%GO:0060155		22	0.35414377	0.9804062	0.47785547	0.78000176	1.0	3507	tags=45%, list=26%, signal=61%	
REGULATION OF CELLULAR RESPONSE TO VASCULAR ENDOTHELIAL GROWTH FACTOR STIMULUS%GOBP%GO:1902547	REGULATION OF CELLULAR RESPONSE TO VASCULAR ENDOTHELIAL GROWTH FACTOR STIMULUS%GOBP%GO:1902547		25	0.34330067	0.9804001	0.44634145	0.7795266	1.0	808	tags=16%, list=6%, signal=17%	
POSITIVE REGULATION OF NEUROGENESIS%GOBP%GO:0050769	POSITIVE REGULATION OF NEUROGENESIS%GOBP%GO:0050769		96	0.26754203	0.9801244	0.4827586	0.77978134	1.0	1283	tags=17%, list=9%, signal=18%	
REGULATION OF INFLAMMASOME-MEDIATED SIGNALING PATHWAY%GOBP%GO:0141085	REGULATION OF INFLAMMASOME-MEDIATED SIGNALING PATHWAY%GOBP%GO:0141085		40	0.30979028	0.9796652	0.47413793	0.78058183	1.0	1244	tags=20%, list=9%, signal=22%	
INTESTINAL ABSORPTION%GOBP%GO:0050892	INTESTINAL ABSORPTION%GOBP%GO:0050892		17	0.37781742	0.9791301	0.4651163	0.78158736	1.0	3640	tags=71%, list=27%, signal=96%	
REGULATION OF PROTEIN TARGETING%GOBP%GO:1903533	REGULATION OF PROTEIN TARGETING%GOBP%GO:1903533		59	0.28590462	0.9782475	0.48621553	0.7834894	1.0	2005	tags=19%, list=15%, signal=22%	
G0 AND EARLY G1%REACTOME DATABASE ID RELEASE 93%1538133	G0 AND EARLY G1%REACTOME DATABASE ID RELEASE 93%1538133		24	0.33543643	0.9776681	0.49445677	0.78456855	1.0	1397	tags=17%, list=10%, signal=19%	
CELLULAR RESPONSE TO CALCIUM ION%GOBP%GO:0071277	CELLULAR RESPONSE TO CALCIUM ION%GOBP%GO:0071277		42	0.30336973	0.97762126	0.47865167	0.78420526	1.0	2484	tags=38%, list=18%, signal=46%	
ENDOTHELIAL CELL MIGRATION%GOBP%GO:0043542	ENDOTHELIAL CELL MIGRATION%GOBP%GO:0043542		51	0.29339683	0.97738975	0.46411484	0.7843066	1.0	1303	tags=24%, list=10%, signal=26%	
SENESCENCE AND AUTOPHAGY IN CANCER%WIKIPATHWAYS_20250810%WP615%HOMO SAPIENS	SENESCENCE AND AUTOPHAGY IN CANCER%WIKIPATHWAYS_20250810%WP615%HOMO SAPIENS		78	0.27051154	0.97715646	0.4764268	0.78443897	1.0	1150	tags=14%, list=8%, signal=15%	
POSITIVE REGULATION OF NUCLEOTIDE METABOLIC PROCESS%GOBP%GO:0045981	POSITIVE REGULATION OF NUCLEOTIDE METABOLIC PROCESS%GOBP%GO:0045981		24	0.35205957	0.97665447	0.48471615	0.7853381	1.0	1430	tags=21%, list=11%, signal=23%	
NEGATIVE REGULATION OF FGFR1 SIGNALING%REACTOME DATABASE ID RELEASE 93%5654726	NEGATIVE REGULATION OF FGFR1 SIGNALING%REACTOME DATABASE ID RELEASE 93%5654726		20	0.35224578	0.9758867	0.48660713	0.7869629	1.0	220	tags=10%, list=2%, signal=10%	
BIOCARTA_BCR_PATHWAY%MSIGDB_C2%BIOCARTA_BCR_PATHWAY	BIOCARTA_BCR_PATHWAY%MSIGDB_C2%BIOCARTA_BCR_PATHWAY		27	0.33602518	0.9758131	0.48430493	0.7866726	1.0	1861	tags=22%, list=14%, signal=26%	
RESPONSE TO OSMOTIC STRESS%GOBP%GO:0006970	RESPONSE TO OSMOTIC STRESS%GOBP%GO:0006970		44	0.30022568	0.9757453	0.5	0.7863783	1.0	1401	tags=16%, list=10%, signal=18%	
REGULATION OF G PROTEIN-COUPLED RECEPTOR SIGNALING PATHWAY%GOBP%GO:0008277	REGULATION OF G PROTEIN-COUPLED RECEPTOR SIGNALING PATHWAY%GOBP%GO:0008277		95	0.26464993	0.9756781	0.50549453	0.7860686	1.0	1599	tags=19%, list=12%, signal=21%	
COPII-COATED VESICLE BUDDING%GOBP%GO:0090114	COPII-COATED VESICLE BUDDING%GOBP%GO:0090114		38	0.30958968	0.9748979	0.47084233	0.7877995	1.0	4373	tags=42%, list=32%, signal=62%	
AZATHIOPRINE ADME%REACTOME%R-HSA-9748787.3	AZATHIOPRINE ADME%REACTOME%R-HSA-9748787.3		20	0.35913557	0.9746993	0.47901234	0.78784883	1.0	1110	tags=15%, list=8%, signal=16%	
NEGATIVE REGULATION OF LYMPHOCYTE MEDIATED IMMUNITY%GOBP%GO:0002707	NEGATIVE REGULATION OF LYMPHOCYTE MEDIATED IMMUNITY%GOBP%GO:0002707		37	0.31320137	0.97461003	0.47272727	0.787618	1.0	3023	tags=43%, list=22%, signal=56%	
EXTRINSIC APOPTOTIC SIGNALING PATHWAY%GOBP%GO:0097191	EXTRINSIC APOPTOTIC SIGNALING PATHWAY%GOBP%GO:0097191		67	0.27951682	0.9743312	0.4804878	0.7879093	1.0	548	tags=9%, list=4%, signal=9%	
TP53 REGULATES TRANSCRIPTION OF GENES INVOLVED IN G2 CELL CYCLE ARREST%REACTOME%R-HSA-6804114.3	TP53 REGULATES TRANSCRIPTION OF GENES INVOLVED IN G2 CELL CYCLE ARREST%REACTOME%R-HSA-6804114.3		16	0.38535377	0.9742519	0.4945055	0.78763974	1.0	1629	tags=19%, list=12%, signal=21%	
CELLULAR RESPONSE TO HEAT%GOBP%GO:0034605	CELLULAR RESPONSE TO HEAT%GOBP%GO:0034605		35	0.30573514	0.9735311	0.48655257	0.78916126	1.0	1427	tags=14%, list=11%, signal=16%	
RESPONSE TO COLD%GOBP%GO:0009409	RESPONSE TO COLD%GOBP%GO:0009409		17	0.37130064	0.9734111	0.4757895	0.78898716	1.0	827	tags=18%, list=6%, signal=19%	
PROTEIN K11-LINKED UBIQUITINATION%GOBP%GO:0070979	PROTEIN K11-LINKED UBIQUITINATION%GOBP%GO:0070979		34	0.32084292	0.97316664	0.47887325	0.7891975	1.0	3330	tags=35%, list=25%, signal=47%	
INTEGRIN-MEDIATED SIGNALING PATHWAY%GOBP%GO:0007229	INTEGRIN-MEDIATED SIGNALING PATHWAY%GOBP%GO:0007229		77	0.27324888	0.9728978	0.479798	0.78943133	1.0	1965	tags=27%, list=14%, signal=32%	
NRAGE SIGNALS DEATH THROUGH JNK%REACTOME DATABASE ID RELEASE 93%193648	NRAGE SIGNALS DEATH THROUGH JNK%REACTOME DATABASE ID RELEASE 93%193648		55	0.28727627	0.9727169	0.52487564	0.7894679	1.0	2128	tags=22%, list=16%, signal=26%	
SENSORY PERCEPTION OF TASTE%REACTOME%R-HSA-9717189.3	SENSORY PERCEPTION OF TASTE%REACTOME%R-HSA-9717189.3		23	0.3431931	0.97187304	0.4878049	0.791278	1.0	840	tags=17%, list=6%, signal=19%	
TISSUE REGENERATION%GOBP%GO:0042246	TISSUE REGENERATION%GOBP%GO:0042246		19	0.35850412	0.971706	0.4978166	0.79122186	1.0	1965	tags=37%, list=14%, signal=43%	
GLYCOSYL COMPOUND METABOLIC PROCESS%GOBP%GO:1901657	GLYCOSYL COMPOUND METABOLIC PROCESS%GOBP%GO:1901657		46	0.292134	0.97045994	0.5022523	0.7941897	1.0	3135	tags=35%, list=23%, signal=45%	
ARTERY DEVELOPMENT%GOBP%GO:0060840	ARTERY DEVELOPMENT%GOBP%GO:0060840		41	0.29720643	0.97023875	0.49164677	0.7942799	1.0	1401	tags=24%, list=10%, signal=27%	
PID_BMP_PATHWAY%MSIGDB_C2%PID_BMP_PATHWAY	PID_BMP_PATHWAY%MSIGDB_C2%PID_BMP_PATHWAY		27	0.33192882	0.9690319	0.51428574	0.7971779	1.0	3013	tags=41%, list=22%, signal=52%	
REGULATION OF STEROL TRANSPORT%GOBP%GO:0032371	REGULATION OF STEROL TRANSPORT%GOBP%GO:0032371		38	0.3071903	0.96840405	0.48863637	0.7983854	1.0	706	tags=13%, list=5%, signal=14%	
RESPONSE TO PROSTAGLANDIN%GOBP%GO:0034694	RESPONSE TO PROSTAGLANDIN%GOBP%GO:0034694		18	0.36529532	0.96834695	0.48878923	0.798026	1.0	1308	tags=28%, list=10%, signal=31%	
POSITIVE REGULATION OF NEURON DIFFERENTIATION%GOBP%GO:0045666	POSITIVE REGULATION OF NEURON DIFFERENTIATION%GOBP%GO:0045666		25	0.33324826	0.96743906	0.5180723	0.8000746	1.0	1104	tags=12%, list=8%, signal=13%	
AMINO ACID IMPORT ACROSS PLASMA MEMBRANE%GOBP%GO:0089718	AMINO ACID IMPORT ACROSS PLASMA MEMBRANE%GOBP%GO:0089718		19	0.3585814	0.9665593	0.48297873	0.8020244	1.0	2908	tags=47%, list=21%, signal=60%	
REGULATION OF CHOLESTEROL TRANSPORT%GOBP%GO:0032374	REGULATION OF CHOLESTEROL TRANSPORT%GOBP%GO:0032374		38	0.3071903	0.96631026	0.4964871	0.8021917	1.0	706	tags=13%, list=5%, signal=14%	
FEMALE PREGNANCY%GOBP%GO:0007565	FEMALE PREGNANCY%GOBP%GO:0007565		43	0.29758552	0.9662317	0.5036675	0.8018819	1.0	2157	tags=30%, list=16%, signal=36%	
PID_TCR_CALCIUM_PATHWAY%MSIGDB_C2%PID_TCR_CALCIUM_PATHWAY	PID_TCR_CALCIUM_PATHWAY%MSIGDB_C2%PID_TCR_CALCIUM_PATHWAY		17	0.3641774	0.966162	0.51046026	0.801575	1.0	1671	tags=24%, list=12%, signal=27%	
N-GLYCAN PROCESSING%GOBP%GO:0006491	N-GLYCAN PROCESSING%GOBP%GO:0006491		20	0.36602864	0.96608996	0.48358864	0.801279	1.0	3756	tags=50%, list=28%, signal=69%	
BMP RECEPTOR SIGNALING%PATHWAY INTERACTION DATABASE NCI-NATURE CURATED DATA%BMP RECEPTOR SIGNALING	BMP RECEPTOR SIGNALING%PATHWAY INTERACTION DATABASE NCI-NATURE CURATED DATA%BMP RECEPTOR SIGNALING		36	0.31187615	0.9657668	0.5	0.80170476	1.0	1988	tags=25%, list=15%, signal=29%	
HEART DEVELOPMENT%WIKIPATHWAYS_20250810%WP1591%HOMO SAPIENS	HEART DEVELOPMENT%WIKIPATHWAYS_20250810%WP1591%HOMO SAPIENS		28	0.32593355	0.9650648	0.49671772	0.8031322	1.0	2020	tags=29%, list=15%, signal=34%	
EMBRYONIC LIMB MORPHOGENESIS%GOBP%GO:0030326	EMBRYONIC LIMB MORPHOGENESIS%GOBP%GO:0030326		30	0.31639594	0.9646584	0.48997772	0.8037367	1.0	2085	tags=23%, list=15%, signal=28%	
NEGATIVE REGULATION OF RELEASE OF CYTOCHROME C FROM MITOCHONDRIA%GOBP%GO:0090201	NEGATIVE REGULATION OF RELEASE OF CYTOCHROME C FROM MITOCHONDRIA%GOBP%GO:0090201		17	0.366971	0.9637621	0.4801865	0.8056613	1.0	2260	tags=29%, list=17%, signal=35%	
ARTERY MORPHOGENESIS%GOBP%GO:0048844	ARTERY MORPHOGENESIS%GOBP%GO:0048844		33	0.31357569	0.96310645	0.47457626	0.80699944	1.0	1401	tags=27%, list=10%, signal=30%	
PHYSIOLOGICAL AND PATHOLOGICAL HYPERTROPHY OF THE HEART%WIKIPATHWAYS_20250810%WP1528%HOMO SAPIENS	PHYSIOLOGICAL AND PATHOLOGICAL HYPERTROPHY OF THE HEART%WIKIPATHWAYS_20250810%WP1528%HOMO SAPIENS		19	0.36600012	0.96253043	0.48251748	0.8081327	1.0	1861	tags=26%, list=14%, signal=30%	
RECYCLING PATHWAY OF L1%REACTOME%R-HSA-437239.3	RECYCLING PATHWAY OF L1%REACTOME%R-HSA-437239.3		23	0.3382268	0.9622224	0.5159091	0.8084941	1.0	2693	tags=30%, list=20%, signal=38%	
NEGATIVE REGULATION OF FGFR4 SIGNALING%REACTOME%R-HSA-5654733.3	NEGATIVE REGULATION OF FGFR4 SIGNALING%REACTOME%R-HSA-5654733.3		20	0.3582623	0.9616632	0.51716244	0.8095904	1.0	220	tags=10%, list=2%, signal=10%	
MESODERM FORMATION%GOBP%GO:0001707	MESODERM FORMATION%GOBP%GO:0001707		19	0.3574652	0.9611672	0.52	0.8104657	1.0	2683	tags=37%, list=20%, signal=46%	
POSITIVE REGULATION OF HEMOPOIESIS%GOBP%GO:1903708	POSITIVE REGULATION OF HEMOPOIESIS%GOBP%GO:1903708		122	0.24941942	0.9609744	0.5386534	0.81049204	1.0	2266	tags=25%, list=17%, signal=30%	
CONSTITUTIVE SIGNALING BY AKT1 E17K IN CANCER%REACTOME%R-HSA-5674400.3	CONSTITUTIVE SIGNALING BY AKT1 E17K IN CANCER%REACTOME%R-HSA-5674400.3		24	0.3426131	0.9608759	0.5114679	0.8102571	1.0	4016	tags=38%, list=30%, signal=53%	
DOWNSTREAM TCR SIGNALING%REACTOME%R-HSA-202424.6	DOWNSTREAM TCR SIGNALING%REACTOME%R-HSA-202424.6		78	0.2645528	0.9608273	0.5136476	0.80987483	1.0	871	tags=10%, list=6%, signal=11%	
G2 M TRANSITION%REACTOME DATABASE ID RELEASE 93%69275	G2 M TRANSITION%REACTOME DATABASE ID RELEASE 93%69275		162	0.2396958	0.9607497	0.52894735	0.8095688	1.0	3918	tags=33%, list=29%, signal=46%	
EPHB-MEDIATED FORWARD SIGNALING%REACTOME%R-HSA-3928662.4	EPHB-MEDIATED FORWARD SIGNALING%REACTOME%R-HSA-3928662.4		32	0.32356656	0.9605335	0.502193	0.809654	1.0	2997	tags=34%, list=22%, signal=44%	
REGULATION OF MICROTUBULE POLYMERIZATION%GOBP%GO:0031113	REGULATION OF MICROTUBULE POLYMERIZATION%GOBP%GO:0031113		51	0.2916339	0.9601144	0.53504676	0.8103409	1.0	543	tags=4%, list=4%, signal=4%	
ABERRANT REGULATION OF MITOTIC CELL CYCLE DUE TO RB1 DEFECTS%REACTOME DATABASE ID RELEASE 93%9687139	ABERRANT REGULATION OF MITOTIC CELL CYCLE DUE TO RB1 DEFECTS%REACTOME DATABASE ID RELEASE 93%9687139		33	0.3149441	0.96000564	0.5	0.8101095	1.0	1755	tags=18%, list=13%, signal=21%	
MEMBRANE FISSION%GOBP%GO:0090148	MEMBRANE FISSION%GOBP%GO:0090148		41	0.30056235	0.9594265	0.4766147	0.8112133	1.0	4755	tags=49%, list=35%, signal=75%	
UBIQUITIN PROTEASOME PATHWAY%PANTHER PATHWAY%P00060	UBIQUITIN PROTEASOME PATHWAY%PANTHER PATHWAY%P00060		24	0.3408504	0.9589658	0.5	0.8120214	1.0	3636	tags=38%, list=27%, signal=51%	
HALLMARK_REACTIVE_OXYGEN_SPECIES_PATHWAY%MSIGDBHALLMARK%HALLMARK_REACTIVE_OXYGEN_SPECIES_PATHWAY	HALLMARK_REACTIVE_OXYGEN_SPECIES_PATHWAY%MSIGDBHALLMARK%HALLMARK_REACTIVE_OXYGEN_SPECIES_PATHWAY		32	0.31955868	0.9588975	0.51282054	0.8117077	1.0	2372	tags=34%, list=18%, signal=42%	
REGULATION OF B CELL MEDIATED IMMUNITY%GOBP%GO:0002712	REGULATION OF B CELL MEDIATED IMMUNITY%GOBP%GO:0002712		24	0.33683804	0.9583905	0.5037221	0.81263226	1.0	2189	tags=25%, list=16%, signal=30%	
REGULATION OF ATP METABOLIC PROCESS%GOBP%GO:1903578	REGULATION OF ATP METABOLIC PROCESS%GOBP%GO:1903578		48	0.2944419	0.9580171	0.51981354	0.8132066	1.0	1430	tags=15%, list=11%, signal=16%	
HALLMARK OF CANCER SUSTAINING PROLIFERATIVE SIGNALING%WIKIPATHWAYS_20250810%WP5475%HOMO SAPIENS	HALLMARK OF CANCER SUSTAINING PROLIFERATIVE SIGNALING%WIKIPATHWAYS_20250810%WP5475%HOMO SAPIENS		78	0.2651485	0.95775354	0.49636805	0.8134685	1.0	1316	tags=13%, list=10%, signal=14%	
NEGATIVE REGULATION OF FGFR3 SIGNALING%REACTOME DATABASE ID RELEASE 93%5654732	NEGATIVE REGULATION OF FGFR3 SIGNALING%REACTOME DATABASE ID RELEASE 93%5654732		19	0.36256525	0.9576329	0.5379464	0.8132877	1.0	220	tags=11%, list=2%, signal=11%	
ANTERIOR/POSTERIOR PATTERN SPECIFICATION%GOBP%GO:0009952	ANTERIOR/POSTERIOR PATTERN SPECIFICATION%GOBP%GO:0009952		58	0.28453213	0.9576069	0.52839506	0.81285083	1.0	2438	tags=33%, list=18%, signal=40%	
P75NTR SIGNALS VIA NF-KB%REACTOME DATABASE ID RELEASE 93%193639	P75NTR SIGNALS VIA NF-KB%REACTOME DATABASE ID RELEASE 93%193639		15	0.37576753	0.95713025	0.5444915	0.81362545	1.0	52	tags=7%, list=0%, signal=7%	
NUCLEAR EVENTS MEDIATED BY NFE2L2%REACTOME DATABASE ID RELEASE 93%9759194	NUCLEAR EVENTS MEDIATED BY NFE2L2%REACTOME DATABASE ID RELEASE 93%9759194		81	0.26017392	0.95685405	0.5256724	0.81385636	1.0	2861	tags=22%, list=21%, signal=28%	
OVERLAP BETWEEN SIGNAL TRANSDUCTION PATHWAYS CONTRIBUTING TO LMNA LAMINOPATHIES%WIKIPATHWAYS_20250810%WP4879%HOMO SAPIENS	OVERLAP BETWEEN SIGNAL TRANSDUCTION PATHWAYS CONTRIBUTING TO LMNA LAMINOPATHIES%WIKIPATHWAYS_20250810%WP4879%HOMO SAPIENS		39	0.30297336	0.9563784	0.5248227	0.81472003	1.0	1924	tags=21%, list=14%, signal=24%	
POSITIVE REGULATION OF VIRAL PROCESS%GOBP%GO:0048524	POSITIVE REGULATION OF VIRAL PROCESS%GOBP%GO:0048524		51	0.28735435	0.9562948	0.5176471	0.8144557	1.0	1683	tags=14%, list=12%, signal=16%	
REGULATION OF TYPE I INTERFERON PRODUCTION%GOBP%GO:0032479	REGULATION OF TYPE I INTERFERON PRODUCTION%GOBP%GO:0032479		109	0.25134504	0.95617175	0.56416464	0.8143105	1.0	3672	tags=32%, list=27%, signal=44%	
CELLULAR RESPONSE TO KETONE%GOBP%GO:1901655	CELLULAR RESPONSE TO KETONE%GOBP%GO:1901655		44	0.29025272	0.9560834	0.5218447	0.8140777	1.0	1693	tags=23%, list=12%, signal=26%	
CHROMOSOMAL AND MICROSATELLITE INSTABILITY IN COLORECTAL CANCER %WIKIPATHWAYS_20250810%WP4216%HOMO SAPIENS	CHROMOSOMAL AND MICROSATELLITE INSTABILITY IN COLORECTAL CANCER %WIKIPATHWAYS_20250810%WP4216%HOMO SAPIENS		58	0.2744468	0.95573455	0.52771086	0.81456935	1.0	1003	tags=10%, list=7%, signal=11%	
NEGATIVE REGULATION OF JNK CASCADE%GOBP%GO:0046329	NEGATIVE REGULATION OF JNK CASCADE%GOBP%GO:0046329		31	0.320864	0.9557241	0.5225225	0.8140965	1.0	1644	tags=23%, list=12%, signal=26%	
ESTABLISHMENT OR MAINTENANCE OF CELL POLARITY%GOBP%GO:0007163	ESTABLISHMENT OR MAINTENANCE OF CELL POLARITY%GOBP%GO:0007163		119	0.24729942	0.955476	0.55172414	0.8142863	1.0	3704	tags=39%, list=27%, signal=53%	
DIGESTIVE SYSTEM PROCESS%GOBP%GO:0022600	DIGESTIVE SYSTEM PROCESS%GOBP%GO:0022600		33	0.30860174	0.9548419	0.49202734	0.81557566	1.0	1603	tags=27%, list=12%, signal=31%	
BIOCARTA_G1_PATHWAY%MSIGDB_C2%BIOCARTA_G1_PATHWAY	BIOCARTA_G1_PATHWAY%MSIGDB_C2%BIOCARTA_G1_PATHWAY		18	0.36115083	0.9546753	0.5214286	0.8155478	1.0	3327	tags=39%, list=25%, signal=51%	
BIOCARTA_CERAMIDE_PATHWAY%MSIGDB_C2%BIOCARTA_CERAMIDE_PATHWAY	BIOCARTA_CERAMIDE_PATHWAY%MSIGDB_C2%BIOCARTA_CERAMIDE_PATHWAY		21	0.34663922	0.9539441	0.5022727	0.8170323	1.0	2143	tags=24%, list=16%, signal=28%	
CELLULAR RESPONSE TO OSMOTIC STRESS%GOBP%GO:0071470	CELLULAR RESPONSE TO OSMOTIC STRESS%GOBP%GO:0071470		32	0.30837348	0.95391375	0.5251142	0.81661505	1.0	1401	tags=19%, list=10%, signal=21%	
NEGATIVE REGULATION OF MAPK CASCADE%GOBP%GO:0043409	NEGATIVE REGULATION OF MAPK CASCADE%GOBP%GO:0043409		111	0.250129	0.95369893	0.6056338	0.8167007	1.0	1683	tags=19%, list=12%, signal=21%	
APPENDAGE MORPHOGENESIS%GOBP%GO:0035107	APPENDAGE MORPHOGENESIS%GOBP%GO:0035107		35	0.30938733	0.9535001	0.4954751	0.81673324	1.0	2085	tags=23%, list=15%, signal=27%	
NEGATIVE REGULATION OF MUSCLE CELL DIFFERENTIATION%GOBP%GO:0051148	NEGATIVE REGULATION OF MUSCLE CELL DIFFERENTIATION%GOBP%GO:0051148		28	0.32070524	0.95346016	0.53554505	0.8163425	1.0	1671	tags=21%, list=12%, signal=24%	
GANGLIOSIDE METABOLIC PROCESS%GOBP%GO:0001573	GANGLIOSIDE METABOLIC PROCESS%GOBP%GO:0001573		20	0.34442237	0.95228577	0.52019	0.81908715	1.0	2688	tags=40%, list=20%, signal=50%	
NEURODEGENERATION WITH BRAIN IRON ACCUMULATION NBIA SUBTYPES PATHWAY%WIKIPATHWAYS_20250810%WP4577%HOMO SAPIENS	NEURODEGENERATION WITH BRAIN IRON ACCUMULATION NBIA SUBTYPES PATHWAY%WIKIPATHWAYS_20250810%WP4577%HOMO SAPIENS		33	0.31226164	0.95182884	0.52522933	0.8198449	1.0	1212	tags=12%, list=9%, signal=13%	
CILIOPATHIES%WIKIPATHWAYS_20250810%WP4803%HOMO SAPIENS	CILIOPATHIES%WIKIPATHWAYS_20250810%WP4803%HOMO SAPIENS		116	0.24649377	0.95085603	0.56264776	0.82203627	1.0	3922	tags=41%, list=29%, signal=57%	
POSITIVE REGULATION OF TRANSPORTER ACTIVITY%GOBP%GO:0032411	POSITIVE REGULATION OF TRANSPORTER ACTIVITY%GOBP%GO:0032411		26	0.32945558	0.9508272	0.53971964	0.8216138	1.0	1024	tags=15%, list=8%, signal=17%	
DEATH RECEPTOR SIGNALING%REACTOME DATABASE ID RELEASE 93%73887	DEATH RECEPTOR SIGNALING%REACTOME DATABASE ID RELEASE 93%73887		144	0.23804511	0.95074886	0.59007835	0.8213413	1.0	3843	tags=35%, list=28%, signal=48%	
RAC2 GTPASE CYCLE%REACTOME DATABASE ID RELEASE 93%9013404	RAC2 GTPASE CYCLE%REACTOME DATABASE ID RELEASE 93%9013404		82	0.26002577	0.9506475	0.53170735	0.82111406	1.0	2788	tags=24%, list=21%, signal=31%	
FRUCTOSE AND MANNOSE DEGRADATION%SMPDB%SMP0087197	FRUCTOSE AND MANNOSE DEGRADATION%SMPDB%SMP0087197		16	0.3687395	0.9505895	0.5311111	0.82075757	1.0	3254	tags=44%, list=24%, signal=58%	
NEGATIVE REGULATION OF PROTEIN MODIFICATION PROCESS%GOBP%GO:0031400	NEGATIVE REGULATION OF PROTEIN MODIFICATION PROCESS%GOBP%GO:0031400		159	0.2357297	0.95051783	0.578125	0.8204572	1.0	2859	tags=26%, list=21%, signal=33%	
REGULATION OF LYSOSOMAL LUMEN PH%GOBP%GO:0035751	REGULATION OF LYSOSOMAL LUMEN PH%GOBP%GO:0035751		28	0.32430822	0.9504869	0.5334873	0.82003945	1.0	3905	tags=43%, list=29%, signal=60%	
PID_ENDOTHELIN_PATHWAY%MSIGDB_C2%PID_ENDOTHELIN_PATHWAY	PID_ENDOTHELIN_PATHWAY%MSIGDB_C2%PID_ENDOTHELIN_PATHWAY		41	0.2993128	0.9500134	0.54418606	0.8208328	1.0	1075	tags=15%, list=8%, signal=16%	
REGULATION OF SYNAPTIC PLASTICITY%GOBP%GO:0048167	REGULATION OF SYNAPTIC PLASTICITY%GOBP%GO:0048167		97	0.2567537	0.9498044	0.5371703	0.8209237	1.0	2274	tags=24%, list=17%, signal=28%	
NEGATIVE REGULATION OF ENDOTHELIAL CELL MIGRATION%GOBP%GO:0010596	NEGATIVE REGULATION OF ENDOTHELIAL CELL MIGRATION%GOBP%GO:0010596		41	0.28924656	0.94873565	0.5316159	0.8233552	1.0	3063	tags=34%, list=23%, signal=44%	
XENOBIOTIC CATABOLIC PROCESS%GOBP%GO:0042178	XENOBIOTIC CATABOLIC PROCESS%GOBP%GO:0042178		16	0.36703196	0.9483881	0.5154185	0.82382417	1.0	322	tags=13%, list=2%, signal=13%	
IL5 SIGNALING%WIKIPATHWAYS_20250810%WP127%HOMO SAPIENS	IL5 SIGNALING%WIKIPATHWAYS_20250810%WP127%HOMO SAPIENS		29	0.3084252	0.94827557	0.52224827	0.8236198	1.0	2741	tags=34%, list=20%, signal=43%	
BASEMENT MEMBRANE ORGANIZATION%GOBP%GO:0071711	BASEMENT MEMBRANE ORGANIZATION%GOBP%GO:0071711		17	0.35450247	0.9479352	0.5405983	0.8240665	1.0	2537	tags=35%, list=19%, signal=43%	
FRAGILE X SYNDROME%WIKIPATHWAYS_20250810%WP4549%HOMO SAPIENS	FRAGILE X SYNDROME%WIKIPATHWAYS_20250810%WP4549%HOMO SAPIENS		81	0.26017457	0.9476702	0.5494792	0.8243024	1.0	2199	tags=19%, list=16%, signal=22%	
NEGATIVE REGULATION OF INTRINSIC APOPTOTIC SIGNALING PATHWAY IN RESPONSE TO DNA DAMAGE%GOBP%GO:1902230	NEGATIVE REGULATION OF INTRINSIC APOPTOTIC SIGNALING PATHWAY IN RESPONSE TO DNA DAMAGE%GOBP%GO:1902230		24	0.33942834	0.947117	0.53051645	0.82525635	1.0	2049	tags=25%, list=15%, signal=29%	
AMINE BIOSYNTHETIC PROCESS%GOBP%GO:0009309	AMINE BIOSYNTHETIC PROCESS%GOBP%GO:0009309		16	0.3696531	0.9465965	0.5443038	0.8261847	1.0	35	tags=6%, list=0%, signal=6%	
REGULATION OF NUCLEOTIDE METABOLIC PROCESS%GOBP%GO:0006140	REGULATION OF NUCLEOTIDE METABOLIC PROCESS%GOBP%GO:0006140		53	0.27849784	0.94657475	0.543943	0.82574296	1.0	1430	tags=13%, list=11%, signal=15%	
DISEASES OF MITOTIC CELL CYCLE%REACTOME%R-HSA-9675126.4	DISEASES OF MITOTIC CELL CYCLE%REACTOME%R-HSA-9675126.4		35	0.3023239	0.94620293	0.54545456	0.82629603	1.0	1755	tags=17%, list=13%, signal=20%	
POSITIVE REGULATION OF CILIUM ASSEMBLY%GOBP%GO:0045724	POSITIVE REGULATION OF CILIUM ASSEMBLY%GOBP%GO:0045724		22	0.3350017	0.9454761	0.53047407	0.8278268	1.0	5359	tags=59%, list=40%, signal=98%	
REGULATION OF HEART RATE BY CARDIAC CONDUCTION%GOBP%GO:0086091	REGULATION OF HEART RATE BY CARDIAC CONDUCTION%GOBP%GO:0086091		31	0.31255066	0.9454151	0.5100671	0.82750434	1.0	2209	tags=32%, list=16%, signal=38%	
VENTRICULAR SEPTUM MORPHOGENESIS%GOBP%GO:0060412	VENTRICULAR SEPTUM MORPHOGENESIS%GOBP%GO:0060412		25	0.32295766	0.9454016	0.53691274	0.8270461	1.0	1168	tags=24%, list=9%, signal=26%	
MEMBRANE FUSION%GOBP%GO:0061025	MEMBRANE FUSION%GOBP%GO:0061025		113	0.24630027	0.9448432	0.5710526	0.82805717	1.0	2511	tags=19%, list=19%, signal=24%	
NEGATIVE REGULATION OF PROTEIN SECRETION%GOBP%GO:0050709	NEGATIVE REGULATION OF PROTEIN SECRETION%GOBP%GO:0050709		30	0.31200984	0.9445594	0.5510689	0.8283209	1.0	1535	tags=23%, list=11%, signal=26%	
MIRNA REGULATION OF DNA DAMAGE RESPONSE%WIKIPATHWAYS_20250810%WP1530%HOMO SAPIENS	MIRNA REGULATION OF DNA DAMAGE RESPONSE%WIKIPATHWAYS_20250810%WP1530%HOMO SAPIENS		56	0.27614808	0.94454646	0.58117646	0.82784826	1.0	2590	tags=27%, list=19%, signal=33%	
VIRAL BUDDING%GOBP%GO:0046755	VIRAL BUDDING%GOBP%GO:0046755		22	0.34290627	0.94417554	0.53047407	0.82834	1.0	2187	tags=23%, list=16%, signal=27%	
PSEUDOURIDINE SYNTHESIS%GOBP%GO:0001522	PSEUDOURIDINE SYNTHESIS%GOBP%GO:0001522		17	0.36134508	0.94409746	0.5515695	0.82805425	1.0	3971	tags=47%, list=29%, signal=66%	
RET SIGNALING%REACTOME%R-HSA-8853659.7	RET SIGNALING%REACTOME%R-HSA-8853659.7		30	0.3172295	0.944082	0.5305677	0.82760394	1.0	2633	tags=37%, list=19%, signal=45%	
NETRIN-MEDIATED SIGNALING EVENTS%PATHWAY INTERACTION DATABASE NCI-NATURE CURATED DATA%NETRIN-MEDIATED SIGNALING EVENTS	NETRIN-MEDIATED SIGNALING EVENTS%PATHWAY INTERACTION DATABASE NCI-NATURE CURATED DATA%NETRIN-MEDIATED SIGNALING EVENTS		30	0.32401025	0.94396085	0.5311111	0.82744837	1.0	757	tags=10%, list=6%, signal=11%	
LEUKOCYTE ADHESION TO VASCULAR ENDOTHELIAL CELL%GOBP%GO:0061756	LEUKOCYTE ADHESION TO VASCULAR ENDOTHELIAL CELL%GOBP%GO:0061756		18	0.3542919	0.9434264	0.5272727	0.8283661	1.0	1102	tags=33%, list=8%, signal=36%	
METHYLATION%GOBP%GO:0032259	METHYLATION%GOBP%GO:0032259		105	0.24978594	0.9431155	0.58465606	0.8287542	1.0	1932	tags=14%, list=14%, signal=17%	
IRON UPTAKE AND TRANSPORT%REACTOME DATABASE ID RELEASE 93%917937	IRON UPTAKE AND TRANSPORT%REACTOME DATABASE ID RELEASE 93%917937		51	0.28644606	0.94309884	0.55172414	0.8282982	1.0	1425	tags=20%, list=11%, signal=22%	
REGULATION OF IMMUNOGLOBULIN MEDIATED IMMUNE RESPONSE%GOBP%GO:0002889	REGULATION OF IMMUNOGLOBULIN MEDIATED IMMUNE RESPONSE%GOBP%GO:0002889		23	0.33769652	0.942566	0.5192308	0.8292564	1.0	2189	tags=26%, list=16%, signal=31%	
SMALL CELL LUNG CANCER%WIKIPATHWAYS_20250810%WP4658%HOMO SAPIENS	SMALL CELL LUNG CANCER%WIKIPATHWAYS_20250810%WP4658%HOMO SAPIENS		79	0.26167348	0.9425256	0.5970874	0.828878	1.0	927	tags=10%, list=7%, signal=11%	
MONOAMINE TRANSPORT%WIKIPATHWAYS_20250810%WP727%HOMO SAPIENS	MONOAMINE TRANSPORT%WIKIPATHWAYS_20250810%WP727%HOMO SAPIENS		15	0.3704243	0.942353	0.5287611	0.82886577	1.0	7	tags=7%, list=0%, signal=7%	
REGULATION OF HYDROLASE ACTIVITY%GOBP%GO:0051336	REGULATION OF HYDROLASE ACTIVITY%GOBP%GO:0051336		138	0.23973763	0.9423227	0.61126006	0.8284616	1.0	1413	tags=17%, list=10%, signal=18%	
EXPORT ACROSS PLASMA MEMBRANE%GOBP%GO:0140115	EXPORT ACROSS PLASMA MEMBRANE%GOBP%GO:0140115		39	0.29971617	0.9422388	0.54444444	0.8281721	1.0	2409	tags=38%, list=18%, signal=47%	
REGULATION OF CALCIUM ION IMPORT%GOBP%GO:0090279	REGULATION OF CALCIUM ION IMPORT%GOBP%GO:0090279		23	0.3254463	0.9411199	0.5534188	0.8307396	1.0	1199	tags=22%, list=9%, signal=24%	
EPHRIN RECEPTOR SIGNALING PATHWAY%GOBP%GO:0048013	EPHRIN RECEPTOR SIGNALING PATHWAY%GOBP%GO:0048013		39	0.2945327	0.9408138	0.5592417	0.8310631	1.0	1518	tags=15%, list=11%, signal=17%	
SIGNALING BY NTRK1 (TRKA)%REACTOME%R-HSA-187037.4	SIGNALING BY NTRK1 (TRKA)%REACTOME%R-HSA-187037.4		99	0.24938034	0.9405172	0.5974359	0.8313341	1.0	2741	tags=27%, list=20%, signal=34%	
POSITIVE REGULATION OF TRANSMEMBRANE RECEPTOR PROTEIN SERINE/THREONINE KINASE SIGNALING PATHWAY%GOBP%GO:0090100	POSITIVE REGULATION OF TRANSMEMBRANE RECEPTOR PROTEIN SERINE/THREONINE KINASE SIGNALING PATHWAY%GOBP%GO:0090100		70	0.26594183	0.9404793	0.55831265	0.8309441	1.0	1303	tags=14%, list=10%, signal=16%	
INHIBITION OF VOLTAGE GATED CA2+ CHANNELS VIA GBETA GAMMA SUBUNITS%REACTOME DATABASE ID RELEASE 93%997272	INHIBITION OF VOLTAGE GATED CA2+ CHANNELS VIA GBETA GAMMA SUBUNITS%REACTOME DATABASE ID RELEASE 93%997272		17	0.34884837	0.94038904	0.5225806	0.830705	1.0	401	tags=18%, list=3%, signal=18%	
DNA DAMAGE RESPONSE%WIKIPATHWAYS_20250810%WP707%HOMO SAPIENS	DNA DAMAGE RESPONSE%WIKIPATHWAYS_20250810%WP707%HOMO SAPIENS		55	0.27803212	0.9398844	0.53881276	0.8315727	1.0	2590	tags=27%, list=19%, signal=34%	
EMBRYONIC APPENDAGE MORPHOGENESIS%GOBP%GO:0035113	EMBRYONIC APPENDAGE MORPHOGENESIS%GOBP%GO:0035113		30	0.31639594	0.93919504	0.54816514	0.83290386	1.0	2085	tags=23%, list=15%, signal=28%	
DEVELOPMENT OF URETERIC DERIVED COLLECTING SYSTEM%WIKIPATHWAYS_20250810%WP5053%HOMO SAPIENS	DEVELOPMENT OF URETERIC DERIVED COLLECTING SYSTEM%WIKIPATHWAYS_20250810%WP5053%HOMO SAPIENS		33	0.30752015	0.9389895	0.53333336	0.8329762	1.0	1497	tags=27%, list=11%, signal=31%	
NOTCH SIGNALING PATHWAY%GOBP%GO:0007219	NOTCH SIGNALING PATHWAY%GOBP%GO:0007219		39	0.29912987	0.93879384	0.53411764	0.8330005	1.0	1542	tags=21%, list=11%, signal=23%	
RAC1 SIGNALING PATHWAY%PATHWAY INTERACTION DATABASE NCI-NATURE CURATED DATA%RAC1 SIGNALING PATHWAY	RAC1 SIGNALING PATHWAY%PATHWAY INTERACTION DATABASE NCI-NATURE CURATED DATA%RAC1 SIGNALING PATHWAY		48	0.28023928	0.9387215	0.56280196	0.8327054	1.0	3067	tags=29%, list=23%, signal=38%	
ACTIVATED NOTCH1 TRANSMITS SIGNAL TO THE NUCLEUS%REACTOME DATABASE ID RELEASE 93%2122948	ACTIVATED NOTCH1 TRANSMITS SIGNAL TO THE NUCLEUS%REACTOME DATABASE ID RELEASE 93%2122948		30	0.31970295	0.93867326	0.5443038	0.83233947	1.0	2063	tags=27%, list=15%, signal=31%	
RESPONSE TO LIGHT STIMULUS%GOBP%GO:0009416	RESPONSE TO LIGHT STIMULUS%GOBP%GO:0009416		163	0.23374267	0.9386014	0.6065163	0.8320588	1.0	2777	tags=21%, list=20%, signal=27%	
REGULATION OF CENTRIOLE REPLICATION%GOBP%GO:0046599	REGULATION OF CENTRIOLE REPLICATION%GOBP%GO:0046599		23	0.33523235	0.9382597	0.5509259	0.8324809	1.0	631	tags=9%, list=5%, signal=9%	
PID_GMCSF_PATHWAY%MSIGDB_C2%PID_GMCSF_PATHWAY	PID_GMCSF_PATHWAY%MSIGDB_C2%PID_GMCSF_PATHWAY		29	0.31861296	0.937332	0.5754923	0.83450323	1.0	2741	tags=34%, list=20%, signal=43%	
ERBB4 SIGNALING EVENTS%PATHWAY INTERACTION DATABASE NCI-NATURE CURATED DATA%ERBB4 SIGNALING EVENTS	ERBB4 SIGNALING EVENTS%PATHWAY INTERACTION DATABASE NCI-NATURE CURATED DATA%ERBB4 SIGNALING EVENTS		32	0.31368563	0.9368401	0.54524887	0.8353331	1.0	1063	tags=16%, list=8%, signal=17%	
MECHANOREGULATION AND PATHOLOGY OF YAP TAZ VIA HIPPO AND NON HIPPO MECHANISMS%WIKIPATHWAYS_20250810%WP4534%HOMO SAPIENS	MECHANOREGULATION AND PATHOLOGY OF YAP TAZ VIA HIPPO AND NON HIPPO MECHANISMS%WIKIPATHWAYS_20250810%WP4534%HOMO SAPIENS		31	0.30632654	0.93623567	0.57349396	0.83643013	1.0	3680	tags=48%, list=27%, signal=66%	
INTEGRIN FAMILY CELL SURFACE INTERACTIONS%PATHWAY INTERACTION DATABASE NCI-NATURE CURATED DATA%INTEGRIN FAMILY CELL SURFACE INTERACTIONS	INTEGRIN FAMILY CELL SURFACE INTERACTIONS%PATHWAY INTERACTION DATABASE NCI-NATURE CURATED DATA%INTEGRIN FAMILY CELL SURFACE INTERACTIONS		24	0.33403835	0.9358351	0.52783966	0.8370083	1.0	1879	tags=33%, list=14%, signal=39%	
MULTI-ORGANISM REPRODUCTIVE PROCESS%GOBP%GO:0044703	MULTI-ORGANISM REPRODUCTIVE PROCESS%GOBP%GO:0044703		49	0.2868375	0.9357773	0.5714286	0.8366684	1.0	2157	tags=29%, list=16%, signal=34%	
5-HYDROXYTRYPTAMINE DEGREDATION%PANTHER PATHWAY%P04372	5-HYDROXYTRYPTAMINE DEGREDATION%PANTHER PATHWAY%P04372		16	0.36520353	0.9356928	0.525	0.8364024	1.0	1618	tags=38%, list=12%, signal=43%	
TRANSITION METAL ION TRANSPORT%GOBP%GO:0000041	TRANSITION METAL ION TRANSPORT%GOBP%GO:0000041		63	0.2699482	0.9343889	0.55	0.83938074	1.0	2934	tags=40%, list=22%, signal=50%	
ENDOTHELINS%PATHWAY INTERACTION DATABASE NCI-NATURE CURATED DATA%ENDOTHELINS	ENDOTHELINS%PATHWAY INTERACTION DATABASE NCI-NATURE CURATED DATA%ENDOTHELINS		57	0.27677792	0.93430865	0.5479115	0.83909553	1.0	3193	tags=32%, list=24%, signal=41%	
ENDOPLASMIC RETICULUM ORGANIZATION%GOBP%GO:0007029	ENDOPLASMIC RETICULUM ORGANIZATION%GOBP%GO:0007029		73	0.26189622	0.9342831	0.6185567	0.8386731	1.0	3487	tags=32%, list=26%, signal=42%	
PID_ANTHRAX_PATHWAY%MSIGDB_C2%PID_ANTHRAX_PATHWAY	PID_ANTHRAX_PATHWAY%MSIGDB_C2%PID_ANTHRAX_PATHWAY		15	0.37146914	0.93377346	0.5629139	0.8395712	1.0	2726	tags=47%, list=20%, signal=58%	
PROTEIN QUALITY CONTROL FOR MISFOLDED OR INCOMPLETELY SYNTHESIZED PROTEINS%GOBP%GO:0006515	PROTEIN QUALITY CONTROL FOR MISFOLDED OR INCOMPLETELY SYNTHESIZED PROTEINS%GOBP%GO:0006515		27	0.32079983	0.9332457	0.527027	0.8404689	1.0	2555	tags=19%, list=19%, signal=23%	
SMALL GTPASE-MEDIATED SIGNAL TRANSDUCTION%GOBP%GO:0007264	SMALL GTPASE-MEDIATED SIGNAL TRANSDUCTION%GOBP%GO:0007264		175	0.22943397	0.9326485	0.6410891	0.841561	1.0	2125	tags=21%, list=16%, signal=24%	
REGULATION OF FIBROBLAST GROWTH FACTOR RECEPTOR SIGNALING PATHWAY%GOBP%GO:0040036	REGULATION OF FIBROBLAST GROWTH FACTOR RECEPTOR SIGNALING PATHWAY%GOBP%GO:0040036		19	0.34438613	0.9325957	0.5663507	0.84121567	1.0	681	tags=16%, list=5%, signal=17%	
MICROTUBULE-BASED TRANSPORT%GOBP%GO:0099111	MICROTUBULE-BASED TRANSPORT%GOBP%GO:0099111		141	0.23420583	0.93246746	0.6124031	0.8410659	1.0	3641	tags=35%, list=27%, signal=47%	
DETECTION OF EXTERNAL BIOTIC STIMULUS%GOBP%GO:0098581	DETECTION OF EXTERNAL BIOTIC STIMULUS%GOBP%GO:0098581		19	0.34914204	0.9322258	0.5271493	0.84127045	1.0	776	tags=21%, list=6%, signal=22%	
REGULATION OF PURINE NUCLEOTIDE METABOLIC PROCESS%GOBP%GO:1900542	REGULATION OF PURINE NUCLEOTIDE METABOLIC PROCESS%GOBP%GO:1900542		53	0.27849784	0.93203396	0.5788288	0.8412837	1.0	1430	tags=13%, list=11%, signal=15%	
MIR TARGETED GENES IN LEUKOCYTES%WIKIPATHWAYS_20250810%WP2003%HOMO SAPIENS	MIR TARGETED GENES IN LEUKOCYTES%WIKIPATHWAYS_20250810%WP2003%HOMO SAPIENS		101	0.25035328	0.93194884	0.63684213	0.84101474	1.0	2969	tags=25%, list=22%, signal=31%	
LIMB MORPHOGENESIS%GOBP%GO:0035108	LIMB MORPHOGENESIS%GOBP%GO:0035108		35	0.30938733	0.9317583	0.5768322	0.8409985	1.0	2085	tags=23%, list=15%, signal=27%	
PLATELET-DERIVED GROWTH FACTOR RECEPTOR SIGNALING PATHWAY%GOBP%GO:0048008	PLATELET-DERIVED GROWTH FACTOR RECEPTOR SIGNALING PATHWAY%GOBP%GO:0048008		18	0.34802794	0.93149024	0.5318182	0.8412542	1.0	4122	tags=67%, list=30%, signal=96%	
PROTEIN K48-LINKED DEUBIQUITINATION%GOBP%GO:0071108	PROTEIN K48-LINKED DEUBIQUITINATION%GOBP%GO:0071108		20	0.33989128	0.9312942	0.5337691	0.841291	1.0	2955	tags=30%, list=22%, signal=38%	
EARLY SARS-COV-2 INFECTION EVENTS%REACTOME%R-HSA-9772572.3	EARLY SARS-COV-2 INFECTION EVENTS%REACTOME%R-HSA-9772572.3		31	0.31551173	0.93106705	0.5723542	0.8414171	1.0	2403	tags=26%, list=18%, signal=31%	
SIGNALING BY FGFR1%REACTOME DATABASE ID RELEASE 93%5654736	SIGNALING BY FGFR1%REACTOME DATABASE ID RELEASE 93%5654736		36	0.2955079	0.93075794	0.55309737	0.8417597	1.0	2507	tags=28%, list=18%, signal=34%	
REGULATION OF ENDOPLASMIC RETICULUM UNFOLDED PROTEIN RESPONSE%GOBP%GO:1900101	REGULATION OF ENDOPLASMIC RETICULUM UNFOLDED PROTEIN RESPONSE%GOBP%GO:1900101		29	0.3129971	0.93053585	0.58219177	0.841898	1.0	2578	tags=24%, list=19%, signal=30%	
PATHOGENIC ESCHERICHIA COLI INFECTION%WIKIPATHWAYS_20250810%WP2272%HOMO SAPIENS	PATHOGENIC ESCHERICHIA COLI INFECTION%WIKIPATHWAYS_20250810%WP2272%HOMO SAPIENS		38	0.29181513	0.9292127	0.5663507	0.84488565	1.0	2997	tags=34%, list=22%, signal=44%	
NEGATIVE REGULATION OF SMOOTHENED SIGNALING PATHWAY%GOBP%GO:0045879	NEGATIVE REGULATION OF SMOOTHENED SIGNALING PATHWAY%GOBP%GO:0045879		23	0.32997233	0.9289797	0.56462586	0.8449831	1.0	2370	tags=22%, list=17%, signal=26%	
NF-KB SIGNALING PATHWAY%PATHWHIZ%PW064818	NF-KB SIGNALING PATHWAY%PATHWHIZ%PW064818		24	0.32684287	0.928826	0.5337838	0.84492296	1.0	5026	tags=50%, list=37%, signal=79%	
LONG-TERM SYNAPTIC POTENTIATION%GOBP%GO:0060291	LONG-TERM SYNAPTIC POTENTIATION%GOBP%GO:0060291		19	0.34114724	0.9286096	0.5555556	0.8450255	1.0	1861	tags=21%, list=14%, signal=24%	
CATABOLISM OF SKELETAL MUSCLE IN CACHEXIA%WIKIPATHWAYS_20250810%WP5474%HOMO SAPIENS	CATABOLISM OF SKELETAL MUSCLE IN CACHEXIA%WIKIPATHWAYS_20250810%WP5474%HOMO SAPIENS		31	0.30455393	0.9285696	0.5742093	0.8446506	1.0	23	tags=3%, list=0%, signal=3%	
REGULATION OF EXTRINSIC APOPTOTIC SIGNALING PATHWAY%GOBP%GO:2001236	REGULATION OF EXTRINSIC APOPTOTIC SIGNALING PATHWAY%GOBP%GO:2001236		101	0.24954318	0.9283991	0.61398965	0.8446162	1.0	2726	tags=28%, list=20%, signal=34%	
REGULATION OF VIRAL LIFE CYCLE%GOBP%GO:1903900	REGULATION OF VIRAL LIFE CYCLE%GOBP%GO:1903900		89	0.24977434	0.9280113	0.6041667	0.8451642	1.0	1479	tags=17%, list=11%, signal=19%	
NUCLEOTIDE-SUGAR METABOLIC PROCESS%GOBP%GO:0009225	NUCLEOTIDE-SUGAR METABOLIC PROCESS%GOBP%GO:0009225		35	0.29820433	0.9277858	0.5536105	0.84528494	1.0	3254	tags=31%, list=24%, signal=41%	
CELLULAR RESPONSE TO REACTIVE OXYGEN SPECIES%GOBP%GO:0034614	CELLULAR RESPONSE TO REACTIVE OXYGEN SPECIES%GOBP%GO:0034614		76	0.26011568	0.9274015	0.61576355	0.84583145	1.0	1349	tags=16%, list=10%, signal=17%	
REPLICATION FORK PROCESSING%GOBP%GO:0031297	REPLICATION FORK PROCESSING%GOBP%GO:0031297		44	0.28558892	0.9267822	0.55632186	0.8470323	1.0	2960	tags=27%, list=22%, signal=35%	
INTERACTIONS BETWEEN LOXL4 AND OXIDATIVE STRESS PATHWAY%WIKIPATHWAYS_20250810%WP3670%HOMO SAPIENS	INTERACTIONS BETWEEN LOXL4 AND OXIDATIVE STRESS PATHWAY%WIKIPATHWAYS_20250810%WP3670%HOMO SAPIENS		15	0.3725266	0.9254988	0.52436197	0.8499844	1.0	855	tags=20%, list=6%, signal=21%	
REGULATION OF DNA DAMAGE RESPONSE, SIGNAL TRANSDUCTION BY P53 CLASS MEDIATOR%GOBP%GO:0043516	REGULATION OF DNA DAMAGE RESPONSE, SIGNAL TRANSDUCTION BY P53 CLASS MEDIATOR%GOBP%GO:0043516		33	0.30047715	0.92543936	0.54901963	0.849682	1.0	2201	tags=27%, list=16%, signal=32%	
BIOCARTA_INSULIN_PATHWAY%MSIGDB_C2%BIOCARTA_INSULIN_PATHWAY	BIOCARTA_INSULIN_PATHWAY%MSIGDB_C2%BIOCARTA_INSULIN_PATHWAY		17	0.36065194	0.9254114	0.5652174	0.8492691	1.0	1552	tags=29%, list=11%, signal=33%	
MEMBRANE DEPOLARIZATION DURING ACTION POTENTIAL%GOBP%GO:0086010	MEMBRANE DEPOLARIZATION DURING ACTION POTENTIAL%GOBP%GO:0086010		15	0.36125767	0.92420924	0.55701756	0.851992	1.0	2209	tags=33%, list=16%, signal=40%	
REGULATION OF G1/S TRANSITION OF MITOTIC CELL CYCLE%GOBP%GO:2000045	REGULATION OF G1/S TRANSITION OF MITOTIC CELL CYCLE%GOBP%GO:2000045		115	0.23873626	0.9240704	0.68536586	0.85186917	1.0	1670	tags=14%, list=12%, signal=16%	
PID_DELTA_NP63_PATHWAY%MSIGDB_C2%PID_DELTA_NP63_PATHWAY	PID_DELTA_NP63_PATHWAY%MSIGDB_C2%PID_DELTA_NP63_PATHWAY		32	0.30463892	0.9234848	0.58219177	0.852922	1.0	2059	tags=31%, list=15%, signal=37%	
PROTEIN K63-LINKED UBIQUITINATION%GOBP%GO:0070534	PROTEIN K63-LINKED UBIQUITINATION%GOBP%GO:0070534		56	0.26547295	0.92308265	0.6009852	0.8534659	1.0	3990	tags=38%, list=29%, signal=53%	
MECHANICAL LOAD ACTIVATES SIGNALING BY PIEZO1 AND INTEGRINS IN OSTEOCYTES%REACTOME DATABASE ID RELEASE 93%9856532	MECHANICAL LOAD ACTIVATES SIGNALING BY PIEZO1 AND INTEGRINS IN OSTEOCYTES%REACTOME DATABASE ID RELEASE 93%9856532		16	0.35204858	0.9228421	0.578022	0.85360926	1.0	1467	tags=25%, list=11%, signal=28%	
SECRETORY GRANULE ORGANIZATION%GOBP%GO:0033363	SECRETORY GRANULE ORGANIZATION%GOBP%GO:0033363		41	0.28900835	0.92281145	0.5854801	0.85320115	1.0	3669	tags=41%, list=27%, signal=57%	
RHO GTPASES ACTIVATE ROCKS%REACTOME DATABASE ID RELEASE 93%5627117	RHO GTPASES ACTIVATE ROCKS%REACTOME DATABASE ID RELEASE 93%5627117		19	0.33769545	0.92274517	0.56170213	0.8528854	1.0	1599	tags=26%, list=12%, signal=30%	
POSITIVE REGULATION OF PROTEASOMAL PROTEIN CATABOLIC PROCESS%GOBP%GO:1901800	POSITIVE REGULATION OF PROTEASOMAL PROTEIN CATABOLIC PROCESS%GOBP%GO:1901800		93	0.24811013	0.92270213	0.59375	0.8525166	1.0	3666	tags=31%, list=27%, signal=42%	
REGULATION OF ARP2/3 COMPLEX-MEDIATED ACTIN NUCLEATION%GOBP%GO:0034315	REGULATION OF ARP2/3 COMPLEX-MEDIATED ACTIN NUCLEATION%GOBP%GO:0034315		23	0.32799113	0.9220029	0.5848624	0.85393023	1.0	4185	tags=61%, list=31%, signal=88%	
ERBB1 DOWNSTREAM SIGNALING%PATHWAY INTERACTION DATABASE NCI-NATURE CURATED DATA%ERBB1 DOWNSTREAM SIGNALING	ERBB1 DOWNSTREAM SIGNALING%PATHWAY INTERACTION DATABASE NCI-NATURE CURATED DATA%ERBB1 DOWNSTREAM SIGNALING		99	0.24093945	0.91933036	0.6334165	0.86046	1.0	3774	tags=33%, list=28%, signal=46%	
SIGNALING EVENTS MEDIATED BY THE HEDGEHOG FAMILY%PATHWAY INTERACTION DATABASE NCI-NATURE CURATED DATA%SIGNALING EVENTS MEDIATED BY THE HEDGEHOG FAMILY	SIGNALING EVENTS MEDIATED BY THE HEDGEHOG FAMILY%PATHWAY INTERACTION DATABASE NCI-NATURE CURATED DATA%SIGNALING EVENTS MEDIATED BY THE HEDGEHOG FAMILY		18	0.34770483	0.9188257	0.57894737	0.86128026	1.0	1107	tags=17%, list=8%, signal=18%	
ACTIVATION OF G PROTEIN GATED POTASSIUM CHANNELS%REACTOME%R-HSA-1296041.4	ACTIVATION OF G PROTEIN GATED POTASSIUM CHANNELS%REACTOME%R-HSA-1296041.4		17	0.34884837	0.9178811	0.5684455	0.8632746	1.0	401	tags=18%, list=3%, signal=18%	
MELANOSOME ASSEMBLY%GOBP%GO:1903232	MELANOSOME ASSEMBLY%GOBP%GO:1903232		19	0.34233424	0.9173641	0.53846157	0.8641435	1.0	3507	tags=47%, list=26%, signal=64%	
NETRIN-1 SIGNALING%REACTOME DATABASE ID RELEASE 93%373752	NETRIN-1 SIGNALING%REACTOME DATABASE ID RELEASE 93%373752		36	0.29308143	0.91688937	0.5769231	0.8648874	1.0	1491	tags=19%, list=11%, signal=22%	
HALLMARK_PROTEIN_SECRETION%MSIGDBHALLMARK%HALLMARK_PROTEIN_SECRETION	HALLMARK_PROTEIN_SECRETION%MSIGDBHALLMARK%HALLMARK_PROTEIN_SECRETION		78	0.2562195	0.9162495	0.60714287	0.8660964	1.0	4772	tags=45%, list=35%, signal=69%	
MEIOTIC CELL CYCLE PROCESS%GOBP%GO:1903046	MEIOTIC CELL CYCLE PROCESS%GOBP%GO:1903046		98	0.2441702	0.91596353	0.62347186	0.86639535	1.0	2240	tags=20%, list=17%, signal=24%	
CREB1 PHOSPHORYLATION THROUGH NMDA RECEPTOR-MEDIATED ACTIVATION OF RAS SIGNALING%REACTOME DATABASE ID RELEASE 93%442742	CREB1 PHOSPHORYLATION THROUGH NMDA RECEPTOR-MEDIATED ACTIVATION OF RAS SIGNALING%REACTOME DATABASE ID RELEASE 93%442742		19	0.33459112	0.91590357	0.5567452	0.866036	1.0	3543	tags=32%, list=26%, signal=43%	
REGULATION OF ORGAN GROWTH%GOBP%GO:0046620	REGULATION OF ORGAN GROWTH%GOBP%GO:0046620		31	0.3030037	0.91510063	0.5676856	0.8676558	1.0	1333	tags=16%, list=10%, signal=18%	
SCHWANN CELL DIFFERENTIATION%GOBP%GO:0014037	SCHWANN CELL DIFFERENTIATION%GOBP%GO:0014037		15	0.3637561	0.91489	0.56236327	0.86771935	1.0	2306	tags=40%, list=17%, signal=48%	
SEMA4D INDUCED CELL MIGRATION AND GROWTH-CONE COLLAPSE%REACTOME%R-HSA-416572.5	SEMA4D INDUCED CELL MIGRATION AND GROWTH-CONE COLLAPSE%REACTOME%R-HSA-416572.5		19	0.3451018	0.9147638	0.56404495	0.8675701	1.0	1599	tags=32%, list=12%, signal=36%	
ORGANOPHOSPHATE CATABOLIC PROCESS%GOBP%GO:0046434	ORGANOPHOSPHATE CATABOLIC PROCESS%GOBP%GO:0046434		127	0.23378935	0.91459244	0.67801046	0.86751646	1.0	2824	tags=28%, list=21%, signal=35%	
POSITIVE REGULATION OF STEROL TRANSPORT%GOBP%GO:0032373	POSITIVE REGULATION OF STEROL TRANSPORT%GOBP%GO:0032373		27	0.30701512	0.9142797	0.5848624	0.8678318	1.0	1141	tags=19%, list=8%, signal=20%	
PHENYTOIN (ANTIARRHYTHMIC) ACTION PATHWAY%PATHWHIZ%PW000380	PHENYTOIN (ANTIARRHYTHMIC) ACTION PATHWAY%PATHWHIZ%PW000380		47	0.2758914	0.9141482	0.60930234	0.86771166	1.0	2530	tags=30%, list=19%, signal=36%	
UROTENSIN II MEDIATED SIGNALING%WIKIPATHWAYS_20250810%WP5158%HOMO SAPIENS	UROTENSIN II MEDIATED SIGNALING%WIKIPATHWAYS_20250810%WP5158%HOMO SAPIENS		52	0.2734569	0.9138763	0.6196172	0.8679446	1.0	2799	tags=27%, list=21%, signal=34%	
P75 NTR RECEPTOR-MEDIATED SIGNALLING%REACTOME DATABASE ID RELEASE 93%193704	P75 NTR RECEPTOR-MEDIATED SIGNALLING%REACTOME DATABASE ID RELEASE 93%193704		90	0.24631767	0.9137644	0.6277372	0.86772925	1.0	3501	tags=36%, list=26%, signal=48%	
POSITIVE REGULATION OF PROTEOLYSIS%GOBP%GO:0045862	POSITIVE REGULATION OF PROTEOLYSIS%GOBP%GO:0045862		154	0.22850114	0.9134183	0.704	0.86814666	1.0	2894	tags=25%, list=21%, signal=32%	
VALIDATED TRANSCRIPTIONAL TARGETS OF DELTANP63 ISOFORMS%PATHWAY INTERACTION DATABASE NCI-NATURE CURATED DATA%VALIDATED TRANSCRIPTIONAL TARGETS OF DELTANP63 ISOFORMS	VALIDATED TRANSCRIPTIONAL TARGETS OF DELTANP63 ISOFORMS%PATHWAY INTERACTION DATABASE NCI-NATURE CURATED DATA%VALIDATED TRANSCRIPTIONAL TARGETS OF DELTANP63 ISOFORMS		40	0.28417158	0.9134095	0.5925059	0.86767924	1.0	2059	tags=30%, list=15%, signal=35%	
EXTRACELLULAR VESICLE MEDIATED SIGNALING IN RECIPIENT CELLS%WIKIPATHWAYS_20250810%WP2870%HOMO SAPIENS	EXTRACELLULAR VESICLE MEDIATED SIGNALING IN RECIPIENT CELLS%WIKIPATHWAYS_20250810%WP2870%HOMO SAPIENS		21	0.33115464	0.9132833	0.5958904	0.8675227	1.0	3473	tags=48%, list=26%, signal=64%	
WNT SIGNALING PATHWAY%PANTHER PATHWAY%P00057	WNT SIGNALING PATHWAY%PANTHER PATHWAY%P00057		195	0.22077549	0.9122621	0.7246377	0.86966324	1.0	3751	tags=41%, list=28%, signal=55%	
REGULATION OF SISTER CHROMATID COHESION%GOBP%GO:0007063	REGULATION OF SISTER CHROMATID COHESION%GOBP%GO:0007063		17	0.34632984	0.912246	0.5882353	0.8692117	1.0	690	tags=12%, list=5%, signal=12%	
NEGATIVE REGULATION OF REGULATED SECRETORY PATHWAY%GOBP%GO:1903306	NEGATIVE REGULATION OF REGULATED SECRETORY PATHWAY%GOBP%GO:1903306		16	0.35403526	0.91223407	0.5494506	0.868748	1.0	2013	tags=31%, list=15%, signal=37%	
KYNURENINE PATHWAY AND LINKS TO CELL SENESCENCE%WIKIPATHWAYS_20250810%WP5044%HOMO SAPIENS	KYNURENINE PATHWAY AND LINKS TO CELL SENESCENCE%WIKIPATHWAYS_20250810%WP5044%HOMO SAPIENS		15	0.36157113	0.9121486	0.56935817	0.8684821	1.0	3346	tags=60%, list=25%, signal=80%	
REGULATION OF MEMBRANE LIPID DISTRIBUTION%GOBP%GO:0097035	REGULATION OF MEMBRANE LIPID DISTRIBUTION%GOBP%GO:0097035		41	0.28357518	0.9121021	0.59555554	0.86809623	1.0	1082	tags=12%, list=8%, signal=13%	
PROTEIN N-LINKED GLYCOSYLATION%GOBP%GO:0006487	PROTEIN N-LINKED GLYCOSYLATION%GOBP%GO:0006487		74	0.25478536	0.9110849	0.63882065	0.87030125	1.0	4260	tags=45%, list=31%, signal=65%	
POSITIVE REGULATION OF SMOOTH MUSCLE CELL MIGRATION%GOBP%GO:0014911	POSITIVE REGULATION OF SMOOTH MUSCLE CELL MIGRATION%GOBP%GO:0014911		15	0.35633785	0.91060966	0.5747863	0.8710266	1.0	3989	tags=53%, list=29%, signal=75%	
POSITIVE REGULATION OF PROTEIN MATURATION%GOBP%GO:1903319	POSITIVE REGULATION OF PROTEIN MATURATION%GOBP%GO:1903319		15	0.35836205	0.91058373	0.5854701	0.8706003	1.0	173	tags=13%, list=1%, signal=13%	
HALLMARK_GLYCOLYSIS%MSIGDBHALLMARK%HALLMARK_GLYCOLYSIS	HALLMARK_GLYCOLYSIS%MSIGDBHALLMARK%HALLMARK_GLYCOLYSIS		131	0.23586312	0.91023195	0.6510417	0.871056	1.0	2573	tags=26%, list=19%, signal=32%	
REGULATION OF CENTROSOME DUPLICATION%GOBP%GO:0010824	REGULATION OF CENTROSOME DUPLICATION%GOBP%GO:0010824		40	0.2933542	0.9101892	0.5995316	0.8706874	1.0	2590	tags=18%, list=19%, signal=22%	
NEGATIVE REGULATION OF EXTRINSIC APOPTOTIC SIGNALING PATHWAY%GOBP%GO:2001237	NEGATIVE REGULATION OF EXTRINSIC APOPTOTIC SIGNALING PATHWAY%GOBP%GO:2001237		62	0.26814914	0.9101594	0.6437055	0.87027234	1.0	1764	tags=23%, list=13%, signal=26%	
SMAD2 SMAD3:SMAD4 HETEROTRIMER REGULATES TRANSCRIPTION%REACTOME%R-HSA-2173796.6	SMAD2 SMAD3:SMAD4 HETEROTRIMER REGULATES TRANSCRIPTION%REACTOME%R-HSA-2173796.6		36	0.28704917	0.9091732	0.59810877	0.8723022	1.0	990	tags=11%, list=7%, signal=12%	
POSITIVE REGULATION OF PROTEIN PROCESSING%GOBP%GO:0010954	POSITIVE REGULATION OF PROTEIN PROCESSING%GOBP%GO:0010954		15	0.35836205	0.90856516	0.54184103	0.873396	1.0	173	tags=13%, list=1%, signal=13%	
TRP CHANNELS%REACTOME DATABASE ID RELEASE 93%3295583	TRP CHANNELS%REACTOME DATABASE ID RELEASE 93%3295583		17	0.3441131	0.90847594	0.5634744	0.8731287	1.0	1144	tags=24%, list=8%, signal=26%	
REGULATION OF POTASSIUM ION TRANSMEMBRANE TRANSPORT%GOBP%GO:1901379	REGULATION OF POTASSIUM ION TRANSMEMBRANE TRANSPORT%GOBP%GO:1901379		36	0.30005738	0.90846205	0.5985577	0.8726848	1.0	2230	tags=25%, list=16%, signal=30%	
VISUAL PERCEPTION%GOBP%GO:0007601	VISUAL PERCEPTION%GOBP%GO:0007601		66	0.2596379	0.907459	0.62142855	0.87484044	1.0	2478	tags=29%, list=18%, signal=35%	
NEUROMUSCULAR PROCESS%GOBP%GO:0050905	NEUROMUSCULAR PROCESS%GOBP%GO:0050905		31	0.2965848	0.9069649	0.6175115	0.8756491	1.0	1509	tags=23%, list=11%, signal=25%	
REGULATION OF VESICLE FUSION%GOBP%GO:0031338	REGULATION OF VESICLE FUSION%GOBP%GO:0031338		18	0.34158662	0.9059164	0.59528905	0.87791044	1.0	2990	tags=44%, list=22%, signal=57%	
AORTA DEVELOPMENT%GOBP%GO:0035904	AORTA DEVELOPMENT%GOBP%GO:0035904		27	0.3152861	0.90516067	0.60954446	0.87937903	1.0	1401	tags=26%, list=10%, signal=29%	
INTRACILIARY TRANSPORT%GOBP%GO:0042073	INTRACILIARY TRANSPORT%GOBP%GO:0042073		42	0.2833252	0.90493506	0.6099773	0.8794618	1.0	3641	tags=38%, list=27%, signal=52%	
DNA-TEMPLATED DNA REPLICATION MAINTENANCE OF FIDELITY%GOBP%GO:0045005	DNA-TEMPLATED DNA REPLICATION MAINTENANCE OF FIDELITY%GOBP%GO:0045005		50	0.26755536	0.9035443	0.62142855	0.8825677	1.0	2960	tags=26%, list=22%, signal=33%	
POSITIVE REGULATION OF PROTEIN CATABOLIC PROCESS%GOBP%GO:0045732	POSITIVE REGULATION OF PROTEIN CATABOLIC PROCESS%GOBP%GO:0045732		163	0.2223079	0.9017572	0.7356948	0.88681984	1.0	3405	tags=30%, list=25%, signal=40%	
POSITIVE REGULATION OF SUBSTRATE ADHESION-DEPENDENT CELL SPREADING%GOBP%GO:1900026	POSITIVE REGULATION OF SUBSTRATE ADHESION-DEPENDENT CELL SPREADING%GOBP%GO:1900026		29	0.30262575	0.90171367	0.6168224	0.8864225	1.0	3374	tags=38%, list=25%, signal=50%	
PID_WNT_CANONICAL_PATHWAY%MSIGDB_C2%PID_WNT_CANONICAL_PATHWAY	PID_WNT_CANONICAL_PATHWAY%MSIGDB_C2%PID_WNT_CANONICAL_PATHWAY		15	0.35031283	0.9011021	0.58064514	0.88749236	1.0	3379	tags=33%, list=25%, signal=44%	
1P36 COPY NUMBER VARIATION SYNDROME%WIKIPATHWAYS_20250810%WP5345%HOMO SAPIENS	1P36 COPY NUMBER VARIATION SYNDROME%WIKIPATHWAYS_20250810%WP5345%HOMO SAPIENS		60	0.26931015	0.9010814	0.6369863	0.8870425	1.0	2397	tags=25%, list=18%, signal=30%	
G PROTEIN GATED POTASSIUM CHANNELS%REACTOME%R-HSA-1296059.4	G PROTEIN GATED POTASSIUM CHANNELS%REACTOME%R-HSA-1296059.4		17	0.34884837	0.9003675	0.60659343	0.8884194	1.0	401	tags=18%, list=3%, signal=18%	
CELLULAR PROCESS INVOLVED IN REPRODUCTION IN MULTICELLULAR ORGANISM%GOBP%GO:0022412	CELLULAR PROCESS INVOLVED IN REPRODUCTION IN MULTICELLULAR ORGANISM%GOBP%GO:0022412		130	0.22802615	0.8995256	0.72979796	0.8901516	1.0	2421	tags=22%, list=18%, signal=27%	
RHOA GTPASE CYCLE%REACTOME DATABASE ID RELEASE 93%8980692	RHOA GTPASE CYCLE%REACTOME DATABASE ID RELEASE 93%8980692		142	0.22917002	0.8994551	0.7211796	0.88982594	1.0	3006	tags=30%, list=22%, signal=38%	
ERBB2 ERBB3 SIGNALING EVENTS%PATHWAY INTERACTION DATABASE NCI-NATURE CURATED DATA%ERBB2 ERBB3 SIGNALING EVENTS	ERBB2 ERBB3 SIGNALING EVENTS%PATHWAY INTERACTION DATABASE NCI-NATURE CURATED DATA%ERBB2 ERBB3 SIGNALING EVENTS		40	0.28298387	0.89930284	0.63805103	0.88973206	1.0	1707	tags=18%, list=13%, signal=20%	
REGULATION OF SYNAPTIC TRANSMISSION, GABAERGIC%GOBP%GO:0032228	REGULATION OF SYNAPTIC TRANSMISSION, GABAERGIC%GOBP%GO:0032228		15	0.35473436	0.8992631	0.5916115	0.8893351	1.0	1457	tags=27%, list=11%, signal=30%	
MULTICELLULAR ORGANISMAL-LEVEL CHEMICAL HOMEOSTASIS%GOBP%GO:0140962	MULTICELLULAR ORGANISMAL-LEVEL CHEMICAL HOMEOSTASIS%GOBP%GO:0140962		43	0.27793992	0.8986039	0.6216216	0.89052135	1.0	3375	tags=42%, list=25%, signal=56%	
RESPONSE TO MECHANICAL STIMULUS%GOBP%GO:0009612	RESPONSE TO MECHANICAL STIMULUS%GOBP%GO:0009612		89	0.24250779	0.8973547	0.6525	0.89321685	1.0	2138	tags=20%, list=16%, signal=24%	
RHOQ GTPASE CYCLE%REACTOME DATABASE ID RELEASE 93%9013406	RHOQ GTPASE CYCLE%REACTOME DATABASE ID RELEASE 93%9013406		56	0.26335695	0.8973049	0.63849765	0.8928695	1.0	1614	tags=14%, list=12%, signal=16%	
REGULATION OF RESPONSE TO NUTRIENT LEVELS%GOBP%GO:0032107	REGULATION OF RESPONSE TO NUTRIENT LEVELS%GOBP%GO:0032107		18	0.3322152	0.89609164	0.5972851	0.8954717	1.0	1259	tags=17%, list=9%, signal=18%	
PLASMA LIPOPROTEIN PARTICLE CLEARANCE%GOBP%GO:0034381	PLASMA LIPOPROTEIN PARTICLE CLEARANCE%GOBP%GO:0034381		20	0.32811132	0.8955809	0.5944056	0.8962489	1.0	3096	tags=40%, list=23%, signal=52%	
POSITIVE REGULATION OF SMAD PROTEIN SIGNAL TRANSDUCTION%GOBP%GO:0060391	POSITIVE REGULATION OF SMAD PROTEIN SIGNAL TRANSDUCTION%GOBP%GO:0060391		35	0.2896984	0.89548934	0.61255413	0.89601177	1.0	1297	tags=17%, list=10%, signal=19%	
INTERFERON ALPHA BETA SIGNALING%REACTOME%R-HSA-909733.9	INTERFERON ALPHA BETA SIGNALING%REACTOME%R-HSA-909733.9		60	0.2614526	0.89507455	0.64044946	0.8966467	1.0	1769	tags=20%, list=13%, signal=23%	
POSITIVE REGULATION OF OSSIFICATION%GOBP%GO:0045778	POSITIVE REGULATION OF OSSIFICATION%GOBP%GO:0045778		35	0.28939632	0.8946698	0.6418919	0.89719176	1.0	1534	tags=29%, list=11%, signal=32%	
NRIF SIGNALS CELL DEATH FROM THE NUCLEUS%REACTOME DATABASE ID RELEASE 93%205043	NRIF SIGNALS CELL DEATH FROM THE NUCLEUS%REACTOME DATABASE ID RELEASE 93%205043		15	0.3493429	0.8943724	0.5916473	0.8974441	1.0	3489	tags=40%, list=26%, signal=54%	
POSTTRANSLATIONAL REGULATION OF ADHERENS JUNCTION STABILITY AND DISSASSEMBLY%PATHWAY INTERACTION DATABASE NCI-NATURE CURATED DATA%POSTTRANSLATIONAL REGULATION OF ADHERENS JUNCTION STABILITY AND DISSASSEMBLY	POSTTRANSLATIONAL REGULATION OF ADHERENS JUNCTION STABILITY AND DISSASSEMBLY%PATHWAY INTERACTION DATABASE NCI-NATURE CURATED DATA%POSTTRANSLATIONAL REGULATION OF ADHERENS JUNCTION STABILITY AND DISSASSEMBLY		44	0.2669256	0.8935859	0.64965194	0.898947	1.0	3080	tags=32%, list=23%, signal=41%	
HEDGEHOG%IOB%HEDGEHOG	HEDGEHOG%IOB%HEDGEHOG		20	0.3309682	0.8933972	0.6172043	0.8989473	1.0	1107	tags=15%, list=8%, signal=16%	
POSITIVE REGULATION OF CHOLESTEROL TRANSPORT%GOBP%GO:0032376	POSITIVE REGULATION OF CHOLESTEROL TRANSPORT%GOBP%GO:0032376		27	0.30701512	0.8933239	0.627193	0.89862585	1.0	1141	tags=19%, list=8%, signal=20%	
TETRAPYRROLE METABOLIC PROCESS%GOBP%GO:0033013	TETRAPYRROLE METABOLIC PROCESS%GOBP%GO:0033013		41	0.2813892	0.8929776	0.63785046	0.8989994	1.0	3847	tags=34%, list=28%, signal=48%	
TNF RELATED WEAK INDUCER OF APOPTOSIS TWEAK SIGNALING%WIKIPATHWAYS_20250810%WP2036%HOMO SAPIENS	TNF RELATED WEAK INDUCER OF APOPTOSIS TWEAK SIGNALING%WIKIPATHWAYS_20250810%WP2036%HOMO SAPIENS		33	0.294773	0.89296466	0.62749445	0.8985323	1.0	3644	tags=30%, list=27%, signal=41%	
EGR2 AND SOX10-MEDIATED INITIATION OF SCHWANN CELL MYELINATION%REACTOME%R-HSA-9619665.3	EGR2 AND SOX10-MEDIATED INITIATION OF SCHWANN CELL MYELINATION%REACTOME%R-HSA-9619665.3		22	0.32119456	0.89273614	0.58258927	0.8986321	1.0	2404	tags=36%, list=18%, signal=44%	
NEGATIVE REGULATION OF FGFR2 SIGNALING%REACTOME%R-HSA-5654727.3	NEGATIVE REGULATION OF FGFR2 SIGNALING%REACTOME%R-HSA-5654727.3		21	0.32502514	0.89248735	0.5776805	0.8987643	1.0	220	tags=10%, list=2%, signal=10%	
REGULATION OF VIRAL PROCESS%GOBP%GO:0050792	REGULATION OF VIRAL PROCESS%GOBP%GO:0050792		109	0.2366079	0.89210176	0.70197046	0.8992304	1.0	1683	tags=17%, list=12%, signal=19%	
PI METABOLISM%REACTOME DATABASE ID RELEASE 93%1483255	PI METABOLISM%REACTOME DATABASE ID RELEASE 93%1483255		79	0.24232112	0.891941	0.7097561	0.8991126	1.0	3281	tags=27%, list=24%, signal=35%	
RESPONSE TO ENDOPLASMIC RETICULUM STRESS%GOBP%GO:0034976	RESPONSE TO ENDOPLASMIC RETICULUM STRESS%GOBP%GO:0034976		181	0.21789515	0.8917287	0.77521616	0.8991782	1.0	3575	tags=30%, list=26%, signal=40%	
SENSORY PERCEPTION OF LIGHT STIMULUS%GOBP%GO:0050953	SENSORY PERCEPTION OF LIGHT STIMULUS%GOBP%GO:0050953		69	0.25205415	0.8905022	0.6727273	0.90179527	1.0	2030	tags=23%, list=15%, signal=27%	
RUFFLE ORGANIZATION%GOBP%GO:0031529	RUFFLE ORGANIZATION%GOBP%GO:0031529		16	0.34957817	0.8899293	0.6263982	0.9027406	1.0	3169	tags=56%, list=23%, signal=73%	
THE ROLE OF GTSE1 IN G2 M PROGRESSION AFTER G2 CHECKPOINT%REACTOME DATABASE ID RELEASE 93%8852276	THE ROLE OF GTSE1 IN G2 M PROGRESSION AFTER G2 CHECKPOINT%REACTOME DATABASE ID RELEASE 93%8852276		46	0.27463043	0.88977444	0.6061321	0.9026188	1.0	3916	tags=37%, list=29%, signal=52%	
SIGNALING BY FGFR2 IN DISEASE%REACTOME%R-HSA-5655253.3	SIGNALING BY FGFR2 IN DISEASE%REACTOME%R-HSA-5655253.3		31	0.2963566	0.88967353	0.63109046	0.90237194	1.0	220	tags=6%, list=2%, signal=7%	
CELLULAR RESPONSE TO STEROID HORMONE STIMULUS%GOBP%GO:0071383	CELLULAR RESPONSE TO STEROID HORMONE STIMULUS%GOBP%GO:0071383		70	0.24900782	0.8894662	0.69554454	0.9024054	1.0	1402	tags=14%, list=10%, signal=16%	
POSITIVE REGULATION OF PROTEIN MODIFICATION BY SMALL PROTEIN CONJUGATION OR REMOVAL%GOBP%GO:1903322	POSITIVE REGULATION OF PROTEIN MODIFICATION BY SMALL PROTEIN CONJUGATION OR REMOVAL%GOBP%GO:1903322		95	0.23917143	0.88870394	0.7219388	0.90382797	1.0	2188	tags=15%, list=16%, signal=17%	
HALLMARK_HEDGEHOG_SIGNALING%MSIGDBHALLMARK%HALLMARK_HEDGEHOG_SIGNALING	HALLMARK_HEDGEHOG_SIGNALING%MSIGDBHALLMARK%HALLMARK_HEDGEHOG_SIGNALING		22	0.32199255	0.8882564	0.59569895	0.9044649	1.0	1424	tags=23%, list=11%, signal=25%	
NEURON APOPTOTIC PROCESS%GOBP%GO:0051402	NEURON APOPTOTIC PROCESS%GOBP%GO:0051402		23	0.31619063	0.8879764	0.61538464	0.9046471	1.0	688	tags=13%, list=5%, signal=14%	
POSITIVE REGULATION OF LYMPHOCYTE MIGRATION%GOBP%GO:2000403	POSITIVE REGULATION OF LYMPHOCYTE MIGRATION%GOBP%GO:2000403		28	0.3019172	0.8875305	0.61733615	0.90526485	1.0	2122	tags=32%, list=16%, signal=38%	
REGULATION OF POSTSYNAPSE ORGANIZATION%GOBP%GO:0099175	REGULATION OF POSTSYNAPSE ORGANIZATION%GOBP%GO:0099175		45	0.27243403	0.88726354	0.625	0.9054671	1.0	2013	tags=24%, list=15%, signal=29%	
POSITIVE REGULATION OF VASCULAR ASSOCIATED SMOOTH MUSCLE CELL PROLIFERATION%GOBP%GO:1904707	POSITIVE REGULATION OF VASCULAR ASSOCIATED SMOOTH MUSCLE CELL PROLIFERATION%GOBP%GO:1904707		19	0.32575116	0.8859206	0.6208426	0.9083942	1.0	3266	tags=37%, list=24%, signal=48%	
BIOCARTA_BIOPEPTIDES_PATHWAY%MSIGDB_C2%BIOCARTA_BIOPEPTIDES_PATHWAY	BIOCARTA_BIOPEPTIDES_PATHWAY%MSIGDB_C2%BIOCARTA_BIOPEPTIDES_PATHWAY		21	0.318028	0.8857691	0.6208426	0.9082924	1.0	2997	tags=43%, list=22%, signal=55%	
EPITHELIAL CELL PROLIFERATION%GOBP%GO:0050673	EPITHELIAL CELL PROLIFERATION%GOBP%GO:0050673		40	0.27615824	0.8853585	0.6416862	0.9088049	1.0	1421	tags=23%, list=10%, signal=25%	
REGULATION OF CELL DIVISION%GOBP%GO:0051302	REGULATION OF CELL DIVISION%GOBP%GO:0051302		107	0.23083678	0.8844322	0.7069409	0.9106628	1.0	2361	tags=18%, list=17%, signal=21%	
REGULATION OF PLASMA MEMBRANE BOUNDED CELL PROJECTION ASSEMBLY%GOBP%GO:0120032	REGULATION OF PLASMA MEMBRANE BOUNDED CELL PROJECTION ASSEMBLY%GOBP%GO:0120032		149	0.22261232	0.88270545	0.7539267	0.9145415	1.0	2125	tags=23%, list=16%, signal=27%	
CILIUM ASSEMBLY%REACTOME%R-HSA-5617833.5	CILIUM ASSEMBLY%REACTOME%R-HSA-5617833.5		172	0.217547	0.88263	0.7769029	0.9142423	1.0	3641	tags=31%, list=27%, signal=42%	
SIGNALING BY CTNNB1 PHOSPHO-SITE MUTANTS%REACTOME DATABASE ID RELEASE 93%4839743	SIGNALING BY CTNNB1 PHOSPHO-SITE MUTANTS%REACTOME DATABASE ID RELEASE 93%4839743		15	0.3466904	0.88162124	0.6413044	0.91637343	1.0	4267	tags=53%, list=31%, signal=78%	
PID_PS1_PATHWAY%MSIGDB_C2%PID_PS1_PATHWAY	PID_PS1_PATHWAY%MSIGDB_C2%PID_PS1_PATHWAY		34	0.28545892	0.88159364	0.6271605	0.91595435	1.0	3722	tags=32%, list=27%, signal=44%	
CLATHRIN-DEPENDENT ENDOCYTOSIS%GOBP%GO:0072583	CLATHRIN-DEPENDENT ENDOCYTOSIS%GOBP%GO:0072583		30	0.29775643	0.8810631	0.6145374	0.91676164	1.0	3987	tags=43%, list=29%, signal=61%	
CTNNB1 S37 MUTANTS AREN'T PHOSPHORYLATED%REACTOME DATABASE ID RELEASE 93%5358749	CTNNB1 S37 MUTANTS AREN'T PHOSPHORYLATED%REACTOME DATABASE ID RELEASE 93%5358749		15	0.3466904	0.8798703	0.6185345	0.91930616	1.0	4267	tags=53%, list=31%, signal=78%	
TRANSCRIPTIONAL ACTIVITY OF SMAD2 SMAD3:SMAD4 HETEROTRIMER%REACTOME DATABASE ID RELEASE 93%2173793	TRANSCRIPTIONAL ACTIVITY OF SMAD2 SMAD3:SMAD4 HETEROTRIMER%REACTOME DATABASE ID RELEASE 93%2173793		49	0.2671427	0.8796993	0.6482412	0.9192639	1.0	3499	tags=31%, list=26%, signal=41%	
REGULATION OF CELL PROJECTION ASSEMBLY%GOBP%GO:0060491	REGULATION OF CELL PROJECTION ASSEMBLY%GOBP%GO:0060491		149	0.22261232	0.87944436	0.77105266	0.91938764	1.0	2125	tags=23%, list=16%, signal=27%	
ACTIVATION OF SMO%REACTOME%R-HSA-5635838.2	ACTIVATION OF SMO%REACTOME%R-HSA-5635838.2		15	0.3469535	0.87909055	0.6540881	0.919766	1.0	2767	tags=27%, list=20%, signal=33%	
REGULATION OF PROTEIN TYROSINE KINASE ACTIVITY%GOBP%GO:0061097	REGULATION OF PROTEIN TYROSINE KINASE ACTIVITY%GOBP%GO:0061097		18	0.33196798	0.87811434	0.6442953	0.92173964	1.0	2401	tags=28%, list=18%, signal=34%	
POSITIVE REGULATION OF CYTOKINESIS%GOBP%GO:0032467	POSITIVE REGULATION OF CYTOKINESIS%GOBP%GO:0032467		35	0.28844988	0.8771391	0.659436	0.92363095	1.0	2361	tags=31%, list=17%, signal=38%	
RUNX2 REGULATES BONE DEVELOPMENT%REACTOME%R-HSA-8941326.2	RUNX2 REGULATES BONE DEVELOPMENT%REACTOME%R-HSA-8941326.2		26	0.3079997	0.87695426	0.63829786	0.9235848	1.0	3243	tags=38%, list=24%, signal=50%	
SIGNAL TRANSDUCTION BY P53 CLASS MEDIATOR%GOBP%GO:0072331	SIGNAL TRANSDUCTION BY P53 CLASS MEDIATOR%GOBP%GO:0072331		61	0.24938415	0.8768612	0.6932668	0.92333394	1.0	3684	tags=33%, list=27%, signal=45%	
SEMAPHORIN INTERACTIONS%REACTOME%R-HSA-373755.3	SEMAPHORIN INTERACTIONS%REACTOME%R-HSA-373755.3		61	0.2569125	0.87683916	0.67800456	0.92289466	1.0	2042	tags=28%, list=15%, signal=33%	
OPIOID PROENKEPHALIN PATHWAY%PANTHER PATHWAY%P05915	OPIOID PROENKEPHALIN PATHWAY%PANTHER PATHWAY%P05915		15	0.34560972	0.8766967	0.57667387	0.9227388	1.0	401	tags=13%, list=3%, signal=14%	
DNA DAMAGE CHECKPOINT SIGNALING%GOBP%GO:0000077	DNA DAMAGE CHECKPOINT SIGNALING%GOBP%GO:0000077		76	0.24713542	0.87660676	0.71834624	0.92245746	1.0	2924	tags=21%, list=22%, signal=27%	
INTRA-GOLGI VESICLE-MEDIATED TRANSPORT%GOBP%GO:0006891	INTRA-GOLGI VESICLE-MEDIATED TRANSPORT%GOBP%GO:0006891		30	0.29713836	0.8765985	0.6514806	0.9219805	1.0	4965	tags=47%, list=37%, signal=73%	
PRESENILIN ACTION IN NOTCH AND WNT SIGNALING%PATHWAY INTERACTION DATABASE NCI-NATURE CURATED DATA%PRESENILIN ACTION IN NOTCH AND WNT SIGNALING	PRESENILIN ACTION IN NOTCH AND WNT SIGNALING%PATHWAY INTERACTION DATABASE NCI-NATURE CURATED DATA%PRESENILIN ACTION IN NOTCH AND WNT SIGNALING		41	0.27905375	0.8765015	0.6514161	0.9217229	1.0	3722	tags=32%, list=27%, signal=44%	
CARGO TRAFFICKING TO THE PERICILIARY MEMBRANE%REACTOME%R-HSA-5620920.5	CARGO TRAFFICKING TO THE PERICILIARY MEMBRANE%REACTOME%R-HSA-5620920.5		45	0.2716809	0.8764856	0.6682692	0.921263	1.0	1943	tags=18%, list=14%, signal=21%	
POSITIVE REGULATION OF PROTEOLYSIS INVOLVED IN PROTEIN CATABOLIC PROCESS%GOBP%GO:1903052	POSITIVE REGULATION OF PROTEOLYSIS INVOLVED IN PROTEIN CATABOLIC PROCESS%GOBP%GO:1903052		107	0.2297327	0.87637407	0.7390181	0.9210268	1.0	2894	tags=21%, list=21%, signal=27%	
RHOJ GTPASE CYCLE%REACTOME DATABASE ID RELEASE 93%9013409	RHOJ GTPASE CYCLE%REACTOME DATABASE ID RELEASE 93%9013409		53	0.25851095	0.8763008	0.67058825	0.92070293	1.0	1518	tags=13%, list=11%, signal=15%	
MESODERM MORPHOGENESIS%GOBP%GO:0048332	MESODERM MORPHOGENESIS%GOBP%GO:0048332		20	0.3160734	0.87603074	0.6200466	0.92087877	1.0	2683	tags=35%, list=20%, signal=44%	
HOST PATHOGEN INTERACTION OF HUMAN CORONAVIRUSES MAPK SIGNALING%WIKIPATHWAYS_20250810%WP4877%HOMO SAPIENS	HOST PATHOGEN INTERACTION OF HUMAN CORONAVIRUSES MAPK SIGNALING%WIKIPATHWAYS_20250810%WP4877%HOMO SAPIENS		33	0.2938971	0.8760019	0.63073397	0.9204556	1.0	2280	tags=21%, list=17%, signal=25%	
PROTEIN EXIT FROM ENDOPLASMIC RETICULUM%GOBP%GO:0032527	PROTEIN EXIT FROM ENDOPLASMIC RETICULUM%GOBP%GO:0032527		24	0.31100395	0.8755499	0.6188235	0.9210952	1.0	4685	tags=63%, list=35%, signal=95%	
RESPONSE TO TOXIC SUBSTANCE%GOBP%GO:0009636	RESPONSE TO TOXIC SUBSTANCE%GOBP%GO:0009636		86	0.23937048	0.87547904	0.73671496	0.92078257	1.0	1809	tags=19%, list=13%, signal=21%	
REGULATION OF CYTOKINESIS%GOBP%GO:0032465	REGULATION OF CYTOKINESIS%GOBP%GO:0032465		74	0.24854843	0.875257	0.69158876	0.9208278	1.0	2361	tags=22%, list=17%, signal=26%	
SIGNALING BY GSK3BETA MUTANTS%REACTOME%R-HSA-5339716.5	SIGNALING BY GSK3BETA MUTANTS%REACTOME%R-HSA-5339716.5		15	0.3466904	0.8750002	0.63053095	0.9209824	1.0	4267	tags=53%, list=31%, signal=78%	
DNA INTEGRITY CHECKPOINT SIGNALING%GOBP%GO:0031570	DNA INTEGRITY CHECKPOINT SIGNALING%GOBP%GO:0031570		81	0.24271418	0.87256384	0.7323601	0.9264956	1.0	2924	tags=21%, list=22%, signal=27%	
TRANSCRIPTION OF E2F TARGETS UNDER NEGATIVE CONTROL BY P107 (RBL1) AND P130 (RBL2) IN COMPLEX WITH HDAC1%REACTOME DATABASE ID RELEASE 93%1362300	TRANSCRIPTION OF E2F TARGETS UNDER NEGATIVE CONTROL BY P107 (RBL1) AND P130 (RBL2) IN COMPLEX WITH HDAC1%REACTOME DATABASE ID RELEASE 93%1362300		15	0.341718	0.87248564	0.6236559	0.9261951	1.0	64	tags=7%, list=0%, signal=7%	
MITOTIC G2/M TRANSITION CHECKPOINT%GOBP%GO:0044818	MITOTIC G2/M TRANSITION CHECKPOINT%GOBP%GO:0044818		42	0.27460974	0.8722565	0.6617647	0.9262418	1.0	2924	tags=21%, list=22%, signal=27%	
ANTIVIRAL INNATE IMMUNE RESPONSE%GOBP%GO:0140374	ANTIVIRAL INNATE IMMUNE RESPONSE%GOBP%GO:0140374		62	0.25149754	0.8720689	0.70308787	0.9261982	1.0	1796	tags=19%, list=13%, signal=22%	
BETA2 INTEGRIN CELL SURFACE INTERACTIONS%PATHWAY INTERACTION DATABASE NCI-NATURE CURATED DATA%BETA2 INTEGRIN CELL SURFACE INTERACTIONS	BETA2 INTEGRIN CELL SURFACE INTERACTIONS%PATHWAY INTERACTION DATABASE NCI-NATURE CURATED DATA%BETA2 INTEGRIN CELL SURFACE INTERACTIONS		22	0.3137959	0.8718489	0.6373874	0.9262676	1.0	2103	tags=32%, list=16%, signal=38%	
CELL DEATH SIGNALLING VIA NRAGE, NRIF AND NADE%REACTOME DATABASE ID RELEASE 93%204998	CELL DEATH SIGNALLING VIA NRAGE, NRIF AND NADE%REACTOME DATABASE ID RELEASE 93%204998		72	0.24590957	0.8716675	0.7139423	0.926216	1.0	3250	tags=32%, list=24%, signal=42%	
VIRAL PROCESS%GOBP%GO:0016032	VIRAL PROCESS%GOBP%GO:0016032		152	0.21901004	0.87151307	0.76719576	0.92606896	1.0	2581	tags=19%, list=19%, signal=23%	
3'-UTR-MEDIATED MRNA DESTABILIZATION%GOBP%GO:0061158	3'-UTR-MEDIATED MRNA DESTABILIZATION%GOBP%GO:0061158		15	0.34573966	0.8708112	0.6301969	0.92732084	1.0	1643	tags=20%, list=12%, signal=23%	
SIGNAL TRANSDUCTION IN RESPONSE TO DNA DAMAGE%GOBP%GO:0042770	SIGNAL TRANSDUCTION IN RESPONSE TO DNA DAMAGE%GOBP%GO:0042770		114	0.2263022	0.8700578	0.7603093	0.9286512	1.0	2924	tags=22%, list=22%, signal=28%	
REGULATION OF INTERFERON-ALPHA PRODUCTION%GOBP%GO:0032647	REGULATION OF INTERFERON-ALPHA PRODUCTION%GOBP%GO:0032647		24	0.309887	0.8700321	0.62441313	0.92821616	1.0	1132	tags=17%, list=8%, signal=18%	
2Q11 2 COPY NUMBER VARIATION SYNDROME%WIKIPATHWAYS_20250810%WP5221%HOMO SAPIENS	2Q11 2 COPY NUMBER VARIATION SYNDROME%WIKIPATHWAYS_20250810%WP5221%HOMO SAPIENS		21	0.3203355	0.8699744	0.6419214	0.92785674	1.0	797	tags=10%, list=6%, signal=10%	
REGULATION OF CELL ADHESION MEDIATED BY INTEGRIN%GOBP%GO:0033628	REGULATION OF CELL ADHESION MEDIATED BY INTEGRIN%GOBP%GO:0033628		33	0.2884714	0.869241	0.6723769	0.929137	1.0	2103	tags=27%, list=16%, signal=32%	
REGULATION OF PROTEIN NEDDYLATION%GOBP%GO:2000434	REGULATION OF PROTEIN NEDDYLATION%GOBP%GO:2000434		16	0.32848012	0.86868364	0.6337079	0.9299799	1.0	1498	tags=13%, list=11%, signal=14%	
ENVELOPE PROTEINS AND THEIR POTENTIAL ROLES IN EDMD PHYSIOPATHOLOGY%WIKIPATHWAYS_20250810%WP4535%HOMO SAPIENS	ENVELOPE PROTEINS AND THEIR POTENTIAL ROLES IN EDMD PHYSIOPATHOLOGY%WIKIPATHWAYS_20250810%WP4535%HOMO SAPIENS		28	0.29470393	0.8683375	0.6348837	0.9303408	1.0	3605	tags=36%, list=27%, signal=49%	
CTNNB1 S33 MUTANTS AREN'T PHOSPHORYLATED%REACTOME DATABASE ID RELEASE 93%5358747	CTNNB1 S33 MUTANTS AREN'T PHOSPHORYLATED%REACTOME DATABASE ID RELEASE 93%5358747		15	0.3466904	0.868258	0.6165577	0.930034	1.0	4267	tags=53%, list=31%, signal=78%	
VIRAL LIFE CYCLE%GOBP%GO:0019058	VIRAL LIFE CYCLE%GOBP%GO:0019058		96	0.23021817	0.8681067	0.73066664	0.9298992	1.0	1954	tags=17%, list=14%, signal=19%	
CTNNB1 S45 MUTANTS AREN'T PHOSPHORYLATED%REACTOME DATABASE ID RELEASE 93%5358751	CTNNB1 S45 MUTANTS AREN'T PHOSPHORYLATED%REACTOME DATABASE ID RELEASE 93%5358751		15	0.3466904	0.86711913	0.67741936	0.9318312	1.0	4267	tags=53%, list=31%, signal=78%	
ORGANELLE TRANSPORT ALONG MICROTUBULE%GOBP%GO:0072384	ORGANELLE TRANSPORT ALONG MICROTUBULE%GOBP%GO:0072384		60	0.2507418	0.86653703	0.7297297	0.93279535	1.0	3834	tags=37%, list=28%, signal=51%	
CRANIAL NERVE DEVELOPMENT%GOBP%GO:0021545	CRANIAL NERVE DEVELOPMENT%GOBP%GO:0021545		17	0.33114734	0.86641204	0.6635945	0.93261147	1.0	1257	tags=24%, list=9%, signal=26%	
TP53 REGULATES TRANSCRIPTION OF CELL DEATH GENES%REACTOME%R-HSA-5633008.4	TP53 REGULATES TRANSCRIPTION OF CELL DEATH GENES%REACTOME%R-HSA-5633008.4		38	0.27427053	0.8662905	0.6666667	0.9324122	1.0	1807	tags=21%, list=13%, signal=24%	
POSITIVE REGULATION OF RESPONSE TO ENDOPLASMIC RETICULUM STRESS%GOBP%GO:1905898	POSITIVE REGULATION OF RESPONSE TO ENDOPLASMIC RETICULUM STRESS%GOBP%GO:1905898		30	0.2891668	0.8662329	0.6775701	0.9320505	1.0	496	tags=7%, list=4%, signal=7%	
RESPONSE TO HYDROGEN PEROXIDE%GOBP%GO:0042542	RESPONSE TO HYDROGEN PEROXIDE%GOBP%GO:0042542		41	0.27356848	0.86604524	0.67321867	0.932009	1.0	1421	tags=24%, list=10%, signal=27%	
CTNNB1 T41 MUTANTS AREN'T PHOSPHORYLATED%REACTOME DATABASE ID RELEASE 93%5358752	CTNNB1 T41 MUTANTS AREN'T PHOSPHORYLATED%REACTOME DATABASE ID RELEASE 93%5358752		15	0.3466904	0.8660153	0.6239496	0.93157315	1.0	4267	tags=53%, list=31%, signal=78%	
POSITIVE REGULATION OF BONE MINERALIZATION%GOBP%GO:0030501	POSITIVE REGULATION OF BONE MINERALIZATION%GOBP%GO:0030501		32	0.2873221	0.86594933	0.65324384	0.9312384	1.0	1202	tags=25%, list=9%, signal=27%	
INOSITOL METABOLISM%PATHWHIZ%PW088261	INOSITOL METABOLISM%PATHWHIZ%PW088261		19	0.32321316	0.86572355	0.63076925	0.93129	1.0	2334	tags=26%, list=17%, signal=32%	
LYTIC VACUOLE ORGANIZATION%GOBP%GO:0080171	LYTIC VACUOLE ORGANIZATION%GOBP%GO:0080171		81	0.24089383	0.865546	0.7426637	0.931204	1.0	3905	tags=36%, list=29%, signal=50%	
XENOBIOTIC TRANSPORT%GOBP%GO:0042908	XENOBIOTIC TRANSPORT%GOBP%GO:0042908		32	0.28586474	0.8650842	0.69158876	0.9318197	1.0	1935	tags=25%, list=14%, signal=29%	
REGULATION OF LONG-TERM SYNAPTIC POTENTIATION%GOBP%GO:1900271	REGULATION OF LONG-TERM SYNAPTIC POTENTIATION%GOBP%GO:1900271		23	0.30530766	0.86474544	0.6666667	0.9321092	1.0	2786	tags=30%, list=21%, signal=38%	
POSITIVE REGULATION OF AMYLOID-BETA FORMATION%GOBP%GO:1902004	POSITIVE REGULATION OF AMYLOID-BETA FORMATION%GOBP%GO:1902004		15	0.34013167	0.86425644	0.6340956	0.9328176	1.0	3309	tags=40%, list=24%, signal=53%	
LYSOSOME ORGANIZATION%GOBP%GO:0007040	LYSOSOME ORGANIZATION%GOBP%GO:0007040		81	0.24089383	0.8636686	0.7619048	0.93374455	1.0	3905	tags=36%, list=29%, signal=50%	
L-AMINO ACID TRANSPORT%GOBP%GO:0015807	L-AMINO ACID TRANSPORT%GOBP%GO:0015807		41	0.27156132	0.863365	0.6804598	0.93399465	1.0	3001	tags=39%, list=22%, signal=50%	
CHAPERONIN-MEDIATED PROTEIN FOLDING%REACTOME DATABASE ID RELEASE 93%390466	CHAPERONIN-MEDIATED PROTEIN FOLDING%REACTOME DATABASE ID RELEASE 93%390466		72	0.24520825	0.8632371	0.74757284	0.93379736	1.0	1115	tags=14%, list=8%, signal=15%	
PROTEIN LOCALIZATION TO CELL-CELL JUNCTION%GOBP%GO:0150105	PROTEIN LOCALIZATION TO CELL-CELL JUNCTION%GOBP%GO:0150105		15	0.33866844	0.86294013	0.6487069	0.93397486	1.0	2081	tags=33%, list=15%, signal=39%	
REGULATION OF BINDING%GOBP%GO:0051098	REGULATION OF BINDING%GOBP%GO:0051098		83	0.23766008	0.8621215	0.75114155	0.9354721	1.0	2192	tags=22%, list=16%, signal=26%	
DE NOVO PURINE BIOSYNTHESIS%PANTHER PATHWAY%P02738	DE NOVO PURINE BIOSYNTHESIS%PANTHER PATHWAY%P02738		25	0.30585355	0.86188865	0.6815287	0.9355105	1.0	946	tags=12%, list=7%, signal=13%	
EMBRYO DEVELOPMENT ENDING IN BIRTH OR EGG HATCHING%GOBP%GO:0009792	EMBRYO DEVELOPMENT ENDING IN BIRTH OR EGG HATCHING%GOBP%GO:0009792		145	0.21844745	0.8615468	0.78651685	0.93579686	1.0	3050	tags=28%, list=23%, signal=36%	
RESPIRATORY SYNCYTIAL VIRUS INFECTION PATHWAY%REACTOME%R-HSA-9820952.2	RESPIRATORY SYNCYTIAL VIRUS INFECTION PATHWAY%REACTOME%R-HSA-9820952.2		101	0.23001477	0.8607621	0.7764706	0.93719184	1.0	3002	tags=22%, list=22%, signal=28%	
THROMBOXANE SIGNALLING THROUGH TP RECEPTOR%REACTOME DATABASE ID RELEASE 93%428930	THROMBOXANE SIGNALLING THROUGH TP RECEPTOR%REACTOME DATABASE ID RELEASE 93%428930		16	0.33137336	0.8605419	0.67932487	0.9371926	1.0	401	tags=13%, list=3%, signal=13%	
REGULATION OF RELEASE OF CYTOCHROME C FROM MITOCHONDRIA%GOBP%GO:0090199	REGULATION OF RELEASE OF CYTOCHROME C FROM MITOCHONDRIA%GOBP%GO:0090199		36	0.27496687	0.86046946	0.67070216	0.9368692	1.0	2260	tags=22%, list=17%, signal=27%	
PID_CDC42_PATHWAY%MSIGDB_C2%PID_CDC42_PATHWAY	PID_CDC42_PATHWAY%MSIGDB_C2%PID_CDC42_PATHWAY		54	0.24981698	0.85991746	0.71291864	0.9376667	1.0	3877	tags=31%, list=29%, signal=44%	
NEGATIVE REGULATION OF PROTEIN LOCALIZATION TO MEMBRANE%GOBP%GO:1905476	NEGATIVE REGULATION OF PROTEIN LOCALIZATION TO MEMBRANE%GOBP%GO:1905476		26	0.29347152	0.85964596	0.67954546	0.93781626	1.0	3493	tags=42%, list=26%, signal=57%	
HORMONE SECRETION%GOBP%GO:0046879	HORMONE SECRETION%GOBP%GO:0046879		24	0.30059808	0.85963035	0.63265306	0.9373616	1.0	1535	tags=21%, list=11%, signal=23%	
REGULATION OF FERROPTOSIS%GOBP%GO:0110075	REGULATION OF FERROPTOSIS%GOBP%GO:0110075		25	0.29387322	0.8589522	0.66230935	0.93848896	1.0	2921	tags=40%, list=22%, signal=51%	
TIGHT JUNCTION INTERACTIONS%REACTOME DATABASE ID RELEASE 93%420029	TIGHT JUNCTION INTERACTIONS%REACTOME DATABASE ID RELEASE 93%420029		21	0.30678183	0.85867167	0.64935064	0.9386709	1.0	1060	tags=14%, list=8%, signal=15%	
INTEGRIN-LINKED KINASE SIGNALING%PATHWAY INTERACTION DATABASE NCI-NATURE CURATED DATA%INTEGRIN-LINKED KINASE SIGNALING	INTEGRIN-LINKED KINASE SIGNALING%PATHWAY INTERACTION DATABASE NCI-NATURE CURATED DATA%INTEGRIN-LINKED KINASE SIGNALING		43	0.26493698	0.8579114	0.7155963	0.93997437	1.0	1889	tags=14%, list=14%, signal=16%	
TURBULENT (OSCILLATORY, DISTURBED) FLOW SHEAR STRESS ACTIVATES SIGNALING BY PIEZO1 AND INTEGRINS IN ENDOTHELIAL CELLS%REACTOME%R-HSA-9860927.2	TURBULENT (OSCILLATORY, DISTURBED) FLOW SHEAR STRESS ACTIVATES SIGNALING BY PIEZO1 AND INTEGRINS IN ENDOTHELIAL CELLS%REACTOME%R-HSA-9860927.2		27	0.28999558	0.85751295	0.66067415	0.94039625	1.0	3680	tags=41%, list=27%, signal=56%	
ORGANOPHOSPHATE ESTER TRANSPORT%GOBP%GO:0015748	ORGANOPHOSPHATE ESTER TRANSPORT%GOBP%GO:0015748		107	0.2274311	0.85625416	0.79361176	0.94294465	1.0	2474	tags=21%, list=18%, signal=26%	
PROTEIN FOLDING%REACTOME DATABASE ID RELEASE 93%391251	PROTEIN FOLDING%REACTOME DATABASE ID RELEASE 93%391251		78	0.23377536	0.85597986	0.7934272	0.94308794	1.0	1115	tags=13%, list=8%, signal=14%	
LEUKOCYTE TETHERING OR ROLLING%GOBP%GO:0050901	LEUKOCYTE TETHERING OR ROLLING%GOBP%GO:0050901		16	0.32941815	0.85542744	0.6680942	0.9438959	1.0	1102	tags=31%, list=8%, signal=34%	
CELLULAR RESPONSE TO UV%GOBP%GO:0034644	CELLULAR RESPONSE TO UV%GOBP%GO:0034644		68	0.24233155	0.85520524	0.723301	0.94390315	1.0	2280	tags=18%, list=17%, signal=21%	
DNA CONFORMATION CHANGE%GOBP%GO:0071103	DNA CONFORMATION CHANGE%GOBP%GO:0071103		17	0.33508152	0.8547571	0.6554622	0.9444552	1.0	471	tags=12%, list=3%, signal=12%	
RNA POLYMERASE II TRANSCRIPTION INITIATION SURVEILLANCE%GOBP%GO:0160240	RNA POLYMERASE II TRANSCRIPTION INITIATION SURVEILLANCE%GOBP%GO:0160240		16	0.32688186	0.8545819	0.6703786	0.94438744	1.0	9127	tags=100%, list=67%, signal=306%	
SIGNALING BY FGFR2 IIIA TM%REACTOME%R-HSA-8851708.2	SIGNALING BY FGFR2 IIIA TM%REACTOME%R-HSA-8851708.2		19	0.3172201	0.85395855	0.65695065	0.94532347	1.0	78	tags=5%, list=1%, signal=5%	
CONSTITUTIVE ANDROSTANE RECEPTOR PATHWAY%WIKIPATHWAYS_20250810%WP2875%HOMO SAPIENS	CONSTITUTIVE ANDROSTANE RECEPTOR PATHWAY%WIKIPATHWAYS_20250810%WP2875%HOMO SAPIENS		18	0.32420233	0.8535093	0.6637363	0.9458685	1.0	560	tags=11%, list=4%, signal=12%	
BIOCARTA_G2_PATHWAY%MSIGDB_C2%BIOCARTA_G2_PATHWAY	BIOCARTA_G2_PATHWAY%MSIGDB_C2%BIOCARTA_G2_PATHWAY		18	0.32691938	0.8533554	0.6792035	0.94571865	1.0	3757	tags=50%, list=28%, signal=69%	
UBIQUITIN-DEPENDENT PROTEIN CATABOLIC PROCESS VIA THE MULTIVESICULAR BODY SORTING PATHWAY%GOBP%GO:0043162	UBIQUITIN-DEPENDENT PROTEIN CATABOLIC PROCESS VIA THE MULTIVESICULAR BODY SORTING PATHWAY%GOBP%GO:0043162		32	0.2777653	0.85325986	0.6926503	0.9454617	1.0	4170	tags=34%, list=31%, signal=50%	
ANDROGEN RECEPTOR NETWORK IN PROSTATE CANCER%WIKIPATHWAYS_20250810%WP2263%HOMO SAPIENS	ANDROGEN RECEPTOR NETWORK IN PROSTATE CANCER%WIKIPATHWAYS_20250810%WP2263%HOMO SAPIENS		83	0.23263639	0.8528357	0.7869674	0.94596374	1.0	2799	tags=22%, list=21%, signal=27%	
PEPTIDE TRANSPORT%GOBP%GO:0015833	PEPTIDE TRANSPORT%GOBP%GO:0015833		33	0.27941015	0.85261756	0.6943128	0.9459878	1.0	1774	tags=21%, list=13%, signal=24%	
RHOBTB GTPASE CYCLE%REACTOME%R-HSA-9706574.4	RHOBTB GTPASE CYCLE%REACTOME%R-HSA-9706574.4		34	0.2793425	0.85180736	0.73023254	0.947397	1.0	1909	tags=18%, list=14%, signal=20%	
WNT SIGNALING PATHWAY, PLANAR CELL POLARITY PATHWAY%GOBP%GO:0060071	WNT SIGNALING PATHWAY, PLANAR CELL POLARITY PATHWAY%GOBP%GO:0060071		25	0.3015356	0.8517408	0.68526787	0.9470643	1.0	3501	tags=32%, list=26%, signal=43%	
LYSOSOME VESICLE BIOGENESIS%REACTOME DATABASE ID RELEASE 93%432720	LYSOSOME VESICLE BIOGENESIS%REACTOME DATABASE ID RELEASE 93%432720		31	0.2856648	0.8516443	0.67256635	0.94681185	1.0	4325	tags=48%, list=32%, signal=71%	
CDC42 GTPASE CYCLE%REACTOME DATABASE ID RELEASE 93%9013148	CDC42 GTPASE CYCLE%REACTOME DATABASE ID RELEASE 93%9013148		143	0.2160132	0.8509016	0.82653064	0.9479836	1.0	2591	tags=24%, list=19%, signal=30%	
HEAD AND NECK SQUAMOUS CELL CARCINOMA%WIKIPATHWAYS_20250810%WP4674%HOMO SAPIENS	HEAD AND NECK SQUAMOUS CELL CARCINOMA%WIKIPATHWAYS_20250810%WP4674%HOMO SAPIENS		60	0.2510659	0.8505815	0.7330097	0.9482639	1.0	2861	tags=25%, list=21%, signal=32%	
THYROID STIMULATING HORMONE TSH SIGNALING%WIKIPATHWAYS_20250810%WP2032%HOMO SAPIENS	THYROID STIMULATING HORMONE TSH SIGNALING%WIKIPATHWAYS_20250810%WP2032%HOMO SAPIENS		46	0.2606025	0.85042274	0.7276786	0.9481541	1.0	757	tags=9%, list=6%, signal=9%	
SIGNALING BY FGFR4%REACTOME%R-HSA-5654743.4	SIGNALING BY FGFR4%REACTOME%R-HSA-5654743.4		28	0.2855666	0.84995186	0.6928105	0.948763	1.0	220	tags=7%, list=2%, signal=7%	
MYELOID CELL ACTIVATION INVOLVED IN IMMUNE RESPONSE%GOBP%GO:0002275	MYELOID CELL ACTIVATION INVOLVED IN IMMUNE RESPONSE%GOBP%GO:0002275		34	0.27688414	0.84886616	0.70089287	0.95077044	1.0	294	tags=9%, list=2%, signal=9%	
MEIOTIC CELL CYCLE%GOBP%GO:0051321	MEIOTIC CELL CYCLE%GOBP%GO:0051321		111	0.21942875	0.84844154	0.8147208	0.9512371	1.0	2240	tags=18%, list=17%, signal=21%	
PROLACTIN SIGNALING%WIKIPATHWAYS_20250810%WP2037%HOMO SAPIENS	PROLACTIN SIGNALING%WIKIPATHWAYS_20250810%WP2037%HOMO SAPIENS		61	0.24608256	0.8476641	0.78571427	0.9525151	1.0	2836	tags=30%, list=21%, signal=37%	
GLYCOLYSIS%PANTHER PATHWAY%P00024	GLYCOLYSIS%PANTHER PATHWAY%P00024		15	0.327872	0.847596	0.6666667	0.9521771	1.0	3313	tags=33%, list=24%, signal=44%	
RECEPTOR LOCALIZATION TO SYNAPSE%GOBP%GO:0097120	RECEPTOR LOCALIZATION TO SYNAPSE%GOBP%GO:0097120		17	0.32655942	0.84752524	0.6921296	0.95184743	1.0	587	tags=12%, list=4%, signal=12%	
SEMA4D IN SEMAPHORIN SIGNALING%REACTOME DATABASE ID RELEASE 93%400685	SEMA4D IN SEMAPHORIN SIGNALING%REACTOME DATABASE ID RELEASE 93%400685		23	0.30484736	0.84742284	0.69527894	0.9515639	1.0	1599	tags=30%, list=12%, signal=34%	
PHOTODYNAMIC THERAPY INDUCED AP 1 SURVIVAL SIGNALING%WIKIPATHWAYS_20250810%WP3611%HOMO SAPIENS	PHOTODYNAMIC THERAPY INDUCED AP 1 SURVIVAL SIGNALING%WIKIPATHWAYS_20250810%WP3611%HOMO SAPIENS		39	0.26648796	0.84691143	0.6941432	0.95222026	1.0	1003	tags=13%, list=7%, signal=14%	
REGULATION OF CILIUM ASSEMBLY%GOBP%GO:1902017	REGULATION OF CILIUM ASSEMBLY%GOBP%GO:1902017		62	0.24432424	0.8466233	0.73255813	0.95236003	1.0	3892	tags=34%, list=29%, signal=47%	
MIDBRAIN DEVELOPMENT%GOBP%GO:0030901	MIDBRAIN DEVELOPMENT%GOBP%GO:0030901		51	0.25193107	0.84556305	0.73067915	0.95423913	1.0	3603	tags=41%, list=27%, signal=56%	
ACTIVATION OF GTPASE ACTIVITY%GOBP%GO:0090630	ACTIVATION OF GTPASE ACTIVITY%GOBP%GO:0090630		22	0.30319777	0.84487385	0.6914661	0.9553426	1.0	3067	tags=36%, list=23%, signal=47%	
LIPOPOLYSACCHARIDE-MEDIATED SIGNALING PATHWAY%GOBP%GO:0031663	LIPOPOLYSACCHARIDE-MEDIATED SIGNALING PATHWAY%GOBP%GO:0031663		16	0.3263605	0.8445815	0.6594828	0.9555224	1.0	30	tags=6%, list=0%, signal=6%	
COOPERATION OF PDCL (PHLP1) AND TRIC CCT IN G-PROTEIN BETA FOLDING%REACTOME%R-HSA-6814122.3	COOPERATION OF PDCL (PHLP1) AND TRIC CCT IN G-PROTEIN BETA FOLDING%REACTOME%R-HSA-6814122.3		29	0.28198114	0.84384865	0.68613136	0.9567001	1.0	401	tags=10%, list=3%, signal=11%	
RESPONSE TO HEAT%GOBP%GO:0009408	RESPONSE TO HEAT%GOBP%GO:0009408		55	0.24909556	0.8428619	0.74170613	0.9584502	1.0	1517	tags=13%, list=11%, signal=14%	
SPINDLE ASSEMBLY%GOBP%GO:0051225	SPINDLE ASSEMBLY%GOBP%GO:0051225		78	0.23262309	0.8420364	0.7888349	0.9597917	1.0	3035	tags=29%, list=22%, signal=38%	
POSITIVE REGULATION OF NUCLEOTIDE CATABOLIC PROCESS%GOBP%GO:0030813	POSITIVE REGULATION OF NUCLEOTIDE CATABOLIC PROCESS%GOBP%GO:0030813		16	0.3295371	0.8418675	0.6616379	0.9596763	1.0	486	tags=13%, list=4%, signal=13%	
REGULATION OF ACTIN NUCLEATION%GOBP%GO:0051125	REGULATION OF ACTIN NUCLEATION%GOBP%GO:0051125		27	0.2867317	0.84164226	0.7078385	0.95967156	1.0	4185	tags=59%, list=31%, signal=86%	
AFFECTED PATHWAYS IN DUCHENNE MUSCULAR DYSTROPHY%WIKIPATHWAYS_20250810%WP5356%HOMO SAPIENS	AFFECTED PATHWAYS IN DUCHENNE MUSCULAR DYSTROPHY%WIKIPATHWAYS_20250810%WP5356%HOMO SAPIENS		44	0.25766352	0.84158397	0.75061125	0.95931435	1.0	3023	tags=32%, list=22%, signal=41%	
ASPARTATE FAMILY AMINO ACID BIOSYNTHETIC PROCESS%GOBP%GO:0009067	ASPARTATE FAMILY AMINO ACID BIOSYNTHETIC PROCESS%GOBP%GO:0009067		17	0.31990024	0.8413955	0.69058293	0.9592438	1.0	1078	tags=18%, list=8%, signal=19%	
VESICLE LOCALIZATION%GOBP%GO:0051648	VESICLE LOCALIZATION%GOBP%GO:0051648		134	0.21285512	0.8401777	0.8453608	0.9614782	1.0	3774	tags=30%, list=28%, signal=41%	
PID_ILK_PATHWAY%MSIGDB_C2%PID_ILK_PATHWAY	PID_ILK_PATHWAY%MSIGDB_C2%PID_ILK_PATHWAY		32	0.27552032	0.8396867	0.7133333	0.96209776	1.0	1889	tags=16%, list=14%, signal=18%	
RESPONSE TO TOPOLOGICALLY INCORRECT PROTEIN%GOBP%GO:0035966	RESPONSE TO TOPOLOGICALLY INCORRECT PROTEIN%GOBP%GO:0035966		101	0.22297952	0.8396327	0.8159806	0.9617321	1.0	3652	tags=31%, list=27%, signal=42%	
POSITIVE REGULATION OF GLYCOLYTIC PROCESS%GOBP%GO:0045821	POSITIVE REGULATION OF GLYCOLYTIC PROCESS%GOBP%GO:0045821		16	0.3295371	0.8395792	0.69004524	0.96135765	1.0	486	tags=13%, list=4%, signal=13%	
REGULATION OF SODIUM ION TRANSMEMBRANE TRANSPORT%GOBP%GO:1902305	REGULATION OF SODIUM ION TRANSMEMBRANE TRANSPORT%GOBP%GO:1902305		28	0.285312	0.83750606	0.72866523	0.96553004	1.0	1247	tags=18%, list=9%, signal=20%	
EMBRYONIC SKELETAL SYSTEM DEVELOPMENT%GOBP%GO:0048706	EMBRYONIC SKELETAL SYSTEM DEVELOPMENT%GOBP%GO:0048706		45	0.25946483	0.83610547	0.74482757	0.9680763	1.0	2134	tags=22%, list=16%, signal=26%	
RESPONSE TO REACTIVE OXYGEN SPECIES%GOBP%GO:0000302	RESPONSE TO REACTIVE OXYGEN SPECIES%GOBP%GO:0000302		90	0.22876877	0.83605486	0.8320988	0.96767205	1.0	1524	tags=18%, list=11%, signal=20%	
ALZHEIMER DISEASE-PRESENILIN PATHWAY%PANTHER PATHWAY%P00004	ALZHEIMER DISEASE-PRESENILIN PATHWAY%PANTHER PATHWAY%P00004		63	0.23995191	0.835556	0.808933	0.96826154	1.0	2081	tags=22%, list=15%, signal=26%	
TRANSCRIPTIONAL REGULATION BY NPAS4%REACTOME%R-HSA-9634815.4	TRANSCRIPTIONAL REGULATION BY NPAS4%REACTOME%R-HSA-9634815.4		29	0.2849143	0.8349141	0.71235955	0.96917963	1.0	631	tags=10%, list=5%, signal=11%	
CELL MIGRATION INVOLVED IN SPROUTING ANGIOGENESIS%GOBP%GO:0002042	CELL MIGRATION INVOLVED IN SPROUTING ANGIOGENESIS%GOBP%GO:0002042		16	0.32113189	0.83444035	0.6636971	0.96972775	1.0	776	tags=19%, list=6%, signal=20%	
SIGNALING BY NOTCH%REACTOME DATABASE ID RELEASE 93%157118	SIGNALING BY NOTCH%REACTOME DATABASE ID RELEASE 93%157118		165	0.20522738	0.83421904	0.8936782	0.96972567	1.0	2069	tags=16%, list=15%, signal=18%	
PID_MET_PATHWAY%MSIGDB_C2%PID_MET_PATHWAY	PID_MET_PATHWAY%MSIGDB_C2%PID_MET_PATHWAY		62	0.24315688	0.8336794	0.80851066	0.97042847	1.0	1552	tags=15%, list=11%, signal=16%	
NEGATIVE REGULATION OF INTRINSIC APOPTOTIC SIGNALING PATHWAY%GOBP%GO:2001243	NEGATIVE REGULATION OF INTRINSIC APOPTOTIC SIGNALING PATHWAY%GOBP%GO:2001243		70	0.23947671	0.8335654	0.75252527	0.9701566	1.0	3478	tags=33%, list=26%, signal=44%	
ESTABLISHMENT OF VESICLE LOCALIZATION%GOBP%GO:0051650	ESTABLISHMENT OF VESICLE LOCALIZATION%GOBP%GO:0051650		131	0.21376203	0.83290184	0.8644986	0.9710965	1.0	3774	tags=30%, list=28%, signal=41%	
NEGATIVE REGULATION OF PROTEIN LOCALIZATION TO CELL PERIPHERY%GOBP%GO:1904376	NEGATIVE REGULATION OF PROTEIN LOCALIZATION TO CELL PERIPHERY%GOBP%GO:1904376		26	0.29347152	0.83271295	0.7257683	0.97099984	1.0	3493	tags=42%, list=26%, signal=57%	
GABA B RECEPTOR ACTIVATION%REACTOME DATABASE ID RELEASE 93%977444	GABA B RECEPTOR ACTIVATION%REACTOME DATABASE ID RELEASE 93%977444		29	0.27861112	0.8324827	0.73159146	0.9709995	1.0	401	tags=10%, list=3%, signal=11%	
REGULATION OF LEUKOCYTE ADHESION TO VASCULAR ENDOTHELIAL CELL%GOBP%GO:1904994	REGULATION OF LEUKOCYTE ADHESION TO VASCULAR ENDOTHELIAL CELL%GOBP%GO:1904994		21	0.29601523	0.832186	0.71330273	0.97114056	1.0	2938	tags=33%, list=22%, signal=42%	
POSITIVE REGULATION OF CELL MORPHOGENESIS%GOBP%GO:0010770	POSITIVE REGULATION OF CELL MORPHOGENESIS%GOBP%GO:0010770		16	0.31591395	0.83108556	0.6941964	0.97305745	1.0	1832	tags=19%, list=14%, signal=22%	
EPITHELIAL TUBE FORMATION%GOBP%GO:0072175	EPITHELIAL TUBE FORMATION%GOBP%GO:0072175		38	0.259318	0.8310057	0.73023254	0.9727472	1.0	1868	tags=26%, list=14%, signal=30%	
NEGATIVE REGULATION OF CATION TRANSMEMBRANE TRANSPORT%GOBP%GO:1904063	NEGATIVE REGULATION OF CATION TRANSMEMBRANE TRANSPORT%GOBP%GO:1904063		39	0.2622197	0.8306651	0.7692308	0.9729939	1.0	2095	tags=18%, list=15%, signal=21%	
RAC3 GTPASE CYCLE%REACTOME DATABASE ID RELEASE 93%9013423	RAC3 GTPASE CYCLE%REACTOME DATABASE ID RELEASE 93%9013423		82	0.22794877	0.8300821	0.8215159	0.97375065	1.0	2788	tags=23%, list=21%, signal=29%	
MET PROMOTES CELL MOTILITY%REACTOME DATABASE ID RELEASE 93%8875878	MET PROMOTES CELL MOTILITY%REACTOME DATABASE ID RELEASE 93%8875878		26	0.28751338	0.8283857	0.70474136	0.9768864	1.0	1707	tags=23%, list=13%, signal=26%	
PROTEIN LOCALIZATION TO CELL JUNCTION%GOBP%GO:1902414	PROTEIN LOCALIZATION TO CELL JUNCTION%GOBP%GO:1902414		48	0.2529045	0.8282836	0.7806604	0.9765994	1.0	1398	tags=19%, list=10%, signal=21%	
FACTORS INVOLVED IN MEGAKARYOCYTE DEVELOPMENT AND PLATELET PRODUCTION%REACTOME DATABASE ID RELEASE 93%983231	FACTORS INVOLVED IN MEGAKARYOCYTE DEVELOPMENT AND PLATELET PRODUCTION%REACTOME DATABASE ID RELEASE 93%983231		102	0.22008471	0.8277007	0.8446866	0.97735375	1.0	2426	tags=23%, list=18%, signal=27%	
INSULIN IGF PATHWAY-MITOGEN ACTIVATED PROTEIN KINASE KINASE MAP KINASE CASCADE%PANTHER PATHWAY%P00032	INSULIN IGF PATHWAY-MITOGEN ACTIVATED PROTEIN KINASE KINASE MAP KINASE CASCADE%PANTHER PATHWAY%P00032		26	0.2874152	0.8274492	0.737931	0.97738266	1.0	2649	tags=27%, list=20%, signal=33%	
PRE-NOTCH PROCESSING IN GOLGI%REACTOME DATABASE ID RELEASE 93%1912420	PRE-NOTCH PROCESSING IN GOLGI%REACTOME DATABASE ID RELEASE 93%1912420		17	0.3191163	0.8270999	0.6903226	0.97758675	1.0	1249	tags=18%, list=9%, signal=19%	
GMCSF-MEDIATED SIGNALING EVENTS%PATHWAY INTERACTION DATABASE NCI-NATURE CURATED DATA%GMCSF-MEDIATED SIGNALING EVENTS	GMCSF-MEDIATED SIGNALING EVENTS%PATHWAY INTERACTION DATABASE NCI-NATURE CURATED DATA%GMCSF-MEDIATED SIGNALING EVENTS		34	0.26441234	0.826929	0.7206209	0.97745645	1.0	2741	tags=29%, list=20%, signal=37%	
CELLULAR ROLES OF ANTHRAX TOXIN%PATHWAY INTERACTION DATABASE NCI-NATURE CURATED DATA%CELLULAR ROLES OF ANTHRAX TOXIN	CELLULAR ROLES OF ANTHRAX TOXIN%PATHWAY INTERACTION DATABASE NCI-NATURE CURATED DATA%CELLULAR ROLES OF ANTHRAX TOXIN		18	0.3196583	0.82683206	0.6856492	0.97715646	1.0	2199	tags=33%, list=16%, signal=40%	
ESTABLISHMENT OF CELL POLARITY%GOBP%GO:0030010	ESTABLISHMENT OF CELL POLARITY%GOBP%GO:0030010		76	0.23277234	0.8265368	0.77506113	0.97729516	1.0	3704	tags=39%, list=27%, signal=54%	
GLYCOLIPID METABOLIC PROCESS%GOBP%GO:0006664	GLYCOLIPID METABOLIC PROCESS%GOBP%GO:0006664		75	0.22846109	0.82641715	0.8108108	0.97706366	1.0	2054	tags=17%, list=15%, signal=20%	
REGULATION OF TELOMERASE%PATHWAY INTERACTION DATABASE NCI-NATURE CURATED DATA%REGULATION OF TELOMERASE	REGULATION OF TELOMERASE%PATHWAY INTERACTION DATABASE NCI-NATURE CURATED DATA%REGULATION OF TELOMERASE		63	0.23893754	0.8263529	0.8004866	0.9767027	1.0	210	tags=5%, list=2%, signal=5%	
REGULATION OF STEM CELL DIFFERENTIATION%GOBP%GO:2000736	REGULATION OF STEM CELL DIFFERENTIATION%GOBP%GO:2000736		55	0.24375768	0.82565576	0.7789203	0.9776786	1.0	4139	tags=44%, list=31%, signal=63%	
MEMBRANE BIOGENESIS%GOBP%GO:0044091	MEMBRANE BIOGENESIS%GOBP%GO:0044091		50	0.24839804	0.82447374	0.7846154	0.9796913	1.0	3626	tags=38%, list=27%, signal=52%	
ARF6 TRAFFICKING EVENTS%PATHWAY INTERACTION DATABASE NCI-NATURE CURATED DATA%ARF6 TRAFFICKING EVENTS	ARF6 TRAFFICKING EVENTS%PATHWAY INTERACTION DATABASE NCI-NATURE CURATED DATA%ARF6 TRAFFICKING EVENTS		44	0.2519585	0.82395655	0.77304965	0.98027295	1.0	2776	tags=30%, list=20%, signal=37%	
REGULATION OF CENTROSOME CYCLE%GOBP%GO:0046605	REGULATION OF CENTROSOME CYCLE%GOBP%GO:0046605		45	0.254849	0.8238665	0.7457213	0.9799526	1.0	2187	tags=13%, list=16%, signal=16%	
REGULATION OF STRIATED MUSCLE CELL DIFFERENTIATION%GOBP%GO:0051153	REGULATION OF STRIATED MUSCLE CELL DIFFERENTIATION%GOBP%GO:0051153		35	0.26125902	0.8236582	0.75	0.97989815	1.0	1412	tags=17%, list=10%, signal=19%	
PROTEIN REFOLDING%GOBP%GO:0042026	PROTEIN REFOLDING%GOBP%GO:0042026		24	0.28947565	0.8235972	0.7245119	0.9795181	1.0	2863	tags=38%, list=21%, signal=47%	
CHORDATE EMBRYONIC DEVELOPMENT%GOBP%GO:0043009	CHORDATE EMBRYONIC DEVELOPMENT%GOBP%GO:0043009		136	0.21141562	0.8235472	0.8772846	0.9791166	1.0	3050	tags=29%, list=23%, signal=37%	
GASTRIC CANCER NETWORK 1%WIKIPATHWAYS_20250810%WP2361%HOMO SAPIENS	GASTRIC CANCER NETWORK 1%WIKIPATHWAYS_20250810%WP2361%HOMO SAPIENS		16	0.32592246	0.8229621	0.7113636	0.97985893	1.0	3086	tags=44%, list=23%, signal=57%	
TRANSCRIPTIONAL REGULATION BY RUNX2%REACTOME%R-HSA-8878166.4	TRANSCRIPTIONAL REGULATION BY RUNX2%REACTOME%R-HSA-8878166.4		98	0.22000621	0.82271004	0.84634763	0.9799133	1.0	2546	tags=23%, list=19%, signal=29%	
PHOSPHOLIPID TRANSLOCATION%GOBP%GO:0045332	PHOSPHOLIPID TRANSLOCATION%GOBP%GO:0045332		33	0.26827264	0.8226517	0.75	0.97953796	1.0	1082	tags=12%, list=8%, signal=13%	
PROTEIN EXPORT FROM NUCLEUS%GOBP%GO:0006611	PROTEIN EXPORT FROM NUCLEUS%GOBP%GO:0006611		22	0.29660133	0.8212064	0.73596674	0.9820396	1.0	949	tags=9%, list=7%, signal=10%	
POSITIVE REGULATION OF HEART CONTRACTION%GOBP%GO:0045823	POSITIVE REGULATION OF HEART CONTRACTION%GOBP%GO:0045823		17	0.312839	0.82109565	0.73378074	0.9817636	1.0	772	tags=18%, list=6%, signal=19%	
RESPONSE TO COPPER ION%GOBP%GO:0046688	RESPONSE TO COPPER ION%GOBP%GO:0046688		16	0.32066697	0.8206442	0.7172131	0.98224294	1.0	1817	tags=19%, list=13%, signal=22%	
POSITIVE REGULATION OF PURINE NUCLEOTIDE CATABOLIC PROCESS%GOBP%GO:0033123	POSITIVE REGULATION OF PURINE NUCLEOTIDE CATABOLIC PROCESS%GOBP%GO:0033123		16	0.3295371	0.8200973	0.71157897	0.98287994	1.0	486	tags=13%, list=4%, signal=13%	
PHOSPHOLIPID DEPHOSPHORYLATION%GOBP%GO:0046839	PHOSPHOLIPID DEPHOSPHORYLATION%GOBP%GO:0046839		26	0.28498903	0.81998575	0.71428573	0.98261195	1.0	3651	tags=38%, list=27%, signal=53%	
PROTEIN MONOUBIQUITINATION%GOBP%GO:0006513	PROTEIN MONOUBIQUITINATION%GOBP%GO:0006513		41	0.25079954	0.8196546	0.7982646	0.9827956	1.0	2555	tags=17%, list=19%, signal=21%	
MAPK TARGETS  NUCLEAR EVENTS MEDIATED BY MAP KINASES%REACTOME DATABASE ID RELEASE 93%450282	MAPK TARGETS  NUCLEAR EVENTS MEDIATED BY MAP KINASES%REACTOME DATABASE ID RELEASE 93%450282		30	0.2708361	0.819336	0.7472036	0.982957	1.0	1644	tags=13%, list=12%, signal=15%	
BIOCARTA_TNFR1_PATHWAY%MSIGDB_C2%BIOCARTA_TNFR1_PATHWAY	BIOCARTA_TNFR1_PATHWAY%MSIGDB_C2%BIOCARTA_TNFR1_PATHWAY		27	0.2829571	0.819135	0.7361111	0.98288447	1.0	3644	tags=33%, list=27%, signal=46%	
KETONE METABOLIC PROCESS%GOBP%GO:0042180	KETONE METABOLIC PROCESS%GOBP%GO:0042180		56	0.24026906	0.8181771	0.7744875	0.9843565	1.0	1603	tags=18%, list=12%, signal=20%	
POSITIVE REGULATION OF BLOOD CIRCULATION%GOBP%GO:1903524	POSITIVE REGULATION OF BLOOD CIRCULATION%GOBP%GO:1903524		17	0.312839	0.8171634	0.70842826	0.9859177	1.0	772	tags=18%, list=6%, signal=19%	
POSITIVE REGULATION OF PROTEIN LOCALIZATION TO NUCLEUS%GOBP%GO:1900182	POSITIVE REGULATION OF PROTEIN LOCALIZATION TO NUCLEUS%GOBP%GO:1900182		65	0.23704961	0.8168393	0.8142857	0.9860916	1.0	1319	tags=12%, list=10%, signal=14%	
SIGNALING BY FGFR3%REACTOME%R-HSA-5654741.4	SIGNALING BY FGFR3%REACTOME%R-HSA-5654741.4		28	0.27330327	0.81646496	0.7545872	0.98636794	1.0	220	tags=7%, list=2%, signal=7%	
WNT SIGNALING AND PLURIPOTENCY%WIKIPATHWAYS_20250810%WP399%HOMO SAPIENS	WNT SIGNALING AND PLURIPOTENCY%WIKIPATHWAYS_20250810%WP399%HOMO SAPIENS		66	0.23176582	0.8163697	0.8089623	0.9860636	1.0	1587	tags=12%, list=12%, signal=14%	
REGULATION OF INTRINSIC APOPTOTIC SIGNALING PATHWAY IN RESPONSE TO DNA DAMAGE%GOBP%GO:1902229	REGULATION OF INTRINSIC APOPTOTIC SIGNALING PATHWAY IN RESPONSE TO DNA DAMAGE%GOBP%GO:1902229		28	0.2788391	0.81564474	0.7420091	0.9870637	1.0	443	tags=11%, list=3%, signal=11%	
RAC1 PAK1 P38 MMP2 PATHWAY%WIKIPATHWAYS_20250810%WP3303%HOMO SAPIENS	RAC1 PAK1 P38 MMP2 PATHWAY%WIKIPATHWAYS_20250810%WP3303%HOMO SAPIENS		50	0.24965748	0.815613	0.80701756	0.9866245	1.0	1807	tags=18%, list=13%, signal=21%	
POSITIVE REGULATION OF PROTEIN TARGETING TO MITOCHONDRION%GOBP%GO:1903955	POSITIVE REGULATION OF PROTEIN TARGETING TO MITOCHONDRION%GOBP%GO:1903955		29	0.27763867	0.8150592	0.7370892	0.9872483	1.0	2005	tags=17%, list=15%, signal=20%	
ACTIVATION OF GABAB RECEPTORS%REACTOME DATABASE ID RELEASE 93%991365	ACTIVATION OF GABAB RECEPTORS%REACTOME DATABASE ID RELEASE 93%991365		29	0.27861112	0.8147499	0.7448747	0.9873533	1.0	401	tags=10%, list=3%, signal=11%	
POSITIVE REGULATION OF DENDRITE MORPHOGENESIS%GOBP%GO:0050775	POSITIVE REGULATION OF DENDRITE MORPHOGENESIS%GOBP%GO:0050775		15	0.31627253	0.8139989	0.732334	0.98843366	1.0	1832	tags=20%, list=14%, signal=23%	
CELLULAR RESPONSE TO OXIDATIVE STRESS%GOBP%GO:0034599	CELLULAR RESPONSE TO OXIDATIVE STRESS%GOBP%GO:0034599		146	0.2067549	0.8130877	0.9027027	0.9897898	1.0	2280	tags=21%, list=17%, signal=24%	
INTEGRIN MEDIATED CELL ADHESION%WIKIPATHWAYS_20250810%WP185%HOMO SAPIENS	INTEGRIN MEDIATED CELL ADHESION%WIKIPATHWAYS_20250810%WP185%HOMO SAPIENS		70	0.22935337	0.812694	0.8356807	0.9900634	1.0	1889	tags=20%, list=14%, signal=23%	
PID_BCR_5PATHWAY%MSIGDB_C2%PID_BCR_5PATHWAY	PID_BCR_5PATHWAY%MSIGDB_C2%PID_BCR_5PATHWAY		53	0.2429755	0.81255233	0.79217607	0.98985606	1.0	1003	tags=9%, list=7%, signal=10%	
ACEBUTOLOL ACTION PATHWAY%SMPDB%SMP0000296	ACEBUTOLOL ACTION PATHWAY%SMPDB%SMP0000296		33	0.25956053	0.8123554	0.758465	0.9897651	1.0	597	tags=12%, list=4%, signal=13%	
POSITIVE REGULATION OF CHOLESTEROL EFFLUX%GOBP%GO:0010875	POSITIVE REGULATION OF CHOLESTEROL EFFLUX%GOBP%GO:0010875		20	0.30423456	0.8120108	0.7136842	0.9899754	1.0	1141	tags=20%, list=8%, signal=22%	
ISRADIPINE ACTION PATHWAY%PATHWHIZ%PW000393	ISRADIPINE ACTION PATHWAY%PATHWHIZ%PW000393		33	0.25956053	0.8117524	0.7638889	0.9899923	1.0	597	tags=12%, list=4%, signal=13%	
POSITIVE REGULATION OF G PROTEIN-COUPLED RECEPTOR SIGNALING PATHWAY%GOBP%GO:0045745	POSITIVE REGULATION OF G PROTEIN-COUPLED RECEPTOR SIGNALING PATHWAY%GOBP%GO:0045745		19	0.30330148	0.81113577	0.726477	0.99073356	1.0	1199	tags=21%, list=9%, signal=23%	
PROTEIN-CONTAINING COMPLEX DISASSEMBLY%GOBP%GO:0032984	PROTEIN-CONTAINING COMPLEX DISASSEMBLY%GOBP%GO:0032984		122	0.21051748	0.81097084	0.88131315	0.99055403	1.0	2798	tags=20%, list=21%, signal=25%	
SPHINGOLIPID PATHWAY%WIKIPATHWAYS_20250810%WP1422%HOMO SAPIENS	SPHINGOLIPID PATHWAY%WIKIPATHWAYS_20250810%WP1422%HOMO SAPIENS		20	0.30461037	0.8108892	0.72321427	0.99021935	1.0	3422	tags=25%, list=25%, signal=33%	
HALLMARK_PANCREAS_BETA_CELLS%MSIGDBHALLMARK%HALLMARK_PANCREAS_BETA_CELLS	HALLMARK_PANCREAS_BETA_CELLS%MSIGDBHALLMARK%HALLMARK_PANCREAS_BETA_CELLS		17	0.30170506	0.8107776	0.7155361	0.9899474	1.0	1616	tags=24%, list=12%, signal=27%	
ONCOSTATIN M SIGNALING%WIKIPATHWAYS_20250810%WP2374%HOMO SAPIENS	ONCOSTATIN M SIGNALING%WIKIPATHWAYS_20250810%WP2374%HOMO SAPIENS		49	0.24416715	0.81020546	0.7890819	0.99058366	1.0	1552	tags=16%, list=11%, signal=18%	
METABOTROPIC GLUTAMATE RECEPTOR GROUP I PATHWAY%PANTHER PATHWAY%P00041	METABOTROPIC GLUTAMATE RECEPTOR GROUP I PATHWAY%PANTHER PATHWAY%P00041		15	0.32338837	0.8097247	0.74382025	0.99103695	1.0	89	tags=7%, list=1%, signal=7%	
CELLULAR RESPONSE TO RADIATION%GOBP%GO:0071478	CELLULAR RESPONSE TO RADIATION%GOBP%GO:0071478		115	0.20792706	0.8095582	0.92183286	0.9908685	1.0	2772	tags=20%, list=20%, signal=25%	
REGULATION OF TRANSFORMING GROWTH FACTOR BETA PRODUCTION%GOBP%GO:0071634	REGULATION OF TRANSFORMING GROWTH FACTOR BETA PRODUCTION%GOBP%GO:0071634		19	0.302818	0.8091112	0.71895427	0.991284	1.0	3581	tags=53%, list=26%, signal=71%	
SOTALOL ACTION PATHWAY%SMPDB%SMP0000660	SOTALOL ACTION PATHWAY%SMPDB%SMP0000660		33	0.25956053	0.80900216	0.772093	0.99100745	1.0	597	tags=12%, list=4%, signal=13%	
REGULATION OF MACROAUTOPHAGY%GOBP%GO:0016241	REGULATION OF MACROAUTOPHAGY%GOBP%GO:0016241		167	0.20082062	0.8086933	0.9298701	0.9911259	1.0	2971	tags=21%, list=22%, signal=27%	
MEASLES VIRUS INFECTION%WIKIPATHWAYS_20250810%WP4630%HOMO SAPIENS	MEASLES VIRUS INFECTION%WIKIPATHWAYS_20250810%WP4630%HOMO SAPIENS		94	0.22097649	0.80854136	0.8917647	0.9909326	1.0	2836	tags=26%, list=21%, signal=32%	
CELLULAR RESPONSE TO LIPOPROTEIN PARTICLE STIMULUS%GOBP%GO:0071402	CELLULAR RESPONSE TO LIPOPROTEIN PARTICLE STIMULUS%GOBP%GO:0071402		29	0.2748998	0.80830854	0.7555012	0.99088275	1.0	1588	tags=21%, list=12%, signal=23%	
ESTABLISHMENT OF PIGMENT GRANULE LOCALIZATION%GOBP%GO:0051905	ESTABLISHMENT OF PIGMENT GRANULE LOCALIZATION%GOBP%GO:0051905		16	0.3175162	0.80822575	0.70124483	0.99057364	1.0	1396	tags=19%, list=10%, signal=21%	
NEGATIVE REGULATION OF TUMOR NECROSIS FACTOR-MEDIATED SIGNALING PATHWAY%GOBP%GO:0010804	NEGATIVE REGULATION OF TUMOR NECROSIS FACTOR-MEDIATED SIGNALING PATHWAY%GOBP%GO:0010804		19	0.29823837	0.80742514	0.7180617	0.9916904	1.0	1779	tags=26%, list=13%, signal=30%	
ADP SIGNALLING THROUGH P2Y PURINOCEPTOR 1%REACTOME DATABASE ID RELEASE 93%418592	ADP SIGNALLING THROUGH P2Y PURINOCEPTOR 1%REACTOME DATABASE ID RELEASE 93%418592		17	0.30320057	0.80662507	0.7254902	0.9927896	1.0	1250	tags=18%, list=9%, signal=19%	
METABOLIC COMPOUND SALVAGE%GOBP%GO:0043094	METABOLIC COMPOUND SALVAGE%GOBP%GO:0043094		24	0.2845959	0.80639684	0.74943566	0.9927422	1.0	1335	tags=21%, list=10%, signal=23%	
REGULATION OF CATION CHANNEL ACTIVITY%GOBP%GO:2001257	REGULATION OF CATION CHANNEL ACTIVITY%GOBP%GO:2001257		30	0.2685577	0.8056927	0.7587822	0.9936465	1.0	772	tags=10%, list=6%, signal=11%	
REGULATION OF ENDOPLASMIC RETICULUM STRESS-INDUCED INTRINSIC APOPTOTIC SIGNALING PATHWAY%GOBP%GO:1902235	REGULATION OF ENDOPLASMIC RETICULUM STRESS-INDUCED INTRINSIC APOPTOTIC SIGNALING PATHWAY%GOBP%GO:1902235		23	0.28341752	0.8053173	0.7563805	0.9938937	1.0	943	tags=9%, list=7%, signal=9%	
PID_HNF3A_PATHWAY%MSIGDB_C2%PID_HNF3A_PATHWAY	PID_HNF3A_PATHWAY%MSIGDB_C2%PID_HNF3A_PATHWAY		22	0.2893117	0.8051054	0.73273945	0.9938239	1.0	1350	tags=18%, list=10%, signal=20%	
DIOL METABOLIC PROCESS%GOBP%GO:0034311	DIOL METABOLIC PROCESS%GOBP%GO:0034311		22	0.28889802	0.80457306	0.72786176	0.99432427	1.0	1703	tags=18%, list=13%, signal=21%	
PHOSPHOLIPID TRANSPORT%GOBP%GO:0015914	PHOSPHOLIPID TRANSPORT%GOBP%GO:0015914		62	0.22788462	0.8045538	0.8746867	0.9938687	1.0	2132	tags=19%, list=16%, signal=23%	
METIPRANOLOL ACTION PATHWAY%PATHWHIZ%PW000644	METIPRANOLOL ACTION PATHWAY%PATHWHIZ%PW000644		33	0.25956053	0.80436283	0.759009	0.99373984	1.0	597	tags=12%, list=4%, signal=13%	
BETAXOLOL ACTION PATHWAY%SMPDB%SMP0000299	BETAXOLOL ACTION PATHWAY%SMPDB%SMP0000299		33	0.25956053	0.8042452	0.77904326	0.9934721	1.0	597	tags=12%, list=4%, signal=13%	
NEGATIVE REGULATION OF G2/M TRANSITION OF MITOTIC CELL CYCLE%GOBP%GO:0010972	NEGATIVE REGULATION OF G2/M TRANSITION OF MITOTIC CELL CYCLE%GOBP%GO:0010972		53	0.23722227	0.8038574	0.7986111	0.993743	1.0	2924	tags=23%, list=22%, signal=29%	
SYNTHESIS OF PIPS AT THE PLASMA MEMBRANE%REACTOME DATABASE ID RELEASE 93%1660499	SYNTHESIS OF PIPS AT THE PLASMA MEMBRANE%REACTOME DATABASE ID RELEASE 93%1660499		51	0.23694657	0.80384177	0.8034398	0.99327964	1.0	1119	tags=12%, list=8%, signal=13%	
TBC RABGAPS%REACTOME%R-HSA-8854214.2	TBC RABGAPS%REACTOME%R-HSA-8854214.2		41	0.25371444	0.80376387	0.8063781	0.9929346	1.0	1345	tags=10%, list=10%, signal=11%	
NADOLOL ACTION PATHWAY%PATHWHIZ%PW000371	NADOLOL ACTION PATHWAY%PATHWHIZ%PW000371		33	0.25956053	0.8033717	0.7777778	0.993201	1.0	597	tags=12%, list=4%, signal=13%	
BIOCARTA_RACCYCD_PATHWAY%MSIGDB_C2%BIOCARTA_RACCYCD_PATHWAY	BIOCARTA_RACCYCD_PATHWAY%MSIGDB_C2%BIOCARTA_RACCYCD_PATHWAY		22	0.28976405	0.80335724	0.7457983	0.992739	1.0	927	tags=9%, list=7%, signal=10%	
VERAPAMIL ACTION PATHWAY%SMPDB%SMP0000375	VERAPAMIL ACTION PATHWAY%SMPDB%SMP0000375		33	0.25956053	0.8031646	0.7922078	0.9926004	1.0	597	tags=12%, list=4%, signal=13%	
ESTABLISHMENT OF MELANOSOME LOCALIZATION%GOBP%GO:0032401	ESTABLISHMENT OF MELANOSOME LOCALIZATION%GOBP%GO:0032401		16	0.3175162	0.8030017	0.744086	0.99244195	1.0	1396	tags=19%, list=10%, signal=21%	
NEGATIVE REGULATION OF PROTEIN CATABOLIC PROCESS%GOBP%GO:0042177	NEGATIVE REGULATION OF PROTEIN CATABOLIC PROCESS%GOBP%GO:0042177		89	0.21492617	0.8018297	0.8804071	0.9942496	1.0	1674	tags=16%, list=12%, signal=18%	
REGULATION OF POST-TRANSLATIONAL PROTEIN MODIFICATION%GOBP%GO:1901873	REGULATION OF POST-TRANSLATIONAL PROTEIN MODIFICATION%GOBP%GO:1901873		180	0.19790299	0.8017826	0.94025975	0.99384785	1.0	2981	tags=21%, list=22%, signal=26%	
AXON GUIDANCE MEDIATED BY NETRIN%PANTHER PATHWAY%P00009	AXON GUIDANCE MEDIATED BY NETRIN%PANTHER PATHWAY%P00009		27	0.27466846	0.80111116	0.7695962	0.99464196	1.0	184	tags=7%, list=1%, signal=7%	
MEXILETINE ACTION PATHWAY%PATHWHIZ%PW000382	MEXILETINE ACTION PATHWAY%PATHWHIZ%PW000382		33	0.25956053	0.8007625	0.7832168	0.99482864	1.0	597	tags=12%, list=4%, signal=13%	
APOPTOSIS REGULATION BY PARATHYROID HORMONE RELATED PROTEIN%WIKIPATHWAYS_20250810%WP3872%HOMO SAPIENS	APOPTOSIS REGULATION BY PARATHYROID HORMONE RELATED PROTEIN%WIKIPATHWAYS_20250810%WP3872%HOMO SAPIENS		17	0.30117416	0.80069196	0.7225951	0.9944716	1.0	1770	tags=18%, list=13%, signal=20%	
GLYCOSYL COMPOUND BIOSYNTHETIC PROCESS%GOBP%GO:1901659	GLYCOSYL COMPOUND BIOSYNTHETIC PROCESS%GOBP%GO:1901659		15	0.31758198	0.80056405	0.7222222	0.99419785	1.0	2769	tags=33%, list=20%, signal=42%	
PROCAINAMIDE (ANTIARRHYTHMIC) ACTION PATHWAY%PATHWHIZ%PW000377	PROCAINAMIDE (ANTIARRHYTHMIC) ACTION PATHWAY%PATHWHIZ%PW000377		33	0.25956053	0.80048805	0.8195122	0.993853	1.0	597	tags=12%, list=4%, signal=13%	
INHIBITION OF GNAQ REGULATED SIGNALING IN UVEAL MELANOMA%WIKIPATHWAYS_20250810%WP5490%HOMO SAPIENS	INHIBITION OF GNAQ REGULATED SIGNALING IN UVEAL MELANOMA%WIKIPATHWAYS_20250810%WP5490%HOMO SAPIENS		26	0.2721648	0.8004541	0.75884956	0.9934359	1.0	1493	tags=19%, list=11%, signal=22%	
ALPRENOLOL ACTION PATHWAY%SMPDB%SMP0000297	ALPRENOLOL ACTION PATHWAY%SMPDB%SMP0000297		33	0.25956053	0.800436	0.78014183	0.9929873	1.0	597	tags=12%, list=4%, signal=13%	
VENTRICULAR SEPTUM DEVELOPMENT%GOBP%GO:0003281	VENTRICULAR SEPTUM DEVELOPMENT%GOBP%GO:0003281		32	0.26711747	0.80028427	0.77272725	0.992783	1.0	1168	tags=19%, list=9%, signal=20%	
NIMODIPINE ACTION PATHWAY%PATHWHIZ%PW000395	NIMODIPINE ACTION PATHWAY%PATHWHIZ%PW000395		33	0.25956053	0.7997127	0.79726654	0.99335754	1.0	597	tags=12%, list=4%, signal=13%	
LIPOSACCHARIDE METABOLIC PROCESS%GOBP%GO:1903509	LIPOSACCHARIDE METABOLIC PROCESS%GOBP%GO:1903509		76	0.2200007	0.7996306	0.85882354	0.99301696	1.0	2054	tags=17%, list=15%, signal=20%	
MORPHOGENESIS OF A POLARIZED EPITHELIUM%GOBP%GO:0001738	MORPHOGENESIS OF A POLARIZED EPITHELIUM%GOBP%GO:0001738		19	0.29598448	0.7995635	0.76036865	0.992666	1.0	3641	tags=47%, list=27%, signal=65%	
LEVOBUNOLOL ACTION PATHWAY%SMPDB%SMP0000666	LEVOBUNOLOL ACTION PATHWAY%SMPDB%SMP0000666		33	0.25956053	0.7985165	0.7688787	0.9941037	1.0	597	tags=12%, list=4%, signal=13%	
MAINTENANCE OF BLOOD-BRAIN BARRIER%GOBP%GO:0035633	MAINTENANCE OF BLOOD-BRAIN BARRIER%GOBP%GO:0035633		28	0.27683547	0.79779714	0.7596372	0.994925	1.0	890	tags=14%, list=7%, signal=15%	
BISOPROLOL ACTION PATHWAY%SMPDB%SMP0000300	BISOPROLOL ACTION PATHWAY%SMPDB%SMP0000300		33	0.25956053	0.7975931	0.75593954	0.9948143	1.0	597	tags=12%, list=4%, signal=13%	
POSITIVE REGULATION OF T-HELPER CELL DIFFERENTIATION%GOBP%GO:0045624	POSITIVE REGULATION OF T-HELPER CELL DIFFERENTIATION%GOBP%GO:0045624		18	0.2964704	0.79755515	0.7468085	0.9943947	1.0	2614	tags=33%, list=19%, signal=41%	
NEGATIVE REGULATION OF MACROAUTOPHAGY%GOBP%GO:0016242	NEGATIVE REGULATION OF MACROAUTOPHAGY%GOBP%GO:0016242		29	0.26868814	0.79706776	0.7880086	0.99483657	1.0	3179	tags=28%, list=23%, signal=36%	
FELODIPINE ACTION PATHWAY%PATHWHIZ%PW000392	FELODIPINE ACTION PATHWAY%PATHWHIZ%PW000392		33	0.25956053	0.7967531	0.7862233	0.9949222	1.0	597	tags=12%, list=4%, signal=13%	
STRIATED MUSCLE CONTRACTION%PATHWHIZ%PW000564	STRIATED MUSCLE CONTRACTION%PATHWHIZ%PW000564		33	0.25956053	0.79651785	0.7918552	0.99490017	1.0	597	tags=12%, list=4%, signal=13%	
SPHINGOLIPID DE NOVO BIOSYNTHESIS%REACTOME DATABASE ID RELEASE 93%1660661	SPHINGOLIPID DE NOVO BIOSYNTHESIS%REACTOME DATABASE ID RELEASE 93%1660661		30	0.26861456	0.79599917	0.79520696	0.99537146	1.0	3316	tags=33%, list=24%, signal=44%	
LATE ENDOSOMAL MICROAUTOPHAGY%REACTOME DATABASE ID RELEASE 93%9615710	LATE ENDOSOMAL MICROAUTOPHAGY%REACTOME DATABASE ID RELEASE 93%9615710		29	0.2721988	0.79597586	0.78125	0.99492836	1.0	2187	tags=21%, list=16%, signal=25%	
OXPRENOLOL ACTION PATHWAY%PATHWHIZ%PW000372	OXPRENOLOL ACTION PATHWAY%PATHWHIZ%PW000372		33	0.25956053	0.7956243	0.7873832	0.9950951	1.0	597	tags=12%, list=4%, signal=13%	
TYPE I INTERFERON-MEDIATED SIGNALING PATHWAY%GOBP%GO:0060337	TYPE I INTERFERON-MEDIATED SIGNALING PATHWAY%GOBP%GO:0060337		28	0.27353597	0.7955608	0.7726218	0.9947308	1.0	2584	tags=25%, list=19%, signal=31%	
2Q37 COPY NUMBER VARIATION SYNDROME%WIKIPATHWAYS_20250810%WP5224%HOMO SAPIENS	2Q37 COPY NUMBER VARIATION SYNDROME%WIKIPATHWAYS_20250810%WP5224%HOMO SAPIENS		72	0.22003812	0.7943289	0.8578199	0.9964854	1.0	1168	tags=13%, list=9%, signal=14%	
POLY(A)+ MRNA EXPORT FROM NUCLEUS%GOBP%GO:0016973	POLY(A)+ MRNA EXPORT FROM NUCLEUS%GOBP%GO:0016973		18	0.2994722	0.7940785	0.7647059	0.99645674	1.0	249	tags=6%, list=2%, signal=6%	
NEGATIVE REGULATION OF TYPE I INTERFERON PRODUCTION%GOBP%GO:0032480	NEGATIVE REGULATION OF TYPE I INTERFERON PRODUCTION%GOBP%GO:0032480		38	0.24764138	0.79388595	0.8106236	0.9963229	1.0	3641	tags=26%, list=27%, signal=36%	
QUINIDINE ACTION PATHWAY%SMPDB%SMP0000323	QUINIDINE ACTION PATHWAY%SMPDB%SMP0000323		33	0.25956053	0.7938293	0.7790974	0.99593925	1.0	597	tags=12%, list=4%, signal=13%	
ISOPRENALINE ACTION PATHWAY%SMPDB%SMP0000663	ISOPRENALINE ACTION PATHWAY%SMPDB%SMP0000663		33	0.25956053	0.79378	0.7775229	0.99555665	1.0	597	tags=12%, list=4%, signal=13%	
SIGNALING EVENTS MEDIATED BY STEM CELL FACTOR RECEPTOR (C-KIT)%PATHWAY INTERACTION DATABASE NCI-NATURE CURATED DATA%SIGNALING EVENTS MEDIATED BY STEM CELL FACTOR RECEPTOR (C-KIT)	SIGNALING EVENTS MEDIATED BY STEM CELL FACTOR RECEPTOR (C-KIT)%PATHWAY INTERACTION DATABASE NCI-NATURE CURATED DATA%SIGNALING EVENTS MEDIATED BY STEM CELL FACTOR RECEPTOR (C-KIT)		49	0.23442087	0.79362345	0.81473213	0.9953399	1.0	2199	tags=27%, list=16%, signal=32%	
PEPTIDE CATABOLIC PROCESS%GOBP%GO:0043171	PEPTIDE CATABOLIC PROCESS%GOBP%GO:0043171		19	0.28811097	0.7934344	0.75345623	0.99520934	1.0	2177	tags=26%, list=16%, signal=31%	
AMLODIPINE ACTION PATHWAY%PATHWHIZ%PW000391	AMLODIPINE ACTION PATHWAY%PATHWHIZ%PW000391		33	0.25956053	0.7928237	0.74603176	0.9958758	1.0	597	tags=12%, list=4%, signal=13%	
VACUOLAR ACIDIFICATION%GOBP%GO:0007035	VACUOLAR ACIDIFICATION%GOBP%GO:0007035		32	0.26100594	0.7923184	0.8084633	0.99630433	1.0	4611	tags=50%, list=34%, signal=76%	
DISOPYRAMIDE ACTION PATHWAY%SMPDB%SMP0000325	DISOPYRAMIDE ACTION PATHWAY%SMPDB%SMP0000325		33	0.25956053	0.7922594	0.7947494	0.9959212	1.0	597	tags=12%, list=4%, signal=13%	
REGULATION OF ORGANELLE ASSEMBLY%GOBP%GO:1902115	REGULATION OF ORGANELLE ASSEMBLY%GOBP%GO:1902115		175	0.19506809	0.7918341	0.9464286	0.9962116	1.0	3233	tags=23%, list=24%, signal=30%	
POSITIVE REGULATION OF POTASSIUM ION TRANSMEMBRANE TRANSPORT%GOBP%GO:1901381	POSITIVE REGULATION OF POTASSIUM ION TRANSMEMBRANE TRANSPORT%GOBP%GO:1901381		16	0.31168523	0.79175794	0.7276786	0.9958453	1.0	1319	tags=25%, list=10%, signal=28%	
MIR TARGETED GENES IN SQUAMOUS CELL%WIKIPATHWAYS_20250810%WP2006%HOMO SAPIENS	MIR TARGETED GENES IN SQUAMOUS CELL%WIKIPATHWAYS_20250810%WP2006%HOMO SAPIENS		105	0.21347407	0.7917464	0.8942065	0.9953836	1.0	4106	tags=45%, list=30%, signal=64%	
NEBIVOLOL ACTION PATHWAY%SMPDB%SMP0000366	NEBIVOLOL ACTION PATHWAY%SMPDB%SMP0000366		33	0.25956053	0.79170877	0.798627	0.994981	1.0	597	tags=12%, list=4%, signal=13%	
ATENOLOL ACTION PATHWAY%SMPDB%SMP0000298	ATENOLOL ACTION PATHWAY%SMPDB%SMP0000298		33	0.25956053	0.7911798	0.80470586	0.9954427	1.0	597	tags=12%, list=4%, signal=13%	
DOBUTAMINE ACTION PATHWAY%PATHWHIZ%PW000639	DOBUTAMINE ACTION PATHWAY%PATHWHIZ%PW000639		33	0.25956053	0.79036456	0.8014888	0.9964485	1.0	597	tags=12%, list=4%, signal=13%	
GASTRIC CANCER NETWORK 2%WIKIPATHWAYS_20250810%WP2363%HOMO SAPIENS	GASTRIC CANCER NETWORK 2%WIKIPATHWAYS_20250810%WP2363%HOMO SAPIENS		25	0.2670364	0.78969604	0.76754385	0.9971569	1.0	1284	tags=16%, list=9%, signal=18%	
UNTITLED%PANTHER PATHWAY%P05916	UNTITLED%PANTHER PATHWAY%P05916		16	0.31300524	0.789678	0.7197309	0.99670094	1.0	401	tags=13%, list=3%, signal=13%	
LABETALOL ACTION PATHWAY%PATHWHIZ%PW000389	LABETALOL ACTION PATHWAY%PATHWHIZ%PW000389		34	0.25379798	0.7895444	0.8181818	0.9964466	1.0	597	tags=12%, list=4%, signal=12%	
PINDOLOL ACTION PATHWAY%PATHWHIZ%PW000374	PINDOLOL ACTION PATHWAY%PATHWHIZ%PW000374		33	0.25956053	0.78948903	0.79562044	0.9960625	1.0	597	tags=12%, list=4%, signal=13%	
NITRENDIPINE ACTION PATHWAY%SMPDB%SMP0000382	NITRENDIPINE ACTION PATHWAY%SMPDB%SMP0000382		33	0.25956053	0.7888919	0.77729255	0.99664575	1.0	597	tags=12%, list=4%, signal=13%	
SYMBIONT ENTRY INTO HOST%GOBP%GO:0044409	SYMBIONT ENTRY INTO HOST%GOBP%GO:0044409		37	0.24878563	0.78873384	0.8240741	0.9964472	1.0	3375	tags=35%, list=25%, signal=47%	
ACTIVATION OF IRF3, IRF7 MEDIATED BY TBK1, IKKΕ (IKBKE)%REACTOME DATABASE ID RELEASE 93%936964	ACTIVATION OF IRF3, IRF7 MEDIATED BY TBK1, IKKΕ (IKBKE)%REACTOME DATABASE ID RELEASE 93%936964		17	0.3045331	0.7884801	0.74613684	0.99639875	1.0	3609	tags=47%, list=27%, signal=64%	
METOPROLOL ACTION PATHWAY%PATHWHIZ%PW000370	METOPROLOL ACTION PATHWAY%PATHWHIZ%PW000370		33	0.25956053	0.7884634	0.80145276	0.9959496	1.0	597	tags=12%, list=4%, signal=13%	
TOCAINIDE ACTION PATHWAY%SMPDB%SMP0000330	TOCAINIDE ACTION PATHWAY%SMPDB%SMP0000330		33	0.25956053	0.78830594	0.80227274	0.99574536	1.0	597	tags=12%, list=4%, signal=13%	
POSITIVE REGULATION OF UBIQUITIN-DEPENDENT PROTEIN CATABOLIC PROCESS%GOBP%GO:2000060	POSITIVE REGULATION OF UBIQUITIN-DEPENDENT PROTEIN CATABOLIC PROCESS%GOBP%GO:2000060		84	0.21544772	0.78828835	0.8773585	0.995297	1.0	2894	tags=23%, list=21%, signal=29%	
NISOLDIPINE ACTION PATHWAY%PATHWHIZ%PW000396	NISOLDIPINE ACTION PATHWAY%PATHWHIZ%PW000396		33	0.25956053	0.7881845	0.7887324	0.9950066	1.0	597	tags=12%, list=4%, signal=13%	
DNA IR DOUBLE STRAND BREAKS AND CELLULAR RESPONSE VIA ATM%WIKIPATHWAYS_20250810%WP3959%HOMO SAPIENS	DNA IR DOUBLE STRAND BREAKS AND CELLULAR RESPONSE VIA ATM%WIKIPATHWAYS_20250810%WP3959%HOMO SAPIENS		43	0.24583372	0.78731185	0.8235294	0.99603695	1.0	2891	tags=26%, list=21%, signal=32%	
NOTCH SIGNALING%WIKIPATHWAYS_20250810%WP61%HOMO SAPIENS	NOTCH SIGNALING%WIKIPATHWAYS_20250810%WP61%HOMO SAPIENS		39	0.24921848	0.787227	0.8	0.9957005	1.0	2741	tags=26%, list=20%, signal=32%	
PRACTOLOL ACTION PATHWAY%PATHWHIZ%PW000646	PRACTOLOL ACTION PATHWAY%PATHWHIZ%PW000646		33	0.25956053	0.7871573	0.8062361	0.99533534	1.0	597	tags=12%, list=4%, signal=13%	
PRESYNAPTIC ENDOCYTOSIS%GOBP%GO:0140238	PRESYNAPTIC ENDOCYTOSIS%GOBP%GO:0140238		32	0.25921652	0.7870372	0.8008658	0.9950696	1.0	2354	tags=22%, list=17%, signal=26%	
BEVANTOLOL ACTION PATHWAY%PATHWHIZ%PW000645	BEVANTOLOL ACTION PATHWAY%PATHWHIZ%PW000645		33	0.25956053	0.786932	0.80561554	0.99476695	1.0	597	tags=12%, list=4%, signal=13%	
POSITIVE REGULATION OF INTERFERON-BETA PRODUCTION%GOBP%GO:0032728	POSITIVE REGULATION OF INTERFERON-BETA PRODUCTION%GOBP%GO:0032728		38	0.24749227	0.78658485	0.8147268	0.9948913	1.0	3635	tags=39%, list=27%, signal=54%	
SYNAPTIC VESICLE RECYCLING%GOBP%GO:0036465	SYNAPTIC VESICLE RECYCLING%GOBP%GO:0036465		37	0.25106996	0.786515	0.8340909	0.9945488	1.0	2354	tags=22%, list=17%, signal=26%	
POSITIVE REGULATION OF CELL-SUBSTRATE JUNCTION ORGANIZATION%GOBP%GO:0150117	POSITIVE REGULATION OF CELL-SUBSTRATE JUNCTION ORGANIZATION%GOBP%GO:0150117		25	0.26828456	0.78644574	0.7723214	0.9941975	1.0	1644	tags=24%, list=12%, signal=27%	
IBUTILIDE ACTION PATHWAY%SMPDB%SMP0000332	IBUTILIDE ACTION PATHWAY%SMPDB%SMP0000332		33	0.25956053	0.7863523	0.80227274	0.993891	1.0	597	tags=12%, list=4%, signal=13%	
REGULATION OF PROTEASOMAL PROTEIN CATABOLIC PROCESS%GOBP%GO:0061136	REGULATION OF PROTEASOMAL PROTEIN CATABOLIC PROCESS%GOBP%GO:0061136		164	0.19464973	0.78577685	0.96202534	0.9944248	1.0	3666	tags=29%, list=27%, signal=39%	
MEMBRANE LIPID METABOLIC PROCESS%GOBP%GO:0006643	MEMBRANE LIPID METABOLIC PROCESS%GOBP%GO:0006643		140	0.1973495	0.7851082	0.93565685	0.9951008	1.0	2054	tags=18%, list=15%, signal=21%	
POSITIVE REGULATION OF INTERFERON-ALPHA PRODUCTION%GOBP%GO:0032727	POSITIVE REGULATION OF INTERFERON-ALPHA PRODUCTION%GOBP%GO:0032727		21	0.27934468	0.7849372	0.74821854	0.994922	1.0	3609	tags=38%, list=27%, signal=52%	
ESMOLOL ACTION PATHWAY%SMPDB%SMP0000301	ESMOLOL ACTION PATHWAY%SMPDB%SMP0000301		33	0.25956053	0.7835513	0.78959274	0.99687713	1.0	597	tags=12%, list=4%, signal=13%	
PROPRANOLOL ACTION PATHWAY%SMPDB%SMP0000307	PROPRANOLOL ACTION PATHWAY%SMPDB%SMP0000307		33	0.25956053	0.7834146	0.7934066	0.99663657	1.0	597	tags=12%, list=4%, signal=13%	
BOPINDOLOL ACTION PATHWAY%SMPDB%SMP0000657	BOPINDOLOL ACTION PATHWAY%SMPDB%SMP0000657		33	0.25956053	0.7833507	0.8132678	0.9962909	1.0	597	tags=12%, list=4%, signal=13%	
RESPONSE TO INTERLEUKIN-6%GOBP%GO:0070741	RESPONSE TO INTERLEUKIN-6%GOBP%GO:0070741		24	0.27281684	0.7831742	0.79006773	0.9961141	1.0	270	tags=8%, list=2%, signal=8%	
DILTIAZEM ACTION PATHWAY%SMPDB%SMP0000359	DILTIAZEM ACTION PATHWAY%SMPDB%SMP0000359		33	0.25956053	0.78314793	0.7911111	0.9956916	1.0	597	tags=12%, list=4%, signal=13%	
REGULATION OF MYOTUBE DIFFERENTIATION%GOBP%GO:0010830	REGULATION OF MYOTUBE DIFFERENTIATION%GOBP%GO:0010830		18	0.2974493	0.7825128	0.7570499	0.99628747	1.0	1412	tags=17%, list=10%, signal=19%	
PENBUTOLOL ACTION PATHWAY%SMPDB%SMP0000305	PENBUTOLOL ACTION PATHWAY%SMPDB%SMP0000305		33	0.25956053	0.7823673	0.7932584	0.996043	1.0	597	tags=12%, list=4%, signal=13%	
PID_ERBB1_DOWNSTREAM_PATHWAY%MSIGDB_C2%PID_ERBB1_DOWNSTREAM_PATHWAY	PID_ERBB1_DOWNSTREAM_PATHWAY%MSIGDB_C2%PID_ERBB1_DOWNSTREAM_PATHWAY		81	0.21486613	0.7823494	0.9170507	0.9956008	1.0	4115	tags=40%, list=30%, signal=56%	
AORTA MORPHOGENESIS%GOBP%GO:0035909	AORTA MORPHOGENESIS%GOBP%GO:0035909		21	0.2844881	0.7812988	0.7947598	0.996849	1.0	1401	tags=24%, list=10%, signal=27%	
NOTCH2 ACTIVATION AND TRANSMISSION OF SIGNAL TO THE NUCLEUS%REACTOME DATABASE ID RELEASE 93%2979096	NOTCH2 ACTIVATION AND TRANSMISSION OF SIGNAL TO THE NUCLEUS%REACTOME DATABASE ID RELEASE 93%2979096		23	0.27631038	0.78127545	0.7842227	0.99640924	1.0	2063	tags=22%, list=15%, signal=26%	
EPINEPHRINE ACTION PATHWAY%PATHWHIZ%PW000638	EPINEPHRINE ACTION PATHWAY%PATHWHIZ%PW000638		33	0.25956053	0.7810877	0.80465114	0.9962394	1.0	597	tags=12%, list=4%, signal=13%	
ARBUTAMINE ACTION PATHWAY%SMPDB%SMP0000664	ARBUTAMINE ACTION PATHWAY%SMPDB%SMP0000664		33	0.25956053	0.78087354	0.829932	0.9961409	1.0	597	tags=12%, list=4%, signal=13%	
APICAL JUNCTION ASSEMBLY%GOBP%GO:0043297	APICAL JUNCTION ASSEMBLY%GOBP%GO:0043297		37	0.24602883	0.78063	0.8068182	0.99608684	1.0	1294	tags=14%, list=10%, signal=15%	
ALK1 SIGNALING EVENTS%PATHWAY INTERACTION DATABASE NCI-NATURE CURATED DATA%ALK1 SIGNALING EVENTS	ALK1 SIGNALING EVENTS%PATHWAY INTERACTION DATABASE NCI-NATURE CURATED DATA%ALK1 SIGNALING EVENTS		24	0.2740582	0.7805656	0.7977528	0.99572664	1.0	866	tags=8%, list=6%, signal=9%	
POSITIVE REGULATION OF EXOCYTOSIS%GOBP%GO:0045921	POSITIVE REGULATION OF EXOCYTOSIS%GOBP%GO:0045921		52	0.23401058	0.7792106	0.8594104	0.9975668	1.0	2396	tags=23%, list=18%, signal=28%	
BUPRANOLOL ACTION PATHWAY%SMPDB%SMP0000670	BUPRANOLOL ACTION PATHWAY%SMPDB%SMP0000670		33	0.25956053	0.77911085	0.82460135	0.9972629	1.0	597	tags=12%, list=4%, signal=13%	
FOSPHENYTOIN (ANTIARRHYTHMIC) ACTION PATHWAY%PATHWHIZ%PW000379	FOSPHENYTOIN (ANTIARRHYTHMIC) ACTION PATHWAY%PATHWHIZ%PW000379		33	0.25956053	0.77899295	0.8009259	0.9969842	1.0	597	tags=12%, list=4%, signal=13%	
INTRINSIC APOPTOTIC SIGNALING PATHWAY%GOBP%GO:0097193	INTRINSIC APOPTOTIC SIGNALING PATHWAY%GOBP%GO:0097193		116	0.20431225	0.7788896	0.9363395	0.9966826	1.0	2886	tags=24%, list=21%, signal=30%	
REGULATION OF TOR SIGNALING%GOBP%GO:0032006	REGULATION OF TOR SIGNALING%GOBP%GO:0032006		131	0.19778043	0.77821976	0.95592284	0.9973412	1.0	3129	tags=21%, list=23%, signal=28%	
DENDRITE MORPHOGENESIS%GOBP%GO:0048813	DENDRITE MORPHOGENESIS%GOBP%GO:0048813		28	0.2661711	0.7777779	0.80361176	0.9975947	1.0	3774	tags=36%, list=28%, signal=49%	
RESPONSE TO IONIZING RADIATION%GOBP%GO:0010212	RESPONSE TO IONIZING RADIATION%GOBP%GO:0010212		81	0.21719864	0.777669	0.90024936	0.99731314	1.0	2923	tags=23%, list=22%, signal=30%	
MITOTIC G2 DNA DAMAGE CHECKPOINT SIGNALING%GOBP%GO:0007095	MITOTIC G2 DNA DAMAGE CHECKPOINT SIGNALING%GOBP%GO:0007095		27	0.27129734	0.77678347	0.8072562	0.99826485	1.0	2924	tags=22%, list=22%, signal=28%	
TIMOLOL ACTION PATHWAY%PATHWHIZ%PW000636	TIMOLOL ACTION PATHWAY%PATHWHIZ%PW000636		33	0.25956053	0.77660847	0.8199052	0.99808323	1.0	597	tags=12%, list=4%, signal=13%	
EXTRINSIC APOPTOTIC SIGNALING PATHWAY VIA DEATH DOMAIN RECEPTORS%GOBP%GO:0008625	EXTRINSIC APOPTOTIC SIGNALING PATHWAY VIA DEATH DOMAIN RECEPTORS%GOBP%GO:0008625		32	0.25589147	0.7765361	0.82718897	0.997728	1.0	548	tags=9%, list=4%, signal=10%	
SYNAPTIC VESICLE ENDOCYTOSIS%GOBP%GO:0048488	SYNAPTIC VESICLE ENDOCYTOSIS%GOBP%GO:0048488		32	0.25921652	0.7764667	0.81220657	0.9973672	1.0	2354	tags=22%, list=17%, signal=26%	
NIFEDIPINE ACTION PATHWAY%PATHWHIZ%PW000394	NIFEDIPINE ACTION PATHWAY%PATHWHIZ%PW000394		33	0.25956053	0.77635133	0.8283753	0.9970819	1.0	597	tags=12%, list=4%, signal=13%	
LIPID TRANSLOCATION%GOBP%GO:0034204	LIPID TRANSLOCATION%GOBP%GO:0034204		35	0.25362992	0.77603984	0.82286996	0.9971603	1.0	1082	tags=11%, list=8%, signal=12%	
TYPE I INTERFERON INDUCTION AND SIGNALING DURING SARS COV 2 INFECTION%WIKIPATHWAYS_20250810%WP4868%HOMO SAPIENS	TYPE I INTERFERON INDUCTION AND SIGNALING DURING SARS COV 2 INFECTION%WIKIPATHWAYS_20250810%WP4868%HOMO SAPIENS		27	0.26263258	0.7760212	0.80689657	0.99671847	1.0	3635	tags=37%, list=27%, signal=51%	
SIGNALING BY FLT3 ITD AND TKD MUTANTS%REACTOME%R-HSA-9703648.2	SIGNALING BY FLT3 ITD AND TKD MUTANTS%REACTOME%R-HSA-9703648.2		15	0.30939192	0.7754604	0.77488154	0.9971663	1.0	1552	tags=27%, list=11%, signal=30%	
FLECAINIDE ACTION PATHWAY%SMPDB%SMP0000331	FLECAINIDE ACTION PATHWAY%SMPDB%SMP0000331		33	0.25956053	0.77546006	0.83693045	0.9966964	1.0	597	tags=12%, list=4%, signal=13%	
POSITIVE REGULATION OF NUCLEOCYTOPLASMIC TRANSPORT%GOBP%GO:0046824	POSITIVE REGULATION OF NUCLEOCYTOPLASMIC TRANSPORT%GOBP%GO:0046824		41	0.24161553	0.77535594	0.8300971	0.9964052	1.0	1319	tags=15%, list=10%, signal=16%	
NEGATIVE REGULATION OF PROTEIN LOCALIZATION TO PLASMA MEMBRANE%GOBP%GO:1903077	NEGATIVE REGULATION OF PROTEIN LOCALIZATION TO PLASMA MEMBRANE%GOBP%GO:1903077		25	0.27271593	0.77497464	0.80088496	0.99656725	1.0	3493	tags=40%, list=26%, signal=54%	
MELANOSOME LOCALIZATION%GOBP%GO:0032400	MELANOSOME LOCALIZATION%GOBP%GO:0032400		18	0.29400352	0.77252436	0.75738394	1.0	1.0	1396	tags=17%, list=10%, signal=19%	
SIALIC ACID METABOLISM%REACTOME DATABASE ID RELEASE 93%4085001	SIALIC ACID METABOLISM%REACTOME DATABASE ID RELEASE 93%4085001		27	0.26772282	0.7719026	0.8072289	1.0	1.0	1674	tags=19%, list=12%, signal=21%	
13Q12 12 COPY NUMBER VARIATION%WIKIPATHWAYS_20250810%WP5406%HOMO SAPIENS	13Q12 12 COPY NUMBER VARIATION%WIKIPATHWAYS_20250810%WP5406%HOMO SAPIENS		23	0.2745913	0.7717726	0.79574466	1.0	1.0	3109	tags=30%, list=23%, signal=39%	
NEGATIVE REGULATION OF CELL-SUBSTRATE JUNCTION ORGANIZATION%GOBP%GO:0150118	NEGATIVE REGULATION OF CELL-SUBSTRATE JUNCTION ORGANIZATION%GOBP%GO:0150118		18	0.2836168	0.77160627	0.7914692	1.0	1.0	2431	tags=28%, list=18%, signal=34%	
CONDENSATION OF PROPHASE CHROMOSOMES%REACTOME%R-HSA-2299718.4	CONDENSATION OF PROPHASE CHROMOSOMES%REACTOME%R-HSA-2299718.4		21	0.27684796	0.7713024	0.78145695	1.0	1.0	2346	tags=33%, list=17%, signal=40%	
SIGNALING BY FGFR IN DISEASE%REACTOME%R-HSA-1226099.7	SIGNALING BY FGFR IN DISEASE%REACTOME%R-HSA-1226099.7		48	0.235242	0.7710148	0.85	1.0	1.0	2741	tags=21%, list=20%, signal=26%	
PIGMENT GRANULE LOCALIZATION%GOBP%GO:0051875	PIGMENT GRANULE LOCALIZATION%GOBP%GO:0051875		18	0.29400352	0.7706047	0.7692308	1.0	1.0	1396	tags=17%, list=10%, signal=19%	
CARTEOLOL ACTION PATHWAY%PATHWHIZ%PW000634	CARTEOLOL ACTION PATHWAY%PATHWHIZ%PW000634		33	0.25956053	0.77040887	0.81797236	1.0	1.0	597	tags=12%, list=4%, signal=13%	
CENTRIOLE REPLICATION%GOBP%GO:0007099	CENTRIOLE REPLICATION%GOBP%GO:0007099		22	0.27935427	0.7701938	0.8156182	1.0	1.0	4836	tags=41%, list=36%, signal=64%	
TELOMERE EXTENSION BY TELOMERASE%REACTOME DATABASE ID RELEASE 93%171319	TELOMERE EXTENSION BY TELOMERASE%REACTOME DATABASE ID RELEASE 93%171319		20	0.28654948	0.7698418	0.8125	1.0	1.0	3197	tags=25%, list=24%, signal=33%	
PID_KIT_PATHWAY%MSIGDB_C2%PID_KIT_PATHWAY	PID_KIT_PATHWAY%MSIGDB_C2%PID_KIT_PATHWAY		42	0.24247696	0.76923734	0.852194	1.0	1.0	2199	tags=29%, list=16%, signal=34%	
ORGANELLE MEMBRANE FUSION%GOBP%GO:0090174	ORGANELLE MEMBRANE FUSION%GOBP%GO:0090174		86	0.20898183	0.7687819	0.9018692	1.0	1.0	2187	tags=15%, list=16%, signal=18%	
REGULATION OF POSTSYNAPTIC MEMBRANE NEUROTRANSMITTER RECEPTOR LEVELS%GOBP%GO:0099072	REGULATION OF POSTSYNAPTIC MEMBRANE NEUROTRANSMITTER RECEPTOR LEVELS%GOBP%GO:0099072		17	0.2887121	0.768509	0.77136755	1.0	1.0	4976	tags=71%, list=37%, signal=111%	
PLC BETA MEDIATED EVENTS%REACTOME DATABASE ID RELEASE 93%112043	PLC BETA MEDIATED EVENTS%REACTOME DATABASE ID RELEASE 93%112043		43	0.23417854	0.7684742	0.86310905	1.0	1.0	3099	tags=28%, list=23%, signal=36%	
PROTEIN DEACYLATION%GOBP%GO:0035601	PROTEIN DEACYLATION%GOBP%GO:0035601		16	0.29630792	0.7681983	0.7944325	1.0	1.0	1319	tags=19%, list=10%, signal=21%	
ENTRAINMENT OF CIRCADIAN CLOCK BY PHOTOPERIOD%GOBP%GO:0043153	ENTRAINMENT OF CIRCADIAN CLOCK BY PHOTOPERIOD%GOBP%GO:0043153		19	0.28535378	0.76815414	0.76785713	1.0	1.0	4201	tags=37%, list=31%, signal=53%	
ACYL CHAIN REMODELLING OF PC%REACTOME%R-HSA-1482788.5	ACYL CHAIN REMODELLING OF PC%REACTOME%R-HSA-1482788.5		18	0.28975973	0.7679954	0.7894737	0.99981296	1.0	2629	tags=28%, list=19%, signal=34%	
GLYCOSPHINGOLIPID METABOLIC PROCESS%GOBP%GO:0006687	GLYCOSPHINGOLIPID METABOLIC PROCESS%GOBP%GO:0006687		44	0.23519948	0.76791054	0.8613139	0.9994864	1.0	2688	tags=25%, list=20%, signal=31%	
POSITIVE REGULATION OF INTRACELLULAR TRANSPORT%GOBP%GO:0032388	POSITIVE REGULATION OF INTRACELLULAR TRANSPORT%GOBP%GO:0032388		102	0.20384158	0.76663834	0.9425	1.0	1.0	3893	tags=33%, list=29%, signal=46%	
PROTEIN HETEROOLIGOMERIZATION%GOBP%GO:0051291	PROTEIN HETEROOLIGOMERIZATION%GOBP%GO:0051291		18	0.2878949	0.76623386	0.7995595	1.0	1.0	2363	tags=22%, list=17%, signal=27%	
NOTCH%IOB%NOTCH	NOTCH%IOB%NOTCH		50	0.22540754	0.7661687	0.853211	1.0	1.0	2741	tags=22%, list=20%, signal=27%	
ANGIOTENSIN II RECEPTOR TYPE 1 PATHWAY%WIKIPATHWAYS_20250810%WP5036%HOMO SAPIENS	ANGIOTENSIN II RECEPTOR TYPE 1 PATHWAY%WIKIPATHWAYS_20250810%WP5036%HOMO SAPIENS		21	0.27711836	0.76605314	0.7916667	1.0	1.0	3473	tags=43%, list=26%, signal=58%	
NEGATIVE REGULATION OF CELL CYCLE G2/M PHASE TRANSITION%GOBP%GO:1902750	NEGATIVE REGULATION OF CELL CYCLE G2/M PHASE TRANSITION%GOBP%GO:1902750		55	0.22775319	0.7659073	0.8791774	1.0	1.0	2924	tags=22%, list=22%, signal=28%	
NEGATIVE REGULATION OF DNA RECOMBINATION%GOBP%GO:0045910	NEGATIVE REGULATION OF DNA RECOMBINATION%GOBP%GO:0045910		33	0.25373542	0.7658594	0.8	0.9998974	1.0	4798	tags=45%, list=35%, signal=70%	
ENDOLYSOSOMAL TOLL-LIKE RECEPTOR SIGNALING PATHWAY%GOBP%GO:0140894	ENDOLYSOSOMAL TOLL-LIKE RECEPTOR SIGNALING PATHWAY%GOBP%GO:0140894		19	0.27838892	0.7654686	0.80260307	1.0	1.0	1947	tags=16%, list=14%, signal=18%	
INSERTION OF TAIL-ANCHORED PROTEINS INTO THE ENDOPLASMIC RETICULUM MEMBRANE%REACTOME DATABASE ID RELEASE 93%9609523	INSERTION OF TAIL-ANCHORED PROTEINS INTO THE ENDOPLASMIC RETICULUM MEMBRANE%REACTOME DATABASE ID RELEASE 93%9609523		17	0.29384908	0.76493	0.7904328	1.0	1.0	3731	tags=47%, list=28%, signal=65%	
NEGATIVE REGULATION OF INTRINSIC APOPTOTIC SIGNALING PATHWAY BY P53 CLASS MEDIATOR%GOBP%GO:1902254	NEGATIVE REGULATION OF INTRINSIC APOPTOTIC SIGNALING PATHWAY BY P53 CLASS MEDIATOR%GOBP%GO:1902254		15	0.30793074	0.76439834	0.75743705	1.0	1.0	1778	tags=20%, list=13%, signal=23%	
TRANSLATION OF STRUCTURAL PROTEINS%REACTOME DATABASE ID RELEASE 93%9694635	TRANSLATION OF STRUCTURAL PROTEINS%REACTOME DATABASE ID RELEASE 93%9694635		58	0.22441201	0.76366633	0.8591224	1.0	1.0	4260	tags=34%, list=31%, signal=50%	
NEF-MEDIATES DOWN MODULATION OF CELL SURFACE RECEPTORS BY RECRUITING THEM TO CLATHRIN ADAPTERS%REACTOME%R-HSA-164938.5	NEF-MEDIATES DOWN MODULATION OF CELL SURFACE RECEPTORS BY RECRUITING THEM TO CLATHRIN ADAPTERS%REACTOME%R-HSA-164938.5		19	0.27752507	0.76365125	0.8111588	1.0	1.0	2477	tags=32%, list=18%, signal=39%	
IL11 SIGNALING%WIKIPATHWAYS_20250810%WP2332%HOMO SAPIENS	IL11 SIGNALING%WIKIPATHWAYS_20250810%WP2332%HOMO SAPIENS		37	0.24227089	0.7629942	0.84116334	1.0	1.0	3023	tags=32%, list=22%, signal=42%	
CYTOCHROME P450 - ARRANGED BY SUBSTRATE TYPE%REACTOME%R-HSA-211897.5	CYTOCHROME P450 - ARRANGED BY SUBSTRATE TYPE%REACTOME%R-HSA-211897.5		33	0.25210705	0.7629792	0.8233945	1.0	1.0	2215	tags=27%, list=16%, signal=33%	
SPHINGOLIPID METABOLIC PROCESS%GOBP%GO:0006665	SPHINGOLIPID METABOLIC PROCESS%GOBP%GO:0006665		106	0.20317371	0.76282024	0.92142856	1.0	1.0	2688	tags=25%, list=20%, signal=30%	
RENAL ABSORPTION%GOBP%GO:0070293	RENAL ABSORPTION%GOBP%GO:0070293		15	0.30076593	0.76191986	0.7833698	1.0	1.0	597	tags=13%, list=4%, signal=14%	
SYMBIONT ENTRY INTO HOST CELL%GOBP%GO:0046718	SYMBIONT ENTRY INTO HOST CELL%GOBP%GO:0046718		37	0.24878563	0.761454	0.8598131	1.0	1.0	3375	tags=35%, list=25%, signal=47%	
IL6%NETPATH%IL6	IL6%NETPATH%IL6		55	0.22314641	0.76140743	0.91133004	1.0	1.0	1491	tags=13%, list=11%, signal=14%	
HALLMARK_UNFOLDED_PROTEIN_RESPONSE%MSIGDBHALLMARK%HALLMARK_UNFOLDED_PROTEIN_RESPONSE	HALLMARK_UNFOLDED_PROTEIN_RESPONSE%MSIGDBHALLMARK%HALLMARK_UNFOLDED_PROTEIN_RESPONSE		91	0.20365274	0.7608584	0.93842363	1.0	1.0	3159	tags=24%, list=23%, signal=31%	
INTRACELLULAR TRAFFICKING PROTEINS INVOLVED IN CMT NEUROPATHY%WIKIPATHWAYS_20250810%WP4856%HOMO SAPIENS	INTRACELLULAR TRAFFICKING PROTEINS INVOLVED IN CMT NEUROPATHY%WIKIPATHWAYS_20250810%WP4856%HOMO SAPIENS		20	0.27824336	0.7603757	0.8211207	1.0	1.0	2306	tags=25%, list=17%, signal=30%	
NEGATIVE REGULATION OF DNA METABOLIC PROCESS%GOBP%GO:0051053	NEGATIVE REGULATION OF DNA METABOLIC PROCESS%GOBP%GO:0051053		94	0.20412523	0.759965	0.9355609	1.0	1.0	2960	tags=23%, list=22%, signal=30%	
REGULATION OF HEMATOPOIETIC PROGENITOR CELL DIFFERENTIATION%GOBP%GO:1901532	REGULATION OF HEMATOPOIETIC PROGENITOR CELL DIFFERENTIATION%GOBP%GO:1901532		27	0.262757	0.7596421	0.8276699	1.0	1.0	1168	tags=11%, list=9%, signal=12%	
PHOTODYNAMIC THERAPY INDUCED UNFOLDED PROTEIN RESPONSE%WIKIPATHWAYS_20250810%WP3613%HOMO SAPIENS	PHOTODYNAMIC THERAPY INDUCED UNFOLDED PROTEIN RESPONSE%WIKIPATHWAYS_20250810%WP3613%HOMO SAPIENS		18	0.28233525	0.75945807	0.7906459	1.0	1.0	4694	tags=50%, list=35%, signal=76%	
NEGATIVE REGULATION OF LIPID BIOSYNTHETIC PROCESS%GOBP%GO:0051055	NEGATIVE REGULATION OF LIPID BIOSYNTHETIC PROCESS%GOBP%GO:0051055		45	0.23551702	0.758464	0.8930348	1.0	1.0	1583	tags=18%, list=12%, signal=20%	
REGULATION OF RUFFLE ASSEMBLY%GOBP%GO:1900027	REGULATION OF RUFFLE ASSEMBLY%GOBP%GO:1900027		20	0.27661175	0.7577015	0.7842697	1.0	1.0	2416	tags=40%, list=18%, signal=49%	
CELLULAR RESPONSE TO TYPE I INTERFERON%GOBP%GO:0071357	CELLULAR RESPONSE TO TYPE I INTERFERON%GOBP%GO:0071357		29	0.25263196	0.7573754	0.84418607	1.0	1.0	2584	tags=24%, list=19%, signal=30%	
NEUTRAL AMINO ACID TRANSPORT%GOBP%GO:0015804	NEUTRAL AMINO ACID TRANSPORT%GOBP%GO:0015804		29	0.2563727	0.7569073	0.8504464	1.0	1.0	2908	tags=41%, list=21%, signal=53%	
CARVEDILOL ACTION PATHWAY%SMPDB%SMP0000367	CARVEDILOL ACTION PATHWAY%SMPDB%SMP0000367		34	0.25379798	0.7566918	0.8436782	1.0	1.0	597	tags=12%, list=4%, signal=12%	
POSITIVE REGULATION OF PROTEASOMAL UBIQUITIN-DEPENDENT PROTEIN CATABOLIC PROCESS%GOBP%GO:0032436	POSITIVE REGULATION OF PROTEASOMAL UBIQUITIN-DEPENDENT PROTEIN CATABOLIC PROCESS%GOBP%GO:0032436		67	0.21631834	0.7562065	0.9135514	1.0	1.0	2894	tags=22%, list=21%, signal=28%	
PID_ALK1_PATHWAY%MSIGDB_C2%PID_ALK1_PATHWAY	PID_ALK1_PATHWAY%MSIGDB_C2%PID_ALK1_PATHWAY		19	0.28560585	0.7557829	0.79385966	1.0	1.0	138	tags=5%, list=1%, signal=5%	
PROTEIN LOCALIZATION TO PLASMA MEMBRANE%GOBP%GO:0072659	PROTEIN LOCALIZATION TO PLASMA MEMBRANE%GOBP%GO:0072659		137	0.19131397	0.75563735	0.95187163	1.0	1.0	3080	tags=26%, list=23%, signal=33%	
TRAIL SIGNALING PATHWAY%PATHWAY INTERACTION DATABASE NCI-NATURE CURATED DATA%TRAIL SIGNALING PATHWAY	TRAIL SIGNALING PATHWAY%PATHWAY INTERACTION DATABASE NCI-NATURE CURATED DATA%TRAIL SIGNALING PATHWAY		24	0.27241445	0.7554119	0.82464457	1.0	1.0	2143	tags=21%, list=16%, signal=25%	
NEGATIVE REGULATION OF MONOATOMIC ION TRANSMEMBRANE TRANSPORT%GOBP%GO:0034766	NEGATIVE REGULATION OF MONOATOMIC ION TRANSMEMBRANE TRANSPORT%GOBP%GO:0034766		41	0.2351105	0.75482345	0.8732719	1.0	1.0	2095	tags=17%, list=15%, signal=20%	
PROTEIN FOLDING%GOBP%GO:0006457	PROTEIN FOLDING%GOBP%GO:0006457		154	0.18886232	0.7546571	0.9722222	1.0	1.0	2863	tags=22%, list=21%, signal=28%	
CELLULAR RESPONSE TO LIGHT STIMULUS%GOBP%GO:0071482	CELLULAR RESPONSE TO LIGHT STIMULUS%GOBP%GO:0071482		73	0.2128142	0.75394046	0.90465117	1.0	1.0	2280	tags=16%, list=17%, signal=20%	
PHOTOPERIODISM%GOBP%GO:0009648	PHOTOPERIODISM%GOBP%GO:0009648		20	0.27719298	0.7538494	0.7973274	1.0	1.0	4201	tags=35%, list=31%, signal=51%	
GPI ANCHOR METABOLIC PROCESS%GOBP%GO:0006505	GPI ANCHOR METABOLIC PROCESS%GOBP%GO:0006505		24	0.26419058	0.75376564	0.84632033	1.0	1.0	4890	tags=46%, list=36%, signal=72%	
BIOLOGICAL PROCESS INVOLVED IN INTERACTION WITH HOST%GOBP%GO:0051701	BIOLOGICAL PROCESS INVOLVED IN INTERACTION WITH HOST%GOBP%GO:0051701		67	0.2154423	0.7536965	0.9175	1.0	1.0	3375	tags=30%, list=25%, signal=40%	
RESOLUTION OF D-LOOP STRUCTURES%REACTOME%R-HSA-5693537.3	RESOLUTION OF D-LOOP STRUCTURES%REACTOME%R-HSA-5693537.3		31	0.25199455	0.75364965	0.83111113	1.0	1.0	2960	tags=29%, list=22%, signal=37%	
LYSOSOMAL TRANSPORT%GOBP%GO:0007041	LYSOSOMAL TRANSPORT%GOBP%GO:0007041		110	0.19921952	0.7523107	0.95392954	1.0	1.0	3507	tags=30%, list=26%, signal=40%	
NEGATIVE REGULATION OF FOCAL ADHESION ASSEMBLY%GOBP%GO:0051895	NEGATIVE REGULATION OF FOCAL ADHESION ASSEMBLY%GOBP%GO:0051895		18	0.2836168	0.75176376	0.810989	1.0	1.0	2431	tags=28%, list=18%, signal=34%	
SYNTHESIS OF GLYCOSYLPHOSPHATIDYLINOSITOL (GPI)%REACTOME DATABASE ID RELEASE 93%162710	SYNTHESIS OF GLYCOSYLPHOSPHATIDYLINOSITOL (GPI)%REACTOME DATABASE ID RELEASE 93%162710		17	0.284205	0.7512901	0.8027842	1.0	1.0	9705	tags=100%, list=72%, signal=352%	
MEMBRANE ASSEMBLY%GOBP%GO:0071709	MEMBRANE ASSEMBLY%GOBP%GO:0071709		47	0.22768068	0.7511528	0.85421413	1.0	1.0	3626	tags=38%, list=27%, signal=52%	
PID_ARF_3PATHWAY%MSIGDB_C2%PID_ARF_3PATHWAY	PID_ARF_3PATHWAY%MSIGDB_C2%PID_ARF_3PATHWAY		15	0.29608184	0.7508054	0.78807944	1.0	1.0	4751	tags=53%, list=35%, signal=82%	
PID_AJDISS_2PATHWAY%MSIGDB_C2%PID_AJDISS_2PATHWAY	PID_AJDISS_2PATHWAY%MSIGDB_C2%PID_AJDISS_2PATHWAY		36	0.23732728	0.7504717	0.86885244	1.0	1.0	3080	tags=28%, list=23%, signal=36%	
PID_ER_NONGENOMIC_PATHWAY%MSIGDB_C2%PID_ER_NONGENOMIC_PATHWAY	PID_ER_NONGENOMIC_PATHWAY%MSIGDB_C2%PID_ER_NONGENOMIC_PATHWAY		31	0.24643844	0.7503962	0.85077953	1.0	1.0	2697	tags=23%, list=20%, signal=28%	
MALE GAMETE GENERATION%GOBP%GO:0048232	MALE GAMETE GENERATION%GOBP%GO:0048232		200	0.1823197	0.75021625	0.9909366	1.0	1.0	1452	tags=12%, list=11%, signal=13%	
NEGATIVE REGULATION OF ENDOPLASMIC RETICULUM UNFOLDED PROTEIN RESPONSE%GOBP%GO:1900102	NEGATIVE REGULATION OF ENDOPLASMIC RETICULUM UNFOLDED PROTEIN RESPONSE%GOBP%GO:1900102		17	0.28457063	0.7497158	0.8347107	1.0	1.0	2578	tags=24%, list=19%, signal=29%	
POSITIVE REGULATION OF MITOCHONDRIAL FISSION%GOBP%GO:0090141	POSITIVE REGULATION OF MITOCHONDRIAL FISSION%GOBP%GO:0090141		19	0.26877138	0.7484667	0.8168421	1.0	1.0	3242	tags=32%, list=24%, signal=41%	
ESTABLISHMENT OF SPINDLE ORIENTATION%GOBP%GO:0051294	ESTABLISHMENT OF SPINDLE ORIENTATION%GOBP%GO:0051294		30	0.25591782	0.74830264	0.8432304	1.0	1.0	2891	tags=33%, list=21%, signal=42%	
VACUOLAR TRANSPORT%GOBP%GO:0007034	VACUOLAR TRANSPORT%GOBP%GO:0007034		138	0.18991604	0.7480828	0.9765625	1.0	1.0	3507	tags=27%, list=26%, signal=36%	
VESICLE FUSION%GOBP%GO:0006906	VESICLE FUSION%GOBP%GO:0006906		81	0.2086594	0.74759084	0.93271464	1.0	1.0	2187	tags=15%, list=16%, signal=18%	
ASSEMBLY AND CELL SURFACE PRESENTATION OF NMDA RECEPTORS%REACTOME%R-HSA-9609736.5	ASSEMBLY AND CELL SURFACE PRESENTATION OF NMDA RECEPTORS%REACTOME%R-HSA-9609736.5		16	0.29030004	0.7472375	0.8040089	1.0	1.0	89	tags=6%, list=1%, signal=6%	
OXIDATION BY CYTOCHROME P450%WIKIPATHWAYS_20250810%WP43%HOMO SAPIENS	OXIDATION BY CYTOCHROME P450%WIKIPATHWAYS_20250810%WP43%HOMO SAPIENS		26	0.25659516	0.7467654	0.8271335	1.0	1.0	1961	tags=27%, list=14%, signal=31%	
BIOCARTA_FAS_PATHWAY%MSIGDB_C2%BIOCARTA_FAS_PATHWAY	BIOCARTA_FAS_PATHWAY%MSIGDB_C2%BIOCARTA_FAS_PATHWAY		24	0.26339942	0.74673426	0.82894737	1.0	1.0	3471	tags=29%, list=26%, signal=39%	
TNFR1-INDUCED PROAPOPTOTIC SIGNALING%REACTOME DATABASE ID RELEASE 93%5357786	TNFR1-INDUCED PROAPOPTOTIC SIGNALING%REACTOME DATABASE ID RELEASE 93%5357786		25	0.25860444	0.7459525	0.8429561	1.0	1.0	2726	tags=28%, list=20%, signal=35%	
RHOF GTPASE CYCLE%REACTOME%R-HSA-9035034.5	RHOF GTPASE CYCLE%REACTOME%R-HSA-9035034.5		38	0.23575972	0.7459043	0.9045346	1.0	1.0	2476	tags=29%, list=18%, signal=35%	
NEGATIVE REGULATION OF ANDROGEN RECEPTOR SIGNALING PATHWAY%GOBP%GO:0060766	NEGATIVE REGULATION OF ANDROGEN RECEPTOR SIGNALING PATHWAY%GOBP%GO:0060766		15	0.29094225	0.7452197	0.81840193	1.0	1.0	764	tags=13%, list=6%, signal=14%	
REGULATION OF PROTEIN MODIFICATION BY SMALL PROTEIN CONJUGATION OR REMOVAL%GOBP%GO:1903320	REGULATION OF PROTEIN MODIFICATION BY SMALL PROTEIN CONJUGATION OR REMOVAL%GOBP%GO:1903320		176	0.18382317	0.7450064	0.98285717	1.0	1.0	1583	tags=11%, list=12%, signal=12%	
REGULATION OF INTRINSIC APOPTOTIC SIGNALING PATHWAY BY P53 CLASS MEDIATOR%GOBP%GO:1902253	REGULATION OF INTRINSIC APOPTOTIC SIGNALING PATHWAY BY P53 CLASS MEDIATOR%GOBP%GO:1902253		22	0.2650987	0.74462813	0.817734	1.0	1.0	943	tags=14%, list=7%, signal=15%	
SIGNALING BY NOTCH2%REACTOME%R-HSA-1980145.4	SIGNALING BY NOTCH2%REACTOME%R-HSA-1980145.4		32	0.2537345	0.7445795	0.85327315	1.0	1.0	2063	tags=22%, list=15%, signal=26%	
POSITIVE REGULATION OF PROTEIN POLYMERIZATION%GOBP%GO:0032273	POSITIVE REGULATION OF PROTEIN POLYMERIZATION%GOBP%GO:0032273		61	0.21670556	0.7442924	0.9245283	1.0	1.0	3278	tags=31%, list=24%, signal=41%	
GLUCOCORTICOID RECEPTOR REGULATORY NETWORK%PATHWAY INTERACTION DATABASE NCI-NATURE CURATED DATA%GLUCOCORTICOID RECEPTOR REGULATORY NETWORK	GLUCOCORTICOID RECEPTOR REGULATORY NETWORK%PATHWAY INTERACTION DATABASE NCI-NATURE CURATED DATA%GLUCOCORTICOID RECEPTOR REGULATORY NETWORK		64	0.21174456	0.7440151	0.9057971	1.0	1.0	2069	tags=19%, list=15%, signal=22%	
SEROTONIN HTR1 GROUP AND FOS PATHWAY%WIKIPATHWAYS_20250810%WP722%HOMO SAPIENS	SEROTONIN HTR1 GROUP AND FOS PATHWAY%WIKIPATHWAYS_20250810%WP722%HOMO SAPIENS		23	0.2703881	0.7435699	0.8252427	1.0	1.0	757	tags=9%, list=6%, signal=9%	
POSITIVE REGULATION OF NOTCH SIGNALING PATHWAY%GOBP%GO:0045747	POSITIVE REGULATION OF NOTCH SIGNALING PATHWAY%GOBP%GO:0045747		27	0.25531852	0.74193645	0.8541667	1.0	1.0	1037	tags=11%, list=8%, signal=12%	
VASOPRESSIN REGULATED WATER REABSORPTION%WIKIPATHWAYS_20250810%WP5085%HOMO SAPIENS	VASOPRESSIN REGULATED WATER REABSORPTION%WIKIPATHWAYS_20250810%WP5085%HOMO SAPIENS		28	0.25172928	0.7405958	0.8383372	1.0	1.0	1756	tags=18%, list=13%, signal=20%	
LIDOCAINE (ANTIARRHYTHMIC) ACTION PATHWAY%PATHWHIZ%PW000381	LIDOCAINE (ANTIARRHYTHMIC) ACTION PATHWAY%PATHWHIZ%PW000381		34	0.24208778	0.74003524	0.8604119	1.0	1.0	597	tags=12%, list=4%, signal=12%	
MALE MEIOTIC NUCLEAR DIVISION%GOBP%GO:0007140	MALE MEIOTIC NUCLEAR DIVISION%GOBP%GO:0007140		20	0.2755472	0.7387645	0.8085586	1.0	1.0	2017	tags=20%, list=15%, signal=23%	
MACROMOLECULE DEACYLATION%GOBP%GO:0098732	MACROMOLECULE DEACYLATION%GOBP%GO:0098732		17	0.2894854	0.73873395	0.8189474	1.0	1.0	1319	tags=18%, list=10%, signal=20%	
SYNTHESIS OF SUBSTRATES IN N-GLYCAN BIOSYTHESIS%REACTOME DATABASE ID RELEASE 93%446219	SYNTHESIS OF SUBSTRATES IN N-GLYCAN BIOSYTHESIS%REACTOME DATABASE ID RELEASE 93%446219		56	0.21306036	0.7373339	0.89928055	1.0	1.0	1327	tags=13%, list=10%, signal=14%	
REGULATION OF NATURAL KILLER CELL ACTIVATION%GOBP%GO:0032814	REGULATION OF NATURAL KILLER CELL ACTIVATION%GOBP%GO:0032814		18	0.277466	0.73717546	0.8292135	1.0	1.0	1236	tags=22%, list=9%, signal=24%	
RETROGRADE TRANSPORT AT THE TRANS-GOLGI-NETWORK%REACTOME DATABASE ID RELEASE 93%6811440	RETROGRADE TRANSPORT AT THE TRANS-GOLGI-NETWORK%REACTOME DATABASE ID RELEASE 93%6811440		47	0.22444363	0.7364758	0.91034484	1.0	1.0	3834	tags=26%, list=28%, signal=35%	
POSITIVE REGULATION OF LAMELLIPODIUM ORGANIZATION%GOBP%GO:1902745	POSITIVE REGULATION OF LAMELLIPODIUM ORGANIZATION%GOBP%GO:1902745		26	0.25579414	0.7355803	0.8362832	1.0	1.0	2066	tags=19%, list=15%, signal=23%	
GPI ANCHOR BIOSYNTHETIC PROCESS%GOBP%GO:0006506	GPI ANCHOR BIOSYNTHETIC PROCESS%GOBP%GO:0006506		24	0.26419058	0.7354091	0.83294666	1.0	1.0	4890	tags=46%, list=36%, signal=72%	
NEGATIVE REGULATION OF AUTOPHAGY%GOBP%GO:0010507	NEGATIVE REGULATION OF AUTOPHAGY%GOBP%GO:0010507		74	0.20695697	0.7351604	0.94061756	1.0	1.0	3179	tags=26%, list=23%, signal=33%	
PID_CDC42_REG_PATHWAY%MSIGDB_C2%PID_CDC42_REG_PATHWAY	PID_CDC42_REG_PATHWAY%MSIGDB_C2%PID_CDC42_REG_PATHWAY		21	0.2676297	0.7349545	0.8235294	1.0	1.0	4207	tags=52%, list=31%, signal=76%	
PNAT%PANTHER PATHWAY%P05912	PNAT%PANTHER PATHWAY%P05912		33	0.23960033	0.73485583	0.8738095	1.0	1.0	19	tags=3%, list=0%, signal=3%	
PID_IL8_CXCR2_PATHWAY%MSIGDB_C2%PID_IL8_CXCR2_PATHWAY	PID_IL8_CXCR2_PATHWAY%MSIGDB_C2%PID_IL8_CXCR2_PATHWAY		23	0.26039696	0.7338109	0.8329412	1.0	1.0	401	tags=9%, list=3%, signal=9%	
G ALPHA (12 13) SIGNALLING EVENTS%REACTOME%R-HSA-416482.7	G ALPHA (12 13) SIGNALLING EVENTS%REACTOME%R-HSA-416482.7		68	0.21222442	0.7335245	0.9255814	1.0	1.0	2128	tags=22%, list=16%, signal=26%	
ENDOSOME TRANSPORT VIA MULTIVESICULAR BODY SORTING PATHWAY%GOBP%GO:0032509	ENDOSOME TRANSPORT VIA MULTIVESICULAR BODY SORTING PATHWAY%GOBP%GO:0032509		38	0.231013	0.7326944	0.89512193	1.0	1.0	4664	tags=39%, list=34%, signal=60%	
POSITIVE REGULATION OF BMP SIGNALING PATHWAY%GOBP%GO:0030513	POSITIVE REGULATION OF BMP SIGNALING PATHWAY%GOBP%GO:0030513		18	0.27308518	0.7320811	0.7987288	1.0	1.0	1048	tags=11%, list=8%, signal=12%	
PROTEIN TARGETING TO MEMBRANE%GOBP%GO:0006612	PROTEIN TARGETING TO MEMBRANE%GOBP%GO:0006612		68	0.20965123	0.7317167	0.95652175	1.0	1.0	3704	tags=29%, list=27%, signal=40%	
DIOL BIOSYNTHETIC PROCESS%GOBP%GO:0034312	DIOL BIOSYNTHETIC PROCESS%GOBP%GO:0034312		16	0.28891835	0.73115903	0.8221258	1.0	1.0	889	tags=13%, list=7%, signal=13%	
VITAMIN METABOLIC PROCESS%GOBP%GO:0006766	VITAMIN METABOLIC PROCESS%GOBP%GO:0006766		15	0.28999174	0.72961134	0.8189655	1.0	1.0	3140	tags=53%, list=23%, signal=69%	
POSITIVE REGULATION OF VIRAL GENOME REPLICATION%GOBP%GO:0045070	POSITIVE REGULATION OF VIRAL GENOME REPLICATION%GOBP%GO:0045070		27	0.24873601	0.7295	0.88084114	1.0	1.0	654	tags=7%, list=5%, signal=8%	
POSITIVE REGULATION OF DOUBLE-STRAND BREAK REPAIR VIA HOMOLOGOUS RECOMBINATION%GOBP%GO:1905168	POSITIVE REGULATION OF DOUBLE-STRAND BREAK REPAIR VIA HOMOLOGOUS RECOMBINATION%GOBP%GO:1905168		38	0.23109654	0.7291242	0.88274336	1.0	1.0	357	tags=5%, list=3%, signal=5%	
RESPONSE TO UNFOLDED PROTEIN%GOBP%GO:0006986	RESPONSE TO UNFOLDED PROTEIN%GOBP%GO:0006986		85	0.19839714	0.7289166	0.9567308	1.0	1.0	3652	tags=31%, list=27%, signal=42%	
HEDGEHOG LIGAND BIOGENESIS%REACTOME DATABASE ID RELEASE 93%5358346	HEDGEHOG LIGAND BIOGENESIS%REACTOME DATABASE ID RELEASE 93%5358346		45	0.22323252	0.72710186	0.9118329	1.0	1.0	4105	tags=40%, list=30%, signal=57%	
ENKEPHALIN RELEASE%PANTHER PATHWAY%P05913	ENKEPHALIN RELEASE%PANTHER PATHWAY%P05913		24	0.2540326	0.72681284	0.8494624	1.0	1.0	401	tags=8%, list=3%, signal=9%	
BIOCARTA_NFAT_PATHWAY%MSIGDB_C2%BIOCARTA_NFAT_PATHWAY	BIOCARTA_NFAT_PATHWAY%MSIGDB_C2%BIOCARTA_NFAT_PATHWAY		32	0.24621692	0.7261623	0.8682353	1.0	1.0	1861	tags=19%, list=14%, signal=22%	
NEGATIVE REGULATION OF STEROID BIOSYNTHETIC PROCESS%GOBP%GO:0010894	NEGATIVE REGULATION OF STEROID BIOSYNTHETIC PROCESS%GOBP%GO:0010894		16	0.275801	0.7260374	0.83225805	1.0	1.0	1259	tags=19%, list=9%, signal=21%	
RESOLUTION OF D-LOOP STRUCTURES THROUGH HOLLIDAY JUNCTION INTERMEDIATES%REACTOME%R-HSA-5693568.6	RESOLUTION OF D-LOOP STRUCTURES THROUGH HOLLIDAY JUNCTION INTERMEDIATES%REACTOME%R-HSA-5693568.6		30	0.24174641	0.7241947	0.85587585	1.0	1.0	2891	tags=27%, list=21%, signal=34%	
REGULATION OF VACUOLE ORGANIZATION%GOBP%GO:0044088	REGULATION OF VACUOLE ORGANIZATION%GOBP%GO:0044088		52	0.21433182	0.7230463	0.91075516	1.0	1.0	3156	tags=25%, list=23%, signal=32%	
SIGNAL AMPLIFICATION%REACTOME DATABASE ID RELEASE 93%392518	SIGNAL AMPLIFICATION%REACTOME DATABASE ID RELEASE 93%392518		23	0.25787887	0.7221475	0.868009	1.0	1.0	1250	tags=13%, list=9%, signal=14%	
PID_EPHA_FWDPATHWAY%MSIGDB_C2%PID_EPHA_FWDPATHWAY	PID_EPHA_FWDPATHWAY%MSIGDB_C2%PID_EPHA_FWDPATHWAY		21	0.2643161	0.7217445	0.8611111	1.0	1.0	1316	tags=14%, list=10%, signal=16%	
NUCLEAR PORE COMPLEX (NPC) DISASSEMBLY%REACTOME DATABASE ID RELEASE 93%3301854	NUCLEAR PORE COMPLEX (NPC) DISASSEMBLY%REACTOME DATABASE ID RELEASE 93%3301854		33	0.23463553	0.72107756	0.8730159	1.0	1.0	918	tags=9%, list=7%, signal=10%	
PLATELET AGGREGATION%GOBP%GO:0070527	PLATELET AGGREGATION%GOBP%GO:0070527		31	0.23529533	0.7209278	0.8849765	1.0	1.0	2600	tags=29%, list=19%, signal=36%	
HIPPO YAP SIGNALING%WIKIPATHWAYS_20250810%WP4537%HOMO SAPIENS	HIPPO YAP SIGNALING%WIKIPATHWAYS_20250810%WP4537%HOMO SAPIENS		15	0.28263146	0.7205561	0.8587444	1.0	1.0	3054	tags=47%, list=23%, signal=60%	
BIOCARTA_DEATH_PATHWAY%MSIGDB_C2%BIOCARTA_DEATH_PATHWAY	BIOCARTA_DEATH_PATHWAY%MSIGDB_C2%BIOCARTA_DEATH_PATHWAY		25	0.24837837	0.7203901	0.8668224	1.0	1.0	3644	tags=36%, list=27%, signal=49%	
RESPONSE TO GAMMA RADIATION%GOBP%GO:0010332	RESPONSE TO GAMMA RADIATION%GOBP%GO:0010332		22	0.25591588	0.719822	0.8608871	1.0	1.0	2581	tags=23%, list=19%, signal=28%	
NUCLEOSOME ASSEMBLY%REACTOME DATABASE ID RELEASE 93%774815	NUCLEOSOME ASSEMBLY%REACTOME DATABASE ID RELEASE 93%774815		31	0.23749761	0.7192548	0.8968825	1.0	1.0	3432	tags=39%, list=25%, signal=52%	
POSITIVE REGULATION OF ESTABLISHMENT OF PROTEIN LOCALIZATION TO MITOCHONDRION%GOBP%GO:1903749	POSITIVE REGULATION OF ESTABLISHMENT OF PROTEIN LOCALIZATION TO MITOCHONDRION%GOBP%GO:1903749		32	0.24020958	0.71881104	0.9082774	1.0	1.0	2005	tags=16%, list=15%, signal=18%	
PROTEIN LOCALIZATION TO MICROTUBULE CYTOSKELETON%GOBP%GO:0072698	PROTEIN LOCALIZATION TO MICROTUBULE CYTOSKELETON%GOBP%GO:0072698		34	0.23751248	0.7177889	0.89342403	1.0	1.0	3991	tags=35%, list=29%, signal=50%	
EMBRYONIC DIGESTIVE TRACT DEVELOPMENT%GOBP%GO:0048566	EMBRYONIC DIGESTIVE TRACT DEVELOPMENT%GOBP%GO:0048566		15	0.28064063	0.7177585	0.8367347	1.0	1.0	750	tags=13%, list=6%, signal=14%	
PROGRAMMED NECROTIC CELL DEATH%GOBP%GO:0097300	PROGRAMMED NECROTIC CELL DEATH%GOBP%GO:0097300		17	0.27672142	0.7160515	0.8518519	1.0	1.0	2726	tags=29%, list=20%, signal=37%	
REGULATION OF SPINDLE ASSEMBLY%GOBP%GO:0090169	REGULATION OF SPINDLE ASSEMBLY%GOBP%GO:0090169		28	0.24133126	0.715007	0.9101124	1.0	1.0	3592	tags=25%, list=27%, signal=34%	
G-PROTEIN MEDIATED EVENTS%REACTOME%R-HSA-112040.3	G-PROTEIN MEDIATED EVENTS%REACTOME%R-HSA-112040.3		47	0.2166188	0.714776	0.9341772	1.0	1.0	3193	tags=28%, list=24%, signal=36%	
PROTEIN LOCALIZATION TO CELL PERIPHERY%GOBP%GO:1990778	PROTEIN LOCALIZATION TO CELL PERIPHERY%GOBP%GO:1990778		150	0.17728958	0.71263826	0.98373985	1.0	1.0	3080	tags=25%, list=23%, signal=32%	
NEGATIVE REGULATION OF ORGANELLE ASSEMBLY%GOBP%GO:1902116	NEGATIVE REGULATION OF ORGANELLE ASSEMBLY%GOBP%GO:1902116		45	0.22376512	0.7124067	0.91484183	1.0	1.0	3169	tags=29%, list=23%, signal=38%	
DEPOSITION OF NEW CENPA-CONTAINING NUCLEOSOMES AT THE CENTROMERE%REACTOME DATABASE ID RELEASE 93%606279	DEPOSITION OF NEW CENPA-CONTAINING NUCLEOSOMES AT THE CENTROMERE%REACTOME DATABASE ID RELEASE 93%606279		31	0.23749761	0.71178883	0.90652174	1.0	1.0	3432	tags=39%, list=25%, signal=52%	
MITOTIC DNA INTEGRITY CHECKPOINT SIGNALING%GOBP%GO:0044774	MITOTIC DNA INTEGRITY CHECKPOINT SIGNALING%GOBP%GO:0044774		54	0.20954682	0.7117578	0.9388235	1.0	1.0	2924	tags=20%, list=22%, signal=26%	
ESTABLISHMENT OR MAINTENANCE OF APICAL/BASAL CELL POLARITY%GOBP%GO:0035088	ESTABLISHMENT OR MAINTENANCE OF APICAL/BASAL CELL POLARITY%GOBP%GO:0035088		32	0.23392196	0.7116792	0.9054054	1.0	1.0	3704	tags=34%, list=27%, signal=47%	
PYRIMIDINE NUCLEOTIDE BIOSYNTHETIC PROCESS%GOBP%GO:0006221	PYRIMIDINE NUCLEOTIDE BIOSYNTHETIC PROCESS%GOBP%GO:0006221		20	0.257344	0.7094314	0.85679615	1.0	1.0	2213	tags=20%, list=16%, signal=24%	
ACTIN POLYMERIZATION OR DEPOLYMERIZATION%GOBP%GO:0008154	ACTIN POLYMERIZATION OR DEPOLYMERIZATION%GOBP%GO:0008154		47	0.21568878	0.70742846	0.94418603	1.0	1.0	4136	tags=43%, list=31%, signal=61%	
CELLULAR RESPONSE TO IONIZING RADIATION%GOBP%GO:0071479	CELLULAR RESPONSE TO IONIZING RADIATION%GOBP%GO:0071479		51	0.21591008	0.7073316	0.94260484	1.0	1.0	2923	tags=24%, list=22%, signal=30%	
PROTEIN TARGETING TO ER%GOBP%GO:0045047	PROTEIN TARGETING TO ER%GOBP%GO:0045047		29	0.23660621	0.7072055	0.8896396	1.0	1.0	3668	tags=28%, list=27%, signal=38%	
NEGATIVE REGULATION OF POST-TRANSLATIONAL PROTEIN MODIFICATION%GOBP%GO:1901874	NEGATIVE REGULATION OF POST-TRANSLATIONAL PROTEIN MODIFICATION%GOBP%GO:1901874		66	0.20427974	0.70581096	0.9466019	1.0	1.0	2859	tags=24%, list=21%, signal=31%	
INTRACELLULAR PH REDUCTION%GOBP%GO:0051452	INTRACELLULAR PH REDUCTION%GOBP%GO:0051452		41	0.22492781	0.70518696	0.9248292	1.0	1.0	4002	tags=39%, list=30%, signal=55%	
REGULATION OF PROTEASOMAL UBIQUITIN-DEPENDENT PROTEIN CATABOLIC PROCESS%GOBP%GO:0032434	REGULATION OF PROTEASOMAL UBIQUITIN-DEPENDENT PROTEIN CATABOLIC PROCESS%GOBP%GO:0032434		112	0.18584518	0.70470715	0.99224806	1.0	1.0	2894	tags=21%, list=21%, signal=26%	
ESTABLISHMENT OR MAINTENANCE OF BIPOLAR CELL POLARITY%GOBP%GO:0061245	ESTABLISHMENT OR MAINTENANCE OF BIPOLAR CELL POLARITY%GOBP%GO:0061245		32	0.23392196	0.70406806	0.9002375	1.0	1.0	3704	tags=34%, list=27%, signal=47%	
DOWNSTREAM SIGNAL TRANSDUCTION%REACTOME DATABASE ID RELEASE 93%186763	DOWNSTREAM SIGNAL TRANSDUCTION%REACTOME DATABASE ID RELEASE 93%186763		25	0.2371443	0.7034536	0.8989247	1.0	1.0	4067	tags=40%, list=30%, signal=57%	
REGULATION OF TNFR1 SIGNALING%REACTOME DATABASE ID RELEASE 93%5357905	REGULATION OF TNFR1 SIGNALING%REACTOME DATABASE ID RELEASE 93%5357905		45	0.21737552	0.70339024	0.9480198	1.0	1.0	3644	tags=31%, list=27%, signal=42%	
ENDOSOME TO LYSOSOME TRANSPORT VIA MULTIVESICULAR BODY SORTING PATHWAY%GOBP%GO:0032510	ENDOSOME TO LYSOSOME TRANSPORT VIA MULTIVESICULAR BODY SORTING PATHWAY%GOBP%GO:0032510		16	0.26973975	0.7033774	0.86056644	1.0	1.0	2187	tags=19%, list=16%, signal=22%	
IMATINIB AND CHRONIC MYELOID LEUKEMIA%WIKIPATHWAYS_20250810%WP3640%HOMO SAPIENS	IMATINIB AND CHRONIC MYELOID LEUKEMIA%WIKIPATHWAYS_20250810%WP3640%HOMO SAPIENS		16	0.27008897	0.70319253	0.8729792	1.0	1.0	1649	tags=25%, list=12%, signal=28%	
CANONICAL WNT SIGNALING PATHWAY%PATHWAY INTERACTION DATABASE NCI-NATURE CURATED DATA%CANONICAL WNT SIGNALING PATHWAY	CANONICAL WNT SIGNALING PATHWAY%PATHWAY INTERACTION DATABASE NCI-NATURE CURATED DATA%CANONICAL WNT SIGNALING PATHWAY		19	0.26107326	0.7028277	0.85022026	1.0	1.0	3626	tags=32%, list=27%, signal=43%	
COTRANSLATIONAL PROTEIN TARGETING TO MEMBRANE%GOBP%GO:0006613	COTRANSLATIONAL PROTEIN TARGETING TO MEMBRANE%GOBP%GO:0006613		19	0.2665735	0.70279217	0.8589421	1.0	1.0	3668	tags=32%, list=27%, signal=43%	
MATURATION OF NUCLEOPROTEIN%REACTOME%R-HSA-9694631.7	MATURATION OF NUCLEOPROTEIN%REACTOME%R-HSA-9694631.7		15	0.27912673	0.70184606	0.8616352	1.0	1.0	738	tags=7%, list=5%, signal=7%	
REGULATION OF ESTABLISHMENT OR MAINTENANCE OF CELL POLARITY%GOBP%GO:0032878	REGULATION OF ESTABLISHMENT OR MAINTENANCE OF CELL POLARITY%GOBP%GO:0032878		22	0.2548637	0.70118994	0.8860215	1.0	1.0	2241	tags=32%, list=17%, signal=38%	
TP53 REGULATES TRANSCRIPTION OF GENES INVOLVED IN CYTOCHROME C RELEASE%REACTOME%R-HSA-6803204.3	TP53 REGULATES TRANSCRIPTION OF GENES INVOLVED IN CYTOCHROME C RELEASE%REACTOME%R-HSA-6803204.3		16	0.26821384	0.70076454	0.8916479	1.0	1.0	1629	tags=19%, list=12%, signal=21%	
SPERM FLAGELLUM ASSEMBLY%GOBP%GO:0120316	SPERM FLAGELLUM ASSEMBLY%GOBP%GO:0120316		21	0.25118238	0.6965435	0.87711865	1.0	1.0	2795	tags=33%, list=21%, signal=42%	
SIGNALING BY HEDGEHOG%REACTOME DATABASE ID RELEASE 93%5358351	SIGNALING BY HEDGEHOG%REACTOME DATABASE ID RELEASE 93%5358351		114	0.18202603	0.6962335	0.99040765	1.0	1.0	3692	tags=26%, list=27%, signal=36%	
CERAMIDE SIGNALING PATHWAY%PATHWAY INTERACTION DATABASE NCI-NATURE CURATED DATA%CERAMIDE SIGNALING PATHWAY	CERAMIDE SIGNALING PATHWAY%PATHWAY INTERACTION DATABASE NCI-NATURE CURATED DATA%CERAMIDE SIGNALING PATHWAY		47	0.21227345	0.69388264	0.9379475	1.0	1.0	2199	tags=21%, list=16%, signal=25%	
PDGFR-BETA SIGNALING PATHWAY%PATHWAY INTERACTION DATABASE NCI-NATURE CURATED DATA%PDGFR-BETA SIGNALING PATHWAY	PDGFR-BETA SIGNALING PATHWAY%PATHWAY INTERACTION DATABASE NCI-NATURE CURATED DATA%PDGFR-BETA SIGNALING PATHWAY		122	0.18190551	0.6937852	0.9902439	1.0	1.0	3889	tags=34%, list=29%, signal=47%	
REACTIVE NITROGEN SPECIES METABOLIC PROCESS%GOBP%GO:2001057	REACTIVE NITROGEN SPECIES METABOLIC PROCESS%GOBP%GO:2001057		22	0.2459987	0.6935751	0.86825055	1.0	1.0	1961	tags=18%, list=14%, signal=21%	
MITOCHONDRIAL CALCIUM ION TRANSMEMBRANE TRANSPORT%GOBP%GO:0006851	MITOCHONDRIAL CALCIUM ION TRANSMEMBRANE TRANSPORT%GOBP%GO:0006851		17	0.25975883	0.6933985	0.8929336	1.0	1.0	2898	tags=35%, list=21%, signal=45%	
SMITH MAGENIS AND POTOCKI LUPSKI SYNDROME COPY NUMBER VARIATION%WIKIPATHWAYS_20250810%WP5381%HOMO SAPIENS	SMITH MAGENIS AND POTOCKI LUPSKI SYNDROME COPY NUMBER VARIATION%WIKIPATHWAYS_20250810%WP5381%HOMO SAPIENS		116	0.18110326	0.6909313	0.99278843	1.0	1.0	2741	tags=19%, list=20%, signal=24%	
GNRH SIGNALING PATHWAY%PATHWHIZ%PW064816	GNRH SIGNALING PATHWAY%PATHWHIZ%PW064816		38	0.22128494	0.6909048	0.9075426	1.0	1.0	2274	tags=21%, list=17%, signal=25%	
INTEGRATED BREAST CANCER PATHWAY%WIKIPATHWAYS_20250810%WP1984%HOMO SAPIENS	INTEGRATED BREAST CANCER PATHWAY%WIKIPATHWAYS_20250810%WP1984%HOMO SAPIENS		121	0.1820705	0.6904099	0.9899749	1.0	1.0	2799	tags=21%, list=21%, signal=26%	
NITRIC OXIDE METABOLIC PROCESS%GOBP%GO:0046209	NITRIC OXIDE METABOLIC PROCESS%GOBP%GO:0046209		21	0.2519271	0.69028485	0.8752834	1.0	1.0	1961	tags=19%, list=14%, signal=22%	
REGULATION OF RESPONSE TO ENDOPLASMIC RETICULUM STRESS%GOBP%GO:1905897	REGULATION OF RESPONSE TO ENDOPLASMIC RETICULUM STRESS%GOBP%GO:1905897		74	0.19239105	0.6891109	0.9811321	1.0	1.0	3478	tags=26%, list=26%, signal=34%	
NEGATIVE REGULATION OF NF-KAPPAB TRANSCRIPTION FACTOR ACTIVITY%GOBP%GO:0032088	NEGATIVE REGULATION OF NF-KAPPAB TRANSCRIPTION FACTOR ACTIVITY%GOBP%GO:0032088		34	0.22278771	0.688703	0.92134833	1.0	1.0	1824	tags=18%, list=13%, signal=20%	
SELENIUM METABOLISM AND SELENOPROTEINS%WIKIPATHWAYS_20250810%WP28%HOMO SAPIENS	SELENIUM METABOLISM AND SELENOPROTEINS%WIKIPATHWAYS_20250810%WP28%HOMO SAPIENS		34	0.2239468	0.68595904	0.93647057	1.0	1.0	2260	tags=18%, list=17%, signal=21%	
10Q11 21Q11 23 COPY NUMBER VARIATION SYNDROME%WIKIPATHWAYS_20250810%WP5352%HOMO SAPIENS	10Q11 21Q11 23 COPY NUMBER VARIATION SYNDROME%WIKIPATHWAYS_20250810%WP5352%HOMO SAPIENS		38	0.21752286	0.685614	0.9430524	1.0	1.0	2504	tags=24%, list=18%, signal=29%	
POSITIVE REGULATION OF ATP-DEPENDENT ACTIVITY%GOBP%GO:0032781	POSITIVE REGULATION OF ATP-DEPENDENT ACTIVITY%GOBP%GO:0032781		16	0.2668644	0.68560404	0.8656036	1.0	1.0	1586	tags=13%, list=12%, signal=14%	
POSITIVE REGULATION OF CELLULAR RESPONSE TO TRANSFORMING GROWTH FACTOR BETA STIMULUS%GOBP%GO:1903846	POSITIVE REGULATION OF CELLULAR RESPONSE TO TRANSFORMING GROWTH FACTOR BETA STIMULUS%GOBP%GO:1903846		21	0.24584407	0.6849616	0.89497715	1.0	1.0	3476	tags=33%, list=26%, signal=45%	
MICROTUBULE POLYMERIZATION%GOBP%GO:0046785	MICROTUBULE POLYMERIZATION%GOBP%GO:0046785		37	0.21107961	0.68385667	0.9432099	1.0	1.0	3709	tags=27%, list=27%, signal=37%	
REGULATION OF INTRACELLULAR TRANSPORT%GOBP%GO:0032386	REGULATION OF INTRACELLULAR TRANSPORT%GOBP%GO:0032386		191	0.16600901	0.68329006	0.9971831	1.0	1.0	2388	tags=17%, list=18%, signal=20%	
ACTIN FILAMENT POLYMERIZATION%GOBP%GO:0030041	ACTIN FILAMENT POLYMERIZATION%GOBP%GO:0030041		25	0.23675473	0.68320996	0.9098712	1.0	1.0	4136	tags=48%, list=31%, signal=69%	
AMIODARONE ACTION PATHWAY%PATHWHIZ%PW000642	AMIODARONE ACTION PATHWAY%PATHWHIZ%PW000642		41	0.21566471	0.6826274	0.9302326	1.0	1.0	597	tags=10%, list=4%, signal=10%	
RHOD GTPASE CYCLE%REACTOME DATABASE ID RELEASE 93%9013405	RHOD GTPASE CYCLE%REACTOME DATABASE ID RELEASE 93%9013405		48	0.20651092	0.6814378	0.9508197	1.0	1.0	4065	tags=40%, list=30%, signal=56%	
DOLICHOL-LINKED OLIGOSACCHARIDE BIOSYNTHETIC PROCESS%GOBP%GO:0006488	DOLICHOL-LINKED OLIGOSACCHARIDE BIOSYNTHETIC PROCESS%GOBP%GO:0006488		19	0.24630298	0.6807453	0.9098532	1.0	1.0	4193	tags=47%, list=31%, signal=68%	
PYRIMIDINE METABOLISM%WIKIPATHWAYS_20250810%WP4022%HOMO SAPIENS	PYRIMIDINE METABOLISM%WIKIPATHWAYS_20250810%WP4022%HOMO SAPIENS		66	0.19583176	0.6800512	0.9820972	1.0	1.0	2586	tags=17%, list=19%, signal=20%	
PROTEIN LOCALIZATION TO CILIUM%GOBP%GO:0061512	PROTEIN LOCALIZATION TO CILIUM%GOBP%GO:0061512		50	0.20709026	0.67931545	0.952164	1.0	1.0	3419	tags=32%, list=25%, signal=43%	
IMPAIRED BRCA2 BINDING TO PALB2%REACTOME%R-HSA-9709603.2	IMPAIRED BRCA2 BINDING TO PALB2%REACTOME%R-HSA-9709603.2		22	0.2459453	0.67859006	0.9037037	1.0	1.0	2891	tags=23%, list=21%, signal=29%	
NEGATIVE REGULATION OF STEROID METABOLIC PROCESS%GOBP%GO:0045939	NEGATIVE REGULATION OF STEROID METABOLIC PROCESS%GOBP%GO:0045939		17	0.25993854	0.6781222	0.8960177	1.0	1.0	1259	tags=18%, list=9%, signal=19%	
FCERI MEDIATED MAPK ACTIVATION%REACTOME%R-HSA-2871796.4	FCERI MEDIATED MAPK ACTIVATION%REACTOME%R-HSA-2871796.4		25	0.24301708	0.67717713	0.9097387	1.0	1.0	1552	tags=12%, list=11%, signal=14%	
G1 S TRANSITION%REACTOME DATABASE ID RELEASE 93%69206	G1 S TRANSITION%REACTOME DATABASE ID RELEASE 93%69206		112	0.17707427	0.67704666	0.9974227	1.0	1.0	2712	tags=19%, list=20%, signal=23%	
ACTIVATION OF HOX GENES DURING DIFFERENTIATION%REACTOME DATABASE ID RELEASE 93%5619507	ACTIVATION OF HOX GENES DURING DIFFERENTIATION%REACTOME DATABASE ID RELEASE 93%5619507		69	0.19044383	0.67650664	0.9740566	1.0	1.0	2502	tags=17%, list=18%, signal=21%	
NEGATIVE REGULATION OF CILIUM ASSEMBLY%GOBP%GO:1902018	NEGATIVE REGULATION OF CILIUM ASSEMBLY%GOBP%GO:1902018		25	0.23482993	0.67556846	0.9159292	1.0	1.0	3892	tags=40%, list=29%, signal=56%	
ACTIVATION OF ANTERIOR HOX GENES IN HINDBRAIN DEVELOPMENT DURING EARLY EMBRYOGENESIS%REACTOME DATABASE ID RELEASE 93%5617472	ACTIVATION OF ANTERIOR HOX GENES IN HINDBRAIN DEVELOPMENT DURING EARLY EMBRYOGENESIS%REACTOME DATABASE ID RELEASE 93%5617472		69	0.19044383	0.6749486	0.9735577	1.0	1.0	2502	tags=17%, list=18%, signal=21%	
VIRAL GENE EXPRESSION%GOBP%GO:0019080	VIRAL GENE EXPRESSION%GOBP%GO:0019080		50	0.20079014	0.67377776	0.9678161	1.0	1.0	4893	tags=40%, list=36%, signal=62%	
LATE ENDOSOME TO VACUOLE TRANSPORT VIA MULTIVESICULAR BODY SORTING PATHWAY%GOBP%GO:0032511	LATE ENDOSOME TO VACUOLE TRANSPORT VIA MULTIVESICULAR BODY SORTING PATHWAY%GOBP%GO:0032511		24	0.23360415	0.6729081	0.9051919	1.0	1.0	4170	tags=33%, list=31%, signal=48%	
BBSOME-MEDIATED CARGO-TARGETING TO CILIUM%REACTOME%R-HSA-5620922.4	BBSOME-MEDIATED CARGO-TARGETING TO CILIUM%REACTOME%R-HSA-5620922.4		21	0.24638931	0.6725852	0.89135253	1.0	1.0	1943	tags=19%, list=14%, signal=22%	
NEGATIVE REGULATION OF DOUBLE-STRAND BREAK REPAIR VIA HOMOLOGOUS RECOMBINATION%GOBP%GO:2000042	NEGATIVE REGULATION OF DOUBLE-STRAND BREAK REPAIR VIA HOMOLOGOUS RECOMBINATION%GOBP%GO:2000042		19	0.2466657	0.6723119	0.9099307	1.0	1.0	4798	tags=47%, list=35%, signal=73%	
HEDGEHOG 'ON' STATE%REACTOME%R-HSA-5632684.2	HEDGEHOG 'ON' STATE%REACTOME%R-HSA-5632684.2		68	0.19099735	0.670527	0.97393364	1.0	1.0	3916	tags=29%, list=29%, signal=41%	
PROTEIN UBIQUITINATION%REACTOME DATABASE ID RELEASE 93%8852135	PROTEIN UBIQUITINATION%REACTOME DATABASE ID RELEASE 93%8852135		64	0.19249041	0.67019457	0.9665072	1.0	1.0	3636	tags=30%, list=27%, signal=40%	
POSITIVE REGULATION OF TRANSFORMING GROWTH FACTOR BETA RECEPTOR SIGNALING PATHWAY%GOBP%GO:0030511	POSITIVE REGULATION OF TRANSFORMING GROWTH FACTOR BETA RECEPTOR SIGNALING PATHWAY%GOBP%GO:0030511		21	0.24584407	0.66970855	0.9027778	1.0	1.0	3476	tags=33%, list=26%, signal=45%	
THE ROLE OF NEF IN HIV-1 REPLICATION AND DISEASE PATHOGENESIS%REACTOME DATABASE ID RELEASE 93%164952	THE ROLE OF NEF IN HIV-1 REPLICATION AND DISEASE PATHOGENESIS%REACTOME DATABASE ID RELEASE 93%164952		25	0.23116288	0.66956335	0.9183223	1.0	1.0	3436	tags=36%, list=25%, signal=48%	
AXONAL TRANSPORT%GOBP%GO:0098930	AXONAL TRANSPORT%GOBP%GO:0098930		42	0.21089737	0.6688129	0.959276	1.0	1.0	4277	tags=40%, list=32%, signal=59%	
NEGATIVE REGULATION OF KINASE ACTIVITY%GOBP%GO:0033673	NEGATIVE REGULATION OF KINASE ACTIVITY%GOBP%GO:0033673		63	0.19259849	0.6676527	0.9735577	1.0	1.0	3231	tags=30%, list=24%, signal=39%	
HEPATITIS B INFECTION%WIKIPATHWAYS_20250810%WP4666%HOMO SAPIENS	HEPATITIS B INFECTION%WIKIPATHWAYS_20250810%WP4666%HOMO SAPIENS		114	0.17314775	0.667435	0.99469495	1.0	1.0	2799	tags=24%, list=21%, signal=30%	
N-GLYCAN TRIMMING IN THE ER AND CALNEXIN CALRETICULIN CYCLE%REACTOME DATABASE ID RELEASE 93%532668	N-GLYCAN TRIMMING IN THE ER AND CALNEXIN CALRETICULIN CYCLE%REACTOME DATABASE ID RELEASE 93%532668		34	0.22073974	0.66731775	0.92957747	1.0	1.0	4119	tags=35%, list=30%, signal=51%	
PHOSPHATIDYLINOSITOL DEPHOSPHORYLATION%GOBP%GO:0046856	PHOSPHATIDYLINOSITOL DEPHOSPHORYLATION%GOBP%GO:0046856		19	0.2473754	0.66694885	0.9018789	1.0	1.0	2912	tags=26%, list=21%, signal=33%	
LPA RECEPTOR MEDIATED EVENTS%PATHWAY INTERACTION DATABASE NCI-NATURE CURATED DATA%LPA RECEPTOR MEDIATED EVENTS	LPA RECEPTOR MEDIATED EVENTS%PATHWAY INTERACTION DATABASE NCI-NATURE CURATED DATA%LPA RECEPTOR MEDIATED EVENTS		62	0.19137931	0.66648906	0.9753363	1.0	1.0	2799	tags=21%, list=21%, signal=26%	
PID_NCADHERIN_PATHWAY%MSIGDB_C2%PID_NCADHERIN_PATHWAY	PID_NCADHERIN_PATHWAY%MSIGDB_C2%PID_NCADHERIN_PATHWAY		25	0.23181996	0.6660464	0.91294116	1.0	1.0	4145	tags=40%, list=31%, signal=58%	
VEGFR2 MEDIATED VASCULAR PERMEABILITY%REACTOME DATABASE ID RELEASE 93%5218920	VEGFR2 MEDIATED VASCULAR PERMEABILITY%REACTOME DATABASE ID RELEASE 93%5218920		27	0.2242108	0.66558987	0.9419954	1.0	1.0	4081	tags=33%, list=30%, signal=48%	
BIOCARTA_NFKB_PATHWAY%MSIGDB_C2%BIOCARTA_NFKB_PATHWAY	BIOCARTA_NFKB_PATHWAY%MSIGDB_C2%BIOCARTA_NFKB_PATHWAY		18	0.25110185	0.66552114	0.911828	1.0	1.0	3644	tags=28%, list=27%, signal=38%	
INITIATION OF NUCLEAR ENVELOPE (NE) REFORMATION%REACTOME DATABASE ID RELEASE 93%2995383	INITIATION OF NUCLEAR ENVELOPE (NE) REFORMATION%REACTOME DATABASE ID RELEASE 93%2995383		16	0.2570979	0.665265	0.9008621	1.0	1.0	812	tags=13%, list=6%, signal=13%	
NEPHRIN NEPH1 SIGNALING IN THE KIDNEY PODOCYTE%PATHWAY INTERACTION DATABASE NCI-NATURE CURATED DATA%NEPHRIN NEPH1 SIGNALING IN THE KIDNEY PODOCYTE	NEPHRIN NEPH1 SIGNALING IN THE KIDNEY PODOCYTE%PATHWAY INTERACTION DATABASE NCI-NATURE CURATED DATA%NEPHRIN NEPH1 SIGNALING IN THE KIDNEY PODOCYTE		25	0.23350663	0.6652392	0.9223744	1.0	1.0	3877	tags=32%, list=29%, signal=45%	
CHAPERONE-MEDIATED PROTEIN COMPLEX ASSEMBLY%GOBP%GO:0051131	CHAPERONE-MEDIATED PROTEIN COMPLEX ASSEMBLY%GOBP%GO:0051131		18	0.25334015	0.6645004	0.9176201	1.0	1.0	2273	tags=22%, list=17%, signal=27%	
PID_CERAMIDE_PATHWAY%MSIGDB_C2%PID_CERAMIDE_PATHWAY	PID_CERAMIDE_PATHWAY%MSIGDB_C2%PID_CERAMIDE_PATHWAY		36	0.21681207	0.6643203	0.95454544	1.0	1.0	2199	tags=22%, list=16%, signal=26%	
REGULATION OF MITOTIC SPINDLE ORGANIZATION%GOBP%GO:0060236	REGULATION OF MITOTIC SPINDLE ORGANIZATION%GOBP%GO:0060236		36	0.2155371	0.66394454	0.9491917	1.0	1.0	3176	tags=25%, list=23%, signal=33%	
DOWNREGULATION OF TGF-BETA RECEPTOR SIGNALING%REACTOME DATABASE ID RELEASE 93%2173788	DOWNREGULATION OF TGF-BETA RECEPTOR SIGNALING%REACTOME DATABASE ID RELEASE 93%2173788		25	0.22800559	0.66359556	0.9394673	1.0	1.0	4134	tags=40%, list=31%, signal=57%	
PROTEIN LOCALIZATION TO CENTROSOME%GOBP%GO:0071539	PROTEIN LOCALIZATION TO CENTROSOME%GOBP%GO:0071539		22	0.23922846	0.6624202	0.9173913	1.0	1.0	10315	tags=100%, list=76%, signal=418%	
ANTEROGRADE AXONAL TRANSPORT%GOBP%GO:0008089	ANTEROGRADE AXONAL TRANSPORT%GOBP%GO:0008089		31	0.22087617	0.66213775	0.9367397	1.0	1.0	4277	tags=42%, list=32%, signal=61%	
SIGNALING EVENTS MEDIATED BY HEPATOCYTE GROWTH FACTOR RECEPTOR (C-MET)%PATHWAY INTERACTION DATABASE NCI-NATURE CURATED DATA%SIGNALING EVENTS MEDIATED BY HEPATOCYTE GROWTH FACTOR RECEPTOR (C-MET)	SIGNALING EVENTS MEDIATED BY HEPATOCYTE GROWTH FACTOR RECEPTOR (C-MET)%PATHWAY INTERACTION DATABASE NCI-NATURE CURATED DATA%SIGNALING EVENTS MEDIATED BY HEPATOCYTE GROWTH FACTOR RECEPTOR (C-MET)		77	0.1821074	0.66136634	0.99049884	1.0	1.0	1552	tags=12%, list=11%, signal=13%	
CANONICAL NF-KAPPAB PATHWAY%PATHWAY INTERACTION DATABASE NCI-NATURE CURATED DATA%CANONICAL NF-KAPPAB PATHWAY	CANONICAL NF-KAPPAB PATHWAY%PATHWAY INTERACTION DATABASE NCI-NATURE CURATED DATA%CANONICAL NF-KAPPAB PATHWAY		22	0.2379722	0.6610547	0.9052864	1.0	1.0	10332	tags=100%, list=76%, signal=420%	
PID_P53_REGULATION_PATHWAY%MSIGDB_C2%PID_P53_REGULATION_PATHWAY	PID_P53_REGULATION_PATHWAY%MSIGDB_C2%PID_P53_REGULATION_PATHWAY		46	0.20141202	0.6590059	0.9713604	1.0	1.0	3757	tags=33%, list=28%, signal=45%	
3Q29 COPY NUMBER VARIATION SYNDROME%WIKIPATHWAYS_20250810%WP4906%HOMO SAPIENS	3Q29 COPY NUMBER VARIATION SYNDROME%WIKIPATHWAYS_20250810%WP4906%HOMO SAPIENS		40	0.21067479	0.65867496	0.9348371	1.0	1.0	3087	tags=33%, list=23%, signal=42%	
ASYMMETRIC LOCALIZATION OF PCP PROTEINS%REACTOME%R-HSA-4608870.3	ASYMMETRIC LOCALIZATION OF PCP PROTEINS%REACTOME%R-HSA-4608870.3		49	0.1990344	0.6583877	0.9704546	1.0	1.0	3916	tags=35%, list=29%, signal=49%	
NEGATIVE REGULATION OF TRANSMEMBRANE TRANSPORT%GOBP%GO:0034763	NEGATIVE REGULATION OF TRANSMEMBRANE TRANSPORT%GOBP%GO:0034763		64	0.19059676	0.6579458	0.99501246	1.0	1.0	2095	tags=17%, list=15%, signal=20%	
PIGMENT GRANULE TRANSPORT%GOBP%GO:0051904	PIGMENT GRANULE TRANSPORT%GOBP%GO:0051904		15	0.2578734	0.6571735	0.9033708	1.0	1.0	1133	tags=13%, list=8%, signal=15%	
MITOTIC DNA DAMAGE CHECKPOINT SIGNALING%GOBP%GO:0044773	MITOTIC DNA DAMAGE CHECKPOINT SIGNALING%GOBP%GO:0044773		51	0.19584772	0.6567479	0.96444446	1.0	1.0	2924	tags=20%, list=22%, signal=25%	
REGULATION OF DOUBLE-STRAND BREAK REPAIR VIA HOMOLOGOUS RECOMBINATION%GOBP%GO:0010569	REGULATION OF DOUBLE-STRAND BREAK REPAIR VIA HOMOLOGOUS RECOMBINATION%GOBP%GO:0010569		68	0.18425727	0.6560242	0.97959185	1.0	1.0	964	tags=6%, list=7%, signal=6%	
PROTEIN LOCALIZATION TO MICROTUBULE ORGANIZING CENTER%GOBP%GO:1905508	PROTEIN LOCALIZATION TO MICROTUBULE ORGANIZING CENTER%GOBP%GO:1905508		22	0.23922846	0.6556457	0.9187359	1.0	1.0	10315	tags=100%, list=76%, signal=418%	
MAINTENANCE OF PROTEIN LOCALIZATION IN ORGANELLE%GOBP%GO:0072595	MAINTENANCE OF PROTEIN LOCALIZATION IN ORGANELLE%GOBP%GO:0072595		33	0.21744187	0.6554281	0.9555035	1.0	1.0	2340	tags=15%, list=17%, signal=18%	
P38 SIGNALING MEDIATED BY MAPKAP KINASES%PATHWAY INTERACTION DATABASE NCI-NATURE CURATED DATA%P38 SIGNALING MEDIATED BY MAPKAP KINASES	P38 SIGNALING MEDIATED BY MAPKAP KINASES%PATHWAY INTERACTION DATABASE NCI-NATURE CURATED DATA%P38 SIGNALING MEDIATED BY MAPKAP KINASES		19	0.23904075	0.65517837	0.91156465	1.0	1.0	4393	tags=53%, list=32%, signal=78%	
ESTABLISHMENT OR MAINTENANCE OF EPITHELIAL CELL APICAL/BASAL POLARITY%GOBP%GO:0045197	ESTABLISHMENT OR MAINTENANCE OF EPITHELIAL CELL APICAL/BASAL POLARITY%GOBP%GO:0045197		30	0.22149278	0.65515536	0.935123	1.0	1.0	3704	tags=33%, list=27%, signal=46%	
INTRINSIC APOPTOTIC SIGNALING PATHWAY IN RESPONSE TO DNA DAMAGE BY P53 CLASS MEDIATOR%GOBP%GO:0042771	INTRINSIC APOPTOTIC SIGNALING PATHWAY IN RESPONSE TO DNA DAMAGE BY P53 CLASS MEDIATOR%GOBP%GO:0042771		19	0.24137206	0.6549418	0.9186047	1.0	1.0	3463	tags=32%, list=26%, signal=42%	
POSITIVE REGULATION OF PROTEIN UBIQUITINATION%GOBP%GO:0031398	POSITIVE REGULATION OF PROTEIN UBIQUITINATION%GOBP%GO:0031398		75	0.18163262	0.65380865	0.9919786	1.0	1.0	4444	tags=33%, list=33%, signal=49%	
REGULATION OF INSULIN SECRETION%REACTOME%R-HSA-422356.6	REGULATION OF INSULIN SECRETION%REACTOME%R-HSA-422356.6		54	0.19373555	0.65355515	0.9754464	1.0	1.0	401	tags=6%, list=3%, signal=6%	
VESICLE TARGETING, ROUGH ER TO CIS-GOLGI%GOBP%GO:0048207	VESICLE TARGETING, ROUGH ER TO CIS-GOLGI%GOBP%GO:0048207		21	0.23887572	0.65320295	0.9222462	1.0	1.0	5743	tags=62%, list=42%, signal=107%	
CELLULAR RESPONSE TO TOPOLOGICALLY INCORRECT PROTEIN%GOBP%GO:0035967	CELLULAR RESPONSE TO TOPOLOGICALLY INCORRECT PROTEIN%GOBP%GO:0035967		76	0.1822031	0.65308034	0.98550725	1.0	1.0	3626	tags=28%, list=27%, signal=38%	
BIOCARTA_NKCELLS_PATHWAY%MSIGDB_C2%BIOCARTA_NKCELLS_PATHWAY	BIOCARTA_NKCELLS_PATHWAY%MSIGDB_C2%BIOCARTA_NKCELLS_PATHWAY		17	0.2503489	0.6529856	0.9324324	1.0	1.0	757	tags=12%, list=6%, signal=12%	
REGULATION OF ISOTYPE SWITCHING%GOBP%GO:0045191	REGULATION OF ISOTYPE SWITCHING%GOBP%GO:0045191		15	0.2559288	0.65283465	0.8989011	1.0	1.0	3023	tags=27%, list=22%, signal=34%	
LEUKOCYTE APOPTOTIC PROCESS%GOBP%GO:0071887	LEUKOCYTE APOPTOTIC PROCESS%GOBP%GO:0071887		15	0.2566113	0.6524657	0.90786517	1.0	1.0	1629	tags=13%, list=12%, signal=15%	
TOLL LIKE RECEPTOR SIGNALING RELATED TO MYD88%WIKIPATHWAYS_20250810%WP3858%HOMO SAPIENS	TOLL LIKE RECEPTOR SIGNALING RELATED TO MYD88%WIKIPATHWAYS_20250810%WP3858%HOMO SAPIENS		27	0.22172123	0.6524148	0.9343891	1.0	1.0	2512	tags=19%, list=19%, signal=23%	
REGULATION OF CYCLIN-DEPENDENT PROTEIN SERINE/THREONINE KINASE ACTIVITY%GOBP%GO:0000079	REGULATION OF CYCLIN-DEPENDENT PROTEIN SERINE/THREONINE KINASE ACTIVITY%GOBP%GO:0000079		27	0.22221476	0.65200144	0.9472477	1.0	1.0	1397	tags=15%, list=10%, signal=16%	
NUCLEOTIDE-SUGAR BIOSYNTHETIC PROCESS%GOBP%GO:0009226	NUCLEOTIDE-SUGAR BIOSYNTHETIC PROCESS%GOBP%GO:0009226		25	0.22606686	0.6518865	0.91402715	1.0	1.0	3254	tags=32%, list=24%, signal=42%	
MRNA MODIFICATION%GOBP%GO:0016556	MRNA MODIFICATION%GOBP%GO:0016556		15	0.2574974	0.65023327	0.90848213	1.0	1.0	10066	tags=100%, list=74%, signal=388%	
MITOCHONDRIAL CALCIUM ION HOMEOSTASIS%GOBP%GO:0051560	MITOCHONDRIAL CALCIUM ION HOMEOSTASIS%GOBP%GO:0051560		16	0.24769974	0.65021694	0.9130435	1.0	1.0	2898	tags=31%, list=21%, signal=40%	
NUCLEOBASE-CONTAINING COMPOUND TRANSPORT%GOBP%GO:0015931	NUCLEOBASE-CONTAINING COMPOUND TRANSPORT%GOBP%GO:0015931		139	0.16165377	0.6498176	1.0	1.0	1.0	1341	tags=7%, list=10%, signal=8%	
MELANOSOME TRANSPORT%GOBP%GO:0032402	MELANOSOME TRANSPORT%GOBP%GO:0032402		15	0.2578734	0.6482327	0.9120879	1.0	1.0	1133	tags=13%, list=8%, signal=15%	
NUCLEAR MEMBRANE REASSEMBLY%GOBP%GO:0031468	NUCLEAR MEMBRANE REASSEMBLY%GOBP%GO:0031468		23	0.23005496	0.6480908	0.9178744	1.0	1.0	3603	tags=26%, list=27%, signal=35%	
OPIOID SIGNALLING%REACTOME%R-HSA-111885.4	OPIOID SIGNALLING%REACTOME%R-HSA-111885.4		71	0.18475674	0.6478289	0.984375	1.0	1.0	3297	tags=28%, list=24%, signal=37%	
REGULATION OF NUCLEOBASE-CONTAINING COMPOUND TRANSPORT%GOBP%GO:0032239	REGULATION OF NUCLEOBASE-CONTAINING COMPOUND TRANSPORT%GOBP%GO:0032239		15	0.26023033	0.6474811	0.8960177	1.0	1.0	10029	tags=100%, list=74%, signal=384%	
REGULATION OF INTERFERON-BETA PRODUCTION%GOBP%GO:0032648	REGULATION OF INTERFERON-BETA PRODUCTION%GOBP%GO:0032648		51	0.19534571	0.64673465	0.9657702	1.0	1.0	3635	tags=31%, list=27%, signal=43%	
POSITIVE REGULATION OF EPITHELIAL CELL MIGRATION%GOBP%GO:0010634	POSITIVE REGULATION OF EPITHELIAL CELL MIGRATION%GOBP%GO:0010634		33	0.21332645	0.645733	0.9587156	1.0	1.0	3080	tags=27%, list=23%, signal=35%	
POSITIVE REGULATION OF DNA RECOMBINATION%GOBP%GO:0045911	POSITIVE REGULATION OF DNA RECOMBINATION%GOBP%GO:0045911		52	0.19158639	0.6450786	0.9834906	1.0	1.0	3023	tags=19%, list=22%, signal=25%	
REGULATION OF PROTEOLYSIS INVOLVED IN PROTEIN CATABOLIC PROCESS%GOBP%GO:1903050	REGULATION OF PROTEOLYSIS INVOLVED IN PROTEIN CATABOLIC PROCESS%GOBP%GO:1903050		190	0.15698037	0.64503753	0.9971182	1.0	1.0	2900	tags=19%, list=21%, signal=24%	
LATE ENDOSOME TO LYSOSOME TRANSPORT%GOBP%GO:1902774	LATE ENDOSOME TO LYSOSOME TRANSPORT%GOBP%GO:1902774		17	0.24192888	0.64467067	0.9154639	1.0	1.0	2187	tags=18%, list=16%, signal=21%	
COPII VESICLE COATING%GOBP%GO:0048208	COPII VESICLE COATING%GOBP%GO:0048208		21	0.23887572	0.64461976	0.937788	1.0	1.0	5743	tags=62%, list=42%, signal=107%	
E-CADHERIN SIGNALING IN THE NASCENT ADHERENS JUNCTION%PATHWAY INTERACTION DATABASE NCI-NATURE CURATED DATA%E-CADHERIN SIGNALING IN THE NASCENT ADHERENS JUNCTION	E-CADHERIN SIGNALING IN THE NASCENT ADHERENS JUNCTION%PATHWAY INTERACTION DATABASE NCI-NATURE CURATED DATA%E-CADHERIN SIGNALING IN THE NASCENT ADHERENS JUNCTION		35	0.20742466	0.6436756	0.962963	1.0	1.0	4094	tags=37%, list=30%, signal=53%	
BIOCARTA_PYK2_PATHWAY%MSIGDB_C2%BIOCARTA_PYK2_PATHWAY	BIOCARTA_PYK2_PATHWAY%MSIGDB_C2%BIOCARTA_PYK2_PATHWAY		23	0.22848305	0.6436354	0.92258066	1.0	1.0	2199	tags=22%, list=16%, signal=26%	
INACTIVATION OF APC C VIA DIRECT INHIBITION OF THE APC C COMPLEX%REACTOME DATABASE ID RELEASE 93%141430	INACTIVATION OF APC C VIA DIRECT INHIBITION OF THE APC C COMPLEX%REACTOME DATABASE ID RELEASE 93%141430		17	0.24108301	0.6428591	0.9116998	1.0	1.0	306	tags=6%, list=2%, signal=6%	
PID_INSULIN_PATHWAY%MSIGDB_C2%PID_INSULIN_PATHWAY	PID_INSULIN_PATHWAY%MSIGDB_C2%PID_INSULIN_PATHWAY		33	0.20888218	0.64269674	0.9419954	1.0	1.0	1934	tags=15%, list=14%, signal=18%	
G BETA:GAMMA SIGNALLING THROUGH PI3KGAMMA%REACTOME%R-HSA-392451.5	G BETA:GAMMA SIGNALLING THROUGH PI3KGAMMA%REACTOME%R-HSA-392451.5		18	0.24653216	0.6421754	0.9268293	1.0	1.0	3535	tags=44%, list=26%, signal=60%	
REGULATION OF SPINDLE ORGANIZATION%GOBP%GO:0090224	REGULATION OF SPINDLE ORGANIZATION%GOBP%GO:0090224		39	0.20256454	0.6417476	0.9683258	1.0	1.0	3176	tags=23%, list=23%, signal=30%	
REGULATION OF G0 TO G1 TRANSITION%GOBP%GO:0070316	REGULATION OF G0 TO G1 TRANSITION%GOBP%GO:0070316		28	0.21917465	0.6416946	0.9556541	1.0	1.0	719	tags=7%, list=5%, signal=8%	
HEDGEHOG%NETPATH%HEDGEHOG	HEDGEHOG%NETPATH%HEDGEHOG		18	0.24238914	0.64158714	0.91966176	1.0	1.0	1107	tags=11%, list=8%, signal=12%	
PCP CE PATHWAY%REACTOME%R-HSA-4086400.4	PCP CE PATHWAY%REACTOME%R-HSA-4086400.4		73	0.18081892	0.6414879	0.99248123	1.0	1.0	3554	tags=32%, list=26%, signal=42%	
NEGATIVE REGULATION OF TRANSCRIPTION ELONGATION BY RNA POLYMERASE II%GOBP%GO:0034244	NEGATIVE REGULATION OF TRANSCRIPTION ELONGATION BY RNA POLYMERASE II%GOBP%GO:0034244		17	0.2470603	0.6403263	0.9187359	1.0	1.0	4130	tags=35%, list=30%, signal=51%	
PROTEIN LOCALIZATION TO VACUOLE%GOBP%GO:0072665	PROTEIN LOCALIZATION TO VACUOLE%GOBP%GO:0072665		60	0.18869919	0.6395927	0.9821826	1.0	1.0	3924	tags=33%, list=29%, signal=47%	
REGULATION OF MITOTIC SPINDLE ASSEMBLY%GOBP%GO:1901673	REGULATION OF MITOTIC SPINDLE ASSEMBLY%GOBP%GO:1901673		19	0.23641112	0.6378789	0.92170024	1.0	1.0	2187	tags=16%, list=16%, signal=19%	
REGULATION OF DEFENSE RESPONSE TO VIRUS%GOBP%GO:0050688	REGULATION OF DEFENSE RESPONSE TO VIRUS%GOBP%GO:0050688		41	0.20326567	0.6370204	0.96875	1.0	1.0	2928	tags=27%, list=22%, signal=34%	
SYNTHESIS OF IP3 AND IP4 IN THE CYTOSOL%REACTOME%R-HSA-1855204.5	SYNTHESIS OF IP3 AND IP4 IN THE CYTOSOL%REACTOME%R-HSA-1855204.5		21	0.23117709	0.6368368	0.9357143	1.0	1.0	2066	tags=19%, list=15%, signal=22%	
PID_NFKAPPAB_CANONICAL_PATHWAY%MSIGDB_C2%PID_NFKAPPAB_CANONICAL_PATHWAY	PID_NFKAPPAB_CANONICAL_PATHWAY%MSIGDB_C2%PID_NFKAPPAB_CANONICAL_PATHWAY		19	0.2379193	0.6360012	0.92325056	1.0	1.0	10332	tags=100%, list=76%, signal=420%	
TRANSLATION OF STRUCTURAL PROTEINS%REACTOME DATABASE ID RELEASE 93%9683701	TRANSLATION OF STRUCTURAL PROTEINS%REACTOME DATABASE ID RELEASE 93%9683701		29	0.21522418	0.63584095	0.9550562	1.0	1.0	1194	tags=10%, list=9%, signal=11%	
POSITIVE REGULATION OF LEUKOCYTE ADHESION TO VASCULAR ENDOTHELIAL CELL%GOBP%GO:1904996	POSITIVE REGULATION OF LEUKOCYTE ADHESION TO VASCULAR ENDOTHELIAL CELL%GOBP%GO:1904996		18	0.23696475	0.63542753	0.9380734	1.0	1.0	2938	tags=28%, list=22%, signal=35%	
ANCHORING OF THE BASAL BODY TO THE PLASMA MEMBRANE%REACTOME%R-HSA-5620912.4	ANCHORING OF THE BASAL BODY TO THE PLASMA MEMBRANE%REACTOME%R-HSA-5620912.4		92	0.17153907	0.63475955	0.9975186	1.0	1.0	3918	tags=33%, list=29%, signal=46%	
RAC PROTEIN SIGNAL TRANSDUCTION%GOBP%GO:0016601	RAC PROTEIN SIGNAL TRANSDUCTION%GOBP%GO:0016601		17	0.24168386	0.63394576	0.9298246	1.0	1.0	4872	tags=53%, list=36%, signal=83%	
HSF1-DEPENDENT TRANSACTIVATION%REACTOME DATABASE ID RELEASE 93%3371571	HSF1-DEPENDENT TRANSACTIVATION%REACTOME DATABASE ID RELEASE 93%3371571		22	0.22526613	0.63082963	0.9436009	1.0	1.0	364	tags=5%, list=3%, signal=5%	
SYNTHESIS OF CERAMIDES AND 1 DEOXYCERAMIDES%WIKIPATHWAYS_20250810%WP5194%HOMO SAPIENS	SYNTHESIS OF CERAMIDES AND 1 DEOXYCERAMIDES%WIKIPATHWAYS_20250810%WP5194%HOMO SAPIENS		16	0.2433331	0.6300599	0.921659	1.0	1.0	10258	tags=100%, list=76%, signal=411%	
TOLL-LIKE RECEPTOR 4 SIGNALING PATHWAY%GOBP%GO:0034142	TOLL-LIKE RECEPTOR 4 SIGNALING PATHWAY%GOBP%GO:0034142		25	0.22187029	0.6298542	0.9407745	1.0	1.0	3609	tags=36%, list=27%, signal=49%	
PROTEIN TARGETING%GOBP%GO:0006605	PROTEIN TARGETING%GOBP%GO:0006605		166	0.1542976	0.6282447	1.0	1.0	1.0	3507	tags=25%, list=26%, signal=33%	
DEVELOPMENTAL PIGMENTATION%GOBP%GO:0048066	DEVELOPMENTAL PIGMENTATION%GOBP%GO:0048066		21	0.2326645	0.6273726	0.93607306	1.0	1.0	4569	tags=52%, list=34%, signal=79%	
CELLULAR RESPONSE TO UNFOLDED PROTEIN%GOBP%GO:0034620	CELLULAR RESPONSE TO UNFOLDED PROTEIN%GOBP%GO:0034620		61	0.18072826	0.6273045	0.9904535	1.0	1.0	3549	tags=28%, list=26%, signal=38%	
INHIBITION OF THE PROTEOLYTIC ACTIVITY OF APC C REQUIRED FOR THE ONSET OF ANAPHASE BY MITOTIC SPINDLE CHECKPOINT COMPONENTS%REACTOME%R-HSA-141405.6	INHIBITION OF THE PROTEOLYTIC ACTIVITY OF APC C REQUIRED FOR THE ONSET OF ANAPHASE BY MITOTIC SPINDLE CHECKPOINT COMPONENTS%REACTOME%R-HSA-141405.6		17	0.24108301	0.6269663	0.92997813	1.0	1.0	306	tags=6%, list=2%, signal=6%	
INTERFERON-MEDIATED SIGNALING PATHWAY%GOBP%GO:0140888	INTERFERON-MEDIATED SIGNALING PATHWAY%GOBP%GO:0140888		36	0.20456941	0.6255193	0.98669624	1.0	1.0	2584	tags=19%, list=19%, signal=24%	
REGULATION OF CYTOPLASMIC AND NUCLEAR SMAD2 3 SIGNALING%PATHWAY INTERACTION DATABASE NCI-NATURE CURATED DATA%REGULATION OF CYTOPLASMIC AND NUCLEAR SMAD2 3 SIGNALING	REGULATION OF CYTOPLASMIC AND NUCLEAR SMAD2 3 SIGNALING%PATHWAY INTERACTION DATABASE NCI-NATURE CURATED DATA%REGULATION OF CYTOPLASMIC AND NUCLEAR SMAD2 3 SIGNALING		18	0.2369351	0.62497145	0.93853426	1.0	1.0	1988	tags=17%, list=15%, signal=20%	
EPHRIN SIGNALING%REACTOME%R-HSA-3928664.4	EPHRIN SIGNALING%REACTOME%R-HSA-3928664.4		18	0.23585768	0.62420136	0.9607843	1.0	1.0	178	tags=6%, list=1%, signal=6%	
ESTABLISHMENT OF PROTEIN LOCALIZATION TO VACUOLE%GOBP%GO:0072666	ESTABLISHMENT OF PROTEIN LOCALIZATION TO VACUOLE%GOBP%GO:0072666		46	0.19356818	0.6241285	0.977169	1.0	1.0	3924	tags=33%, list=29%, signal=46%	
P53 PATHWAY%PATHWAY INTERACTION DATABASE NCI-NATURE CURATED DATA%P53 PATHWAY	P53 PATHWAY%PATHWAY INTERACTION DATABASE NCI-NATURE CURATED DATA%P53 PATHWAY		57	0.18307403	0.62367356	0.98547214	1.0	1.0	3757	tags=30%, list=28%, signal=41%	
AXO-DENDRITIC TRANSPORT%GOBP%GO:0008088	AXO-DENDRITIC TRANSPORT%GOBP%GO:0008088		49	0.18368758	0.62106043	0.990676	1.0	1.0	4325	tags=39%, list=32%, signal=57%	
REGULATION OF UBIQUITIN-DEPENDENT PROTEIN CATABOLIC PROCESS%GOBP%GO:2000058	REGULATION OF UBIQUITIN-DEPENDENT PROTEIN CATABOLIC PROCESS%GOBP%GO:2000058		140	0.1558851	0.62084985	0.9973475	1.0	1.0	2894	tags=19%, list=21%, signal=24%	
BIOSYNTHESIS OF THE N-GLYCAN PRECURSOR (DOLICHOL LIPID-LINKED OLIGOSACCHARIDE, LLO) AND TRANSFER TO A NASCENT PROTEIN%REACTOME%R-HSA-446193.3	BIOSYNTHESIS OF THE N-GLYCAN PRECURSOR (DOLICHOL LIPID-LINKED OLIGOSACCHARIDE, LLO) AND TRANSFER TO A NASCENT PROTEIN%REACTOME%R-HSA-446193.3		71	0.17598662	0.6205688	0.9897436	1.0	1.0	1327	tags=10%, list=10%, signal=11%	
REGULATION OF DOUBLE-STRAND BREAK REPAIR VIA NONHOMOLOGOUS END JOINING%GOBP%GO:2001032	REGULATION OF DOUBLE-STRAND BREAK REPAIR VIA NONHOMOLOGOUS END JOINING%GOBP%GO:2001032		19	0.23012933	0.62032384	0.9329004	1.0	1.0	2189	tags=16%, list=16%, signal=19%	
DYRK1A INVOLVEMENT REGARDING CELL PROLIFERATION IN BRAIN DEVELOPMENT%WIKIPATHWAYS_20250810%WP5180%HOMO SAPIENS	DYRK1A INVOLVEMENT REGARDING CELL PROLIFERATION IN BRAIN DEVELOPMENT%WIKIPATHWAYS_20250810%WP5180%HOMO SAPIENS		48	0.18973064	0.6199045	0.97931033	1.0	1.0	3499	tags=29%, list=26%, signal=39%	
POSITIVE REGULATION OF AMIDE METABOLIC PROCESS%GOBP%GO:0034250	POSITIVE REGULATION OF AMIDE METABOLIC PROCESS%GOBP%GO:0034250		21	0.22633007	0.61881346	0.9472477	1.0	1.0	3309	tags=29%, list=24%, signal=38%	
HSP90 CHAPERONE CYCLE FOR SHRS%REACTOME%R-HSA-3371497.7	HSP90 CHAPERONE CYCLE FOR SHRS%REACTOME%R-HSA-3371497.7		37	0.19955052	0.61766934	0.9728507	1.0	1.0	2147	tags=19%, list=16%, signal=22%	
REGULATION OF TRANSLATION IN RESPONSE TO STRESS%GOBP%GO:0043555	REGULATION OF TRANSLATION IN RESPONSE TO STRESS%GOBP%GO:0043555		16	0.24043024	0.6170249	0.9367946	1.0	1.0	4838	tags=56%, list=36%, signal=87%	
NEGATIVE REGULATION OF TORC1 SIGNALING%GOBP%GO:1904262	NEGATIVE REGULATION OF TORC1 SIGNALING%GOBP%GO:1904262		46	0.18889548	0.6164831	0.9705882	1.0	1.0	2869	tags=20%, list=21%, signal=25%	
PID_MYC_ACTIV_PATHWAY%MSIGDB_C2%PID_MYC_ACTIV_PATHWAY	PID_MYC_ACTIV_PATHWAY%MSIGDB_C2%PID_MYC_ACTIV_PATHWAY		60	0.17910008	0.61641484	0.9951691	1.0	1.0	750	tags=7%, list=6%, signal=7%	
MIRNA-MEDIATED GENE SILENCING BY INHIBITION OF TRANSLATION%GOBP%GO:0035278	MIRNA-MEDIATED GENE SILENCING BY INHIBITION OF TRANSLATION%GOBP%GO:0035278		17	0.23295936	0.6158491	0.91150445	1.0	1.0	569	tags=6%, list=4%, signal=6%	
ABC-FAMILY PROTEINS MEDIATED TRANSPORT%REACTOME DATABASE ID RELEASE 93%382556	ABC-FAMILY PROTEINS MEDIATED TRANSPORT%REACTOME DATABASE ID RELEASE 93%382556		79	0.17105903	0.614851	0.9868074	1.0	1.0	4331	tags=37%, list=32%, signal=54%	
NF KB SIGNALING AND ARTD FAMILY MEMBERS%WIKIPATHWAYS_20250810%WP5527%HOMO SAPIENS	NF KB SIGNALING AND ARTD FAMILY MEMBERS%WIKIPATHWAYS_20250810%WP5527%HOMO SAPIENS		24	0.21782637	0.6145626	0.96590906	1.0	1.0	3586	tags=21%, list=26%, signal=28%	
SUMOYLATION OF DNA REPLICATION PROTEINS%REACTOME%R-HSA-4615885.7	SUMOYLATION OF DNA REPLICATION PROTEINS%REACTOME%R-HSA-4615885.7		42	0.18829477	0.61454046	0.98029554	1.0	1.0	1807	tags=10%, list=13%, signal=11%	
MRNA TRANSPORT%GOBP%GO:0051028	MRNA TRANSPORT%GOBP%GO:0051028		61	0.17728315	0.6122141	0.9953271	1.0	1.0	249	tags=3%, list=2%, signal=3%	
POSITIVE REGULATION OF INTRACELLULAR PROTEIN TRANSPORT%GOBP%GO:0090316	POSITIVE REGULATION OF INTRACELLULAR PROTEIN TRANSPORT%GOBP%GO:0090316		65	0.17095484	0.6112171	0.9952494	1.0	1.0	3893	tags=34%, list=29%, signal=47%	
NUCLEOTIDE EXCISION REPAIR IN XERODERMA PIGMENTOSUM %WIKIPATHWAYS_20250810%WP5114%HOMO SAPIENS	NUCLEOTIDE EXCISION REPAIR IN XERODERMA PIGMENTOSUM %WIKIPATHWAYS_20250810%WP5114%HOMO SAPIENS		42	0.19062874	0.6109988	0.9859155	1.0	1.0	3025	tags=26%, list=22%, signal=34%	
VESICLE COATING%GOBP%GO:0006901	VESICLE COATING%GOBP%GO:0006901		33	0.20044635	0.6109415	0.975	1.0	1.0	3690	tags=30%, list=27%, signal=42%	
RMTS METHYLATE HISTONE ARGININES%REACTOME DATABASE ID RELEASE 93%3214858	RMTS METHYLATE HISTONE ARGININES%REACTOME DATABASE ID RELEASE 93%3214858		33	0.20126015	0.6106505	0.973747	1.0	1.0	773	tags=6%, list=6%, signal=6%	
REGULATION OF PROTEIN UBIQUITINATION%GOBP%GO:0031396	REGULATION OF PROTEIN UBIQUITINATION%GOBP%GO:0031396		141	0.15546449	0.6105704	1.0	1.0	1.0	2859	tags=19%, list=21%, signal=24%	
PROTEIN LOCALIZATION TO CHROMOSOME%GOBP%GO:0034502	PROTEIN LOCALIZATION TO CHROMOSOME%GOBP%GO:0034502		66	0.17309637	0.61047876	0.98789346	1.0	1.0	3366	tags=24%, list=25%, signal=32%	
CELLULAR RESPONSE TO FLUID SHEAR STRESS%GOBP%GO:0071498	CELLULAR RESPONSE TO FLUID SHEAR STRESS%GOBP%GO:0071498		35	0.19433925	0.61035734	0.98108745	1.0	1.0	3393	tags=29%, list=25%, signal=38%	
RAF ACTIVATION%REACTOME DATABASE ID RELEASE 93%5673000	RAF ACTIVATION%REACTOME DATABASE ID RELEASE 93%5673000		31	0.1982529	0.61008424	0.96666664	1.0	1.0	3031	tags=23%, list=22%, signal=29%	
ION TRANSPORT BY P-TYPE ATPASES%REACTOME DATABASE ID RELEASE 93%936837	ION TRANSPORT BY P-TYPE ATPASES%REACTOME DATABASE ID RELEASE 93%936837		37	0.19183818	0.60726416	0.98004436	1.0	1.0	3100	tags=24%, list=23%, signal=31%	
MODULATION OF HOST RESPONSES BY IFN-STIMULATED GENES%REACTOME DATABASE ID RELEASE 93%9909505	MODULATION OF HOST RESPONSES BY IFN-STIMULATED GENES%REACTOME DATABASE ID RELEASE 93%9909505		17	0.23316592	0.60646236	0.9594595	1.0	1.0	3352	tags=29%, list=25%, signal=39%	
PID_RET_PATHWAY%MSIGDB_C2%PID_RET_PATHWAY	PID_RET_PATHWAY%MSIGDB_C2%PID_RET_PATHWAY		29	0.2069983	0.60629284	0.96590906	1.0	1.0	2071	tags=21%, list=15%, signal=24%	
APC C-MEDIATED DEGRADATION OF CELL CYCLE PROTEINS%REACTOME DATABASE ID RELEASE 93%174143	APC C-MEDIATED DEGRADATION OF CELL CYCLE PROTEINS%REACTOME DATABASE ID RELEASE 93%174143		67	0.1692456	0.6060765	1.0	1.0	1.0	3554	tags=25%, list=26%, signal=34%	
VIRAL BUDDING VIA HOST ESCRT COMPLEX%GOBP%GO:0039702	VIRAL BUDDING VIA HOST ESCRT COMPLEX%GOBP%GO:0039702		19	0.22674407	0.60600483	0.9474886	1.0	1.0	3410	tags=26%, list=25%, signal=35%	
ANDROGEN RECEPTOR SIGNALING%WIKIPATHWAYS_20250810%WP138%HOMO SAPIENS	ANDROGEN RECEPTOR SIGNALING%WIKIPATHWAYS_20250810%WP138%HOMO SAPIENS		65	0.17115788	0.6035866	0.9950739	1.0	1.0	2891	tags=20%, list=21%, signal=25%	
REGULATION OF MITOTIC CELL CYCLE%REACTOME DATABASE ID RELEASE 93%453276	REGULATION OF MITOTIC CELL CYCLE%REACTOME DATABASE ID RELEASE 93%453276		67	0.1692456	0.59899074	0.99522674	1.0	1.0	3554	tags=25%, list=26%, signal=34%	
DOWNREGULATION OF SMAD2 3:SMAD4 TRANSCRIPTIONAL ACTIVITY%REACTOME DATABASE ID RELEASE 93%2173795	DOWNREGULATION OF SMAD2 3:SMAD4 TRANSCRIPTIONAL ACTIVITY%REACTOME DATABASE ID RELEASE 93%2173795		28	0.20260203	0.59871465	0.97408205	1.0	1.0	3489	tags=29%, list=26%, signal=38%	
METABOLISM OF NITRIC OXIDE: NOS3 ACTIVATION AND REGULATION%REACTOME DATABASE ID RELEASE 93%202131	METABOLISM OF NITRIC OXIDE: NOS3 ACTIVATION AND REGULATION%REACTOME DATABASE ID RELEASE 93%202131		17	0.2300613	0.59851754	0.951782	1.0	1.0	1861	tags=18%, list=14%, signal=20%	
REGULATION OF ORNITHINE DECARBOXYLASE (ODC)%REACTOME%R-HSA-350562.5	REGULATION OF ORNITHINE DECARBOXYLASE (ODC)%REACTOME%R-HSA-350562.5		37	0.19305825	0.5982889	0.97995543	1.0	1.0	3949	tags=32%, list=29%, signal=46%	
PKMTS METHYLATE HISTONE LYSINES%REACTOME DATABASE ID RELEASE 93%3214841	PKMTS METHYLATE HISTONE LYSINES%REACTOME DATABASE ID RELEASE 93%3214841		40	0.18345305	0.5978478	0.9862069	1.0	1.0	11073	tags=100%, list=82%, signal=545%	
REGULATION OF RAS PROTEIN SIGNAL TRANSDUCTION%GOBP%GO:0046578	REGULATION OF RAS PROTEIN SIGNAL TRANSDUCTION%GOBP%GO:0046578		28	0.19844955	0.5961623	0.977169	1.0	1.0	4213	tags=39%, list=31%, signal=57%	
TRAF6 MEDIATED IRF7 ACTIVATION%REACTOME DATABASE ID RELEASE 93%933541	TRAF6 MEDIATED IRF7 ACTIVATION%REACTOME DATABASE ID RELEASE 93%933541		16	0.231069	0.5954001	0.96304345	1.0	1.0	3609	tags=38%, list=27%, signal=51%	
AGGREPHAGY%REACTOME%R-HSA-9646399.4	AGGREPHAGY%REACTOME%R-HSA-9646399.4		22	0.213129	0.59506917	0.9601677	1.0	1.0	1569	tags=18%, list=12%, signal=21%	
REGULATION OF DNA RECOMBINATION%GOBP%GO:0000018	REGULATION OF DNA RECOMBINATION%GOBP%GO:0000018		98	0.15804671	0.5946038	0.99747473	1.0	1.0	3023	tags=18%, list=22%, signal=23%	
REGULATION OF ESTABLISHMENT OF CELL POLARITY%GOBP%GO:2000114	REGULATION OF ESTABLISHMENT OF CELL POLARITY%GOBP%GO:2000114		19	0.22605775	0.5943036	0.9744186	1.0	1.0	2186	tags=26%, list=16%, signal=31%	
NEGATIVE REGULATION OF FATTY ACID BIOSYNTHETIC PROCESS%GOBP%GO:0045717	NEGATIVE REGULATION OF FATTY ACID BIOSYNTHETIC PROCESS%GOBP%GO:0045717		16	0.23275486	0.59184444	0.9594883	1.0	1.0	4081	tags=44%, list=30%, signal=63%	
SARS-COV-1 ACTIVATES MODULATES INNATE IMMUNE RESPONSES%REACTOME DATABASE ID RELEASE 93%9692916	SARS-COV-1 ACTIVATES MODULATES INNATE IMMUNE RESPONSES%REACTOME DATABASE ID RELEASE 93%9692916		40	0.18240786	0.59173346	0.98564595	1.0	1.0	3609	tags=35%, list=27%, signal=48%	
VIRION ASSEMBLY%GOBP%GO:0019068	VIRION ASSEMBLY%GOBP%GO:0019068		31	0.1974273	0.5899373	0.97333336	1.0	1.0	2187	tags=16%, list=16%, signal=19%	
NUCLEOTIDE-EXCISION REPAIR%GOBP%GO:0006289	NUCLEOTIDE-EXCISION REPAIR%GOBP%GO:0006289		51	0.17479378	0.5897881	0.99278843	1.0	1.0	3036	tags=25%, list=22%, signal=33%	
EFFECTS OF MFN2 MUTATION%WIKIPATHWAYS_20250810%WP5443%HOMO SAPIENS	EFFECTS OF MFN2 MUTATION%WIKIPATHWAYS_20250810%WP5443%HOMO SAPIENS		19	0.22075845	0.58838093	0.97280335	1.0	1.0	4326	tags=58%, list=32%, signal=85%	
INTERLEUKIN 1 IL 1 STRUCTURAL PATHWAY%WIKIPATHWAYS_20250810%WP2637%HOMO SAPIENS	INTERLEUKIN 1 IL 1 STRUCTURAL PATHWAY%WIKIPATHWAYS_20250810%WP2637%HOMO SAPIENS		39	0.1849597	0.5868435	0.98806685	1.0	1.0	2199	tags=13%, list=16%, signal=15%	
PIGMENT CELL DIFFERENTIATION%GOBP%GO:0050931	PIGMENT CELL DIFFERENTIATION%GOBP%GO:0050931		15	0.2323861	0.58329797	0.9461358	1.0	1.0	4277	tags=53%, list=32%, signal=78%	
PROTEIN NEDDYLATION%GOBP%GO:0045116	PROTEIN NEDDYLATION%GOBP%GO:0045116		20	0.21065101	0.58240473	0.9803063	1.0	1.0	1498	tags=10%, list=11%, signal=11%	
INSULIN PATHWAY%PATHWAY INTERACTION DATABASE NCI-NATURE CURATED DATA%INSULIN PATHWAY	INSULIN PATHWAY%PATHWAY INTERACTION DATABASE NCI-NATURE CURATED DATA%INSULIN PATHWAY		42	0.18178667	0.5819829	0.99531615	1.0	1.0	2026	tags=14%, list=15%, signal=17%	
DNA REPLICATION%GOBP%GO:0006260	DNA REPLICATION%GOBP%GO:0006260		136	0.14802742	0.5814756	1.0	1.0	1.0	2991	tags=19%, list=22%, signal=24%	
DNA-TEMPLATED DNA REPLICATION%GOBP%GO:0006261	DNA-TEMPLATED DNA REPLICATION%GOBP%GO:0006261		108	0.15284903	0.5808944	1.0	1.0	1.0	2991	tags=19%, list=22%, signal=25%	
RHOBTB2 GTPASE CYCLE%REACTOME%R-HSA-9013418.4	RHOBTB2 GTPASE CYCLE%REACTOME%R-HSA-9013418.4		22	0.20967239	0.5789924	0.9678161	1.0	1.0	1768	tags=14%, list=13%, signal=16%	
CELLULAR RESPONSE TO AMINO ACID STIMULUS%GOBP%GO:0071230	CELLULAR RESPONSE TO AMINO ACID STIMULUS%GOBP%GO:0071230		35	0.18934132	0.57777625	0.98642534	1.0	1.0	2997	tags=23%, list=22%, signal=29%	
RESPONSE TO FLUID SHEAR STRESS%GOBP%GO:0034405	RESPONSE TO FLUID SHEAR STRESS%GOBP%GO:0034405		42	0.17888685	0.57690734	0.99065423	1.0	1.0	3099	tags=26%, list=23%, signal=34%	
ANTEROGRADE SYNAPTIC VESICLE TRANSPORT%GOBP%GO:0048490	ANTEROGRADE SYNAPTIC VESICLE TRANSPORT%GOBP%GO:0048490		16	0.22484109	0.576467	0.9517241	1.0	1.0	4277	tags=38%, list=32%, signal=55%	
BIOCARTA_TFF_PATHWAY%MSIGDB_C2%BIOCARTA_TFF_PATHWAY	BIOCARTA_TFF_PATHWAY%MSIGDB_C2%BIOCARTA_TFF_PATHWAY		16	0.22576378	0.5761229	0.9470199	1.0	1.0	1552	tags=13%, list=11%, signal=14%	
SYNAPTIC VESICLE TRANSPORT ALONG MICROTUBULE%GOBP%GO:0099517	SYNAPTIC VESICLE TRANSPORT ALONG MICROTUBULE%GOBP%GO:0099517		16	0.22484109	0.57501745	0.9640449	1.0	1.0	4277	tags=38%, list=32%, signal=55%	
PHAGOSOME MATURATION%GOBP%GO:0090382	PHAGOSOME MATURATION%GOBP%GO:0090382		21	0.20686325	0.5733335	0.96976745	1.0	1.0	2301	tags=24%, list=17%, signal=29%	
AURKA ACTIVATION BY TPX2%REACTOME DATABASE ID RELEASE 93%8854518	AURKA ACTIVATION BY TPX2%REACTOME DATABASE ID RELEASE 93%8854518		69	0.16459648	0.5722778	0.9951456	1.0	1.0	3918	tags=33%, list=29%, signal=47%	
SYNAPTIC VESICLE CYTOSKELETAL TRANSPORT%GOBP%GO:0099514	SYNAPTIC VESICLE CYTOSKELETAL TRANSPORT%GOBP%GO:0099514		16	0.22484109	0.5716828	0.954023	1.0	1.0	4277	tags=38%, list=32%, signal=55%	
POSITIVE REGULATION OF TRANSLATIONAL INITIATION%GOBP%GO:0045948	POSITIVE REGULATION OF TRANSLATIONAL INITIATION%GOBP%GO:0045948		22	0.20723225	0.5701733	0.97417843	1.0	1.0	4155	tags=41%, list=31%, signal=59%	
VALIDATED TARGETS OF C-MYC TRANSCRIPTIONAL ACTIVATION%PATHWAY INTERACTION DATABASE NCI-NATURE CURATED DATA%VALIDATED TARGETS OF C-MYC TRANSCRIPTIONAL ACTIVATION	VALIDATED TARGETS OF C-MYC TRANSCRIPTIONAL ACTIVATION%PATHWAY INTERACTION DATABASE NCI-NATURE CURATED DATA%VALIDATED TARGETS OF C-MYC TRANSCRIPTIONAL ACTIVATION		73	0.16092722	0.5700158	1.0	1.0	1.0	750	tags=5%, list=6%, signal=6%	
MICROTUBULE ANCHORING%GOBP%GO:0034453	MICROTUBULE ANCHORING%GOBP%GO:0034453		19	0.21100518	0.56921816	0.9714912	1.0	1.0	2656	tags=21%, list=20%, signal=26%	
INOSITOL METABOLISM%SMPDB%SMP0000011	INOSITOL METABOLISM%SMPDB%SMP0000011		19	0.21286789	0.5691704	0.97577095	1.0	1.0	2334	tags=21%, list=17%, signal=25%	
INTRINSIC APOPTOTIC SIGNALING PATHWAY BY P53 CLASS MEDIATOR%GOBP%GO:0072332	INTRINSIC APOPTOTIC SIGNALING PATHWAY BY P53 CLASS MEDIATOR%GOBP%GO:0072332		34	0.18190116	0.5690139	0.99029124	1.0	1.0	1748	tags=15%, list=13%, signal=17%	
RESPONSE TO AMINO ACID%GOBP%GO:0043200	RESPONSE TO AMINO ACID%GOBP%GO:0043200		37	0.18264943	0.5668822	0.9929742	1.0	1.0	2997	tags=22%, list=22%, signal=28%	
POSITIVE REGULATION OF ORGANELLE ASSEMBLY%GOBP%GO:1902117	POSITIVE REGULATION OF ORGANELLE ASSEMBLY%GOBP%GO:1902117		67	0.16033368	0.56610626	0.99759614	1.0	1.0	4554	tags=36%, list=34%, signal=54%	
REGULATION OF NUCLEAR-TRANSCRIBED MRNA CATABOLIC PROCESS, DEADENYLATION-DEPENDENT DECAY%GOBP%GO:1900151	REGULATION OF NUCLEAR-TRANSCRIBED MRNA CATABOLIC PROCESS, DEADENYLATION-DEPENDENT DECAY%GOBP%GO:1900151		23	0.2002955	0.56503963	0.97291195	1.0	1.0	10842	tags=100%, list=80%, signal=499%	
TRIF (TICAM1)-MEDIATED TLR4 SIGNALING%REACTOME DATABASE ID RELEASE 93%937061	TRIF (TICAM1)-MEDIATED TLR4 SIGNALING%REACTOME DATABASE ID RELEASE 93%937061		106	0.14617424	0.5630694	1.0	1.0	1.0	3644	tags=25%, list=27%, signal=35%	
G-PROTEIN BETA:GAMMA SIGNALLING%REACTOME%R-HSA-397795.5	G-PROTEIN BETA:GAMMA SIGNALLING%REACTOME%R-HSA-397795.5		25	0.20002285	0.5602845	0.97309417	1.0	1.0	3535	tags=36%, list=26%, signal=49%	
BIOCARTA_FMLP_PATHWAY%MSIGDB_C2%BIOCARTA_FMLP_PATHWAY	BIOCARTA_FMLP_PATHWAY%MSIGDB_C2%BIOCARTA_FMLP_PATHWAY		27	0.19194324	0.5600222	0.9752252	1.0	1.0	2199	tags=19%, list=16%, signal=22%	
ZBP1(DAI) MEDIATED INDUCTION OF TYPE I IFNS%REACTOME DATABASE ID RELEASE 93%1606322	ZBP1(DAI) MEDIATED INDUCTION OF TYPE I IFNS%REACTOME DATABASE ID RELEASE 93%1606322		19	0.20499673	0.5581105	0.9617978	1.0	1.0	4920	tags=42%, list=36%, signal=66%	
RHOBTB1 GTPASE CYCLE%REACTOME DATABASE ID RELEASE 93%9013422	RHOBTB1 GTPASE CYCLE%REACTOME DATABASE ID RELEASE 93%9013422		23	0.19743437	0.5563602	0.98086125	1.0	1.0	1909	tags=13%, list=14%, signal=15%	
CELLULAR RESPONSE TO INTERLEUKIN-6%GOBP%GO:0071354	CELLULAR RESPONSE TO INTERLEUKIN-6%GOBP%GO:0071354		22	0.20091023	0.5513228	0.97732425	1.0	1.0	3235	tags=27%, list=24%, signal=36%	
MYD88-INDEPENDENT TLR4 CASCADE%REACTOME%R-HSA-166166.4	MYD88-INDEPENDENT TLR4 CASCADE%REACTOME%R-HSA-166166.4		106	0.14617424	0.54976845	1.0	1.0	1.0	3644	tags=25%, list=27%, signal=35%	
NEGATIVE REGULATION OF CALCIUM ION TRANSMEMBRANE TRANSPORT%GOBP%GO:1903170	NEGATIVE REGULATION OF CALCIUM ION TRANSMEMBRANE TRANSPORT%GOBP%GO:1903170		21	0.19868766	0.5494468	0.9807229	1.0	1.0	1888	tags=14%, list=14%, signal=17%	
IMMUNE RESPONSE TO TUBERCULOSIS%WIKIPATHWAYS_20250810%WP4197%HOMO SAPIENS	IMMUNE RESPONSE TO TUBERCULOSIS%WIKIPATHWAYS_20250810%WP4197%HOMO SAPIENS		19	0.20379269	0.5492563	0.9725738	1.0	1.0	1242	tags=11%, list=9%, signal=12%	
GOLGI TO ENDOSOME TRANSPORT%GOBP%GO:0006895	GOLGI TO ENDOSOME TRANSPORT%GOBP%GO:0006895		16	0.21451248	0.5485308	0.96498907	1.0	1.0	3726	tags=38%, list=27%, signal=52%	
BIOCARTA_RAS_PATHWAY%MSIGDB_C2%BIOCARTA_RAS_PATHWAY	BIOCARTA_RAS_PATHWAY%MSIGDB_C2%BIOCARTA_RAS_PATHWAY		16	0.21812469	0.5474873	0.9714912	1.0	1.0	757	tags=6%, list=6%, signal=7%	
VACUOLE ORGANIZATION%GOBP%GO:0007033	VACUOLE ORGANIZATION%GOBP%GO:0007033		151	0.13694042	0.5442535	1.0	1.0	1.0	3905	tags=28%, list=29%, signal=40%	
CALNEXIN CALRETICULIN CYCLE%REACTOME DATABASE ID RELEASE 93%901042	CALNEXIN CALRETICULIN CYCLE%REACTOME DATABASE ID RELEASE 93%901042		26	0.189881	0.54370236	0.9883991	1.0	1.0	4119	tags=35%, list=30%, signal=50%	
MISMATCH REPAIR%GOBP%GO:0006298	MISMATCH REPAIR%GOBP%GO:0006298		24	0.19219764	0.5434392	0.9861111	1.0	1.0	1150	tags=8%, list=8%, signal=9%	
METABOLISM OF POLYAMINES%REACTOME%R-HSA-351202.5	METABOLISM OF POLYAMINES%REACTOME%R-HSA-351202.5		42	0.16810106	0.54216194	0.9953596	1.0	1.0	3949	tags=33%, list=29%, signal=47%	
VESICLE TARGETING, TO, FROM OR WITHIN GOLGI%GOBP%GO:0048199	VESICLE TARGETING, TO, FROM OR WITHIN GOLGI%GOBP%GO:0048199		27	0.18534748	0.5404148	0.9878049	1.0	1.0	3690	tags=30%, list=27%, signal=41%	
PROTEIN DEUBIQUITINATION%GOBP%GO:0016579	PROTEIN DEUBIQUITINATION%GOBP%GO:0016579		72	0.14915965	0.5361807	1.0	1.0	1.0	3261	tags=19%, list=24%, signal=25%	
REGULATION OF PLK1 ACTIVITY AT G2 M TRANSITION%REACTOME%R-HSA-2565942.5	REGULATION OF PLK1 ACTIVITY AT G2 M TRANSITION%REACTOME%R-HSA-2565942.5		82	0.14832208	0.53469765	1.0	1.0	1.0	3918	tags=32%, list=29%, signal=44%	
TNFR1-INDUCED NF-KAPPA-B SIGNALING PATHWAY%REACTOME%R-HSA-5357956.5	TNFR1-INDUCED NF-KAPPA-B SIGNALING PATHWAY%REACTOME%R-HSA-5357956.5		28	0.1752074	0.53069025	0.9936575	1.0	1.0	2726	tags=18%, list=20%, signal=22%	
TNFALPHA%IOB%TNFALPHA	TNFALPHA%IOB%TNFALPHA		159	0.13219139	0.5306497	1.0	1.0	1.0	3828	tags=27%, list=28%, signal=37%	
HOMOLOGY DIRECTED REPAIR%REACTOME%R-HSA-5693538.4	HOMOLOGY DIRECTED REPAIR%REACTOME%R-HSA-5693538.4		100	0.14039531	0.52774614	1.0	1.0	1.0	2960	tags=18%, list=22%, signal=23%	
FORMATION OF THE NON-CANONICAL BAF (NCBAF) COMPLEX%REACTOME%R-HSA-9933947.1	FORMATION OF THE NON-CANONICAL BAF (NCBAF) COMPLEX%REACTOME%R-HSA-9933947.1		17	0.20131509	0.52752644	0.97940505	1.0	1.0	10827	tags=100%, list=80%, signal=497%	
NUCLEAR-TRANSCRIBED MRNA POLY(A) TAIL SHORTENING%GOBP%GO:0000289	NUCLEAR-TRANSCRIBED MRNA POLY(A) TAIL SHORTENING%GOBP%GO:0000289		17	0.20020692	0.52714235	0.97727275	1.0	1.0	10842	tags=100%, list=80%, signal=499%	
DOUBLE-STRAND BREAK REPAIR VIA NONHOMOLOGOUS END JOINING%GOBP%GO:0006303	DOUBLE-STRAND BREAK REPAIR VIA NONHOMOLOGOUS END JOINING%GOBP%GO:0006303		43	0.16510937	0.52614915	0.99761903	1.0	1.0	1096	tags=7%, list=8%, signal=8%	
CENTRIOLE ASSEMBLY%GOBP%GO:0098534	CENTRIOLE ASSEMBLY%GOBP%GO:0098534		26	0.17799884	0.52458006	0.9881797	1.0	1.0	4836	tags=42%, list=36%, signal=66%	
PROTEIN N-LINKED GLYCOSYLATION VIA ASPARAGINE%GOBP%GO:0018279	PROTEIN N-LINKED GLYCOSYLATION VIA ASPARAGINE%GOBP%GO:0018279		38	0.17051056	0.5239952	0.993007	1.0	1.0	4260	tags=39%, list=31%, signal=57%	
REGULATION OF EXOSOMAL SECRETION%GOBP%GO:1903541	REGULATION OF EXOSOMAL SECRETION%GOBP%GO:1903541		15	0.20802929	0.52256554	0.975	1.0	1.0	2136	tags=20%, list=16%, signal=24%	
LATE ENDOSOME TO VACUOLE TRANSPORT%GOBP%GO:0045324	LATE ENDOSOME TO VACUOLE TRANSPORT%GOBP%GO:0045324		33	0.16775014	0.5173878	0.9952941	1.0	1.0	4170	tags=27%, list=31%, signal=39%	
CELLULAR RESPONSE TO GAMMA RADIATION%GOBP%GO:0071480	CELLULAR RESPONSE TO GAMMA RADIATION%GOBP%GO:0071480		17	0.19455887	0.5172886	0.9835681	1.0	1.0	2256	tags=18%, list=17%, signal=21%	
GOLGI TO VACUOLE TRANSPORT%GOBP%GO:0006896	GOLGI TO VACUOLE TRANSPORT%GOBP%GO:0006896		17	0.20094925	0.5161188	0.9774775	1.0	1.0	4695	tags=53%, list=35%, signal=81%	
SIGNALING BY CYTOSOLIC FGFR1 FUSION MUTANTS%REACTOME%R-HSA-1839117.4	SIGNALING BY CYTOSOLIC FGFR1 FUSION MUTANTS%REACTOME%R-HSA-1839117.4		16	0.20049262	0.5158617	0.9762931	1.0	1.0	3189	tags=31%, list=24%, signal=41%	
MRNA DESTABILIZATION%GOBP%GO:0061157	MRNA DESTABILIZATION%GOBP%GO:0061157		64	0.14794442	0.51559603	1.0	1.0	1.0	1643	tags=9%, list=12%, signal=11%	
BIOCARTA_VIP_PATHWAY%MSIGDB_C2%BIOCARTA_VIP_PATHWAY	BIOCARTA_VIP_PATHWAY%MSIGDB_C2%BIOCARTA_VIP_PATHWAY		16	0.19386874	0.5139391	0.9844098	1.0	1.0	2306	tags=19%, list=17%, signal=23%	
UBIQUITIN–PROTEASOME PATHWAY%SMPDB%SMP0063816	UBIQUITIN–PROTEASOME PATHWAY%SMPDB%SMP0063816		27	0.17440851	0.512019	0.9955654	1.0	1.0	344	tags=4%, list=3%, signal=4%	
FBXL10 ENHANCEMENT OF MAP ERK SIGNALING IN DIFFUSE LARGE B CELL LYMPHOMA%WIKIPATHWAYS_20250810%WP4553%HOMO SAPIENS	FBXL10 ENHANCEMENT OF MAP ERK SIGNALING IN DIFFUSE LARGE B CELL LYMPHOMA%WIKIPATHWAYS_20250810%WP4553%HOMO SAPIENS		15	0.20233524	0.5118913	0.9883991	1.0	1.0	773	tags=7%, list=6%, signal=7%	
NEGATIVE REGULATION OF RECEPTOR-MEDIATED ENDOCYTOSIS%GOBP%GO:0048261	NEGATIVE REGULATION OF RECEPTOR-MEDIATED ENDOCYTOSIS%GOBP%GO:0048261		21	0.18489508	0.51078916	0.9835294	1.0	1.0	11050	tags=100%, list=82%, signal=541%	
POSITIVE REGULATION OF TORC1 SIGNALING%GOBP%GO:1904263	POSITIVE REGULATION OF TORC1 SIGNALING%GOBP%GO:1904263		49	0.15507746	0.5102245	0.99759036	1.0	1.0	460	tags=4%, list=3%, signal=4%	
ESTABLISHMENT OF PROTEIN LOCALIZATION TO ENDOPLASMIC RETICULUM%GOBP%GO:0072599	ESTABLISHMENT OF PROTEIN LOCALIZATION TO ENDOPLASMIC RETICULUM%GOBP%GO:0072599		33	0.16760893	0.50951964	1.0	1.0	1.0	3227	tags=21%, list=24%, signal=28%	
RENAL WATER HOMEOSTASIS%GOBP%GO:0003091	RENAL WATER HOMEOSTASIS%GOBP%GO:0003091		22	0.18065423	0.5016411	0.98190045	1.0	1.0	3375	tags=27%, list=25%, signal=36%	
SNRNA TRANSCRIPTION%GOBP%GO:0009301	SNRNA TRANSCRIPTION%GOBP%GO:0009301		15	0.19597094	0.5011752	0.97759676	1.0	1.0	3336	tags=27%, list=25%, signal=35%	
SYNTHESIS OF PIPS AT THE EARLY ENDOSOME MEMBRANE%REACTOME DATABASE ID RELEASE 93%1660516	SYNTHESIS OF PIPS AT THE EARLY ENDOSOME MEMBRANE%REACTOME DATABASE ID RELEASE 93%1660516		16	0.1935802	0.49847543	0.9816701	1.0	1.0	4122	tags=38%, list=30%, signal=54%	
RNA DESTABILIZATION%GOBP%GO:0050779	RNA DESTABILIZATION%GOBP%GO:0050779		66	0.1436708	0.49792466	1.0	1.0	1.0	1643	tags=9%, list=12%, signal=10%	
REGULATION OF TORC1 SIGNALING%GOBP%GO:1903432	REGULATION OF TORC1 SIGNALING%GOBP%GO:1903432		91	0.13513547	0.49475372	1.0	1.0	1.0	2869	tags=15%, list=21%, signal=19%	
RESPONSE TO LAMINAR FLUID SHEAR STRESS%GOBP%GO:0034616	RESPONSE TO LAMINAR FLUID SHEAR STRESS%GOBP%GO:0034616		29	0.16612454	0.4945048	0.99774265	1.0	1.0	3691	tags=31%, list=27%, signal=43%	
UBIQUITIN-DEPENDENT DEGRADATION OF CYCLIN D%REACTOME DATABASE ID RELEASE 93%75815	UBIQUITIN-DEPENDENT DEGRADATION OF CYCLIN D%REACTOME DATABASE ID RELEASE 93%75815		38	0.15755747	0.49239242	0.9883177	1.0	1.0	3916	tags=32%, list=29%, signal=44%	
HEDGEHOG 'OFF' STATE%REACTOME%R-HSA-5610787.3	HEDGEHOG 'OFF' STATE%REACTOME%R-HSA-5610787.3		84	0.13261615	0.48934278	1.0	1.0	1.0	3554	tags=23%, list=26%, signal=30%	
CYTOPLASMIC PATTERN RECOGNITION RECEPTOR SIGNALING PATHWAY%GOBP%GO:0002753	CYTOPLASMIC PATTERN RECOGNITION RECEPTOR SIGNALING PATHWAY%GOBP%GO:0002753		57	0.14656246	0.4886077	1.0	1.0	1.0	3635	tags=28%, list=27%, signal=38%	
TLR4 SIGNALING AND TOLERANCE%WIKIPATHWAYS_20250810%WP3851%HOMO SAPIENS	TLR4 SIGNALING AND TOLERANCE%WIKIPATHWAYS_20250810%WP3851%HOMO SAPIENS		24	0.16808413	0.48662403	0.9977477	1.0	1.0	4828	tags=46%, list=36%, signal=71%	
MULTIVESICULAR BODY ASSEMBLY%GOBP%GO:0036258	MULTIVESICULAR BODY ASSEMBLY%GOBP%GO:0036258		29	0.16323465	0.4843321	0.99562365	1.0	1.0	4664	tags=34%, list=34%, signal=52%	
ENDOSOMAL SORTING COMPLEX REQUIRED FOR TRANSPORT (ESCRT)%REACTOME%R-HSA-917729.3	ENDOSOMAL SORTING COMPLEX REQUIRED FOR TRANSPORT (ESCRT)%REACTOME%R-HSA-917729.3		29	0.16433315	0.48419753	1.0	1.0	1.0	4170	tags=34%, list=31%, signal=50%	
AMYLOID FIBRIL FORMATION%GOBP%GO:1990000	AMYLOID FIBRIL FORMATION%GOBP%GO:1990000		21	0.17472254	0.4835723	0.99310344	1.0	1.0	4804	tags=43%, list=35%, signal=66%	
MIRNA-MEDIATED POST-TRANSCRIPTIONAL GENE SILENCING%GOBP%GO:0035195	MIRNA-MEDIATED POST-TRANSCRIPTIONAL GENE SILENCING%GOBP%GO:0035195		27	0.16531119	0.48287842	0.9978858	1.0	1.0	11316	tags=100%, list=83%, signal=605%	
FAS SIGNALING PATHWAY ( CD95 )%PATHWHIZ%PW070709	FAS SIGNALING PATHWAY ( CD95 )%PATHWHIZ%PW070709		30	0.15943359	0.4817771	0.9954442	1.0	1.0	3471	tags=23%, list=26%, signal=31%	
HISTONE MODIFICATIONS%WIKIPATHWAYS_20250810%WP2369%HOMO SAPIENS	HISTONE MODIFICATIONS%WIKIPATHWAYS_20250810%WP2369%HOMO SAPIENS		32	0.15935312	0.47636652	1.0	1.0	1.0	1994	tags=13%, list=15%, signal=15%	
BIOCARTA_PTDINS_PATHWAY%MSIGDB_C2%BIOCARTA_PTDINS_PATHWAY	BIOCARTA_PTDINS_PATHWAY%MSIGDB_C2%BIOCARTA_PTDINS_PATHWAY		20	0.17582573	0.47598115	0.99568963	1.0	1.0	4960	tags=50%, list=37%, signal=79%	
ER-NUCLEUS SIGNALING PATHWAY%GOBP%GO:0006984	ER-NUCLEUS SIGNALING PATHWAY%GOBP%GO:0006984		28	0.1614749	0.47435686	1.0	1.0	1.0	5580	tags=61%, list=41%, signal=103%	
BIOCARTA_HCMV_PATHWAY%MSIGDB_C2%BIOCARTA_HCMV_PATHWAY	BIOCARTA_HCMV_PATHWAY%MSIGDB_C2%BIOCARTA_HCMV_PATHWAY		15	0.1820059	0.47248083	0.9827214	1.0	1.0	2199	tags=13%, list=16%, signal=16%	
MRNA EXPORT FROM NUCLEUS%GOBP%GO:0006406	MRNA EXPORT FROM NUCLEUS%GOBP%GO:0006406		53	0.13759677	0.46677107	1.0	1.0	1.0	2677	tags=13%, list=20%, signal=16%	
PROTEASOME DEGRADATION%WIKIPATHWAYS_20250810%WP183%HOMO SAPIENS	PROTEASOME DEGRADATION%WIKIPATHWAYS_20250810%WP183%HOMO SAPIENS		39	0.14780055	0.46666822	0.99550563	1.0	1.0	3916	tags=26%, list=29%, signal=36%	
POSITIVE REGULATION OF TRANSCRIPTION INITIATION BY RNA POLYMERASE II%GOBP%GO:0060261	POSITIVE REGULATION OF TRANSCRIPTION INITIATION BY RNA POLYMERASE II%GOBP%GO:0060261		53	0.14081515	0.4666421	1.0	1.0	1.0	3002	tags=15%, list=22%, signal=19%	
MICROTUBULE NUCLEATION%GOBP%GO:0007020	MICROTUBULE NUCLEATION%GOBP%GO:0007020		29	0.15770331	0.46125528	0.9954853	1.0	1.0	3709	tags=24%, list=27%, signal=33%	
HEME BIOSYNTHETIC PROCESS%GOBP%GO:0006783	HEME BIOSYNTHETIC PROCESS%GOBP%GO:0006783		21	0.16594012	0.4606025	0.99571735	1.0	1.0	4343	tags=38%, list=32%, signal=56%	
FAS (CD95) SIGNALING PATHWAY%PATHWAY INTERACTION DATABASE NCI-NATURE CURATED DATA%FAS (CD95) SIGNALING PATHWAY	FAS (CD95) SIGNALING PATHWAY%PATHWAY INTERACTION DATABASE NCI-NATURE CURATED DATA%FAS (CD95) SIGNALING PATHWAY		34	0.1515363	0.460215	0.99777776	1.0	1.0	4315	tags=38%, list=32%, signal=56%	
TRNA MODIFICATION IN THE NUCLEUS AND CYTOSOL%REACTOME%R-HSA-6782315.8	TRNA MODIFICATION IN THE NUCLEUS AND CYTOSOL%REACTOME%R-HSA-6782315.8		37	0.14708489	0.4596358	1.0	1.0	1.0	11564	tags=100%, list=85%, signal=680%	
BIOCARTA_HDAC_PATHWAY%MSIGDB_C2%BIOCARTA_HDAC_PATHWAY	BIOCARTA_HDAC_PATHWAY%MSIGDB_C2%BIOCARTA_HDAC_PATHWAY		16	0.17707163	0.4564487	0.9977375	1.0	1.0	4109	tags=44%, list=30%, signal=63%	
TGFBR3 EXPRESSION%REACTOME DATABASE ID RELEASE 93%9839394	TGFBR3 EXPRESSION%REACTOME DATABASE ID RELEASE 93%9839394		20	0.16522583	0.45148468	0.9914347	1.0	1.0	11316	tags=100%, list=83%, signal=605%	
INSULIN RECEPTOR RECYCLING%REACTOME DATABASE ID RELEASE 93%77387	INSULIN RECEPTOR RECYCLING%REACTOME DATABASE ID RELEASE 93%77387		26	0.15498847	0.4431701	1.0	1.0	1.0	3578	tags=23%, list=26%, signal=31%	
PROCESSING OF INTRONLESS PRE-MRNAS%REACTOME%R-HSA-77595.4	PROCESSING OF INTRONLESS PRE-MRNAS%REACTOME%R-HSA-77595.4		19	0.16691294	0.4408185	0.99364406	1.0	1.0	11293	tags=100%, list=83%, signal=599%	
PIGMENT BIOSYNTHETIC PROCESS%GOBP%GO:0046148	PIGMENT BIOSYNTHETIC PROCESS%GOBP%GO:0046148		23	0.15835659	0.43755618	0.9953917	1.0	1.0	4343	tags=35%, list=32%, signal=51%	
NEGATIVE REGULATION OF DNA-TEMPLATED TRANSCRIPTION, ELONGATION%GOBP%GO:0032785	NEGATIVE REGULATION OF DNA-TEMPLATED TRANSCRIPTION, ELONGATION%GOBP%GO:0032785		21	0.15831652	0.435158	0.99316627	1.0	1.0	1548	tags=10%, list=11%, signal=11%	
ENDOPLASMIC RETICULUM CALCIUM ION HOMEOSTASIS%GOBP%GO:0032469	ENDOPLASMIC RETICULUM CALCIUM ION HOMEOSTASIS%GOBP%GO:0032469		19	0.1631345	0.43407655	0.9978678	1.0	1.0	3385	tags=32%, list=25%, signal=42%	
RESOLUTION OF ABASIC SITES (AP SITES)%REACTOME DATABASE ID RELEASE 93%73933	RESOLUTION OF ABASIC SITES (AP SITES)%REACTOME DATABASE ID RELEASE 93%73933		35	0.1399615	0.4302476	1.0	1.0	1.0	11660	tags=100%, list=86%, signal=714%	
BIOCARTA_RAC1_PATHWAY%MSIGDB_C2%BIOCARTA_RAC1_PATHWAY	BIOCARTA_RAC1_PATHWAY%MSIGDB_C2%BIOCARTA_RAC1_PATHWAY		17	0.16620933	0.42860532	0.99782133	1.0	1.0	667	tags=6%, list=5%, signal=6%	
GOLGI TO PLASMA MEMBRANE PROTEIN TRANSPORT%GOBP%GO:0043001	GOLGI TO PLASMA MEMBRANE PROTEIN TRANSPORT%GOBP%GO:0043001		26	0.14761387	0.4271794	0.99343544	1.0	1.0	4259	tags=31%, list=31%, signal=45%	
NUCLEOTIDE EXCISION REPAIR%WIKIPATHWAYS_20250810%WP4753%HOMO SAPIENS	NUCLEOTIDE EXCISION REPAIR%WIKIPATHWAYS_20250810%WP4753%HOMO SAPIENS		32	0.14035638	0.42522982	0.9954751	1.0	1.0	3025	tags=22%, list=22%, signal=28%	
RNA POLYMERASE III TRANSCRIPTION INITIATION FROM TYPE 3 PROMOTER%REACTOME%R-HSA-76071.4	RNA POLYMERASE III TRANSCRIPTION INITIATION FROM TYPE 3 PROMOTER%REACTOME%R-HSA-76071.4		28	0.14284672	0.4249696	1.0	1.0	1.0	11620	tags=100%, list=86%, signal=700%	
NUCLEAR-TRANSCRIBED MRNA CATABOLIC PROCESS, DEADENYLATION-DEPENDENT DECAY%GOBP%GO:0000288	NUCLEAR-TRANSCRIBED MRNA CATABOLIC PROCESS, DEADENYLATION-DEPENDENT DECAY%GOBP%GO:0000288		29	0.13760713	0.41593537	1.0	1.0	1.0	11691	tags=100%, list=86%, signal=726%	
REMOVAL OF THE FLAP INTERMEDIATE FROM THE C-STRAND%REACTOME DATABASE ID RELEASE 93%174437	REMOVAL OF THE FLAP INTERMEDIATE FROM THE C-STRAND%REACTOME DATABASE ID RELEASE 93%174437		16	0.15896912	0.41041204	1.0	1.0	1.0	4595	tags=44%, list=34%, signal=66%	
DNA IR DAMAGE AND CELLULAR RESPONSE VIA ATR%WIKIPATHWAYS_20250810%WP4016%HOMO SAPIENS	DNA IR DAMAGE AND CELLULAR RESPONSE VIA ATR%WIKIPATHWAYS_20250810%WP4016%HOMO SAPIENS		65	0.11537177	0.40144572	1.0	1.0	1.0	1150	tags=6%, list=8%, signal=7%	
RNA POLYMERASE III ABORTIVE AND RETRACTIVE INITIATION%REACTOME%R-HSA-749476.4	RNA POLYMERASE III ABORTIVE AND RETRACTIVE INITIATION%REACTOME%R-HSA-749476.4		41	0.12307567	0.39798912	1.0	1.0	1.0	11889	tags=100%, list=88%, signal=812%	
POST-GOLGI VESICLE-MEDIATED TRANSPORT%GOBP%GO:0006892	POST-GOLGI VESICLE-MEDIATED TRANSPORT%GOBP%GO:0006892		88	0.107297674	0.39716783	1.0	1.0	1.0	4772	tags=39%, list=35%, signal=59%	
PORPHYRIN-CONTAINING COMPOUND BIOSYNTHETIC PROCESS%GOBP%GO:0006779	PORPHYRIN-CONTAINING COMPOUND BIOSYNTHETIC PROCESS%GOBP%GO:0006779		24	0.13819191	0.39649358	1.0	1.0	1.0	4343	tags=33%, list=32%, signal=49%	
TETRAPYRROLE BIOSYNTHETIC PROCESS%GOBP%GO:0033014	TETRAPYRROLE BIOSYNTHETIC PROCESS%GOBP%GO:0033014		24	0.13819191	0.39494133	1.0	1.0	1.0	4343	tags=33%, list=32%, signal=49%	
PID_SYNDECAN_2_PATHWAY%MSIGDB_C2%PID_SYNDECAN_2_PATHWAY	PID_SYNDECAN_2_PATHWAY%MSIGDB_C2%PID_SYNDECAN_2_PATHWAY		22	0.1433632	0.39092407	1.0	1.0	1.0	4620	tags=36%, list=34%, signal=55%	
RNA POLYMERASE III TRANSCRIPTION%REACTOME DATABASE ID RELEASE 93%74158	RNA POLYMERASE III TRANSCRIPTION%REACTOME DATABASE ID RELEASE 93%74158		41	0.12307567	0.38680166	1.0	1.0	1.0	11889	tags=100%, list=88%, signal=812%	
REGULATION OF GENE SILENCING BY REGULATORY NCRNA%GOBP%GO:0060966	REGULATION OF GENE SILENCING BY REGULATORY NCRNA%GOBP%GO:0060966		21	0.13195345	0.3734008	1.0	0.99979925	1.0	3988	tags=29%, list=29%, signal=40%	
